-- MySQL dump 10.13  Distrib 5.7.21, for Linux (x86_64)
--
-- Host: localhost    Database: racktables
-- ------------------------------------------------------
-- Server version	5.7.21

/*!40101 SET @OLD_CHARACTER_SET_CLIENT=@@CHARACTER_SET_CLIENT */;
/*!40101 SET @OLD_CHARACTER_SET_RESULTS=@@CHARACTER_SET_RESULTS */;
/*!40101 SET @OLD_COLLATION_CONNECTION=@@COLLATION_CONNECTION */;
/*!40101 SET NAMES utf8 */;
/*!40103 SET @OLD_TIME_ZONE=@@TIME_ZONE */;
/*!40103 SET TIME_ZONE='+00:00' */;
/*!40014 SET @OLD_UNIQUE_CHECKS=@@UNIQUE_CHECKS, UNIQUE_CHECKS=0 */;
/*!40014 SET @OLD_FOREIGN_KEY_CHECKS=@@FOREIGN_KEY_CHECKS, FOREIGN_KEY_CHECKS=0 */;
/*!40101 SET @OLD_SQL_MODE=@@SQL_MODE, SQL_MODE='NO_AUTO_VALUE_ON_ZERO' */;
/*!40111 SET @OLD_SQL_NOTES=@@SQL_NOTES, SQL_NOTES=0 */;

--
-- Table structure for table `Atom`
--

DROP TABLE IF EXISTS `Atom`;
/*!40101 SET @saved_cs_client     = @@character_set_client */;
/*!40101 SET character_set_client = utf8 */;
CREATE TABLE `Atom` (
  `molecule_id` int(10) unsigned DEFAULT NULL,
  `rack_id` int(10) unsigned DEFAULT NULL,
  `unit_no` int(10) unsigned DEFAULT NULL,
  `atom` enum('front','interior','rear') COLLATE utf8_unicode_ci DEFAULT NULL,
  KEY `Atom-FK-molecule_id` (`molecule_id`),
  KEY `Atom-FK-rack_id` (`rack_id`),
  CONSTRAINT `Atom-FK-molecule_id` FOREIGN KEY (`molecule_id`) REFERENCES `Molecule` (`id`) ON DELETE CASCADE,
  CONSTRAINT `Atom-FK-rack_id` FOREIGN KEY (`rack_id`) REFERENCES `Object` (`id`) ON DELETE CASCADE
) ENGINE=InnoDB DEFAULT CHARSET=utf8 COLLATE=utf8_unicode_ci;
/*!40101 SET character_set_client = @saved_cs_client */;

--
-- Dumping data for table `Atom`
--

LOCK TABLES `Atom` WRITE;
/*!40000 ALTER TABLE `Atom` DISABLE KEYS */;
INSERT INTO `Atom` VALUES (2,4,43,'interior'),(2,4,43,'rear'),(2,18,43,'interior'),(2,18,43,'rear'),(4,4,41,'interior'),(4,4,41,'rear'),(4,18,41,'interior'),(4,18,41,'rear'),(7,4,26,'front'),(7,4,26,'interior'),(7,4,26,'rear'),(8,5,27,'front'),(8,5,27,'interior'),(8,5,27,'rear'),(9,9,26,'front'),(9,9,26,'interior'),(9,9,26,'rear'),(10,10,26,'front'),(10,10,26,'interior'),(10,10,26,'rear'),(11,11,26,'front'),(11,11,26,'interior'),(11,11,26,'rear'),(12,13,26,'front'),(12,13,26,'interior'),(12,13,26,'rear'),(13,18,26,'front'),(13,18,26,'interior'),(13,18,26,'rear'),(14,19,25,'front'),(14,19,25,'interior'),(14,19,25,'rear'),(15,23,26,'front'),(15,23,26,'interior'),(15,23,26,'rear'),(16,24,26,'front'),(16,24,26,'interior'),(16,24,26,'rear'),(17,25,26,'front'),(17,25,26,'interior'),(17,25,26,'rear'),(18,27,26,'front'),(18,27,26,'interior'),(18,27,26,'rear'),(19,9,25,'front'),(19,9,25,'interior'),(19,9,25,'rear'),(20,10,25,'front'),(20,10,25,'interior'),(20,10,25,'rear'),(21,13,25,'front'),(21,13,25,'interior'),(21,13,25,'rear'),(22,23,25,'front'),(22,23,25,'interior'),(22,23,25,'rear'),(23,24,25,'front'),(23,24,25,'interior'),(23,24,25,'rear'),(24,27,25,'front'),(24,27,25,'interior'),(24,27,25,'rear'),(25,12,1,'front'),(25,12,1,'interior'),(25,12,1,'rear'),(25,12,2,'front'),(25,12,2,'interior'),(25,12,2,'rear'),(25,12,3,'front'),(25,12,3,'interior'),(25,12,3,'rear'),(25,12,4,'front'),(25,12,4,'interior'),(25,12,4,'rear'),(25,12,5,'front'),(25,12,5,'interior'),(25,12,5,'rear'),(25,12,6,'front'),(25,12,6,'interior'),(25,12,6,'rear'),(25,12,7,'front'),(25,12,7,'interior'),(25,12,7,'rear'),(25,12,8,'front'),(25,12,8,'interior'),(25,12,8,'rear'),(25,12,9,'front'),(25,12,9,'interior'),(25,12,9,'rear'),(25,12,10,'front'),(25,12,10,'interior'),(25,12,10,'rear'),(25,12,11,'front'),(25,12,11,'interior'),(25,12,11,'rear'),(25,12,12,'front'),(25,12,12,'interior'),(25,12,12,'rear'),(25,12,13,'front'),(25,12,13,'interior'),(25,12,13,'rear'),(25,12,14,'front'),(25,12,14,'interior'),(25,12,14,'rear'),(25,12,15,'front'),(25,12,15,'interior'),(25,12,15,'rear'),(25,12,16,'front'),(25,12,16,'interior'),(25,12,16,'rear'),(25,12,17,'front'),(25,12,17,'interior'),(25,12,17,'rear'),(25,12,18,'front'),(25,12,18,'interior'),(25,12,18,'rear'),(25,12,19,'front'),(25,12,19,'interior'),(25,12,19,'rear'),(25,12,20,'front'),(25,12,20,'interior'),(25,12,20,'rear'),(25,12,21,'front'),(25,12,21,'interior'),(25,12,21,'rear'),(25,12,22,'front'),(25,12,22,'interior'),(25,12,22,'rear'),(25,12,23,'front'),(25,12,23,'interior'),(25,12,23,'rear'),(25,12,24,'front'),(25,12,24,'interior'),(25,12,24,'rear'),(25,12,25,'front'),(25,12,25,'interior'),(25,12,25,'rear'),(25,12,26,'front'),(25,12,26,'interior'),(25,12,26,'rear'),(25,12,27,'front'),(25,12,27,'interior'),(25,12,27,'rear'),(25,12,28,'front'),(25,12,28,'interior'),(25,12,28,'rear'),(25,12,29,'front'),(25,12,29,'interior'),(25,12,29,'rear'),(25,12,30,'front'),(25,12,30,'interior'),(25,12,30,'rear'),(25,12,31,'front'),(25,12,31,'interior'),(25,12,31,'rear'),(25,12,32,'front'),(25,12,32,'interior'),(25,12,32,'rear'),(25,12,33,'front'),(25,12,33,'interior'),(25,12,33,'rear'),(25,12,34,'front'),(25,12,34,'interior'),(25,12,34,'rear'),(25,12,35,'front'),(25,12,35,'interior'),(25,12,35,'rear'),(25,12,36,'front'),(25,12,36,'interior'),(25,12,36,'rear'),(25,12,37,'front'),(25,12,37,'interior'),(25,12,37,'rear'),(25,12,38,'front'),(25,12,38,'interior'),(25,12,38,'rear'),(25,12,39,'front'),(25,12,39,'interior'),(25,12,39,'rear'),(25,12,40,'front'),(25,12,40,'interior'),(25,12,40,'rear'),(25,12,41,'front'),(25,12,41,'interior'),(25,12,41,'rear'),(25,12,42,'front'),(25,12,42,'interior'),(25,12,42,'rear'),(25,12,43,'front'),(25,12,43,'interior'),(25,12,43,'rear'),(25,12,44,'front'),(25,12,44,'interior'),(25,12,44,'rear'),(26,26,1,'front'),(26,26,1,'interior'),(26,26,1,'rear'),(26,26,2,'front'),(26,26,2,'interior'),(26,26,2,'rear'),(26,26,3,'front'),(26,26,3,'interior'),(26,26,3,'rear'),(26,26,4,'front'),(26,26,4,'interior'),(26,26,4,'rear'),(26,26,5,'front'),(26,26,5,'interior'),(26,26,5,'rear'),(26,26,6,'front'),(26,26,6,'interior'),(26,26,6,'rear'),(26,26,7,'front'),(26,26,7,'interior'),(26,26,7,'rear'),(26,26,8,'front'),(26,26,8,'interior'),(26,26,8,'rear'),(26,26,9,'front'),(26,26,9,'interior'),(26,26,9,'rear'),(26,26,10,'front'),(26,26,10,'interior'),(26,26,10,'rear'),(26,26,11,'front'),(26,26,11,'interior'),(26,26,11,'rear'),(26,26,12,'front'),(26,26,12,'interior'),(26,26,12,'rear'),(26,26,13,'front'),(26,26,13,'interior'),(26,26,13,'rear'),(26,26,14,'front'),(26,26,14,'interior'),(26,26,14,'rear'),(26,26,15,'front'),(26,26,15,'interior'),(26,26,15,'rear'),(26,26,16,'front'),(26,26,16,'interior'),(26,26,16,'rear'),(26,26,17,'front'),(26,26,17,'interior'),(26,26,17,'rear'),(26,26,18,'front'),(26,26,18,'interior'),(26,26,18,'rear'),(26,26,19,'front'),(26,26,19,'interior'),(26,26,19,'rear'),(26,26,20,'front'),(26,26,20,'interior'),(26,26,20,'rear'),(26,26,21,'front'),(26,26,21,'interior'),(26,26,21,'rear'),(26,26,22,'front'),(26,26,22,'interior'),(26,26,22,'rear'),(26,26,23,'front'),(26,26,23,'interior'),(26,26,23,'rear'),(26,26,24,'front'),(26,26,24,'interior'),(26,26,24,'rear'),(26,26,25,'front'),(26,26,25,'interior'),(26,26,25,'rear'),(26,26,26,'front'),(26,26,26,'interior'),(26,26,26,'rear'),(26,26,27,'front'),(26,26,27,'interior'),(26,26,27,'rear'),(26,26,28,'front'),(26,26,28,'interior'),(26,26,28,'rear'),(26,26,29,'front'),(26,26,29,'interior'),(26,26,29,'rear'),(26,26,30,'front'),(26,26,30,'interior'),(26,26,30,'rear'),(26,26,31,'front'),(26,26,31,'interior'),(26,26,31,'rear'),(26,26,32,'front'),(26,26,32,'interior'),(26,26,32,'rear'),(26,26,33,'front'),(26,26,33,'interior'),(26,26,33,'rear'),(26,26,34,'front'),(26,26,34,'interior'),(26,26,34,'rear'),(26,26,35,'front'),(26,26,35,'interior'),(26,26,35,'rear'),(26,26,36,'front'),(26,26,36,'interior'),(26,26,36,'rear'),(26,26,37,'front'),(26,26,37,'interior'),(26,26,37,'rear'),(26,26,38,'front'),(26,26,38,'interior'),(26,26,38,'rear'),(26,26,39,'front'),(26,26,39,'interior'),(26,26,39,'rear'),(26,26,40,'front'),(26,26,40,'interior'),(26,26,40,'rear'),(26,26,41,'front'),(26,26,41,'interior'),(26,26,41,'rear'),(26,26,42,'front'),(26,26,42,'interior'),(26,26,42,'rear'),(26,26,43,'front'),(26,26,43,'interior'),(26,26,43,'rear'),(26,26,44,'front'),(26,26,44,'interior'),(26,26,44,'rear'),(27,4,21,'front'),(27,4,21,'interior'),(27,4,21,'rear'),(28,18,21,'front'),(28,18,21,'interior'),(28,18,21,'rear'),(29,4,22,'front'),(29,4,22,'interior'),(29,4,22,'rear'),(30,18,22,'front'),(30,18,22,'interior'),(30,18,22,'rear'),(31,4,1,'front'),(31,4,1,'interior'),(31,4,1,'rear'),(31,4,2,'front'),(31,4,2,'interior'),(31,4,2,'rear'),(31,4,3,'front'),(31,4,3,'interior'),(31,4,3,'rear'),(31,4,4,'front'),(31,4,4,'interior'),(31,4,4,'rear'),(31,5,17,'front'),(31,5,17,'interior'),(31,5,17,'rear'),(31,5,18,'front'),(31,5,18,'interior'),(31,5,18,'rear'),(31,5,19,'front'),(31,5,19,'interior'),(31,5,19,'rear'),(31,5,20,'front'),(31,5,20,'interior'),(31,5,20,'rear'),(32,4,1,'front'),(32,4,1,'interior'),(32,4,1,'rear'),(32,4,2,'front'),(32,4,2,'interior'),(32,4,2,'rear'),(32,4,3,'front'),(32,4,3,'interior'),(32,4,3,'rear'),(32,4,4,'front'),(32,4,4,'interior'),(32,4,4,'rear'),(33,5,17,'front'),(33,5,17,'interior'),(33,5,17,'rear'),(33,5,18,'front'),(33,5,18,'interior'),(33,5,18,'rear'),(33,5,19,'front'),(33,5,19,'interior'),(33,5,19,'rear'),(33,5,20,'front'),(33,5,20,'interior'),(33,5,20,'rear'),(34,5,4,'front'),(34,5,4,'interior'),(34,5,4,'rear'),(34,5,5,'front'),(34,5,5,'interior'),(34,5,5,'rear'),(34,5,6,'front'),(34,5,6,'interior'),(34,5,6,'rear'),(34,5,7,'front'),(34,5,7,'interior'),(34,5,7,'rear'),(34,5,8,'front'),(34,5,8,'interior'),(34,5,8,'rear'),(34,5,9,'front'),(34,5,9,'interior'),(34,5,9,'rear'),(35,19,4,'front'),(35,19,4,'interior'),(35,19,4,'rear'),(35,19,5,'front'),(35,19,5,'interior'),(35,19,5,'rear'),(35,19,6,'front'),(35,19,6,'interior'),(35,19,6,'rear'),(35,19,7,'front'),(35,19,7,'interior'),(35,19,7,'rear'),(35,19,8,'front'),(35,19,8,'interior'),(35,19,8,'rear'),(35,19,9,'front'),(35,19,9,'interior'),(35,19,9,'rear'),(36,11,1,'front'),(36,11,1,'interior'),(36,11,1,'rear'),(36,11,2,'front'),(36,11,2,'interior'),(36,11,2,'rear'),(36,11,3,'front'),(36,11,3,'interior'),(36,11,3,'rear'),(36,11,4,'front'),(36,11,4,'interior'),(36,11,4,'rear'),(36,11,5,'front'),(36,11,5,'interior'),(36,11,5,'rear'),(36,11,6,'front'),(36,11,6,'interior'),(36,11,6,'rear'),(36,11,7,'front'),(36,11,7,'interior'),(36,11,7,'rear'),(36,11,8,'front'),(36,11,8,'interior'),(36,11,8,'rear'),(36,11,9,'front'),(36,11,9,'interior'),(36,11,9,'rear'),(36,11,10,'front'),(36,11,10,'interior'),(36,11,10,'rear'),(36,11,11,'front'),(36,11,11,'interior'),(36,11,11,'rear'),(36,11,12,'front'),(36,11,12,'interior'),(36,11,12,'rear'),(36,11,13,'front'),(36,11,13,'interior'),(36,11,13,'rear'),(36,11,14,'front'),(36,11,14,'interior'),(36,11,14,'rear'),(36,11,15,'front'),(36,11,15,'interior'),(36,11,15,'rear'),(36,11,16,'front'),(36,11,16,'interior'),(36,11,16,'rear'),(36,11,17,'front'),(36,11,17,'interior'),(36,11,17,'rear'),(36,11,18,'front'),(36,11,18,'interior'),(36,11,18,'rear'),(36,11,19,'front'),(36,11,19,'interior'),(36,11,19,'rear'),(36,11,20,'front'),(36,11,20,'interior'),(36,11,20,'rear'),(36,11,21,'front'),(36,11,21,'interior'),(36,11,21,'rear'),(36,11,22,'front'),(36,11,22,'interior'),(36,11,22,'rear'),(36,11,23,'front'),(36,11,23,'interior'),(36,11,23,'rear'),(36,11,24,'front'),(36,11,24,'interior'),(36,11,24,'rear'),(36,11,25,'front'),(36,11,25,'interior'),(36,11,25,'rear'),(37,13,9,'front'),(37,13,9,'interior'),(37,13,9,'rear'),(37,13,10,'front'),(37,13,10,'interior'),(37,13,10,'rear'),(37,13,11,'front'),(37,13,11,'interior'),(37,13,11,'rear'),(37,13,12,'front'),(37,13,12,'interior'),(37,13,12,'rear'),(37,13,13,'front'),(37,13,13,'interior'),(37,13,13,'rear'),(37,13,14,'front'),(37,13,14,'interior'),(37,13,14,'rear'),(37,13,15,'front'),(37,13,15,'interior'),(37,13,15,'rear'),(37,13,16,'front'),(37,13,16,'interior'),(37,13,16,'rear'),(38,13,1,'front'),(38,13,1,'interior'),(38,13,1,'rear'),(38,13,2,'front'),(38,13,2,'interior'),(38,13,2,'rear'),(38,13,3,'front'),(38,13,3,'interior'),(38,13,3,'rear'),(38,13,4,'front'),(38,13,4,'interior'),(38,13,4,'rear'),(38,13,5,'front'),(38,13,5,'interior'),(38,13,5,'rear'),(38,13,6,'front'),(38,13,6,'interior'),(38,13,6,'rear'),(38,13,7,'front'),(38,13,7,'interior'),(38,13,7,'rear'),(38,13,8,'front'),(38,13,8,'interior'),(38,13,8,'rear'),(39,27,1,'front'),(39,27,1,'interior'),(39,27,1,'rear'),(39,27,2,'front'),(39,27,2,'interior'),(39,27,2,'rear'),(39,27,3,'front'),(39,27,3,'interior'),(39,27,3,'rear'),(39,27,4,'front'),(39,27,4,'interior'),(39,27,4,'rear'),(39,27,5,'front'),(39,27,5,'interior'),(39,27,5,'rear'),(39,27,6,'front'),(39,27,6,'interior'),(39,27,6,'rear'),(39,27,7,'front'),(39,27,7,'interior'),(39,27,7,'rear'),(39,27,8,'front'),(39,27,8,'interior'),(39,27,8,'rear'),(40,25,1,'front'),(40,25,1,'interior'),(40,25,1,'rear'),(40,25,2,'front'),(40,25,2,'interior'),(40,25,2,'rear'),(40,25,3,'front'),(40,25,3,'interior'),(40,25,3,'rear'),(40,25,4,'front'),(40,25,4,'interior'),(40,25,4,'rear'),(40,25,5,'front'),(40,25,5,'interior'),(40,25,5,'rear'),(40,25,6,'front'),(40,25,6,'interior'),(40,25,6,'rear'),(40,25,7,'front'),(40,25,7,'interior'),(40,25,7,'rear'),(40,25,8,'front'),(40,25,8,'interior'),(40,25,8,'rear'),(40,25,9,'front'),(40,25,9,'interior'),(40,25,9,'rear'),(40,25,10,'front'),(40,25,10,'interior'),(40,25,10,'rear'),(40,25,11,'front'),(40,25,11,'interior'),(40,25,11,'rear'),(40,25,12,'front'),(40,25,12,'interior'),(40,25,12,'rear'),(40,25,13,'front'),(40,25,13,'interior'),(40,25,13,'rear'),(40,25,14,'front'),(40,25,14,'interior'),(40,25,14,'rear'),(40,25,15,'front'),(40,25,15,'interior'),(40,25,15,'rear'),(40,25,16,'front'),(40,25,16,'interior'),(40,25,16,'rear'),(40,25,17,'front'),(40,25,17,'interior'),(40,25,17,'rear'),(40,25,18,'front'),(40,25,18,'interior'),(40,25,18,'rear'),(40,25,19,'front'),(40,25,19,'interior'),(40,25,19,'rear'),(40,25,20,'front'),(40,25,20,'interior'),(40,25,20,'rear'),(40,25,21,'front'),(40,25,21,'interior'),(40,25,21,'rear'),(40,25,22,'front'),(40,25,22,'interior'),(40,25,22,'rear'),(40,25,23,'front'),(40,25,23,'interior'),(40,25,23,'rear'),(40,25,24,'front'),(40,25,24,'interior'),(40,25,24,'rear'),(40,25,25,'front'),(40,25,25,'interior'),(40,25,25,'rear'),(41,22,39,'front'),(41,22,39,'interior'),(41,22,39,'rear'),(42,22,35,'front'),(42,22,35,'interior'),(42,22,35,'rear'),(42,22,36,'front'),(42,22,36,'interior'),(42,22,36,'rear'),(42,22,37,'front'),(42,22,37,'interior'),(42,22,37,'rear'),(43,4,44,'interior'),(43,4,44,'rear'),(43,5,44,'interior'),(43,5,44,'rear'),(43,6,20,'front'),(43,6,20,'interior'),(43,6,22,'front'),(43,6,22,'interior'),(43,6,23,'front'),(43,6,23,'interior'),(43,6,25,'front'),(43,6,25,'interior'),(43,6,27,'front'),(43,6,27,'interior'),(43,6,31,'front'),(43,6,31,'interior'),(43,6,34,'front'),(43,6,34,'interior'),(43,6,37,'front'),(43,6,37,'interior'),(43,6,40,'front'),(43,6,40,'interior'),(43,6,43,'front'),(43,6,43,'interior'),(43,7,11,'front'),(43,7,11,'interior'),(43,7,13,'front'),(43,7,13,'interior'),(43,7,15,'front'),(43,7,15,'interior'),(43,7,17,'front'),(43,7,17,'interior'),(43,7,19,'front'),(43,7,19,'interior'),(43,7,21,'front'),(43,7,21,'interior'),(43,7,23,'front'),(43,7,23,'interior'),(43,7,28,'front'),(43,7,28,'interior'),(43,7,30,'front'),(43,7,30,'interior'),(43,7,33,'front'),(43,7,33,'interior'),(43,7,36,'front'),(43,7,36,'interior'),(43,7,39,'front'),(43,7,39,'interior'),(43,7,42,'front'),(43,7,42,'interior'),(43,7,45,'front'),(43,7,45,'interior'),(43,8,16,'front'),(43,8,16,'interior'),(43,8,18,'front'),(43,8,18,'interior'),(43,8,21,'front'),(43,8,21,'interior'),(43,8,25,'front'),(43,8,25,'interior'),(43,8,29,'front'),(43,8,29,'interior'),(43,8,32,'front'),(43,8,32,'interior'),(43,8,34,'front'),(43,8,34,'interior'),(43,8,38,'front'),(43,8,38,'interior'),(43,8,40,'front'),(43,8,40,'interior'),(43,8,45,'front'),(43,8,45,'interior'),(43,9,45,'interior'),(43,9,45,'rear'),(43,10,44,'interior'),(43,10,44,'rear'),(43,11,44,'interior'),(43,11,44,'rear'),(43,13,45,'interior'),(43,13,45,'rear'),(43,18,44,'interior'),(43,18,44,'rear'),(43,19,44,'interior'),(43,19,44,'rear'),(43,20,20,'front'),(43,20,20,'interior'),(43,20,22,'front'),(43,20,22,'interior'),(43,20,23,'front'),(43,20,23,'interior'),(43,20,25,'front'),(43,20,25,'interior'),(43,20,27,'front'),(43,20,27,'interior'),(43,20,31,'front'),(43,20,31,'interior'),(43,20,34,'front'),(43,20,34,'interior'),(43,20,37,'front'),(43,20,37,'interior'),(43,20,40,'front'),(43,20,40,'interior'),(43,20,43,'front'),(43,20,43,'interior'),(43,21,11,'front'),(43,21,11,'interior'),(43,21,13,'front'),(43,21,13,'interior'),(43,21,15,'front'),(43,21,15,'interior'),(43,21,17,'front'),(43,21,17,'interior'),(43,21,19,'front'),(43,21,19,'interior'),(43,21,21,'front'),(43,21,21,'interior'),(43,21,23,'front'),(43,21,23,'interior'),(43,21,25,'front'),(43,21,25,'interior'),(43,21,30,'front'),(43,21,30,'interior'),(43,21,33,'front'),(43,21,33,'interior'),(43,21,36,'front'),(43,21,36,'interior'),(43,21,39,'front'),(43,21,39,'interior'),(43,21,42,'front'),(43,21,42,'interior'),(43,21,45,'front'),(43,21,45,'interior'),(43,22,16,'front'),(43,22,16,'interior'),(43,22,18,'front'),(43,22,18,'interior'),(43,22,21,'front'),(43,22,21,'interior'),(43,22,25,'front'),(43,22,25,'interior'),(43,22,29,'front'),(43,22,29,'interior'),(43,22,32,'front'),(43,22,32,'interior'),(43,22,34,'front'),(43,22,34,'interior'),(43,22,38,'front'),(43,22,38,'interior'),(43,22,40,'front'),(43,22,40,'interior'),(43,22,45,'front'),(43,22,45,'interior'),(43,23,45,'interior'),(43,23,45,'rear'),(43,24,44,'interior'),(43,24,44,'rear'),(43,25,44,'interior'),(43,25,44,'rear'),(43,27,45,'interior'),(43,27,45,'rear'),(44,4,44,'interior'),(44,4,44,'rear'),(44,5,44,'interior'),(44,5,44,'rear'),(44,6,20,'front'),(44,6,20,'interior'),(44,6,22,'front'),(44,6,22,'interior'),(44,6,23,'front'),(44,6,23,'interior'),(44,6,25,'front'),(44,6,25,'interior'),(44,6,27,'front'),(44,6,27,'interior'),(44,6,31,'front'),(44,6,31,'interior'),(44,6,34,'front'),(44,6,34,'interior'),(44,6,37,'front'),(44,6,37,'interior'),(44,6,40,'front'),(44,6,40,'interior'),(44,6,43,'front'),(44,6,43,'interior'),(44,7,11,'front'),(44,7,11,'interior'),(44,7,13,'front'),(44,7,13,'interior'),(44,7,15,'front'),(44,7,15,'interior'),(44,7,17,'front'),(44,7,17,'interior'),(44,7,19,'front'),(44,7,19,'interior'),(44,7,21,'front'),(44,7,21,'interior'),(44,7,23,'front'),(44,7,23,'interior'),(44,7,28,'front'),(44,7,28,'interior'),(44,7,30,'front'),(44,7,30,'interior'),(44,7,33,'front'),(44,7,33,'interior'),(44,7,36,'front'),(44,7,36,'interior'),(44,7,39,'front'),(44,7,39,'interior'),(44,7,42,'front'),(44,7,42,'interior'),(44,7,45,'front'),(44,7,45,'interior'),(44,8,16,'front'),(44,8,16,'interior'),(44,8,18,'front'),(44,8,18,'interior'),(44,8,21,'front'),(44,8,21,'interior'),(44,8,25,'front'),(44,8,25,'interior'),(44,8,29,'front'),(44,8,29,'interior'),(44,8,32,'front'),(44,8,32,'interior'),(44,8,34,'front'),(44,8,34,'interior'),(44,8,38,'front'),(44,8,38,'interior'),(44,8,40,'front'),(44,8,40,'interior'),(44,8,45,'front'),(44,8,45,'interior'),(44,9,45,'interior'),(44,9,45,'rear'),(44,10,44,'interior'),(44,10,44,'rear'),(44,11,44,'interior'),(44,11,44,'rear'),(44,13,45,'interior'),(44,13,45,'rear'),(44,18,44,'interior'),(44,18,44,'rear'),(44,19,44,'interior'),(44,19,44,'rear'),(44,20,20,'front'),(44,20,20,'interior'),(44,20,22,'front'),(44,20,22,'interior'),(44,20,23,'front'),(44,20,23,'interior'),(44,20,25,'front'),(44,20,25,'interior'),(44,20,27,'front'),(44,20,27,'interior'),(44,20,31,'front'),(44,20,31,'interior'),(44,20,34,'front'),(44,20,34,'interior'),(44,20,37,'front'),(44,20,37,'interior'),(44,20,40,'front'),(44,20,40,'interior'),(44,20,43,'front'),(44,20,43,'interior'),(44,21,11,'front'),(44,21,11,'interior'),(44,21,13,'front'),(44,21,13,'interior'),(44,21,15,'front'),(44,21,15,'interior'),(44,21,17,'front'),(44,21,17,'interior'),(44,21,19,'front'),(44,21,19,'interior'),(44,21,21,'front'),(44,21,21,'interior'),(44,21,23,'front'),(44,21,23,'interior'),(44,21,25,'front'),(44,21,25,'interior'),(44,21,30,'front'),(44,21,30,'interior'),(44,21,33,'front'),(44,21,33,'interior'),(44,21,36,'front'),(44,21,36,'interior'),(44,21,39,'front'),(44,21,39,'interior'),(44,21,42,'front'),(44,21,42,'interior'),(44,21,45,'front'),(44,21,45,'interior'),(44,22,16,'front'),(44,22,16,'interior'),(44,22,18,'front'),(44,22,18,'interior'),(44,22,21,'front'),(44,22,21,'interior'),(44,22,25,'front'),(44,22,25,'interior'),(44,22,29,'front'),(44,22,29,'interior'),(44,22,32,'front'),(44,22,32,'interior'),(44,22,34,'front'),(44,22,34,'interior'),(44,22,40,'front'),(44,22,40,'interior'),(44,22,45,'front'),(44,22,45,'interior'),(44,23,45,'interior'),(44,23,45,'rear'),(44,24,44,'interior'),(44,24,44,'rear'),(44,25,44,'interior'),(44,25,44,'rear'),(44,27,45,'interior'),(44,27,45,'rear'),(45,22,33,'front'),(45,22,33,'interior'),(45,22,33,'rear'),(46,8,39,'front'),(46,8,39,'interior'),(46,8,39,'rear'),(47,8,35,'front'),(47,8,35,'interior'),(47,8,35,'rear'),(47,8,36,'front'),(47,8,36,'interior'),(47,8,36,'rear'),(47,8,37,'front'),(47,8,37,'interior'),(47,8,37,'rear'),(48,8,33,'front'),(48,8,33,'interior'),(48,8,33,'rear'),(49,8,28,'front'),(49,8,28,'interior'),(49,8,28,'rear'),(50,8,26,'front'),(50,8,26,'interior'),(50,8,26,'rear'),(51,8,24,'front'),(51,8,24,'interior'),(51,8,24,'rear'),(52,8,22,'front'),(52,8,22,'interior'),(52,8,22,'rear'),(53,8,19,'front'),(53,8,19,'interior'),(53,8,19,'rear'),(53,8,20,'front'),(53,8,20,'interior'),(53,8,20,'rear'),(54,8,17,'front'),(54,8,17,'interior'),(54,8,17,'rear'),(55,8,13,'front'),(55,8,13,'interior'),(55,8,13,'rear'),(56,9,27,'front'),(56,9,27,'interior'),(56,9,27,'rear'),(57,9,1,'front'),(57,9,1,'interior'),(57,9,1,'rear'),(57,9,2,'front'),(57,9,2,'interior'),(57,9,2,'rear'),(57,9,3,'front'),(57,9,3,'interior'),(57,9,3,'rear'),(57,9,4,'front'),(57,9,4,'interior'),(57,9,4,'rear'),(57,9,5,'front'),(57,9,5,'interior'),(57,9,5,'rear'),(58,13,23,'front'),(58,13,23,'interior'),(58,13,23,'rear'),(59,22,28,'front'),(59,22,28,'interior'),(59,22,28,'rear'),(60,22,26,'front'),(60,22,26,'interior'),(60,22,26,'rear'),(61,22,24,'front'),(61,22,24,'interior'),(61,22,24,'rear'),(62,22,22,'front'),(62,22,22,'interior'),(62,22,22,'rear'),(63,22,19,'front'),(63,22,19,'interior'),(63,22,19,'rear'),(63,22,20,'front'),(63,22,20,'interior'),(63,22,20,'rear'),(64,22,17,'front'),(64,22,17,'interior'),(64,22,17,'rear'),(65,22,13,'front'),(65,22,13,'interior'),(65,22,13,'rear'),(66,23,27,'front'),(66,23,27,'interior'),(66,23,27,'rear'),(67,23,1,'front'),(67,23,1,'interior'),(67,23,1,'rear'),(67,23,2,'front'),(67,23,2,'interior'),(67,23,2,'rear'),(67,23,3,'front'),(67,23,3,'interior'),(67,23,3,'rear'),(67,23,4,'front'),(67,23,4,'interior'),(67,23,4,'rear'),(67,23,5,'front'),(67,23,5,'interior'),(67,23,5,'rear'),(68,27,23,'front'),(68,27,23,'interior'),(68,27,23,'rear'),(68,27,24,'front'),(68,27,24,'interior'),(68,27,24,'rear'),(69,29,1,'front'),(69,29,1,'interior'),(69,29,1,'rear'),(69,29,2,'front'),(69,29,2,'interior'),(69,29,2,'rear'),(70,5,10,'front'),(70,5,10,'interior'),(70,5,10,'rear'),(70,5,11,'front'),(70,5,11,'interior'),(70,5,11,'rear'),(71,10,17,'front'),(71,10,17,'interior'),(71,10,17,'rear'),(71,10,18,'front'),(71,10,18,'interior'),(71,10,18,'rear'),(71,10,19,'front'),(71,10,19,'interior'),(71,10,19,'rear'),(71,10,20,'front'),(71,10,20,'interior'),(71,10,20,'rear'),(72,10,17,'front'),(72,10,17,'interior'),(72,10,17,'rear'),(72,10,18,'front'),(72,10,18,'interior'),(72,10,18,'rear'),(72,10,19,'front'),(72,10,19,'interior'),(72,10,19,'rear'),(72,10,20,'front'),(72,10,20,'interior'),(72,10,20,'rear'),(73,10,17,'front'),(73,10,17,'interior'),(73,10,17,'rear'),(73,10,18,'front'),(73,10,18,'interior'),(73,10,18,'rear'),(73,10,19,'front'),(73,10,19,'interior'),(73,10,19,'rear'),(73,10,20,'front'),(73,10,20,'interior'),(73,10,20,'rear'),(73,14,1,'front'),(73,14,1,'interior'),(73,14,1,'rear'),(73,14,2,'front'),(73,14,2,'interior'),(73,14,2,'rear'),(73,14,3,'front'),(73,14,3,'interior'),(73,14,3,'rear'),(73,14,4,'front'),(73,14,4,'interior'),(73,14,4,'rear'),(73,14,5,'front'),(73,14,5,'interior'),(73,14,5,'rear'),(73,14,6,'front'),(73,14,6,'interior'),(73,14,6,'rear'),(73,14,7,'front'),(73,14,7,'interior'),(73,14,7,'rear'),(73,14,8,'front'),(73,14,8,'interior'),(73,14,8,'rear'),(74,7,25,'front'),(74,7,25,'interior'),(74,7,25,'rear'),(74,7,26,'front'),(74,7,26,'interior'),(74,7,26,'rear'),(75,7,1,'front'),(75,7,1,'interior'),(75,7,1,'rear'),(75,7,2,'front'),(75,7,2,'interior'),(75,7,2,'rear'),(75,7,3,'front'),(75,7,3,'interior'),(75,7,3,'rear'),(75,7,4,'front'),(75,7,4,'interior'),(75,7,4,'rear'),(75,7,5,'front'),(75,7,5,'interior'),(75,7,5,'rear'),(75,7,6,'front'),(75,7,6,'interior'),(75,7,6,'rear'),(75,7,7,'front'),(75,7,7,'interior'),(75,7,7,'rear'),(75,7,8,'front'),(75,7,8,'interior'),(75,7,8,'rear'),(75,7,9,'front'),(75,7,9,'interior'),(75,7,9,'rear'),(75,7,10,'front'),(75,7,10,'interior'),(75,7,10,'rear'),(76,7,25,'front'),(76,7,25,'interior'),(76,7,25,'rear'),(76,7,26,'front'),(76,7,26,'interior'),(76,7,26,'rear'),(77,7,25,'front'),(77,7,25,'interior'),(77,7,25,'rear'),(77,7,26,'front'),(77,7,26,'interior'),(77,7,26,'rear'),(77,21,26,'front'),(77,21,26,'interior'),(77,21,26,'rear'),(77,21,27,'front'),(77,21,27,'interior'),(77,21,27,'rear'),(78,7,1,'front'),(78,7,1,'interior'),(78,7,1,'rear'),(78,7,2,'front'),(78,7,2,'interior'),(78,7,2,'rear'),(78,7,3,'front'),(78,7,3,'interior'),(78,7,3,'rear'),(78,7,4,'front'),(78,7,4,'interior'),(78,7,4,'rear'),(78,7,5,'front'),(78,7,5,'interior'),(78,7,5,'rear'),(78,7,6,'front'),(78,7,6,'interior'),(78,7,6,'rear'),(78,7,7,'front'),(78,7,7,'interior'),(78,7,7,'rear'),(78,7,8,'front'),(78,7,8,'interior'),(78,7,8,'rear'),(78,7,9,'front'),(78,7,9,'interior'),(78,7,9,'rear'),(78,7,10,'front'),(78,7,10,'interior'),(78,7,10,'rear'),(79,7,1,'front'),(79,7,1,'interior'),(79,7,1,'rear'),(79,7,2,'front'),(79,7,2,'interior'),(79,7,2,'rear'),(79,7,3,'front'),(79,7,3,'interior'),(79,7,3,'rear'),(79,7,4,'front'),(79,7,4,'interior'),(79,7,4,'rear'),(79,7,5,'front'),(79,7,5,'interior'),(79,7,5,'rear'),(79,7,6,'front'),(79,7,6,'interior'),(79,7,6,'rear'),(79,7,7,'front'),(79,7,7,'interior'),(79,7,7,'rear'),(79,7,8,'front'),(79,7,8,'interior'),(79,7,8,'rear'),(79,7,9,'front'),(79,7,9,'interior'),(79,7,9,'rear'),(79,7,10,'front'),(79,7,10,'interior'),(79,7,10,'rear'),(79,21,1,'front'),(79,21,1,'interior'),(79,21,1,'rear'),(79,21,2,'front'),(79,21,2,'interior'),(79,21,2,'rear'),(79,21,3,'front'),(79,21,3,'interior'),(79,21,3,'rear'),(79,21,4,'front'),(79,21,4,'interior'),(79,21,4,'rear'),(79,21,5,'front'),(79,21,5,'interior'),(79,21,5,'rear'),(79,21,6,'front'),(79,21,6,'interior'),(79,21,6,'rear'),(79,21,7,'front'),(79,21,7,'interior'),(79,21,7,'rear'),(79,21,8,'front'),(79,21,8,'interior'),(79,21,8,'rear'),(79,21,9,'front'),(79,21,9,'interior'),(79,21,9,'rear'),(79,21,10,'front'),(79,21,10,'interior'),(79,21,10,'rear'),(80,23,41,'front'),(80,23,41,'interior'),(80,23,41,'rear'),(80,23,42,'front'),(80,23,42,'interior'),(80,23,42,'rear'),(80,23,43,'front'),(80,23,43,'interior'),(80,23,43,'rear'),(81,23,41,'front'),(81,23,41,'interior'),(81,23,41,'rear'),(81,23,42,'front'),(81,23,42,'interior'),(81,23,42,'rear'),(81,23,43,'front'),(81,23,43,'interior'),(81,23,43,'rear'),(82,9,41,'front'),(82,9,41,'interior'),(82,9,41,'rear'),(82,9,42,'front'),(82,9,42,'interior'),(82,9,42,'rear'),(82,9,43,'front'),(82,9,43,'interior'),(82,9,43,'rear'),(82,11,41,'front'),(82,11,41,'interior'),(82,11,41,'rear'),(82,11,42,'front'),(82,11,42,'interior'),(82,11,42,'rear'),(82,11,43,'front'),(82,11,43,'interior'),(82,11,43,'rear'),(82,13,41,'front'),(82,13,41,'interior'),(82,13,41,'rear'),(82,13,42,'front'),(82,13,42,'interior'),(82,13,42,'rear'),(82,13,43,'front'),(82,13,43,'interior'),(82,13,43,'rear'),(82,14,41,'front'),(82,14,41,'interior'),(82,14,41,'rear'),(82,14,42,'front'),(82,14,42,'interior'),(82,14,42,'rear'),(82,14,43,'front'),(82,14,43,'interior'),(82,14,43,'rear'),(82,15,41,'front'),(82,15,41,'interior'),(82,15,41,'rear'),(82,15,42,'front'),(82,15,42,'interior'),(82,15,42,'rear'),(82,15,43,'front'),(82,15,43,'interior'),(82,15,43,'rear'),(82,23,41,'front'),(82,23,41,'interior'),(82,23,41,'rear'),(82,23,42,'front'),(82,23,42,'interior'),(82,23,42,'rear'),(82,23,43,'front'),(82,23,43,'interior'),(82,23,43,'rear'),(82,25,41,'front'),(82,25,41,'interior'),(82,25,41,'rear'),(82,25,42,'front'),(82,25,42,'interior'),(82,25,42,'rear'),(82,25,43,'front'),(82,25,43,'interior'),(82,25,43,'rear'),(82,27,41,'front'),(82,27,41,'interior'),(82,27,41,'rear'),(82,27,42,'front'),(82,27,42,'interior'),(82,27,42,'rear'),(82,27,43,'front'),(82,27,43,'interior'),(82,27,43,'rear'),(82,28,41,'front'),(82,28,41,'interior'),(82,28,41,'rear'),(82,28,42,'front'),(82,28,42,'interior'),(82,28,42,'rear'),(82,28,43,'front'),(82,28,43,'interior'),(82,28,43,'rear'),(82,29,41,'front'),(82,29,41,'interior'),(82,29,41,'rear'),(82,29,42,'front'),(82,29,42,'interior'),(82,29,42,'rear'),(82,29,43,'front'),(82,29,43,'interior'),(82,29,43,'rear'),(83,28,25,'front'),(83,28,25,'interior'),(83,28,25,'rear'),(83,28,26,'front'),(83,28,26,'interior'),(83,28,26,'rear'),(83,29,25,'front'),(83,29,25,'interior'),(83,29,25,'rear'),(83,29,26,'front'),(83,29,26,'interior'),(83,29,26,'rear'),(84,28,25,'front'),(84,28,25,'interior'),(84,28,25,'rear'),(84,28,26,'front'),(84,28,26,'interior'),(84,28,26,'rear'),(84,29,25,'front'),(84,29,25,'interior'),(84,29,25,'rear'),(84,29,26,'front'),(84,29,26,'interior'),(84,29,26,'rear'),(85,14,25,'front'),(85,14,25,'interior'),(85,14,25,'rear'),(85,14,26,'front'),(85,14,26,'interior'),(85,14,26,'rear'),(85,15,25,'front'),(85,15,25,'interior'),(85,15,25,'rear'),(85,15,26,'front'),(85,15,26,'interior'),(85,15,26,'rear'),(85,28,25,'front'),(85,28,25,'interior'),(85,28,25,'rear'),(85,28,26,'front'),(85,28,26,'interior'),(85,28,26,'rear'),(85,29,25,'front'),(85,29,25,'interior'),(85,29,25,'rear'),(85,29,26,'front'),(85,29,26,'interior'),(85,29,26,'rear'),(86,4,44,'interior'),(86,4,44,'rear'),(86,5,44,'interior'),(86,5,44,'rear'),(86,6,20,'front'),(86,6,20,'interior'),(86,6,22,'front'),(86,6,22,'interior'),(86,6,23,'front'),(86,6,23,'interior'),(86,6,25,'front'),(86,6,25,'interior'),(86,6,27,'front'),(86,6,27,'interior'),(86,6,31,'front'),(86,6,31,'interior'),(86,6,34,'front'),(86,6,34,'interior'),(86,6,37,'front'),(86,6,37,'interior'),(86,6,40,'front'),(86,6,40,'interior'),(86,6,43,'front'),(86,6,43,'interior'),(86,7,11,'front'),(86,7,11,'interior'),(86,7,13,'front'),(86,7,13,'interior'),(86,7,15,'front'),(86,7,15,'interior'),(86,7,17,'front'),(86,7,17,'interior'),(86,7,19,'front'),(86,7,19,'interior'),(86,7,21,'front'),(86,7,21,'interior'),(86,7,23,'front'),(86,7,23,'interior'),(86,7,28,'front'),(86,7,28,'interior'),(86,7,30,'front'),(86,7,30,'interior'),(86,7,33,'front'),(86,7,33,'interior'),(86,7,36,'front'),(86,7,36,'interior'),(86,7,39,'front'),(86,7,39,'interior'),(86,7,42,'front'),(86,7,42,'interior'),(86,7,45,'front'),(86,7,45,'interior'),(86,8,16,'front'),(86,8,16,'interior'),(86,8,18,'front'),(86,8,18,'interior'),(86,8,21,'front'),(86,8,21,'interior'),(86,8,25,'front'),(86,8,25,'interior'),(86,8,29,'front'),(86,8,29,'interior'),(86,8,32,'front'),(86,8,32,'interior'),(86,8,34,'front'),(86,8,34,'interior'),(86,8,38,'front'),(86,8,38,'interior'),(86,8,40,'front'),(86,8,40,'interior'),(86,8,45,'front'),(86,8,45,'interior'),(86,9,45,'interior'),(86,9,45,'rear'),(86,10,44,'interior'),(86,10,44,'rear'),(86,11,44,'interior'),(86,11,44,'rear'),(86,13,45,'interior'),(86,13,45,'rear'),(86,18,44,'interior'),(86,18,44,'rear'),(86,19,44,'interior'),(86,19,44,'rear'),(86,20,20,'front'),(86,20,20,'interior'),(86,20,22,'front'),(86,20,22,'interior'),(86,20,23,'front'),(86,20,23,'interior'),(86,20,25,'front'),(86,20,25,'interior'),(86,20,27,'front'),(86,20,27,'interior'),(86,20,31,'front'),(86,20,31,'interior'),(86,20,34,'front'),(86,20,34,'interior'),(86,20,37,'front'),(86,20,37,'interior'),(86,20,40,'front'),(86,20,40,'interior'),(86,20,43,'front'),(86,20,43,'interior'),(86,21,11,'front'),(86,21,11,'interior'),(86,21,13,'front'),(86,21,13,'interior'),(86,21,15,'front'),(86,21,15,'interior'),(86,21,17,'front'),(86,21,17,'interior'),(86,21,19,'front'),(86,21,19,'interior'),(86,21,21,'front'),(86,21,21,'interior'),(86,21,23,'front'),(86,21,23,'interior'),(86,21,25,'front'),(86,21,25,'interior'),(86,21,30,'front'),(86,21,30,'interior'),(86,21,33,'front'),(86,21,33,'interior'),(86,21,36,'front'),(86,21,36,'interior'),(86,21,39,'front'),(86,21,39,'interior'),(86,21,42,'front'),(86,21,42,'interior'),(86,21,45,'front'),(86,21,45,'interior'),(86,22,16,'front'),(86,22,16,'interior'),(86,22,18,'front'),(86,22,18,'interior'),(86,22,21,'front'),(86,22,21,'interior'),(86,22,25,'front'),(86,22,25,'interior'),(86,22,29,'front'),(86,22,29,'interior'),(86,22,32,'front'),(86,22,32,'interior'),(86,22,34,'front'),(86,22,34,'interior'),(86,22,40,'front'),(86,22,40,'interior'),(86,22,45,'front'),(86,22,45,'interior'),(86,23,45,'interior'),(86,23,45,'rear'),(86,24,44,'interior'),(86,24,44,'rear'),(86,25,44,'interior'),(86,25,44,'rear'),(86,27,45,'interior'),(86,27,45,'rear'),(87,4,44,'interior'),(87,4,44,'rear'),(87,5,44,'interior'),(87,5,44,'rear'),(87,6,20,'front'),(87,6,20,'interior'),(87,6,22,'front'),(87,6,22,'interior'),(87,6,23,'front'),(87,6,23,'interior'),(87,6,25,'front'),(87,6,25,'interior'),(87,6,27,'front'),(87,6,27,'interior'),(87,6,31,'front'),(87,6,31,'interior'),(87,6,34,'front'),(87,6,34,'interior'),(87,6,37,'front'),(87,6,37,'interior'),(87,6,40,'front'),(87,6,40,'interior'),(87,6,43,'front'),(87,6,43,'interior'),(87,7,11,'front'),(87,7,11,'interior'),(87,7,13,'front'),(87,7,13,'interior'),(87,7,15,'front'),(87,7,15,'interior'),(87,7,17,'front'),(87,7,17,'interior'),(87,7,19,'front'),(87,7,19,'interior'),(87,7,21,'front'),(87,7,21,'interior'),(87,7,23,'front'),(87,7,23,'interior'),(87,7,28,'front'),(87,7,28,'interior'),(87,7,30,'front'),(87,7,30,'interior'),(87,7,33,'front'),(87,7,33,'interior'),(87,7,36,'front'),(87,7,36,'interior'),(87,7,39,'front'),(87,7,39,'interior'),(87,7,42,'front'),(87,7,42,'interior'),(87,7,45,'front'),(87,7,45,'interior'),(87,8,16,'front'),(87,8,16,'interior'),(87,8,18,'front'),(87,8,18,'interior'),(87,8,21,'front'),(87,8,21,'interior'),(87,8,25,'front'),(87,8,25,'interior'),(87,8,29,'front'),(87,8,29,'interior'),(87,8,32,'front'),(87,8,32,'interior'),(87,8,34,'front'),(87,8,34,'interior'),(87,8,40,'front'),(87,8,40,'interior'),(87,8,45,'front'),(87,8,45,'interior'),(87,9,45,'interior'),(87,9,45,'rear'),(87,10,44,'interior'),(87,10,44,'rear'),(87,11,44,'interior'),(87,11,44,'rear'),(87,13,45,'interior'),(87,13,45,'rear'),(87,18,44,'interior'),(87,18,44,'rear'),(87,19,44,'interior'),(87,19,44,'rear'),(87,20,20,'front'),(87,20,20,'interior'),(87,20,22,'front'),(87,20,22,'interior'),(87,20,23,'front'),(87,20,23,'interior'),(87,20,25,'front'),(87,20,25,'interior'),(87,20,27,'front'),(87,20,27,'interior'),(87,20,31,'front'),(87,20,31,'interior'),(87,20,34,'front'),(87,20,34,'interior'),(87,20,37,'front'),(87,20,37,'interior'),(87,20,40,'front'),(87,20,40,'interior'),(87,20,43,'front'),(87,20,43,'interior'),(87,21,11,'front'),(87,21,11,'interior'),(87,21,13,'front'),(87,21,13,'interior'),(87,21,15,'front'),(87,21,15,'interior'),(87,21,17,'front'),(87,21,17,'interior'),(87,21,19,'front'),(87,21,19,'interior'),(87,21,21,'front'),(87,21,21,'interior'),(87,21,23,'front'),(87,21,23,'interior'),(87,21,25,'front'),(87,21,25,'interior'),(87,21,30,'front'),(87,21,30,'interior'),(87,21,33,'front'),(87,21,33,'interior'),(87,21,36,'front'),(87,21,36,'interior'),(87,21,39,'front'),(87,21,39,'interior'),(87,21,42,'front'),(87,21,42,'interior'),(87,21,45,'front'),(87,21,45,'interior'),(87,22,16,'front'),(87,22,16,'interior'),(87,22,18,'front'),(87,22,18,'interior'),(87,22,21,'front'),(87,22,21,'interior'),(87,22,25,'front'),(87,22,25,'interior'),(87,22,29,'front'),(87,22,29,'interior'),(87,22,32,'front'),(87,22,32,'interior'),(87,22,34,'front'),(87,22,34,'interior'),(87,22,40,'front'),(87,22,40,'interior'),(87,22,45,'front'),(87,22,45,'interior'),(87,23,45,'interior'),(87,23,45,'rear'),(87,24,44,'interior'),(87,24,44,'rear'),(87,25,44,'interior'),(87,25,44,'rear'),(87,27,45,'interior'),(87,27,45,'rear'),(88,4,44,'interior'),(88,4,44,'rear'),(88,5,44,'interior'),(88,5,44,'rear'),(88,6,20,'front'),(88,6,20,'interior'),(88,6,22,'front'),(88,6,22,'interior'),(88,6,23,'front'),(88,6,23,'interior'),(88,6,25,'front'),(88,6,25,'interior'),(88,6,27,'front'),(88,6,27,'interior'),(88,6,31,'front'),(88,6,31,'interior'),(88,6,34,'front'),(88,6,34,'interior'),(88,6,37,'front'),(88,6,37,'interior'),(88,6,40,'front'),(88,6,40,'interior'),(88,6,43,'front'),(88,6,43,'interior'),(88,7,11,'front'),(88,7,11,'interior'),(88,7,13,'front'),(88,7,13,'interior'),(88,7,15,'front'),(88,7,15,'interior'),(88,7,17,'front'),(88,7,17,'interior'),(88,7,19,'front'),(88,7,19,'interior'),(88,7,21,'front'),(88,7,21,'interior'),(88,7,23,'front'),(88,7,23,'interior'),(88,7,28,'front'),(88,7,28,'interior'),(88,7,30,'front'),(88,7,30,'interior'),(88,7,33,'front'),(88,7,33,'interior'),(88,7,36,'front'),(88,7,36,'interior'),(88,7,39,'front'),(88,7,39,'interior'),(88,7,42,'front'),(88,7,42,'interior'),(88,7,45,'front'),(88,7,45,'interior'),(88,8,16,'front'),(88,8,16,'interior'),(88,8,18,'front'),(88,8,18,'interior'),(88,8,21,'front'),(88,8,21,'interior'),(88,8,25,'front'),(88,8,25,'interior'),(88,8,29,'front'),(88,8,29,'interior'),(88,8,32,'front'),(88,8,32,'interior'),(88,8,34,'front'),(88,8,34,'interior'),(88,8,40,'front'),(88,8,40,'interior'),(88,8,45,'front'),(88,8,45,'interior'),(88,9,45,'interior'),(88,9,45,'rear'),(88,10,44,'interior'),(88,10,44,'rear'),(88,11,44,'interior'),(88,11,44,'rear'),(88,13,45,'interior'),(88,13,45,'rear'),(88,18,44,'interior'),(88,18,44,'rear'),(88,19,44,'interior'),(88,19,44,'rear'),(88,20,20,'front'),(88,20,20,'interior'),(88,20,22,'front'),(88,20,22,'interior'),(88,20,23,'front'),(88,20,23,'interior'),(88,20,25,'front'),(88,20,25,'interior'),(88,20,27,'front'),(88,20,27,'interior'),(88,20,31,'front'),(88,20,31,'interior'),(88,20,34,'front'),(88,20,34,'interior'),(88,20,37,'front'),(88,20,37,'interior'),(88,20,40,'front'),(88,20,40,'interior'),(88,20,43,'front'),(88,20,43,'interior'),(88,21,11,'front'),(88,21,11,'interior'),(88,21,13,'front'),(88,21,13,'interior'),(88,21,15,'front'),(88,21,15,'interior'),(88,21,17,'front'),(88,21,17,'interior'),(88,21,19,'front'),(88,21,19,'interior'),(88,21,21,'front'),(88,21,21,'interior'),(88,21,23,'front'),(88,21,23,'interior'),(88,21,25,'front'),(88,21,25,'interior'),(88,21,30,'front'),(88,21,30,'interior'),(88,21,33,'front'),(88,21,33,'interior'),(88,21,36,'front'),(88,21,36,'interior'),(88,21,39,'front'),(88,21,39,'interior'),(88,21,42,'front'),(88,21,42,'interior'),(88,21,45,'front'),(88,21,45,'interior'),(88,22,16,'front'),(88,22,16,'interior'),(88,22,18,'front'),(88,22,18,'interior'),(88,22,21,'front'),(88,22,21,'interior'),(88,22,25,'front'),(88,22,25,'interior'),(88,22,29,'front'),(88,22,29,'interior'),(88,22,32,'front'),(88,22,32,'interior'),(88,22,34,'front'),(88,22,34,'interior'),(88,22,40,'front'),(88,22,40,'interior'),(88,22,45,'front'),(88,22,45,'interior'),(88,23,45,'interior'),(88,23,45,'rear'),(88,24,44,'interior'),(88,24,44,'rear'),(88,25,44,'interior'),(88,25,44,'rear'),(88,27,45,'interior'),(88,27,45,'rear'),(89,4,44,'interior'),(89,4,44,'rear'),(89,5,44,'interior'),(89,5,44,'rear'),(89,6,20,'front'),(89,6,20,'interior'),(89,6,22,'front'),(89,6,22,'interior'),(89,6,23,'front'),(89,6,23,'interior'),(89,6,25,'front'),(89,6,25,'interior'),(89,6,27,'front'),(89,6,27,'interior'),(89,6,31,'front'),(89,6,31,'interior'),(89,6,34,'front'),(89,6,34,'interior'),(89,6,37,'front'),(89,6,37,'interior'),(89,6,40,'front'),(89,6,40,'interior'),(89,6,43,'front'),(89,6,43,'interior'),(89,7,11,'front'),(89,7,11,'interior'),(89,7,13,'front'),(89,7,13,'interior'),(89,7,15,'front'),(89,7,15,'interior'),(89,7,17,'front'),(89,7,17,'interior'),(89,7,19,'front'),(89,7,19,'interior'),(89,7,21,'front'),(89,7,21,'interior'),(89,7,23,'front'),(89,7,23,'interior'),(89,7,28,'front'),(89,7,28,'interior'),(89,7,30,'front'),(89,7,30,'interior'),(89,7,33,'front'),(89,7,33,'interior'),(89,7,36,'front'),(89,7,36,'interior'),(89,7,39,'front'),(89,7,39,'interior'),(89,7,42,'front'),(89,7,42,'interior'),(89,7,45,'front'),(89,7,45,'interior'),(89,8,16,'front'),(89,8,16,'interior'),(89,8,18,'front'),(89,8,18,'interior'),(89,8,21,'front'),(89,8,21,'interior'),(89,8,25,'front'),(89,8,25,'interior'),(89,8,27,'front'),(89,8,27,'interior'),(89,8,32,'front'),(89,8,32,'interior'),(89,8,34,'front'),(89,8,34,'interior'),(89,8,40,'front'),(89,8,40,'interior'),(89,8,45,'front'),(89,8,45,'interior'),(89,9,45,'interior'),(89,9,45,'rear'),(89,10,44,'interior'),(89,10,44,'rear'),(89,11,44,'interior'),(89,11,44,'rear'),(89,13,45,'interior'),(89,13,45,'rear'),(89,18,44,'interior'),(89,18,44,'rear'),(89,19,44,'interior'),(89,19,44,'rear'),(89,20,20,'front'),(89,20,20,'interior'),(89,20,22,'front'),(89,20,22,'interior'),(89,20,23,'front'),(89,20,23,'interior'),(89,20,25,'front'),(89,20,25,'interior'),(89,20,27,'front'),(89,20,27,'interior'),(89,20,31,'front'),(89,20,31,'interior'),(89,20,34,'front'),(89,20,34,'interior'),(89,20,37,'front'),(89,20,37,'interior'),(89,20,40,'front'),(89,20,40,'interior'),(89,20,43,'front'),(89,20,43,'interior'),(89,21,11,'front'),(89,21,11,'interior'),(89,21,13,'front'),(89,21,13,'interior'),(89,21,15,'front'),(89,21,15,'interior'),(89,21,17,'front'),(89,21,17,'interior'),(89,21,19,'front'),(89,21,19,'interior'),(89,21,21,'front'),(89,21,21,'interior'),(89,21,23,'front'),(89,21,23,'interior'),(89,21,25,'front'),(89,21,25,'interior'),(89,21,30,'front'),(89,21,30,'interior'),(89,21,33,'front'),(89,21,33,'interior'),(89,21,36,'front'),(89,21,36,'interior'),(89,21,39,'front'),(89,21,39,'interior'),(89,21,42,'front'),(89,21,42,'interior'),(89,21,45,'front'),(89,21,45,'interior'),(89,22,16,'front'),(89,22,16,'interior'),(89,22,18,'front'),(89,22,18,'interior'),(89,22,21,'front'),(89,22,21,'interior'),(89,22,25,'front'),(89,22,25,'interior'),(89,22,29,'front'),(89,22,29,'interior'),(89,22,32,'front'),(89,22,32,'interior'),(89,22,34,'front'),(89,22,34,'interior'),(89,22,40,'front'),(89,22,40,'interior'),(89,22,45,'front'),(89,22,45,'interior'),(89,23,45,'interior'),(89,23,45,'rear'),(89,24,44,'interior'),(89,24,44,'rear'),(89,25,44,'interior'),(89,25,44,'rear'),(89,27,45,'interior'),(89,27,45,'rear'),(90,23,15,'front'),(90,23,15,'interior'),(90,23,15,'rear'),(90,23,16,'front'),(90,23,16,'interior'),(90,23,16,'rear'),(90,23,19,'front'),(90,23,19,'interior'),(90,23,19,'rear'),(90,23,20,'front'),(90,23,20,'interior'),(90,23,20,'rear'),(91,23,15,'front'),(91,23,15,'interior'),(91,23,15,'rear'),(91,23,16,'front'),(91,23,16,'interior'),(91,23,16,'rear'),(91,23,19,'front'),(91,23,19,'interior'),(91,23,19,'rear'),(91,23,20,'front'),(91,23,20,'interior'),(91,23,20,'rear'),(92,9,15,'front'),(92,9,15,'interior'),(92,9,15,'rear'),(92,9,16,'front'),(92,9,16,'interior'),(92,9,16,'rear'),(92,9,19,'front'),(92,9,19,'interior'),(92,9,19,'rear'),(92,9,20,'front'),(92,9,20,'interior'),(92,9,20,'rear'),(92,23,15,'front'),(92,23,15,'interior'),(92,23,15,'rear'),(92,23,16,'front'),(92,23,16,'interior'),(92,23,16,'rear'),(92,23,19,'front'),(92,23,19,'interior'),(92,23,19,'rear'),(92,23,20,'front'),(92,23,20,'interior'),(92,23,20,'rear'),(93,4,44,'interior'),(93,4,44,'rear'),(93,5,44,'interior'),(93,5,44,'rear'),(93,6,20,'front'),(93,6,20,'interior'),(93,6,22,'front'),(93,6,22,'interior'),(93,6,23,'front'),(93,6,23,'interior'),(93,6,25,'front'),(93,6,25,'interior'),(93,6,27,'front'),(93,6,27,'interior'),(93,6,31,'front'),(93,6,31,'interior'),(93,6,34,'front'),(93,6,34,'interior'),(93,6,37,'front'),(93,6,37,'interior'),(93,6,40,'front'),(93,6,40,'interior'),(93,6,43,'front'),(93,6,43,'interior'),(93,7,11,'front'),(93,7,11,'interior'),(93,7,13,'front'),(93,7,13,'interior'),(93,7,15,'front'),(93,7,15,'interior'),(93,7,17,'front'),(93,7,17,'interior'),(93,7,19,'front'),(93,7,19,'interior'),(93,7,21,'front'),(93,7,21,'interior'),(93,7,23,'front'),(93,7,23,'interior'),(93,7,28,'front'),(93,7,28,'interior'),(93,7,30,'front'),(93,7,30,'interior'),(93,7,33,'front'),(93,7,33,'interior'),(93,7,36,'front'),(93,7,36,'interior'),(93,7,39,'front'),(93,7,39,'interior'),(93,7,42,'front'),(93,7,42,'interior'),(93,7,45,'front'),(93,7,45,'interior'),(93,8,16,'front'),(93,8,16,'interior'),(93,8,18,'front'),(93,8,18,'interior'),(93,8,21,'front'),(93,8,21,'interior'),(93,8,25,'front'),(93,8,25,'interior'),(93,8,27,'front'),(93,8,27,'interior'),(93,8,32,'front'),(93,8,32,'interior'),(93,8,34,'front'),(93,8,34,'interior'),(93,8,40,'front'),(93,8,40,'interior'),(93,8,45,'front'),(93,8,45,'interior'),(93,9,45,'interior'),(93,9,45,'rear'),(93,10,44,'interior'),(93,10,44,'rear'),(93,11,44,'interior'),(93,11,44,'rear'),(93,13,45,'interior'),(93,13,45,'rear'),(93,18,44,'interior'),(93,18,44,'rear'),(93,19,44,'interior'),(93,19,44,'rear'),(93,20,20,'front'),(93,20,20,'interior'),(93,20,22,'front'),(93,20,22,'interior'),(93,20,23,'front'),(93,20,23,'interior'),(93,20,25,'front'),(93,20,25,'interior'),(93,20,27,'front'),(93,20,27,'interior'),(93,20,31,'front'),(93,20,31,'interior'),(93,20,34,'front'),(93,20,34,'interior'),(93,20,37,'front'),(93,20,37,'interior'),(93,20,40,'front'),(93,20,40,'interior'),(93,20,43,'front'),(93,20,43,'interior'),(93,21,11,'front'),(93,21,11,'interior'),(93,21,13,'front'),(93,21,13,'interior'),(93,21,15,'front'),(93,21,15,'interior'),(93,21,17,'front'),(93,21,17,'interior'),(93,21,19,'front'),(93,21,19,'interior'),(93,21,21,'front'),(93,21,21,'interior'),(93,21,23,'front'),(93,21,23,'interior'),(93,21,25,'front'),(93,21,25,'interior'),(93,21,30,'front'),(93,21,30,'interior'),(93,21,33,'front'),(93,21,33,'interior'),(93,21,36,'front'),(93,21,36,'interior'),(93,21,39,'front'),(93,21,39,'interior'),(93,21,42,'front'),(93,21,42,'interior'),(93,21,45,'front'),(93,21,45,'interior'),(93,22,16,'front'),(93,22,16,'interior'),(93,22,18,'front'),(93,22,18,'interior'),(93,22,21,'front'),(93,22,21,'interior'),(93,22,25,'front'),(93,22,25,'interior'),(93,22,29,'front'),(93,22,29,'interior'),(93,22,32,'front'),(93,22,32,'interior'),(93,22,34,'front'),(93,22,34,'interior'),(93,22,40,'front'),(93,22,40,'interior'),(93,22,45,'front'),(93,22,45,'interior'),(93,23,45,'interior'),(93,23,45,'rear'),(93,24,44,'interior'),(93,24,44,'rear'),(93,25,44,'interior'),(93,25,44,'rear'),(93,27,45,'interior'),(93,27,45,'rear'),(94,4,44,'interior'),(94,4,44,'rear'),(94,5,44,'interior'),(94,5,44,'rear'),(94,6,20,'front'),(94,6,20,'interior'),(94,6,22,'front'),(94,6,22,'interior'),(94,6,23,'front'),(94,6,23,'interior'),(94,6,25,'front'),(94,6,25,'interior'),(94,6,27,'front'),(94,6,27,'interior'),(94,6,31,'front'),(94,6,31,'interior'),(94,6,34,'front'),(94,6,34,'interior'),(94,6,37,'front'),(94,6,37,'interior'),(94,6,40,'front'),(94,6,40,'interior'),(94,6,43,'front'),(94,6,43,'interior'),(94,7,11,'front'),(94,7,11,'interior'),(94,7,13,'front'),(94,7,13,'interior'),(94,7,15,'front'),(94,7,15,'interior'),(94,7,17,'front'),(94,7,17,'interior'),(94,7,19,'front'),(94,7,19,'interior'),(94,7,21,'front'),(94,7,21,'interior'),(94,7,23,'front'),(94,7,23,'interior'),(94,7,28,'front'),(94,7,28,'interior'),(94,7,30,'front'),(94,7,30,'interior'),(94,7,33,'front'),(94,7,33,'interior'),(94,7,36,'front'),(94,7,36,'interior'),(94,7,39,'front'),(94,7,39,'interior'),(94,7,42,'front'),(94,7,42,'interior'),(94,7,45,'front'),(94,7,45,'interior'),(94,8,16,'front'),(94,8,16,'interior'),(94,8,18,'front'),(94,8,18,'interior'),(94,8,21,'front'),(94,8,21,'interior'),(94,8,25,'front'),(94,8,25,'interior'),(94,8,29,'front'),(94,8,29,'interior'),(94,8,32,'front'),(94,8,32,'interior'),(94,8,34,'front'),(94,8,34,'interior'),(94,8,38,'front'),(94,8,38,'interior'),(94,8,40,'front'),(94,8,40,'interior'),(94,8,45,'front'),(94,8,45,'interior'),(94,9,45,'interior'),(94,9,45,'rear'),(94,10,44,'interior'),(94,10,44,'rear'),(94,11,44,'interior'),(94,11,44,'rear'),(94,13,45,'interior'),(94,13,45,'rear'),(94,18,44,'interior'),(94,18,44,'rear'),(94,19,44,'interior'),(94,19,44,'rear'),(94,20,20,'front'),(94,20,20,'interior'),(94,20,22,'front'),(94,20,22,'interior'),(94,20,23,'front'),(94,20,23,'interior'),(94,20,25,'front'),(94,20,25,'interior'),(94,20,27,'front'),(94,20,27,'interior'),(94,20,31,'front'),(94,20,31,'interior'),(94,20,34,'front'),(94,20,34,'interior'),(94,20,37,'front'),(94,20,37,'interior'),(94,20,40,'front'),(94,20,40,'interior'),(94,20,43,'front'),(94,20,43,'interior'),(94,21,11,'front'),(94,21,11,'interior'),(94,21,13,'front'),(94,21,13,'interior'),(94,21,15,'front'),(94,21,15,'interior'),(94,21,17,'front'),(94,21,17,'interior'),(94,21,19,'front'),(94,21,19,'interior'),(94,21,21,'front'),(94,21,21,'interior'),(94,21,23,'front'),(94,21,23,'interior'),(94,21,25,'front'),(94,21,25,'interior'),(94,21,30,'front'),(94,21,30,'interior'),(94,21,33,'front'),(94,21,33,'interior'),(94,21,36,'front'),(94,21,36,'interior'),(94,21,39,'front'),(94,21,39,'interior'),(94,21,42,'front'),(94,21,42,'interior'),(94,21,45,'front'),(94,21,45,'interior'),(94,22,16,'front'),(94,22,16,'interior'),(94,22,18,'front'),(94,22,18,'interior'),(94,22,21,'front'),(94,22,21,'interior'),(94,22,25,'front'),(94,22,25,'interior'),(94,22,29,'front'),(94,22,29,'interior'),(94,22,32,'front'),(94,22,32,'interior'),(94,22,34,'front'),(94,22,34,'interior'),(94,22,40,'front'),(94,22,40,'interior'),(94,22,45,'front'),(94,22,45,'interior'),(94,23,45,'interior'),(94,23,45,'rear'),(94,24,44,'interior'),(94,24,44,'rear'),(94,25,44,'interior'),(94,25,44,'rear'),(94,27,45,'interior'),(94,27,45,'rear'),(95,9,28,'front'),(95,9,28,'interior'),(95,9,28,'rear'),(95,9,29,'front'),(95,9,29,'interior'),(95,9,29,'rear'),(95,9,30,'front'),(95,9,30,'interior'),(95,9,30,'rear'),(95,9,31,'front'),(95,9,31,'interior'),(95,9,31,'rear'),(95,9,32,'front'),(95,9,32,'interior'),(95,9,32,'rear'),(96,9,8,'front'),(96,9,8,'interior'),(96,9,8,'rear'),(96,9,9,'front'),(96,9,9,'interior'),(96,9,9,'rear'),(97,10,17,'front'),(97,10,17,'interior'),(97,10,17,'rear'),(97,10,18,'front'),(97,10,18,'interior'),(97,10,18,'rear'),(97,10,19,'front'),(97,10,19,'interior'),(97,10,19,'rear'),(97,10,20,'front'),(97,10,20,'interior'),(97,10,20,'rear'),(97,14,1,'front'),(97,14,1,'interior'),(97,14,1,'rear'),(97,14,2,'front'),(97,14,2,'interior'),(97,14,2,'rear'),(97,14,3,'front'),(97,14,3,'interior'),(97,14,3,'rear'),(97,14,4,'front'),(97,14,4,'interior'),(97,14,4,'rear'),(97,14,5,'front'),(97,14,5,'interior'),(97,14,5,'rear'),(97,14,6,'front'),(97,14,6,'interior'),(97,14,6,'rear'),(97,14,7,'front'),(97,14,7,'interior'),(97,14,7,'rear'),(97,14,8,'front'),(97,14,8,'interior'),(97,14,8,'rear'),(98,10,17,'front'),(98,10,17,'interior'),(98,10,17,'rear'),(98,10,18,'front'),(98,10,18,'interior'),(98,10,18,'rear'),(98,10,19,'front'),(98,10,19,'interior'),(98,10,19,'rear'),(98,10,20,'front'),(98,10,20,'interior'),(98,10,20,'rear'),(98,14,1,'front'),(98,14,1,'interior'),(98,14,1,'rear'),(98,14,2,'front'),(98,14,2,'interior'),(98,14,2,'rear'),(98,14,3,'front'),(98,14,3,'interior'),(98,14,3,'rear'),(98,14,4,'front'),(98,14,4,'interior'),(98,14,4,'rear'),(98,14,5,'front'),(98,14,5,'interior'),(98,14,5,'rear'),(98,14,6,'front'),(98,14,6,'interior'),(98,14,6,'rear'),(98,14,7,'front'),(98,14,7,'interior'),(98,14,7,'rear'),(98,14,8,'front'),(98,14,8,'interior'),(98,14,8,'rear'),(98,24,17,'front'),(98,24,17,'interior'),(98,24,17,'rear'),(98,24,18,'front'),(98,24,18,'interior'),(98,24,18,'rear'),(98,24,19,'front'),(98,24,19,'interior'),(98,24,19,'rear'),(98,24,20,'front'),(98,24,20,'interior'),(98,24,20,'rear'),(99,10,17,'front'),(99,10,17,'interior'),(99,10,17,'rear'),(99,10,18,'front'),(99,10,18,'interior'),(99,10,18,'rear'),(99,10,19,'front'),(99,10,19,'interior'),(99,10,19,'rear'),(99,10,20,'front'),(99,10,20,'interior'),(99,10,20,'rear'),(99,14,1,'front'),(99,14,1,'interior'),(99,14,1,'rear'),(99,14,2,'front'),(99,14,2,'interior'),(99,14,2,'rear'),(99,14,3,'front'),(99,14,3,'interior'),(99,14,3,'rear'),(99,14,4,'front'),(99,14,4,'interior'),(99,14,4,'rear'),(99,14,5,'front'),(99,14,5,'interior'),(99,14,5,'rear'),(99,14,6,'front'),(99,14,6,'interior'),(99,14,6,'rear'),(99,14,7,'front'),(99,14,7,'interior'),(99,14,7,'rear'),(99,14,8,'front'),(99,14,8,'interior'),(99,14,8,'rear'),(99,24,17,'front'),(99,24,17,'interior'),(99,24,17,'rear'),(99,24,18,'front'),(99,24,18,'interior'),(99,24,18,'rear'),(99,24,19,'front'),(99,24,19,'interior'),(99,24,19,'rear'),(99,24,20,'front'),(99,24,20,'interior'),(99,24,20,'rear'),(100,10,17,'front'),(100,10,17,'interior'),(100,10,17,'rear'),(100,10,18,'front'),(100,10,18,'interior'),(100,10,18,'rear'),(100,10,19,'front'),(100,10,19,'interior'),(100,10,19,'rear'),(100,10,20,'front'),(100,10,20,'interior'),(100,10,20,'rear'),(100,14,1,'front'),(100,14,1,'interior'),(100,14,1,'rear'),(100,14,2,'front'),(100,14,2,'interior'),(100,14,2,'rear'),(100,14,3,'front'),(100,14,3,'interior'),(100,14,3,'rear'),(100,14,4,'front'),(100,14,4,'interior'),(100,14,4,'rear'),(100,14,5,'front'),(100,14,5,'interior'),(100,14,5,'rear'),(100,14,6,'front'),(100,14,6,'interior'),(100,14,6,'rear'),(100,14,7,'front'),(100,14,7,'interior'),(100,14,7,'rear'),(100,14,8,'front'),(100,14,8,'interior'),(100,14,8,'rear'),(100,24,17,'front'),(100,24,17,'interior'),(100,24,17,'rear'),(100,24,18,'front'),(100,24,18,'interior'),(100,24,18,'rear'),(100,24,19,'front'),(100,24,19,'interior'),(100,24,19,'rear'),(100,24,20,'front'),(100,24,20,'interior'),(100,24,20,'rear'),(100,28,1,'front'),(100,28,1,'interior'),(100,28,1,'rear'),(100,28,2,'front'),(100,28,2,'interior'),(100,28,2,'rear'),(100,28,3,'front'),(100,28,3,'interior'),(100,28,3,'rear'),(100,28,4,'front'),(100,28,4,'interior'),(100,28,4,'rear'),(100,28,5,'front'),(100,28,5,'interior'),(100,28,5,'rear'),(100,28,6,'front'),(100,28,6,'interior'),(100,28,6,'rear'),(100,28,7,'front'),(100,28,7,'interior'),(100,28,7,'rear'),(100,28,8,'front'),(100,28,8,'interior'),(100,28,8,'rear'),(101,27,35,'front'),(101,27,35,'interior'),(101,27,35,'rear'),(101,27,36,'front'),(101,27,36,'interior'),(101,27,36,'rear'),(102,27,35,'front'),(102,27,35,'interior'),(102,27,35,'rear'),(102,27,36,'front'),(102,27,36,'interior'),(102,27,36,'rear'),(103,13,35,'front'),(103,13,35,'interior'),(103,13,35,'rear'),(103,13,36,'front'),(103,13,36,'interior'),(103,13,36,'rear'),(103,27,35,'front'),(103,27,35,'interior'),(103,27,35,'rear'),(103,27,36,'front'),(103,27,36,'interior'),(103,27,36,'rear'),(104,5,10,'front'),(104,5,10,'interior'),(104,5,10,'rear'),(104,5,11,'front'),(104,5,11,'interior'),(104,5,11,'rear'),(105,5,10,'front'),(105,5,10,'interior'),(105,5,10,'rear'),(105,5,11,'front'),(105,5,11,'interior'),(105,5,11,'rear'),(105,19,10,'front'),(105,19,10,'interior'),(105,19,10,'rear'),(105,19,11,'front'),(105,19,11,'interior'),(105,19,11,'rear'),(106,9,8,'front'),(106,9,8,'interior'),(106,9,8,'rear'),(106,9,9,'front'),(106,9,9,'interior'),(106,9,9,'rear'),(107,9,8,'front'),(107,9,8,'interior'),(107,9,8,'rear'),(107,9,9,'front'),(107,9,9,'interior'),(107,9,9,'rear'),(107,23,8,'front'),(107,23,8,'interior'),(107,23,8,'rear'),(107,23,9,'front'),(107,23,9,'interior'),(107,23,9,'rear'),(108,9,33,'front'),(108,9,33,'interior'),(108,9,33,'rear'),(109,25,27,'front'),(109,25,27,'interior'),(109,25,27,'rear'),(110,8,14,'front'),(110,8,14,'interior'),(110,8,14,'rear'),(111,8,14,'front'),(111,8,14,'interior'),(111,8,14,'rear'),(112,8,14,'front'),(112,8,14,'interior'),(112,8,14,'rear'),(112,22,14,'front'),(112,22,14,'interior'),(112,22,14,'rear'),(113,8,30,'front'),(113,8,30,'interior'),(113,8,30,'rear'),(113,8,31,'front'),(113,8,31,'interior'),(113,8,31,'rear'),(114,22,30,'front'),(114,22,30,'interior'),(114,22,30,'rear'),(114,22,31,'front'),(114,22,31,'interior'),(114,22,31,'rear'),(115,4,46,'interior'),(115,4,46,'rear'),(116,4,46,'interior'),(117,4,45,'interior'),(117,4,45,'rear'),(118,4,45,'interior'),(119,4,44,'interior'),(119,4,44,'rear'),(119,5,44,'interior'),(119,5,44,'rear'),(119,6,20,'front'),(119,6,20,'interior'),(119,6,22,'front'),(119,6,22,'interior'),(119,6,23,'front'),(119,6,23,'interior'),(119,6,25,'front'),(119,6,25,'interior'),(119,6,27,'front'),(119,6,27,'interior'),(119,6,31,'front'),(119,6,31,'interior'),(119,6,34,'front'),(119,6,34,'interior'),(119,6,37,'front'),(119,6,37,'interior'),(119,6,40,'front'),(119,6,40,'interior'),(119,6,43,'front'),(119,6,43,'interior'),(119,7,11,'front'),(119,7,11,'interior'),(119,7,13,'front'),(119,7,13,'interior'),(119,7,15,'front'),(119,7,15,'interior'),(119,7,17,'front'),(119,7,17,'interior'),(119,7,19,'front'),(119,7,19,'interior'),(119,7,21,'front'),(119,7,21,'interior'),(119,7,23,'front'),(119,7,23,'interior'),(119,7,28,'front'),(119,7,28,'interior'),(119,7,30,'front'),(119,7,30,'interior'),(119,7,33,'front'),(119,7,33,'interior'),(119,7,36,'front'),(119,7,36,'interior'),(119,7,39,'front'),(119,7,39,'interior'),(119,7,42,'front'),(119,7,42,'interior'),(119,7,45,'front'),(119,7,45,'interior'),(119,8,16,'front'),(119,8,16,'interior'),(119,8,18,'front'),(119,8,18,'interior'),(119,8,21,'front'),(119,8,21,'interior'),(119,8,25,'front'),(119,8,25,'interior'),(119,8,29,'front'),(119,8,29,'interior'),(119,8,32,'front'),(119,8,32,'interior'),(119,8,34,'front'),(119,8,34,'interior'),(119,8,38,'front'),(119,8,38,'interior'),(119,8,40,'front'),(119,8,40,'interior'),(119,8,45,'front'),(119,8,45,'interior'),(119,9,45,'interior'),(119,9,45,'rear'),(119,10,44,'interior'),(119,10,44,'rear'),(119,11,44,'interior'),(119,11,44,'rear'),(119,13,45,'interior'),(119,13,45,'rear'),(119,18,44,'interior'),(119,18,44,'rear'),(119,19,44,'interior'),(119,19,44,'rear'),(119,20,20,'front'),(119,20,20,'interior'),(119,20,22,'front'),(119,20,22,'interior'),(119,20,23,'front'),(119,20,23,'interior'),(119,20,25,'front'),(119,20,25,'interior'),(119,20,27,'front'),(119,20,27,'interior'),(119,20,31,'front'),(119,20,31,'interior'),(119,20,34,'front'),(119,20,34,'interior'),(119,20,37,'front'),(119,20,37,'interior'),(119,20,40,'front'),(119,20,40,'interior'),(119,20,43,'front'),(119,20,43,'interior'),(119,21,11,'front'),(119,21,11,'interior'),(119,21,13,'front'),(119,21,13,'interior'),(119,21,15,'front'),(119,21,15,'interior'),(119,21,17,'front'),(119,21,17,'interior'),(119,21,19,'front'),(119,21,19,'interior'),(119,21,21,'front'),(119,21,21,'interior'),(119,21,23,'front'),(119,21,23,'interior'),(119,21,25,'front'),(119,21,25,'interior'),(119,21,30,'front'),(119,21,30,'interior'),(119,21,33,'front'),(119,21,33,'interior'),(119,21,36,'front'),(119,21,36,'interior'),(119,21,39,'front'),(119,21,39,'interior'),(119,21,42,'front'),(119,21,42,'interior'),(119,21,45,'front'),(119,21,45,'interior'),(119,22,16,'front'),(119,22,16,'interior'),(119,22,18,'front'),(119,22,18,'interior'),(119,22,21,'front'),(119,22,21,'interior'),(119,22,25,'front'),(119,22,25,'interior'),(119,22,29,'front'),(119,22,29,'interior'),(119,22,32,'front'),(119,22,32,'interior'),(119,22,34,'front'),(119,22,34,'interior'),(119,22,40,'front'),(119,22,40,'interior'),(119,22,45,'front'),(119,22,45,'interior'),(119,23,45,'interior'),(119,23,45,'rear'),(119,24,44,'interior'),(119,24,44,'rear'),(119,25,44,'interior'),(119,25,44,'rear'),(119,27,45,'interior'),(119,27,45,'rear'),(120,4,44,'interior'),(120,5,44,'interior'),(120,6,20,'front'),(120,6,20,'interior'),(120,6,22,'front'),(120,6,22,'interior'),(120,6,23,'front'),(120,6,23,'interior'),(120,6,25,'front'),(120,6,25,'interior'),(120,6,27,'front'),(120,6,27,'interior'),(120,6,31,'front'),(120,6,31,'interior'),(120,6,34,'front'),(120,6,34,'interior'),(120,6,37,'front'),(120,6,37,'interior'),(120,6,40,'front'),(120,6,40,'interior'),(120,6,43,'front'),(120,6,43,'interior'),(120,7,11,'front'),(120,7,11,'interior'),(120,7,13,'front'),(120,7,13,'interior'),(120,7,15,'front'),(120,7,15,'interior'),(120,7,17,'front'),(120,7,17,'interior'),(120,7,19,'front'),(120,7,19,'interior'),(120,7,21,'front'),(120,7,21,'interior'),(120,7,23,'front'),(120,7,23,'interior'),(120,7,28,'front'),(120,7,28,'interior'),(120,7,30,'front'),(120,7,30,'interior'),(120,7,33,'front'),(120,7,33,'interior'),(120,7,36,'front'),(120,7,36,'interior'),(120,7,39,'front'),(120,7,39,'interior'),(120,7,42,'front'),(120,7,42,'interior'),(120,7,45,'front'),(120,7,45,'interior'),(120,8,16,'front'),(120,8,16,'interior'),(120,8,18,'front'),(120,8,18,'interior'),(120,8,21,'front'),(120,8,21,'interior'),(120,8,25,'front'),(120,8,25,'interior'),(120,8,29,'front'),(120,8,29,'interior'),(120,8,32,'front'),(120,8,32,'interior'),(120,8,34,'front'),(120,8,34,'interior'),(120,8,38,'front'),(120,8,38,'interior'),(120,8,40,'front'),(120,8,40,'interior'),(120,8,45,'front'),(120,8,45,'interior'),(120,9,45,'interior'),(120,10,44,'interior'),(120,11,44,'interior'),(120,13,45,'interior'),(120,18,44,'interior'),(120,19,44,'interior'),(120,20,20,'front'),(120,20,20,'interior'),(120,20,22,'front'),(120,20,22,'interior'),(120,20,23,'front'),(120,20,23,'interior'),(120,20,25,'front'),(120,20,25,'interior'),(120,20,27,'front'),(120,20,27,'interior'),(120,20,31,'front'),(120,20,31,'interior'),(120,20,34,'front'),(120,20,34,'interior'),(120,20,37,'front'),(120,20,37,'interior'),(120,20,40,'front'),(120,20,40,'interior'),(120,20,43,'front'),(120,20,43,'interior'),(120,21,11,'front'),(120,21,11,'interior'),(120,21,13,'front'),(120,21,13,'interior'),(120,21,15,'front'),(120,21,15,'interior'),(120,21,17,'front'),(120,21,17,'interior'),(120,21,19,'front'),(120,21,19,'interior'),(120,21,21,'front'),(120,21,21,'interior'),(120,21,23,'front'),(120,21,23,'interior'),(120,21,25,'front'),(120,21,25,'interior'),(120,21,30,'front'),(120,21,30,'interior'),(120,21,33,'front'),(120,21,33,'interior'),(120,21,36,'front'),(120,21,36,'interior'),(120,21,39,'front'),(120,21,39,'interior'),(120,21,42,'front'),(120,21,42,'interior'),(120,21,45,'front'),(120,21,45,'interior'),(120,22,16,'front'),(120,22,16,'interior'),(120,22,18,'front'),(120,22,18,'interior'),(120,22,21,'front'),(120,22,21,'interior'),(120,22,25,'front'),(120,22,25,'interior'),(120,22,29,'front'),(120,22,29,'interior'),(120,22,32,'front'),(120,22,32,'interior'),(120,22,34,'front'),(120,22,34,'interior'),(120,22,40,'front'),(120,22,40,'interior'),(120,22,45,'front'),(120,22,45,'interior'),(120,23,45,'interior'),(120,24,44,'interior'),(120,25,44,'interior'),(120,27,45,'interior'),(121,4,43,'interior'),(121,4,43,'rear'),(122,4,43,'interior'),(123,4,35,'front'),(123,4,35,'interior'),(123,4,35,'rear'),(123,4,36,'front'),(123,4,36,'interior'),(123,4,36,'rear'),(124,4,35,'front'),(124,4,35,'interior'),(124,4,35,'rear'),(124,4,36,'front'),(124,4,36,'interior'),(125,4,35,'front'),(125,4,35,'interior'),(125,4,35,'rear'),(125,4,36,'front'),(125,4,36,'interior'),(126,4,35,'front'),(126,4,35,'interior'),(126,4,35,'rear'),(126,4,36,'front'),(126,4,36,'interior'),(126,4,36,'rear'),(127,4,31,'front'),(127,4,31,'interior'),(127,4,31,'rear'),(127,4,32,'front'),(127,4,32,'interior'),(127,4,32,'rear'),(128,4,31,'front'),(128,4,31,'interior'),(128,4,32,'front'),(128,4,32,'interior'),(129,4,33,'front'),(129,4,33,'interior'),(129,4,33,'rear'),(129,4,34,'front'),(129,4,34,'interior'),(129,4,34,'rear'),(130,4,33,'front'),(130,4,33,'interior'),(130,4,34,'front'),(130,4,34,'interior'),(131,4,45,'rear'),(131,4,46,'rear'),(132,4,17,'front'),(132,4,17,'interior'),(132,4,17,'rear'),(132,4,18,'front'),(132,4,18,'interior'),(132,4,18,'rear'),(132,4,19,'front'),(132,4,19,'interior'),(132,4,19,'rear'),(132,4,20,'front'),(132,4,20,'interior'),(132,4,20,'rear'),(133,4,17,'front'),(133,4,17,'interior'),(133,4,17,'rear'),(133,4,18,'front'),(133,4,18,'interior'),(133,4,18,'rear'),(133,4,19,'front'),(133,4,19,'interior'),(133,4,20,'front'),(133,4,20,'interior'),(134,4,21,'front'),(134,4,21,'interior'),(134,4,21,'rear'),(135,4,21,'front'),(135,4,21,'interior'),(136,4,22,'front'),(136,4,22,'interior'),(136,4,22,'rear'),(137,4,22,'front'),(137,4,22,'interior'),(138,4,13,'front'),(138,4,13,'interior'),(138,4,13,'rear'),(138,4,14,'front'),(138,4,14,'interior'),(138,4,14,'rear'),(138,4,15,'front'),(138,4,15,'interior'),(138,4,15,'rear'),(138,4,16,'front'),(138,4,16,'interior'),(138,4,16,'rear'),(139,4,13,'front'),(139,4,13,'interior'),(139,4,14,'front'),(139,4,14,'interior'),(139,4,15,'front'),(139,4,15,'interior'),(139,4,16,'front'),(139,4,16,'interior'),(140,4,5,'front'),(140,4,5,'interior'),(140,4,5,'rear'),(140,4,6,'front'),(140,4,6,'interior'),(140,4,6,'rear'),(140,4,7,'front'),(140,4,7,'interior'),(140,4,7,'rear'),(140,4,8,'front'),(140,4,8,'interior'),(140,4,8,'rear'),(141,4,5,'front'),(141,4,5,'interior'),(141,4,5,'rear'),(141,4,6,'front'),(141,4,6,'interior'),(141,4,6,'rear'),(141,4,7,'front'),(141,4,7,'interior'),(141,4,8,'front'),(141,4,8,'interior'),(142,4,9,'front'),(142,4,9,'interior'),(142,4,9,'rear'),(142,4,10,'front'),(142,4,10,'interior'),(142,4,10,'rear'),(142,4,11,'front'),(142,4,11,'interior'),(142,4,11,'rear'),(142,4,12,'front'),(142,4,12,'interior'),(142,4,12,'rear'),(143,4,9,'front'),(143,4,9,'interior'),(143,4,10,'front'),(143,4,10,'interior'),(143,4,11,'front'),(143,4,11,'interior'),(143,4,11,'rear'),(143,4,12,'front'),(143,4,12,'interior'),(143,4,12,'rear'),(144,5,45,'interior'),(144,5,45,'rear'),(145,5,45,'interior'),(146,5,43,'interior'),(146,5,43,'rear'),(147,5,43,'interior'),(148,5,36,'front'),(148,5,36,'interior'),(148,5,36,'rear'),(148,5,37,'front'),(148,5,37,'interior'),(148,5,37,'rear'),(149,5,36,'front'),(149,5,36,'interior'),(149,5,36,'rear'),(149,5,37,'front'),(149,5,37,'interior'),(150,5,38,'front'),(150,5,38,'interior'),(150,5,38,'rear'),(150,5,39,'front'),(150,5,39,'interior'),(150,5,39,'rear'),(151,5,38,'front'),(151,5,38,'interior'),(151,5,39,'front'),(151,5,39,'interior'),(152,5,30,'front'),(152,5,30,'interior'),(152,5,30,'rear'),(152,5,31,'front'),(152,5,31,'interior'),(152,5,31,'rear'),(153,5,30,'front'),(153,5,30,'interior'),(153,5,30,'rear'),(153,5,31,'front'),(153,5,31,'interior'),(154,5,32,'front'),(154,5,32,'interior'),(154,5,32,'rear'),(154,5,33,'front'),(154,5,33,'interior'),(154,5,33,'rear'),(155,5,32,'front'),(155,5,32,'interior'),(155,5,33,'front'),(155,5,33,'interior'),(156,5,34,'front'),(156,5,34,'interior'),(156,5,34,'rear'),(156,5,35,'front'),(156,5,35,'interior'),(156,5,35,'rear'),(157,5,34,'front'),(157,5,34,'interior'),(157,5,35,'front'),(157,5,35,'interior'),(157,5,35,'rear'),(158,5,17,'front'),(158,5,17,'interior'),(158,5,17,'rear'),(158,5,18,'front'),(158,5,18,'interior'),(158,5,18,'rear'),(158,5,19,'front'),(158,5,19,'interior'),(158,5,19,'rear'),(158,5,20,'front'),(158,5,20,'interior'),(158,5,20,'rear'),(159,5,17,'front'),(159,5,17,'interior'),(159,5,17,'rear'),(159,5,18,'front'),(159,5,18,'interior'),(159,5,18,'rear'),(159,5,19,'front'),(159,5,19,'interior'),(159,5,20,'front'),(159,5,20,'interior'),(160,5,21,'front'),(160,5,21,'interior'),(160,5,21,'rear'),(160,5,22,'front'),(160,5,22,'interior'),(160,5,22,'rear'),(161,5,21,'front'),(161,5,21,'interior'),(161,5,22,'front'),(161,5,22,'interior'),(162,5,13,'front'),(162,5,13,'interior'),(162,5,13,'rear'),(163,5,13,'front'),(163,5,13,'interior'),(164,5,15,'front'),(164,5,15,'interior'),(164,5,15,'rear'),(165,5,15,'front'),(165,5,15,'interior'),(166,5,4,'front'),(166,5,4,'interior'),(166,5,4,'rear'),(166,5,5,'front'),(166,5,5,'interior'),(166,5,5,'rear'),(166,5,6,'front'),(166,5,6,'interior'),(166,5,6,'rear'),(166,5,7,'front'),(166,5,7,'interior'),(166,5,7,'rear'),(166,5,8,'front'),(166,5,8,'interior'),(166,5,8,'rear'),(166,5,9,'front'),(166,5,9,'interior'),(166,5,9,'rear'),(167,5,4,'front'),(167,5,4,'interior'),(167,5,5,'front'),(167,5,5,'interior'),(167,5,6,'front'),(167,5,6,'interior'),(167,5,7,'front'),(167,5,7,'interior'),(167,5,8,'front'),(167,5,8,'interior'),(167,5,9,'front'),(167,5,9,'interior'),(168,5,4,'front'),(168,5,4,'interior'),(168,5,5,'front'),(168,5,5,'interior'),(168,5,6,'front'),(168,5,6,'interior'),(168,5,7,'front'),(168,5,7,'interior'),(168,5,8,'front'),(168,5,8,'interior'),(168,5,9,'front'),(168,5,9,'interior'),(169,5,4,'front'),(169,5,4,'interior'),(169,5,4,'rear'),(169,5,5,'front'),(169,5,5,'interior'),(169,5,5,'rear'),(169,5,6,'front'),(169,5,6,'interior'),(169,5,6,'rear'),(169,5,7,'front'),(169,5,7,'interior'),(169,5,8,'front'),(169,5,8,'interior'),(169,5,9,'front'),(169,5,9,'interior'),(170,5,10,'front'),(170,5,10,'interior'),(170,5,10,'rear'),(170,5,11,'front'),(170,5,11,'interior'),(170,5,11,'rear'),(170,19,10,'front'),(170,19,10,'interior'),(170,19,10,'rear'),(170,19,11,'front'),(170,19,11,'interior'),(170,19,11,'rear'),(171,5,10,'front'),(171,5,10,'interior'),(171,5,11,'front'),(171,5,11,'interior'),(171,5,11,'rear'),(171,19,10,'front'),(171,19,10,'interior'),(171,19,11,'front'),(171,19,11,'interior'),(171,19,11,'rear'),(172,6,21,'front'),(172,6,21,'interior'),(172,6,21,'rear'),(173,6,21,'front'),(173,6,21,'interior'),(174,6,19,'front'),(174,6,19,'interior'),(174,6,19,'rear'),(175,6,19,'front'),(175,6,19,'interior'),(176,7,20,'front'),(176,7,20,'interior'),(176,7,20,'rear'),(177,7,20,'front'),(177,7,20,'interior'),(178,7,22,'front'),(178,7,22,'interior'),(178,7,22,'rear'),(179,7,22,'front'),(179,7,22,'interior'),(180,7,14,'front'),(180,7,14,'interior'),(180,7,14,'rear'),(181,7,14,'front'),(181,7,14,'interior'),(182,7,16,'front'),(182,7,16,'interior'),(182,7,16,'rear'),(183,7,16,'front'),(183,7,16,'interior'),(184,7,1,'front'),(184,7,1,'interior'),(184,7,1,'rear'),(184,7,2,'front'),(184,7,2,'interior'),(184,7,2,'rear'),(184,7,3,'front'),(184,7,3,'interior'),(184,7,3,'rear'),(184,7,4,'front'),(184,7,4,'interior'),(184,7,4,'rear'),(184,7,5,'front'),(184,7,5,'interior'),(184,7,5,'rear'),(184,7,6,'front'),(184,7,6,'interior'),(184,7,6,'rear'),(184,7,7,'front'),(184,7,7,'interior'),(184,7,7,'rear'),(184,7,8,'front'),(184,7,8,'interior'),(184,7,8,'rear'),(184,7,9,'front'),(184,7,9,'interior'),(184,7,9,'rear'),(184,7,10,'front'),(184,7,10,'interior'),(184,7,10,'rear'),(184,21,1,'front'),(184,21,1,'interior'),(184,21,1,'rear'),(184,21,2,'front'),(184,21,2,'interior'),(184,21,2,'rear'),(184,21,3,'front'),(184,21,3,'interior'),(184,21,3,'rear'),(184,21,4,'front'),(184,21,4,'interior'),(184,21,4,'rear'),(184,21,5,'front'),(184,21,5,'interior'),(184,21,5,'rear'),(184,21,6,'front'),(184,21,6,'interior'),(184,21,6,'rear'),(184,21,7,'front'),(184,21,7,'interior'),(184,21,7,'rear'),(184,21,8,'front'),(184,21,8,'interior'),(184,21,8,'rear'),(184,21,9,'front'),(184,21,9,'interior'),(184,21,9,'rear'),(184,21,10,'front'),(184,21,10,'interior'),(184,21,10,'rear'),(185,7,1,'front'),(185,7,1,'interior'),(185,7,1,'rear'),(185,7,2,'front'),(185,7,2,'interior'),(185,7,2,'rear'),(185,7,3,'front'),(185,7,3,'interior'),(185,7,3,'rear'),(185,7,4,'front'),(185,7,4,'interior'),(185,7,4,'rear'),(185,7,5,'front'),(185,7,5,'interior'),(185,7,5,'rear'),(185,7,6,'front'),(185,7,6,'interior'),(185,7,6,'rear'),(185,7,7,'front'),(185,7,7,'interior'),(185,7,8,'front'),(185,7,8,'interior'),(185,7,9,'front'),(185,7,9,'interior'),(185,7,10,'front'),(185,7,10,'interior'),(185,21,1,'front'),(185,21,1,'interior'),(185,21,2,'front'),(185,21,2,'interior'),(185,21,3,'front'),(185,21,3,'interior'),(185,21,4,'front'),(185,21,4,'interior'),(185,21,5,'front'),(185,21,5,'interior'),(185,21,6,'front'),(185,21,6,'interior'),(185,21,7,'front'),(185,21,7,'interior'),(185,21,7,'rear'),(185,21,8,'front'),(185,21,8,'interior'),(185,21,8,'rear'),(185,21,9,'front'),(185,21,9,'interior'),(185,21,9,'rear'),(185,21,10,'front'),(185,21,10,'interior'),(185,21,10,'rear'),(186,7,1,'front'),(186,7,1,'interior'),(186,7,1,'rear'),(186,7,2,'front'),(186,7,2,'interior'),(186,7,2,'rear'),(186,7,3,'front'),(186,7,3,'interior'),(186,7,3,'rear'),(186,7,4,'front'),(186,7,4,'interior'),(186,7,4,'rear'),(186,7,5,'front'),(186,7,5,'interior'),(186,7,5,'rear'),(186,7,6,'front'),(186,7,6,'interior'),(186,7,6,'rear'),(186,7,7,'front'),(186,7,7,'interior'),(186,7,8,'front'),(186,7,8,'interior'),(186,7,9,'front'),(186,7,9,'interior'),(186,7,10,'front'),(186,7,10,'interior'),(186,21,1,'front'),(186,21,1,'interior'),(186,21,2,'front'),(186,21,2,'interior'),(186,21,3,'front'),(186,21,3,'interior'),(186,21,4,'front'),(186,21,4,'interior'),(186,21,5,'front'),(186,21,5,'interior'),(186,21,6,'front'),(186,21,6,'interior'),(186,21,7,'front'),(186,21,7,'interior'),(186,21,7,'rear'),(186,21,8,'front'),(186,21,8,'interior'),(186,21,8,'rear'),(186,21,9,'front'),(186,21,9,'interior'),(186,21,9,'rear'),(186,21,10,'front'),(186,21,10,'interior'),(186,21,10,'rear'),(187,7,1,'front'),(187,7,1,'interior'),(187,7,1,'rear'),(187,7,2,'front'),(187,7,2,'interior'),(187,7,2,'rear'),(187,7,3,'front'),(187,7,3,'interior'),(187,7,3,'rear'),(187,7,4,'front'),(187,7,4,'interior'),(187,7,4,'rear'),(187,7,5,'front'),(187,7,5,'interior'),(187,7,5,'rear'),(187,7,6,'front'),(187,7,6,'interior'),(187,7,6,'rear'),(187,7,7,'front'),(187,7,7,'interior'),(187,7,8,'front'),(187,7,8,'interior'),(187,7,9,'front'),(187,7,9,'interior'),(187,7,10,'front'),(187,7,10,'interior'),(187,21,1,'front'),(187,21,1,'interior'),(187,21,1,'rear'),(187,21,2,'front'),(187,21,2,'interior'),(187,21,2,'rear'),(187,21,3,'front'),(187,21,3,'interior'),(187,21,3,'rear'),(187,21,4,'front'),(187,21,4,'interior'),(187,21,4,'rear'),(187,21,5,'front'),(187,21,5,'interior'),(187,21,5,'rear'),(187,21,6,'front'),(187,21,6,'interior'),(187,21,6,'rear'),(187,21,7,'front'),(187,21,7,'interior'),(187,21,8,'front'),(187,21,8,'interior'),(187,21,9,'front'),(187,21,9,'interior'),(187,21,10,'front'),(187,21,10,'interior'),(188,4,44,'interior'),(188,5,44,'interior'),(188,6,20,'front'),(188,6,20,'interior'),(188,6,22,'front'),(188,6,22,'interior'),(188,6,23,'front'),(188,6,23,'interior'),(188,6,25,'front'),(188,6,25,'interior'),(188,6,27,'front'),(188,6,27,'interior'),(188,6,31,'front'),(188,6,31,'interior'),(188,6,34,'front'),(188,6,34,'interior'),(188,6,37,'front'),(188,6,37,'interior'),(188,6,40,'front'),(188,6,40,'interior'),(188,6,43,'front'),(188,6,43,'interior'),(188,7,11,'front'),(188,7,11,'interior'),(188,7,13,'front'),(188,7,13,'interior'),(188,7,15,'front'),(188,7,15,'interior'),(188,7,17,'front'),(188,7,17,'interior'),(188,7,19,'front'),(188,7,19,'interior'),(188,7,21,'front'),(188,7,21,'interior'),(188,7,23,'front'),(188,7,23,'interior'),(188,7,28,'front'),(188,7,28,'interior'),(188,7,30,'front'),(188,7,30,'interior'),(188,7,33,'front'),(188,7,33,'interior'),(188,7,36,'front'),(188,7,36,'interior'),(188,7,39,'front'),(188,7,39,'interior'),(188,7,42,'front'),(188,7,42,'interior'),(188,7,45,'front'),(188,7,45,'interior'),(188,8,16,'front'),(188,8,16,'interior'),(188,8,18,'front'),(188,8,18,'interior'),(188,8,21,'front'),(188,8,21,'interior'),(188,8,25,'front'),(188,8,25,'interior'),(188,8,29,'front'),(188,8,29,'interior'),(188,8,32,'front'),(188,8,32,'interior'),(188,8,34,'front'),(188,8,34,'interior'),(188,8,38,'front'),(188,8,38,'interior'),(188,8,40,'front'),(188,8,40,'interior'),(188,8,45,'front'),(188,8,45,'interior'),(188,9,45,'interior'),(188,10,44,'interior'),(188,11,44,'interior'),(188,13,45,'interior'),(188,18,44,'interior'),(188,19,44,'interior'),(188,20,20,'front'),(188,20,20,'interior'),(188,20,22,'front'),(188,20,22,'interior'),(188,20,23,'front'),(188,20,23,'interior'),(188,20,25,'front'),(188,20,25,'interior'),(188,20,27,'front'),(188,20,27,'interior'),(188,20,31,'front'),(188,20,31,'interior'),(188,20,34,'front'),(188,20,34,'interior'),(188,20,37,'front'),(188,20,37,'interior'),(188,20,40,'front'),(188,20,40,'interior'),(188,20,43,'front'),(188,20,43,'interior'),(188,21,11,'front'),(188,21,11,'interior'),(188,21,13,'front'),(188,21,13,'interior'),(188,21,15,'front'),(188,21,15,'interior'),(188,21,17,'front'),(188,21,17,'interior'),(188,21,19,'front'),(188,21,19,'interior'),(188,21,21,'front'),(188,21,21,'interior'),(188,21,23,'front'),(188,21,23,'interior'),(188,21,25,'front'),(188,21,25,'interior'),(188,21,30,'front'),(188,21,30,'interior'),(188,21,33,'front'),(188,21,33,'interior'),(188,21,36,'front'),(188,21,36,'interior'),(188,21,39,'front'),(188,21,39,'interior'),(188,21,42,'front'),(188,21,42,'interior'),(188,21,45,'front'),(188,21,45,'interior'),(188,22,16,'front'),(188,22,16,'interior'),(188,22,18,'front'),(188,22,18,'interior'),(188,22,21,'front'),(188,22,21,'interior'),(188,22,25,'front'),(188,22,25,'interior'),(188,22,29,'front'),(188,22,29,'interior'),(188,22,32,'front'),(188,22,32,'interior'),(188,22,34,'front'),(188,22,34,'interior'),(188,22,40,'front'),(188,22,40,'interior'),(188,22,45,'front'),(188,22,45,'interior'),(188,23,45,'interior'),(188,24,44,'interior'),(188,25,44,'interior'),(188,27,45,'interior'),(189,4,44,'interior'),(189,5,44,'interior'),(189,6,20,'front'),(189,6,20,'interior'),(189,6,22,'front'),(189,6,22,'interior'),(189,6,23,'front'),(189,6,23,'interior'),(189,6,25,'front'),(189,6,25,'interior'),(189,6,27,'front'),(189,6,27,'interior'),(189,6,31,'front'),(189,6,31,'interior'),(189,6,34,'front'),(189,6,34,'interior'),(189,6,37,'front'),(189,6,37,'interior'),(189,6,40,'front'),(189,6,40,'interior'),(189,6,43,'front'),(189,6,43,'interior'),(189,7,11,'front'),(189,7,11,'interior'),(189,7,13,'front'),(189,7,13,'interior'),(189,7,15,'front'),(189,7,15,'interior'),(189,7,17,'front'),(189,7,17,'interior'),(189,7,19,'front'),(189,7,19,'interior'),(189,7,21,'front'),(189,7,21,'interior'),(189,7,23,'front'),(189,7,23,'interior'),(189,7,28,'front'),(189,7,28,'interior'),(189,7,30,'front'),(189,7,30,'interior'),(189,7,33,'front'),(189,7,33,'interior'),(189,7,36,'front'),(189,7,36,'interior'),(189,7,39,'front'),(189,7,39,'interior'),(189,7,42,'front'),(189,7,42,'interior'),(189,7,45,'front'),(189,7,45,'interior'),(189,8,16,'interior'),(189,8,18,'front'),(189,8,18,'interior'),(189,8,21,'interior'),(189,8,25,'front'),(189,8,25,'interior'),(189,8,29,'front'),(189,8,29,'interior'),(189,8,32,'interior'),(189,8,34,'interior'),(189,8,38,'interior'),(189,8,40,'interior'),(189,8,45,'interior'),(189,9,45,'interior'),(189,10,44,'interior'),(189,11,44,'interior'),(189,13,45,'interior'),(189,18,44,'interior'),(189,19,44,'interior'),(189,20,20,'front'),(189,20,20,'interior'),(189,20,22,'front'),(189,20,22,'interior'),(189,20,23,'front'),(189,20,23,'interior'),(189,20,25,'front'),(189,20,25,'interior'),(189,20,27,'front'),(189,20,27,'interior'),(189,20,31,'front'),(189,20,31,'interior'),(189,20,34,'front'),(189,20,34,'interior'),(189,20,37,'front'),(189,20,37,'interior'),(189,20,40,'front'),(189,20,40,'interior'),(189,20,43,'front'),(189,20,43,'interior'),(189,21,11,'front'),(189,21,11,'interior'),(189,21,13,'front'),(189,21,13,'interior'),(189,21,15,'front'),(189,21,15,'interior'),(189,21,17,'front'),(189,21,17,'interior'),(189,21,19,'front'),(189,21,19,'interior'),(189,21,21,'front'),(189,21,21,'interior'),(189,21,23,'front'),(189,21,23,'interior'),(189,21,25,'front'),(189,21,25,'interior'),(189,21,30,'front'),(189,21,30,'interior'),(189,21,33,'front'),(189,21,33,'interior'),(189,21,36,'front'),(189,21,36,'interior'),(189,21,39,'front'),(189,21,39,'interior'),(189,21,42,'front'),(189,21,42,'interior'),(189,21,45,'front'),(189,21,45,'interior'),(189,22,16,'interior'),(189,22,18,'front'),(189,22,18,'interior'),(189,22,21,'interior'),(189,22,25,'front'),(189,22,25,'interior'),(189,22,29,'front'),(189,22,29,'interior'),(189,22,32,'interior'),(189,22,34,'interior'),(189,22,40,'interior'),(189,22,45,'interior'),(189,23,45,'interior'),(189,24,44,'interior'),(189,25,44,'interior'),(189,27,45,'interior'),(190,8,44,'front'),(190,8,44,'interior'),(191,8,44,'interior'),(192,8,43,'front'),(192,8,43,'interior'),(193,8,43,'interior'),(194,8,42,'front'),(194,8,42,'interior'),(195,8,42,'interior'),(196,8,39,'front'),(196,8,39,'interior'),(196,8,39,'rear'),(197,8,39,'interior'),(197,8,39,'rear'),(198,8,35,'front'),(198,8,35,'interior'),(198,8,35,'rear'),(198,8,36,'front'),(198,8,36,'interior'),(198,8,36,'rear'),(198,8,37,'front'),(198,8,37,'interior'),(198,8,37,'rear'),(199,8,35,'front'),(199,8,35,'interior'),(199,8,35,'rear'),(199,8,36,'front'),(199,8,36,'interior'),(199,8,36,'rear'),(199,8,37,'interior'),(199,8,37,'rear'),(200,8,30,'front'),(200,8,30,'interior'),(200,8,30,'rear'),(200,8,31,'front'),(200,8,31,'interior'),(200,8,31,'rear'),(201,8,30,'front'),(201,8,30,'interior'),(201,8,30,'rear'),(201,8,31,'interior'),(201,8,31,'rear'),(202,8,33,'front'),(202,8,33,'interior'),(202,8,33,'rear'),(203,8,33,'interior'),(203,8,33,'rear'),(204,8,22,'front'),(204,8,22,'interior'),(204,8,22,'rear'),(205,8,22,'interior'),(205,8,22,'rear'),(206,8,19,'front'),(206,8,19,'interior'),(206,8,19,'rear'),(206,8,20,'front'),(206,8,20,'interior'),(206,8,20,'rear'),(207,8,19,'interior'),(207,8,19,'rear'),(207,8,20,'interior'),(207,8,20,'rear'),(208,8,14,'front'),(208,8,14,'interior'),(208,8,14,'rear'),(208,22,14,'front'),(208,22,14,'interior'),(208,22,14,'rear'),(209,8,14,'interior'),(209,8,14,'rear'),(209,22,14,'interior'),(209,22,14,'rear'),(210,8,13,'front'),(210,8,13,'interior'),(210,8,13,'rear'),(211,8,13,'interior'),(211,8,13,'rear'),(212,9,44,'interior'),(212,9,44,'rear'),(213,9,44,'interior'),(214,9,41,'front'),(214,9,41,'interior'),(214,9,41,'rear'),(214,9,42,'front'),(214,9,42,'interior'),(214,9,42,'rear'),(214,9,43,'front'),(214,9,43,'interior'),(214,9,43,'rear'),(214,11,41,'front'),(214,11,41,'interior'),(214,11,41,'rear'),(214,11,42,'front'),(214,11,42,'interior'),(214,11,42,'rear'),(214,11,43,'front'),(214,11,43,'interior'),(214,11,43,'rear'),(214,13,41,'front'),(214,13,41,'interior'),(214,13,41,'rear'),(214,13,42,'front'),(214,13,42,'interior'),(214,13,42,'rear'),(214,13,43,'front'),(214,13,43,'interior'),(214,13,43,'rear'),(214,14,41,'front'),(214,14,41,'interior'),(214,14,41,'rear'),(214,14,42,'front'),(214,14,42,'interior'),(214,14,42,'rear'),(214,14,43,'front'),(214,14,43,'interior'),(214,14,43,'rear'),(214,15,41,'front'),(214,15,41,'interior'),(214,15,41,'rear'),(214,15,42,'front'),(214,15,42,'interior'),(214,15,42,'rear'),(214,15,43,'front'),(214,15,43,'interior'),(214,15,43,'rear'),(214,23,41,'front'),(214,23,41,'interior'),(214,23,41,'rear'),(214,23,42,'front'),(214,23,42,'interior'),(214,23,42,'rear'),(214,23,43,'front'),(214,23,43,'interior'),(214,23,43,'rear'),(214,25,41,'front'),(214,25,41,'interior'),(214,25,41,'rear'),(214,25,42,'front'),(214,25,42,'interior'),(214,25,42,'rear'),(214,25,43,'front'),(214,25,43,'interior'),(214,25,43,'rear'),(214,27,41,'front'),(214,27,41,'interior'),(214,27,41,'rear'),(214,27,42,'front'),(214,27,42,'interior'),(214,27,42,'rear'),(214,27,43,'front'),(214,27,43,'interior'),(214,27,43,'rear'),(214,28,41,'front'),(214,28,41,'interior'),(214,28,41,'rear'),(214,28,42,'front'),(214,28,42,'interior'),(214,28,42,'rear'),(214,28,43,'front'),(214,28,43,'interior'),(214,28,43,'rear'),(214,29,41,'front'),(214,29,41,'interior'),(214,29,41,'rear'),(214,29,42,'front'),(214,29,42,'interior'),(214,29,42,'rear'),(214,29,43,'front'),(214,29,43,'interior'),(214,29,43,'rear'),(215,9,41,'front'),(215,9,41,'interior'),(215,9,41,'rear'),(215,9,42,'front'),(215,9,42,'interior'),(215,9,43,'front'),(215,9,43,'interior'),(215,11,41,'front'),(215,11,41,'interior'),(215,11,41,'rear'),(215,11,42,'front'),(215,11,42,'interior'),(215,11,43,'front'),(215,11,43,'interior'),(215,13,41,'front'),(215,13,41,'interior'),(215,13,41,'rear'),(215,13,42,'front'),(215,13,42,'interior'),(215,13,43,'front'),(215,13,43,'interior'),(215,14,41,'front'),(215,14,41,'interior'),(215,14,41,'rear'),(215,14,42,'front'),(215,14,42,'interior'),(215,14,43,'front'),(215,14,43,'interior'),(215,15,41,'front'),(215,15,41,'interior'),(215,15,41,'rear'),(215,15,42,'front'),(215,15,42,'interior'),(215,15,43,'front'),(215,15,43,'interior'),(215,23,41,'front'),(215,23,41,'interior'),(215,23,41,'rear'),(215,23,42,'front'),(215,23,42,'interior'),(215,23,43,'front'),(215,23,43,'interior'),(215,25,41,'front'),(215,25,41,'interior'),(215,25,41,'rear'),(215,25,42,'front'),(215,25,42,'interior'),(215,25,43,'front'),(215,25,43,'interior'),(215,27,41,'front'),(215,27,41,'interior'),(215,27,41,'rear'),(215,27,42,'front'),(215,27,42,'interior'),(215,27,43,'front'),(215,27,43,'interior'),(215,28,41,'front'),(215,28,41,'interior'),(215,28,41,'rear'),(215,28,42,'front'),(215,28,42,'interior'),(215,28,43,'front'),(215,28,43,'interior'),(215,29,41,'front'),(215,29,41,'interior'),(215,29,41,'rear'),(215,29,42,'front'),(215,29,42,'interior'),(215,29,43,'front'),(215,29,43,'interior'),(216,9,39,'front'),(216,9,39,'interior'),(216,9,39,'rear'),(216,9,40,'front'),(216,9,40,'interior'),(216,9,40,'rear'),(217,9,39,'front'),(217,9,39,'interior'),(217,9,40,'front'),(217,9,40,'interior'),(218,9,34,'front'),(218,9,34,'interior'),(218,9,34,'rear'),(218,9,35,'front'),(218,9,35,'interior'),(218,9,35,'rear'),(219,9,34,'front'),(219,9,34,'interior'),(219,9,35,'front'),(219,9,35,'interior'),(219,9,35,'rear'),(220,9,33,'front'),(220,9,33,'interior'),(220,9,33,'rear'),(221,9,33,'front'),(221,9,33,'interior'),(222,9,28,'front'),(222,9,28,'interior'),(222,9,28,'rear'),(222,9,29,'front'),(222,9,29,'interior'),(222,9,29,'rear'),(222,9,30,'front'),(222,9,30,'interior'),(222,9,30,'rear'),(222,9,31,'front'),(222,9,31,'interior'),(222,9,31,'rear'),(222,9,32,'front'),(222,9,32,'interior'),(222,9,32,'rear'),(223,9,28,'front'),(223,9,28,'interior'),(223,9,28,'rear'),(223,9,29,'front'),(223,9,29,'interior'),(223,9,29,'rear'),(223,9,30,'front'),(223,9,30,'interior'),(223,9,30,'rear'),(223,9,31,'front'),(223,9,31,'interior'),(223,9,32,'front'),(223,9,32,'interior'),(224,9,15,'front'),(224,9,15,'interior'),(224,9,15,'rear'),(224,9,16,'front'),(224,9,16,'interior'),(224,9,16,'rear'),(224,9,19,'front'),(224,9,19,'interior'),(224,9,19,'rear'),(224,9,20,'front'),(224,9,20,'interior'),(224,9,20,'rear'),(224,23,15,'front'),(224,23,15,'interior'),(224,23,15,'rear'),(224,23,16,'front'),(224,23,16,'interior'),(224,23,16,'rear'),(224,23,19,'front'),(224,23,19,'interior'),(224,23,19,'rear'),(224,23,20,'front'),(224,23,20,'interior'),(224,23,20,'rear'),(225,9,15,'front'),(225,9,15,'interior'),(225,9,16,'front'),(225,9,16,'interior'),(225,9,19,'front'),(225,9,19,'interior'),(225,9,20,'front'),(225,9,20,'interior'),(225,23,15,'front'),(225,23,15,'interior'),(225,23,16,'front'),(225,23,16,'interior'),(225,23,19,'front'),(225,23,19,'interior'),(225,23,20,'front'),(225,23,20,'interior'),(226,9,13,'front'),(226,9,13,'interior'),(226,9,13,'rear'),(226,9,14,'front'),(226,9,14,'interior'),(226,9,14,'rear'),(227,9,13,'front'),(227,9,13,'interior'),(227,9,14,'front'),(227,9,14,'interior'),(228,9,6,'front'),(228,9,6,'interior'),(228,9,6,'rear'),(228,9,7,'front'),(228,9,7,'interior'),(228,9,7,'rear'),(229,9,6,'front'),(229,9,6,'interior'),(229,9,6,'rear'),(229,9,7,'front'),(229,9,7,'interior'),(230,9,8,'front'),(230,9,8,'interior'),(230,9,8,'rear'),(230,9,9,'front'),(230,9,9,'interior'),(230,9,9,'rear'),(230,23,8,'front'),(230,23,8,'interior'),(230,23,8,'rear'),(230,23,9,'front'),(230,23,9,'interior'),(230,23,9,'rear'),(231,9,8,'front'),(231,9,8,'interior'),(231,9,9,'front'),(231,9,9,'interior'),(231,23,8,'front'),(231,23,8,'interior'),(231,23,9,'front'),(231,23,9,'interior'),(232,10,45,'interior'),(232,10,45,'rear'),(233,10,45,'interior'),(234,10,43,'interior'),(234,10,43,'rear'),(235,10,43,'interior'),(236,10,41,'front'),(236,10,41,'interior'),(236,10,41,'rear'),(236,10,42,'front'),(236,10,42,'interior'),(236,10,42,'rear'),(237,10,41,'front'),(237,10,41,'interior'),(237,10,41,'rear'),(237,10,42,'front'),(237,10,42,'interior'),(238,10,39,'front'),(238,10,39,'interior'),(238,10,39,'rear'),(238,10,40,'front'),(238,10,40,'interior'),(238,10,40,'rear'),(239,10,39,'front'),(239,10,39,'interior'),(239,10,40,'front'),(239,10,40,'interior'),(240,10,37,'front'),(240,10,37,'interior'),(240,10,37,'rear'),(240,10,38,'front'),(240,10,38,'interior'),(240,10,38,'rear'),(241,10,37,'front'),(241,10,37,'interior'),(241,10,38,'front'),(241,10,38,'interior'),(242,10,17,'front'),(242,10,17,'interior'),(242,10,17,'rear'),(242,10,18,'front'),(242,10,18,'interior'),(242,10,18,'rear'),(242,10,19,'front'),(242,10,19,'interior'),(242,10,19,'rear'),(242,10,20,'front'),(242,10,20,'interior'),(242,10,20,'rear'),(242,14,1,'front'),(242,14,1,'interior'),(242,14,1,'rear'),(242,14,2,'front'),(242,14,2,'interior'),(242,14,2,'rear'),(242,14,3,'front'),(242,14,3,'interior'),(242,14,3,'rear'),(242,14,4,'front'),(242,14,4,'interior'),(242,14,4,'rear'),(242,14,5,'front'),(242,14,5,'interior'),(242,14,5,'rear'),(242,14,6,'front'),(242,14,6,'interior'),(242,14,6,'rear'),(242,14,7,'front'),(242,14,7,'interior'),(242,14,7,'rear'),(242,14,8,'front'),(242,14,8,'interior'),(242,14,8,'rear'),(242,24,17,'front'),(242,24,17,'interior'),(242,24,17,'rear'),(242,24,18,'front'),(242,24,18,'interior'),(242,24,18,'rear'),(242,24,19,'front'),(242,24,19,'interior'),(242,24,19,'rear'),(242,24,20,'front'),(242,24,20,'interior'),(242,24,20,'rear'),(242,28,1,'front'),(242,28,1,'interior'),(242,28,1,'rear'),(242,28,2,'front'),(242,28,2,'interior'),(242,28,2,'rear'),(242,28,3,'front'),(242,28,3,'interior'),(242,28,3,'rear'),(242,28,4,'front'),(242,28,4,'interior'),(242,28,4,'rear'),(242,28,5,'front'),(242,28,5,'interior'),(242,28,5,'rear'),(242,28,6,'front'),(242,28,6,'interior'),(242,28,6,'rear'),(242,28,7,'front'),(242,28,7,'interior'),(242,28,7,'rear'),(242,28,8,'front'),(242,28,8,'interior'),(242,28,8,'rear'),(243,10,17,'front'),(243,10,17,'interior'),(243,10,17,'rear'),(243,10,18,'front'),(243,10,18,'interior'),(243,10,18,'rear'),(243,10,19,'front'),(243,10,19,'interior'),(243,10,20,'front'),(243,10,20,'interior'),(243,14,1,'front'),(243,14,1,'interior'),(243,14,1,'rear'),(243,14,2,'front'),(243,14,2,'interior'),(243,14,2,'rear'),(243,14,3,'front'),(243,14,3,'interior'),(243,14,3,'rear'),(243,14,4,'front'),(243,14,4,'interior'),(243,14,4,'rear'),(243,14,5,'front'),(243,14,5,'interior'),(243,14,5,'rear'),(243,14,6,'front'),(243,14,6,'interior'),(243,14,6,'rear'),(243,14,7,'front'),(243,14,7,'interior'),(243,14,8,'front'),(243,14,8,'interior'),(243,24,17,'front'),(243,24,17,'interior'),(243,24,17,'rear'),(243,24,18,'front'),(243,24,18,'interior'),(243,24,18,'rear'),(243,24,19,'front'),(243,24,19,'interior'),(243,24,20,'front'),(243,24,20,'interior'),(243,28,1,'front'),(243,28,1,'interior'),(243,28,1,'rear'),(243,28,2,'front'),(243,28,2,'interior'),(243,28,2,'rear'),(243,28,3,'front'),(243,28,3,'interior'),(243,28,3,'rear'),(243,28,4,'front'),(243,28,4,'interior'),(243,28,4,'rear'),(243,28,5,'front'),(243,28,5,'interior'),(243,28,5,'rear'),(243,28,6,'front'),(243,28,6,'interior'),(243,28,6,'rear'),(243,28,7,'front'),(243,28,7,'interior'),(243,28,8,'front'),(243,28,8,'interior'),(244,10,13,'front'),(244,10,13,'interior'),(244,10,13,'rear'),(244,10,14,'front'),(244,10,14,'interior'),(244,10,14,'rear'),(244,10,15,'front'),(244,10,15,'interior'),(244,10,15,'rear'),(244,10,16,'front'),(244,10,16,'interior'),(244,10,16,'rear'),(245,10,13,'front'),(245,10,13,'interior'),(245,10,14,'front'),(245,10,14,'interior'),(245,10,15,'front'),(245,10,15,'interior'),(245,10,16,'front'),(245,10,16,'interior'),(246,10,7,'front'),(246,10,7,'interior'),(246,10,7,'rear'),(246,10,8,'front'),(246,10,8,'interior'),(246,10,8,'rear'),(247,10,7,'front'),(247,10,7,'interior'),(247,10,8,'front'),(247,10,8,'interior'),(248,10,9,'front'),(248,10,9,'interior'),(248,10,9,'rear'),(248,10,10,'front'),(248,10,10,'interior'),(248,10,10,'rear'),(248,10,11,'front'),(248,10,11,'interior'),(248,10,11,'rear'),(248,10,12,'front'),(248,10,12,'interior'),(248,10,12,'rear'),(249,10,9,'front'),(249,10,9,'interior'),(249,10,10,'front'),(249,10,10,'interior'),(249,10,11,'front'),(249,10,11,'interior'),(249,10,11,'rear'),(249,10,12,'front'),(249,10,12,'interior'),(249,10,12,'rear'),(250,10,21,'front'),(250,10,21,'interior'),(250,10,21,'rear'),(250,10,22,'front'),(250,10,22,'interior'),(250,10,22,'rear'),(251,10,21,'front'),(251,10,21,'interior'),(251,10,22,'front'),(251,10,22,'interior'),(252,10,31,'front'),(252,10,31,'interior'),(252,10,31,'rear'),(253,10,31,'front'),(253,10,31,'interior'),(254,10,33,'front'),(254,10,33,'interior'),(254,10,33,'rear'),(254,10,34,'front'),(254,10,34,'interior'),(254,10,34,'rear'),(255,10,33,'front'),(255,10,33,'interior'),(255,10,34,'front'),(255,10,34,'interior'),(256,11,45,'interior'),(256,11,45,'rear'),(257,11,45,'interior'),(258,11,1,'front'),(258,11,1,'interior'),(258,11,1,'rear'),(258,11,2,'front'),(258,11,2,'interior'),(258,11,2,'rear'),(258,11,3,'front'),(258,11,3,'interior'),(258,11,3,'rear'),(258,11,4,'front'),(258,11,4,'interior'),(258,11,4,'rear'),(258,11,5,'front'),(258,11,5,'interior'),(258,11,5,'rear'),(258,11,6,'front'),(258,11,6,'interior'),(258,11,6,'rear'),(258,11,7,'front'),(258,11,7,'interior'),(258,11,7,'rear'),(258,11,8,'front'),(258,11,8,'interior'),(258,11,8,'rear'),(258,11,9,'front'),(258,11,9,'interior'),(258,11,9,'rear'),(258,11,10,'front'),(258,11,10,'interior'),(258,11,10,'rear'),(258,11,11,'front'),(258,11,11,'interior'),(258,11,11,'rear'),(258,11,12,'front'),(258,11,12,'interior'),(258,11,12,'rear'),(258,11,13,'front'),(258,11,13,'interior'),(258,11,13,'rear'),(258,11,14,'front'),(258,11,14,'interior'),(258,11,14,'rear'),(258,11,15,'front'),(258,11,15,'interior'),(258,11,15,'rear'),(258,11,16,'front'),(258,11,16,'interior'),(258,11,16,'rear'),(258,11,17,'front'),(258,11,17,'interior'),(258,11,17,'rear'),(258,11,18,'front'),(258,11,18,'interior'),(258,11,18,'rear'),(258,11,19,'front'),(258,11,19,'interior'),(258,11,19,'rear'),(258,11,20,'front'),(258,11,20,'interior'),(258,11,20,'rear'),(258,11,21,'front'),(258,11,21,'interior'),(258,11,21,'rear'),(258,11,22,'front'),(258,11,22,'interior'),(258,11,22,'rear'),(258,11,23,'front'),(258,11,23,'interior'),(258,11,23,'rear'),(258,11,24,'front'),(258,11,24,'interior'),(258,11,24,'rear'),(258,11,25,'front'),(258,11,25,'interior'),(258,11,25,'rear'),(259,11,1,'front'),(259,11,1,'interior'),(259,11,1,'rear'),(259,11,2,'front'),(259,11,2,'interior'),(259,11,2,'rear'),(259,11,3,'front'),(259,11,3,'interior'),(259,11,3,'rear'),(259,11,4,'front'),(259,11,4,'interior'),(259,11,4,'rear'),(259,11,5,'front'),(259,11,5,'interior'),(259,11,5,'rear'),(259,11,6,'front'),(259,11,6,'interior'),(259,11,6,'rear'),(259,11,7,'front'),(259,11,7,'interior'),(259,11,8,'front'),(259,11,8,'interior'),(259,11,9,'front'),(259,11,9,'interior'),(259,11,10,'front'),(259,11,10,'interior'),(259,11,11,'front'),(259,11,11,'interior'),(259,11,11,'rear'),(259,11,12,'front'),(259,11,12,'interior'),(259,11,12,'rear'),(259,11,13,'front'),(259,11,13,'interior'),(259,11,14,'front'),(259,11,14,'interior'),(259,11,15,'front'),(259,11,15,'interior'),(259,11,16,'front'),(259,11,16,'interior'),(259,11,17,'front'),(259,11,17,'interior'),(259,11,17,'rear'),(259,11,18,'front'),(259,11,18,'interior'),(259,11,18,'rear'),(259,11,19,'front'),(259,11,19,'interior'),(259,11,20,'front'),(259,11,20,'interior'),(259,11,21,'front'),(259,11,21,'interior'),(259,11,22,'front'),(259,11,22,'interior'),(259,11,23,'front'),(259,11,23,'interior'),(259,11,23,'rear'),(259,11,24,'front'),(259,11,24,'interior'),(259,11,24,'rear'),(259,11,25,'front'),(259,11,25,'interior'),(259,11,25,'rear'),(260,12,1,'front'),(260,12,1,'interior'),(260,12,1,'rear'),(260,12,2,'front'),(260,12,2,'interior'),(260,12,2,'rear'),(260,12,3,'front'),(260,12,3,'interior'),(260,12,3,'rear'),(260,12,4,'front'),(260,12,4,'interior'),(260,12,4,'rear'),(260,12,5,'front'),(260,12,5,'interior'),(260,12,5,'rear'),(260,12,6,'front'),(260,12,6,'interior'),(260,12,6,'rear'),(260,12,7,'front'),(260,12,7,'interior'),(260,12,7,'rear'),(260,12,8,'front'),(260,12,8,'interior'),(260,12,8,'rear'),(260,12,9,'front'),(260,12,9,'interior'),(260,12,9,'rear'),(260,12,10,'front'),(260,12,10,'interior'),(260,12,10,'rear'),(260,12,11,'front'),(260,12,11,'interior'),(260,12,11,'rear'),(260,12,12,'front'),(260,12,12,'interior'),(260,12,12,'rear'),(260,12,13,'front'),(260,12,13,'interior'),(260,12,13,'rear'),(260,12,14,'front'),(260,12,14,'interior'),(260,12,14,'rear'),(260,12,15,'front'),(260,12,15,'interior'),(260,12,15,'rear'),(260,12,16,'front'),(260,12,16,'interior'),(260,12,16,'rear'),(260,12,17,'front'),(260,12,17,'interior'),(260,12,17,'rear'),(260,12,18,'front'),(260,12,18,'interior'),(260,12,18,'rear'),(260,12,19,'front'),(260,12,19,'interior'),(260,12,19,'rear'),(260,12,20,'front'),(260,12,20,'interior'),(260,12,20,'rear'),(260,12,21,'front'),(260,12,21,'interior'),(260,12,21,'rear'),(260,12,22,'front'),(260,12,22,'interior'),(260,12,22,'rear'),(260,12,23,'front'),(260,12,23,'interior'),(260,12,23,'rear'),(260,12,24,'front'),(260,12,24,'interior'),(260,12,24,'rear'),(260,12,25,'front'),(260,12,25,'interior'),(260,12,25,'rear'),(260,12,26,'front'),(260,12,26,'interior'),(260,12,26,'rear'),(260,12,27,'front'),(260,12,27,'interior'),(260,12,27,'rear'),(260,12,28,'front'),(260,12,28,'interior'),(260,12,28,'rear'),(260,12,29,'front'),(260,12,29,'interior'),(260,12,29,'rear'),(260,12,30,'front'),(260,12,30,'interior'),(260,12,30,'rear'),(260,12,31,'front'),(260,12,31,'interior'),(260,12,31,'rear'),(260,12,32,'front'),(260,12,32,'interior'),(260,12,32,'rear'),(260,12,33,'front'),(260,12,33,'interior'),(260,12,33,'rear'),(260,12,34,'front'),(260,12,34,'interior'),(260,12,34,'rear'),(260,12,35,'front'),(260,12,35,'interior'),(260,12,35,'rear'),(260,12,36,'front'),(260,12,36,'interior'),(260,12,36,'rear'),(260,12,37,'front'),(260,12,37,'interior'),(260,12,37,'rear'),(260,12,38,'front'),(260,12,38,'interior'),(260,12,38,'rear'),(260,12,39,'front'),(260,12,39,'interior'),(260,12,39,'rear'),(260,12,40,'front'),(260,12,40,'interior'),(260,12,40,'rear'),(260,12,41,'front'),(260,12,41,'interior'),(260,12,41,'rear'),(260,12,42,'front'),(260,12,42,'interior'),(260,12,42,'rear'),(260,12,43,'front'),(260,12,43,'interior'),(260,12,43,'rear'),(260,12,44,'front'),(260,12,44,'interior'),(260,12,44,'rear'),(261,12,1,'front'),(261,12,1,'interior'),(261,12,1,'rear'),(261,12,2,'front'),(261,12,2,'interior'),(261,12,2,'rear'),(261,12,3,'front'),(261,12,3,'interior'),(261,12,3,'rear'),(261,12,4,'front'),(261,12,4,'interior'),(261,12,4,'rear'),(261,12,5,'front'),(261,12,5,'interior'),(261,12,5,'rear'),(261,12,6,'front'),(261,12,6,'interior'),(261,12,6,'rear'),(261,12,7,'front'),(261,12,7,'interior'),(261,12,8,'front'),(261,12,8,'interior'),(261,12,9,'front'),(261,12,9,'interior'),(261,12,10,'front'),(261,12,10,'interior'),(261,12,11,'front'),(261,12,11,'interior'),(261,12,11,'rear'),(261,12,12,'front'),(261,12,12,'interior'),(261,12,12,'rear'),(261,12,13,'front'),(261,12,13,'interior'),(261,12,14,'front'),(261,12,14,'interior'),(261,12,15,'front'),(261,12,15,'interior'),(261,12,16,'front'),(261,12,16,'interior'),(261,12,17,'front'),(261,12,17,'interior'),(261,12,17,'rear'),(261,12,18,'front'),(261,12,18,'interior'),(261,12,18,'rear'),(261,12,19,'front'),(261,12,19,'interior'),(261,12,20,'front'),(261,12,20,'interior'),(261,12,21,'front'),(261,12,21,'interior'),(261,12,22,'front'),(261,12,22,'interior'),(261,12,23,'front'),(261,12,23,'interior'),(261,12,23,'rear'),(261,12,24,'front'),(261,12,24,'interior'),(261,12,24,'rear'),(261,12,25,'front'),(261,12,25,'interior'),(261,12,25,'rear'),(261,12,26,'front'),(261,12,26,'interior'),(261,12,26,'rear'),(261,12,27,'front'),(261,12,27,'interior'),(261,12,27,'rear'),(261,12,28,'front'),(261,12,28,'interior'),(261,12,28,'rear'),(261,12,29,'front'),(261,12,29,'interior'),(261,12,29,'rear'),(261,12,30,'front'),(261,12,30,'interior'),(261,12,30,'rear'),(261,12,31,'front'),(261,12,31,'interior'),(261,12,32,'front'),(261,12,32,'interior'),(261,12,33,'front'),(261,12,33,'interior'),(261,12,34,'front'),(261,12,34,'interior'),(261,12,35,'front'),(261,12,35,'interior'),(261,12,35,'rear'),(261,12,36,'front'),(261,12,36,'interior'),(261,12,36,'rear'),(261,12,37,'front'),(261,12,37,'interior'),(261,12,38,'front'),(261,12,38,'interior'),(261,12,39,'front'),(261,12,39,'interior'),(261,12,40,'front'),(261,12,40,'interior'),(261,12,41,'front'),(261,12,41,'interior'),(261,12,41,'rear'),(261,12,42,'front'),(261,12,42,'interior'),(261,12,43,'front'),(261,12,43,'interior'),(261,12,44,'front'),(261,12,44,'interior'),(262,12,45,'interior'),(262,12,45,'rear'),(263,12,45,'interior'),(264,13,37,'front'),(264,13,37,'interior'),(264,13,37,'rear'),(264,13,38,'front'),(264,13,38,'interior'),(264,13,38,'rear'),(265,13,37,'front'),(265,13,37,'interior'),(265,13,38,'front'),(265,13,38,'interior'),(266,13,31,'front'),(266,13,31,'interior'),(266,13,31,'rear'),(266,13,32,'front'),(266,13,32,'interior'),(266,13,32,'rear'),(267,13,31,'front'),(267,13,31,'interior'),(267,13,32,'front'),(267,13,32,'interior'),(268,13,33,'front'),(268,13,33,'interior'),(268,13,33,'rear'),(268,13,34,'front'),(268,13,34,'interior'),(268,13,34,'rear'),(269,13,33,'front'),(269,13,33,'interior'),(269,13,34,'front'),(269,13,34,'interior'),(270,13,19,'front'),(270,13,19,'interior'),(270,13,19,'rear'),(270,13,20,'front'),(270,13,20,'interior'),(270,13,20,'rear'),(271,13,19,'front'),(271,13,19,'interior'),(271,13,20,'front'),(271,13,20,'interior'),(272,13,21,'front'),(272,13,21,'interior'),(272,13,21,'rear'),(272,13,22,'front'),(272,13,22,'interior'),(272,13,22,'rear'),(273,13,21,'front'),(273,13,21,'interior'),(273,13,22,'front'),(273,13,22,'interior'),(274,13,9,'front'),(274,13,9,'interior'),(274,13,9,'rear'),(274,13,10,'front'),(274,13,10,'interior'),(274,13,10,'rear'),(274,13,11,'front'),(274,13,11,'interior'),(274,13,11,'rear'),(274,13,12,'front'),(274,13,12,'interior'),(274,13,12,'rear'),(274,13,13,'front'),(274,13,13,'interior'),(274,13,13,'rear'),(274,13,14,'front'),(274,13,14,'interior'),(274,13,14,'rear'),(274,13,15,'front'),(274,13,15,'interior'),(274,13,15,'rear'),(274,13,16,'front'),(274,13,16,'interior'),(274,13,16,'rear'),(275,13,9,'front'),(275,13,9,'interior'),(275,13,9,'rear'),(275,13,10,'front'),(275,13,10,'interior'),(275,13,10,'rear'),(275,13,11,'front'),(275,13,11,'interior'),(275,13,11,'rear'),(275,13,12,'front'),(275,13,12,'interior'),(275,13,12,'rear'),(275,13,13,'front'),(275,13,13,'interior'),(275,13,14,'front'),(275,13,14,'interior'),(275,13,15,'front'),(275,13,15,'interior'),(275,13,16,'front'),(275,13,16,'interior'),(276,13,9,'front'),(276,13,9,'interior'),(276,13,9,'rear'),(276,13,10,'front'),(276,13,10,'interior'),(276,13,10,'rear'),(276,13,11,'front'),(276,13,11,'interior'),(276,13,11,'rear'),(276,13,12,'front'),(276,13,12,'interior'),(276,13,12,'rear'),(276,13,13,'front'),(276,13,13,'interior'),(276,13,14,'front'),(276,13,14,'interior'),(276,13,15,'front'),(276,13,15,'interior'),(276,13,16,'front'),(276,13,16,'interior'),(277,13,9,'front'),(277,13,9,'interior'),(277,13,10,'front'),(277,13,10,'interior'),(277,13,11,'front'),(277,13,11,'interior'),(277,13,11,'rear'),(277,13,12,'front'),(277,13,12,'interior'),(277,13,12,'rear'),(277,13,13,'front'),(277,13,13,'interior'),(277,13,14,'front'),(277,13,14,'interior'),(277,13,15,'front'),(277,13,15,'interior'),(277,13,16,'front'),(277,13,16,'interior'),(278,13,1,'front'),(278,13,1,'interior'),(278,13,1,'rear'),(278,13,2,'front'),(278,13,2,'interior'),(278,13,2,'rear'),(278,13,3,'front'),(278,13,3,'interior'),(278,13,3,'rear'),(278,13,4,'front'),(278,13,4,'interior'),(278,13,4,'rear'),(278,13,5,'front'),(278,13,5,'interior'),(278,13,5,'rear'),(278,13,6,'front'),(278,13,6,'interior'),(278,13,6,'rear'),(278,13,7,'front'),(278,13,7,'interior'),(278,13,7,'rear'),(278,13,8,'front'),(278,13,8,'interior'),(278,13,8,'rear'),(279,13,1,'front'),(279,13,1,'interior'),(279,13,1,'rear'),(279,13,2,'front'),(279,13,2,'interior'),(279,13,2,'rear'),(279,13,3,'front'),(279,13,3,'interior'),(279,13,3,'rear'),(279,13,4,'front'),(279,13,4,'interior'),(279,13,4,'rear'),(279,13,5,'front'),(279,13,5,'interior'),(279,13,5,'rear'),(279,13,6,'front'),(279,13,6,'interior'),(279,13,6,'rear'),(279,13,7,'front'),(279,13,7,'interior'),(279,13,8,'front'),(279,13,8,'interior'),(280,14,44,'interior'),(280,14,44,'rear'),(281,14,44,'interior'),(282,15,44,'interior'),(282,15,44,'rear'),(283,15,44,'interior'),(284,9,21,'front'),(284,9,21,'interior'),(284,9,21,'rear'),(284,9,22,'front'),(284,9,22,'interior'),(284,9,22,'rear'),(285,9,21,'front'),(285,9,21,'interior'),(285,9,22,'front'),(285,9,22,'interior'),(286,13,44,'interior'),(286,13,44,'rear'),(287,13,44,'interior'),(288,18,45,'interior'),(288,18,45,'rear'),(289,18,45,'interior'),(290,18,43,'interior'),(290,18,43,'rear'),(291,18,43,'interior'),(292,18,33,'front'),(292,18,33,'interior'),(292,18,33,'rear'),(292,18,34,'front'),(292,18,34,'interior'),(292,18,34,'rear'),(293,18,33,'front'),(293,18,33,'interior'),(293,18,34,'front'),(293,18,34,'interior'),(294,18,31,'front'),(294,18,31,'interior'),(294,18,31,'rear'),(294,18,32,'front'),(294,18,32,'interior'),(294,18,32,'rear'),(295,18,31,'front'),(295,18,31,'interior'),(295,18,32,'front'),(295,18,32,'interior'),(296,18,21,'front'),(296,18,21,'interior'),(296,18,21,'rear'),(297,18,21,'front'),(297,18,21,'interior'),(298,18,22,'front'),(298,18,22,'interior'),(298,18,22,'rear'),(299,18,22,'front'),(299,18,22,'interior'),(300,18,17,'front'),(300,18,17,'interior'),(300,18,17,'rear'),(300,18,18,'front'),(300,18,18,'interior'),(300,18,18,'rear'),(300,18,19,'front'),(300,18,19,'interior'),(300,18,19,'rear'),(300,18,20,'front'),(300,18,20,'interior'),(300,18,20,'rear'),(301,18,17,'front'),(301,18,17,'interior'),(301,18,17,'rear'),(301,18,18,'front'),(301,18,18,'interior'),(301,18,18,'rear'),(301,18,19,'front'),(301,18,19,'interior'),(301,18,20,'front'),(301,18,20,'interior'),(302,18,13,'front'),(302,18,13,'interior'),(302,18,13,'rear'),(302,18,14,'front'),(302,18,14,'interior'),(302,18,14,'rear'),(302,18,15,'front'),(302,18,15,'interior'),(302,18,15,'rear'),(302,18,16,'front'),(302,18,16,'interior'),(302,18,16,'rear'),(303,18,13,'front'),(303,18,13,'interior'),(303,18,14,'front'),(303,18,14,'interior'),(303,18,15,'front'),(303,18,15,'interior'),(303,18,16,'front'),(303,18,16,'interior'),(304,18,5,'front'),(304,18,5,'interior'),(304,18,5,'rear'),(304,18,6,'front'),(304,18,6,'interior'),(304,18,6,'rear'),(304,18,7,'front'),(304,18,7,'interior'),(304,18,7,'rear'),(304,18,8,'front'),(304,18,8,'interior'),(304,18,8,'rear'),(305,18,5,'front'),(305,18,5,'interior'),(305,18,5,'rear'),(305,18,6,'front'),(305,18,6,'interior'),(305,18,6,'rear'),(305,18,7,'front'),(305,18,7,'interior'),(305,18,8,'front'),(305,18,8,'interior'),(306,18,9,'front'),(306,18,9,'interior'),(306,18,9,'rear'),(306,18,10,'front'),(306,18,10,'interior'),(306,18,10,'rear'),(306,18,11,'front'),(306,18,11,'interior'),(306,18,11,'rear'),(306,18,12,'front'),(306,18,12,'interior'),(306,18,12,'rear'),(307,18,9,'front'),(307,18,9,'interior'),(307,18,10,'front'),(307,18,10,'interior'),(307,18,11,'front'),(307,18,11,'interior'),(307,18,11,'rear'),(307,18,12,'front'),(307,18,12,'interior'),(307,18,12,'rear'),(308,19,45,'interior'),(308,19,45,'rear'),(309,19,45,'interior'),(310,19,43,'interior'),(310,19,43,'rear'),(311,19,43,'interior'),(312,19,40,'interior'),(312,19,40,'rear'),(313,19,40,'interior'),(314,19,38,'front'),(314,19,38,'interior'),(314,19,38,'rear'),(314,19,39,'front'),(314,19,39,'interior'),(314,19,39,'rear'),(315,19,38,'front'),(315,19,38,'interior'),(315,19,39,'front'),(315,19,39,'interior'),(316,19,36,'front'),(316,19,36,'interior'),(316,19,36,'rear'),(316,19,37,'front'),(316,19,37,'interior'),(316,19,37,'rear'),(317,19,36,'front'),(317,19,36,'interior'),(317,19,36,'rear'),(317,19,37,'front'),(317,19,37,'interior'),(318,19,30,'front'),(318,19,30,'interior'),(318,19,30,'rear'),(318,19,31,'front'),(318,19,31,'interior'),(318,19,31,'rear'),(319,19,30,'front'),(319,19,30,'interior'),(319,19,31,'front'),(319,19,31,'interior'),(320,19,32,'front'),(320,19,32,'interior'),(320,19,32,'rear'),(320,19,33,'front'),(320,19,33,'interior'),(320,19,33,'rear'),(321,19,32,'front'),(321,19,32,'interior'),(321,19,33,'front'),(321,19,33,'interior'),(322,19,30,'front'),(322,19,30,'interior'),(322,19,31,'front'),(322,19,31,'interior'),(323,19,30,'front'),(323,19,30,'interior'),(323,19,30,'rear'),(323,19,31,'front'),(323,19,31,'interior'),(324,19,34,'front'),(324,19,34,'interior'),(324,19,34,'rear'),(324,19,35,'front'),(324,19,35,'interior'),(324,19,35,'rear'),(325,19,34,'front'),(325,19,34,'interior'),(325,19,35,'front'),(325,19,35,'interior'),(325,19,35,'rear'),(326,19,17,'front'),(326,19,17,'interior'),(326,19,17,'rear'),(326,19,18,'front'),(326,19,18,'interior'),(326,19,18,'rear'),(326,19,19,'front'),(326,19,19,'interior'),(326,19,19,'rear'),(326,19,20,'front'),(326,19,20,'interior'),(326,19,20,'rear'),(327,19,17,'front'),(327,19,17,'interior'),(327,19,17,'rear'),(327,19,18,'front'),(327,19,18,'interior'),(327,19,18,'rear'),(327,19,19,'front'),(327,19,19,'interior'),(327,19,20,'front'),(327,19,20,'interior'),(328,19,21,'front'),(328,19,21,'interior'),(328,19,21,'rear'),(328,19,22,'front'),(328,19,22,'interior'),(328,19,22,'rear'),(329,19,21,'front'),(329,19,21,'interior'),(329,19,22,'front'),(329,19,22,'interior'),(330,19,13,'front'),(330,19,13,'interior'),(330,19,13,'rear'),(331,19,13,'front'),(331,19,13,'interior'),(332,19,15,'front'),(332,19,15,'interior'),(332,19,15,'rear'),(333,19,15,'front'),(333,19,15,'interior'),(334,19,4,'front'),(334,19,4,'interior'),(334,19,4,'rear'),(334,19,5,'front'),(334,19,5,'interior'),(334,19,5,'rear'),(334,19,6,'front'),(334,19,6,'interior'),(334,19,6,'rear'),(334,19,7,'front'),(334,19,7,'interior'),(334,19,7,'rear'),(334,19,8,'front'),(334,19,8,'interior'),(334,19,8,'rear'),(334,19,9,'front'),(334,19,9,'interior'),(334,19,9,'rear'),(335,19,4,'front'),(335,19,4,'interior'),(335,19,4,'rear'),(335,19,5,'front'),(335,19,5,'interior'),(335,19,5,'rear'),(335,19,6,'front'),(335,19,6,'interior'),(335,19,6,'rear'),(335,19,7,'front'),(335,19,7,'interior'),(335,19,8,'front'),(335,19,8,'interior'),(335,19,9,'front'),(335,19,9,'interior'),(336,20,21,'front'),(336,20,21,'interior'),(336,20,21,'rear'),(337,20,21,'front'),(337,20,21,'interior'),(338,20,19,'front'),(338,20,19,'interior'),(338,20,19,'rear'),(339,20,19,'front'),(339,20,19,'interior'),(340,21,22,'front'),(340,21,22,'interior'),(340,21,22,'rear'),(341,21,22,'front'),(341,21,22,'interior'),(342,21,20,'front'),(342,21,20,'interior'),(342,21,20,'rear'),(343,21,20,'front'),(343,21,20,'interior'),(344,21,16,'front'),(344,21,16,'interior'),(344,21,16,'rear'),(345,21,16,'front'),(345,21,16,'interior'),(346,21,14,'front'),(346,21,14,'interior'),(346,21,14,'rear'),(347,21,14,'front'),(347,21,14,'interior'),(348,22,44,'front'),(348,22,44,'interior'),(349,22,44,'interior'),(350,22,43,'front'),(350,22,43,'interior'),(351,22,43,'interior'),(352,22,42,'front'),(352,22,42,'interior'),(353,22,42,'interior'),(354,22,39,'front'),(354,22,39,'interior'),(354,22,39,'rear'),(355,22,39,'interior'),(355,22,39,'rear'),(356,22,35,'front'),(356,22,35,'interior'),(356,22,35,'rear'),(356,22,36,'front'),(356,22,36,'interior'),(356,22,36,'rear'),(356,22,37,'front'),(356,22,37,'interior'),(356,22,37,'rear'),(357,22,35,'front'),(357,22,35,'interior'),(357,22,35,'rear'),(357,22,36,'front'),(357,22,36,'interior'),(357,22,36,'rear'),(357,22,37,'interior'),(357,22,37,'rear'),(358,22,30,'front'),(358,22,30,'interior'),(358,22,30,'rear'),(358,22,31,'front'),(358,22,31,'interior'),(358,22,31,'rear'),(359,22,30,'interior'),(359,22,30,'rear'),(359,22,31,'interior'),(359,22,31,'rear'),(360,22,33,'front'),(360,22,33,'interior'),(360,22,33,'rear'),(361,22,33,'interior'),(361,22,33,'rear'),(362,22,19,'front'),(362,22,19,'interior'),(362,22,19,'rear'),(362,22,20,'front'),(362,22,20,'interior'),(362,22,20,'rear'),(363,22,19,'interior'),(363,22,19,'rear'),(363,22,20,'interior'),(363,22,20,'rear'),(364,22,22,'front'),(364,22,22,'interior'),(364,22,22,'rear'),(365,22,22,'interior'),(365,22,22,'rear'),(366,22,13,'front'),(366,22,13,'interior'),(366,22,13,'rear'),(367,22,13,'interior'),(367,22,13,'rear'),(368,23,44,'interior'),(368,23,44,'rear'),(369,23,44,'interior'),(370,23,39,'front'),(370,23,39,'interior'),(370,23,39,'rear'),(370,23,40,'front'),(370,23,40,'interior'),(370,23,40,'rear'),(371,23,39,'front'),(371,23,39,'interior'),(371,23,40,'front'),(371,23,40,'interior'),(372,23,21,'front'),(372,23,21,'interior'),(372,23,21,'rear'),(372,23,22,'front'),(372,23,22,'interior'),(372,23,22,'rear'),(373,23,21,'front'),(373,23,21,'interior'),(373,23,22,'front'),(373,23,22,'interior'),(374,23,13,'front'),(374,23,13,'interior'),(374,23,13,'rear'),(374,23,14,'front'),(374,23,14,'interior'),(374,23,14,'rear'),(375,23,13,'front'),(375,23,13,'interior'),(375,23,14,'front'),(375,23,14,'interior'),(376,23,6,'front'),(376,23,6,'interior'),(376,23,6,'rear'),(376,23,7,'front'),(376,23,7,'interior'),(376,23,7,'rear'),(377,23,6,'front'),(377,23,6,'interior'),(377,23,6,'rear'),(377,23,7,'front'),(377,23,7,'interior'),(378,24,45,'interior'),(378,24,45,'rear'),(379,24,45,'interior'),(380,24,43,'interior'),(380,24,43,'rear'),(381,24,43,'interior'),(382,24,41,'front'),(382,24,41,'interior'),(382,24,41,'rear'),(382,24,42,'front'),(382,24,42,'interior'),(382,24,42,'rear'),(383,24,41,'front'),(383,24,41,'interior'),(383,24,41,'rear'),(383,24,42,'front'),(383,24,42,'interior'),(384,24,39,'front'),(384,24,39,'interior'),(384,24,39,'rear'),(384,24,40,'front'),(384,24,40,'interior'),(384,24,40,'rear'),(385,24,39,'front'),(385,24,39,'interior'),(385,24,40,'front'),(385,24,40,'interior'),(386,24,37,'front'),(386,24,37,'interior'),(386,24,37,'rear'),(386,24,38,'front'),(386,24,38,'interior'),(386,24,38,'rear'),(387,24,37,'front'),(387,24,37,'interior'),(387,24,38,'front'),(387,24,38,'interior'),(388,24,31,'front'),(388,24,31,'interior'),(388,24,31,'rear'),(389,24,31,'front'),(389,24,31,'interior'),(390,24,32,'front'),(390,24,32,'interior'),(390,24,32,'rear'),(390,24,33,'front'),(390,24,33,'interior'),(390,24,33,'rear'),(391,24,32,'front'),(391,24,32,'interior'),(391,24,33,'front'),(391,24,33,'interior'),(392,24,21,'front'),(392,24,21,'interior'),(392,24,21,'rear'),(392,24,22,'front'),(392,24,22,'interior'),(392,24,22,'rear'),(393,24,21,'front'),(393,24,21,'interior'),(393,24,22,'front'),(393,24,22,'interior'),(394,24,13,'front'),(394,24,13,'interior'),(394,24,13,'rear'),(394,24,14,'front'),(394,24,14,'interior'),(394,24,14,'rear'),(394,24,15,'front'),(394,24,15,'interior'),(394,24,15,'rear'),(394,24,16,'front'),(394,24,16,'interior'),(394,24,16,'rear'),(395,24,13,'front'),(395,24,13,'interior'),(395,24,14,'front'),(395,24,14,'interior'),(395,24,15,'front'),(395,24,15,'interior'),(395,24,16,'front'),(395,24,16,'interior'),(396,24,9,'front'),(396,24,9,'interior'),(396,24,9,'rear'),(396,24,10,'front'),(396,24,10,'interior'),(396,24,10,'rear'),(396,24,11,'front'),(396,24,11,'interior'),(396,24,11,'rear'),(396,24,12,'front'),(396,24,12,'interior'),(396,24,12,'rear'),(397,24,9,'front'),(397,24,9,'interior'),(397,24,10,'front'),(397,24,10,'interior'),(397,24,11,'front'),(397,24,11,'interior'),(397,24,11,'rear'),(397,24,12,'front'),(397,24,12,'interior'),(397,24,12,'rear'),(398,25,45,'interior'),(398,25,45,'rear'),(399,25,45,'interior'),(400,25,1,'front'),(400,25,1,'interior'),(400,25,1,'rear'),(400,25,2,'front'),(400,25,2,'interior'),(400,25,2,'rear'),(400,25,3,'front'),(400,25,3,'interior'),(400,25,3,'rear'),(400,25,4,'front'),(400,25,4,'interior'),(400,25,4,'rear'),(400,25,5,'front'),(400,25,5,'interior'),(400,25,5,'rear'),(400,25,6,'front'),(400,25,6,'interior'),(400,25,6,'rear'),(400,25,7,'front'),(400,25,7,'interior'),(400,25,7,'rear'),(400,25,8,'front'),(400,25,8,'interior'),(400,25,8,'rear'),(400,25,9,'front'),(400,25,9,'interior'),(400,25,9,'rear'),(400,25,10,'front'),(400,25,10,'interior'),(400,25,10,'rear'),(400,25,11,'front'),(400,25,11,'interior'),(400,25,11,'rear'),(400,25,12,'front'),(400,25,12,'interior'),(400,25,12,'rear'),(400,25,13,'front'),(400,25,13,'interior'),(400,25,13,'rear'),(400,25,14,'front'),(400,25,14,'interior'),(400,25,14,'rear'),(400,25,15,'front'),(400,25,15,'interior'),(400,25,15,'rear'),(400,25,16,'front'),(400,25,16,'interior'),(400,25,16,'rear'),(400,25,17,'front'),(400,25,17,'interior'),(400,25,17,'rear'),(400,25,18,'front'),(400,25,18,'interior'),(400,25,18,'rear'),(400,25,19,'front'),(400,25,19,'interior'),(400,25,19,'rear'),(400,25,20,'front'),(400,25,20,'interior'),(400,25,20,'rear'),(400,25,21,'front'),(400,25,21,'interior'),(400,25,21,'rear'),(400,25,22,'front'),(400,25,22,'interior'),(400,25,22,'rear'),(400,25,23,'front'),(400,25,23,'interior'),(400,25,23,'rear'),(400,25,24,'front'),(400,25,24,'interior'),(400,25,24,'rear'),(400,25,25,'front'),(400,25,25,'interior'),(400,25,25,'rear'),(401,25,1,'front'),(401,25,1,'interior'),(401,25,1,'rear'),(401,25,2,'front'),(401,25,2,'interior'),(401,25,2,'rear'),(401,25,3,'front'),(401,25,3,'interior'),(401,25,3,'rear'),(401,25,4,'front'),(401,25,4,'interior'),(401,25,4,'rear'),(401,25,5,'front'),(401,25,5,'interior'),(401,25,5,'rear'),(401,25,6,'front'),(401,25,6,'interior'),(401,25,6,'rear'),(401,25,7,'front'),(401,25,7,'interior'),(401,25,8,'front'),(401,25,8,'interior'),(401,25,9,'front'),(401,25,9,'interior'),(401,25,10,'front'),(401,25,10,'interior'),(401,25,11,'front'),(401,25,11,'interior'),(401,25,11,'rear'),(401,25,12,'front'),(401,25,12,'interior'),(401,25,12,'rear'),(401,25,13,'front'),(401,25,13,'interior'),(401,25,14,'front'),(401,25,14,'interior'),(401,25,15,'front'),(401,25,15,'interior'),(401,25,16,'front'),(401,25,16,'interior'),(401,25,17,'front'),(401,25,17,'interior'),(401,25,17,'rear'),(401,25,18,'front'),(401,25,18,'interior'),(401,25,18,'rear'),(401,25,19,'front'),(401,25,19,'interior'),(401,25,20,'front'),(401,25,20,'interior'),(401,25,21,'front'),(401,25,21,'interior'),(401,25,22,'front'),(401,25,22,'interior'),(401,25,23,'front'),(401,25,23,'interior'),(401,25,23,'rear'),(401,25,24,'front'),(401,25,24,'interior'),(401,25,24,'rear'),(401,25,25,'front'),(401,25,25,'interior'),(401,25,25,'rear'),(402,26,45,'interior'),(402,26,45,'rear'),(403,26,45,'interior'),(404,26,1,'front'),(404,26,1,'interior'),(404,26,1,'rear'),(404,26,2,'front'),(404,26,2,'interior'),(404,26,2,'rear'),(404,26,3,'front'),(404,26,3,'interior'),(404,26,3,'rear'),(404,26,4,'front'),(404,26,4,'interior'),(404,26,4,'rear'),(404,26,5,'front'),(404,26,5,'interior'),(404,26,5,'rear'),(404,26,6,'front'),(404,26,6,'interior'),(404,26,6,'rear'),(404,26,7,'front'),(404,26,7,'interior'),(404,26,7,'rear'),(404,26,8,'front'),(404,26,8,'interior'),(404,26,8,'rear'),(404,26,9,'front'),(404,26,9,'interior'),(404,26,9,'rear'),(404,26,10,'front'),(404,26,10,'interior'),(404,26,10,'rear'),(404,26,11,'front'),(404,26,11,'interior'),(404,26,11,'rear'),(404,26,12,'front'),(404,26,12,'interior'),(404,26,12,'rear'),(404,26,13,'front'),(404,26,13,'interior'),(404,26,13,'rear'),(404,26,14,'front'),(404,26,14,'interior'),(404,26,14,'rear'),(404,26,15,'front'),(404,26,15,'interior'),(404,26,15,'rear'),(404,26,16,'front'),(404,26,16,'interior'),(404,26,16,'rear'),(404,26,17,'front'),(404,26,17,'interior'),(404,26,17,'rear'),(404,26,18,'front'),(404,26,18,'interior'),(404,26,18,'rear'),(404,26,19,'front'),(404,26,19,'interior'),(404,26,19,'rear'),(404,26,20,'front'),(404,26,20,'interior'),(404,26,20,'rear'),(404,26,21,'front'),(404,26,21,'interior'),(404,26,21,'rear'),(404,26,22,'front'),(404,26,22,'interior'),(404,26,22,'rear'),(404,26,23,'front'),(404,26,23,'interior'),(404,26,23,'rear'),(404,26,24,'front'),(404,26,24,'interior'),(404,26,24,'rear'),(404,26,25,'front'),(404,26,25,'interior'),(404,26,25,'rear'),(404,26,26,'front'),(404,26,26,'interior'),(404,26,26,'rear'),(404,26,27,'front'),(404,26,27,'interior'),(404,26,27,'rear'),(404,26,28,'front'),(404,26,28,'interior'),(404,26,28,'rear'),(404,26,29,'front'),(404,26,29,'interior'),(404,26,29,'rear'),(404,26,30,'front'),(404,26,30,'interior'),(404,26,30,'rear'),(404,26,31,'front'),(404,26,31,'interior'),(404,26,31,'rear'),(404,26,32,'front'),(404,26,32,'interior'),(404,26,32,'rear'),(404,26,33,'front'),(404,26,33,'interior'),(404,26,33,'rear'),(404,26,34,'front'),(404,26,34,'interior'),(404,26,34,'rear'),(404,26,35,'front'),(404,26,35,'interior'),(404,26,35,'rear'),(404,26,36,'front'),(404,26,36,'interior'),(404,26,36,'rear'),(404,26,37,'front'),(404,26,37,'interior'),(404,26,37,'rear'),(404,26,38,'front'),(404,26,38,'interior'),(404,26,38,'rear'),(404,26,39,'front'),(404,26,39,'interior'),(404,26,39,'rear'),(404,26,40,'front'),(404,26,40,'interior'),(404,26,40,'rear'),(404,26,41,'front'),(404,26,41,'interior'),(404,26,41,'rear'),(404,26,42,'front'),(404,26,42,'interior'),(404,26,42,'rear'),(404,26,43,'front'),(404,26,43,'interior'),(404,26,43,'rear'),(404,26,44,'front'),(404,26,44,'interior'),(404,26,44,'rear'),(405,26,1,'front'),(405,26,1,'interior'),(405,26,1,'rear'),(405,26,2,'front'),(405,26,2,'interior'),(405,26,2,'rear'),(405,26,3,'front'),(405,26,3,'interior'),(405,26,3,'rear'),(405,26,4,'front'),(405,26,4,'interior'),(405,26,4,'rear'),(405,26,5,'front'),(405,26,5,'interior'),(405,26,5,'rear'),(405,26,6,'front'),(405,26,6,'interior'),(405,26,6,'rear'),(405,26,7,'front'),(405,26,7,'interior'),(405,26,8,'front'),(405,26,8,'interior'),(405,26,9,'front'),(405,26,9,'interior'),(405,26,10,'front'),(405,26,10,'interior'),(405,26,11,'front'),(405,26,11,'interior'),(405,26,11,'rear'),(405,26,12,'front'),(405,26,12,'interior'),(405,26,12,'rear'),(405,26,13,'front'),(405,26,13,'interior'),(405,26,14,'front'),(405,26,14,'interior'),(405,26,15,'front'),(405,26,15,'interior'),(405,26,16,'front'),(405,26,16,'interior'),(405,26,17,'front'),(405,26,17,'interior'),(405,26,17,'rear'),(405,26,18,'front'),(405,26,18,'interior'),(405,26,18,'rear'),(405,26,19,'front'),(405,26,19,'interior'),(405,26,20,'front'),(405,26,20,'interior'),(405,26,21,'front'),(405,26,21,'interior'),(405,26,22,'front'),(405,26,22,'interior'),(405,26,23,'front'),(405,26,23,'interior'),(405,26,23,'rear'),(405,26,24,'front'),(405,26,24,'interior'),(405,26,24,'rear'),(405,26,25,'front'),(405,26,25,'interior'),(405,26,25,'rear'),(405,26,26,'front'),(405,26,26,'interior'),(405,26,26,'rear'),(405,26,27,'front'),(405,26,27,'interior'),(405,26,27,'rear'),(405,26,28,'front'),(405,26,28,'interior'),(405,26,28,'rear'),(405,26,29,'front'),(405,26,29,'interior'),(405,26,29,'rear'),(405,26,30,'front'),(405,26,30,'interior'),(405,26,30,'rear'),(405,26,31,'front'),(405,26,31,'interior'),(405,26,32,'front'),(405,26,32,'interior'),(405,26,33,'front'),(405,26,33,'interior'),(405,26,34,'front'),(405,26,34,'interior'),(405,26,35,'front'),(405,26,35,'interior'),(405,26,35,'rear'),(405,26,36,'front'),(405,26,36,'interior'),(405,26,36,'rear'),(405,26,37,'front'),(405,26,37,'interior'),(405,26,38,'front'),(405,26,38,'interior'),(405,26,39,'front'),(405,26,39,'interior'),(405,26,40,'front'),(405,26,40,'interior'),(405,26,41,'front'),(405,26,41,'interior'),(405,26,41,'rear'),(405,26,42,'front'),(405,26,42,'interior'),(405,26,43,'front'),(405,26,43,'interior'),(405,26,44,'front'),(405,26,44,'interior'),(406,27,44,'interior'),(406,27,44,'rear'),(407,27,44,'interior'),(408,27,37,'front'),(408,27,37,'interior'),(408,27,37,'rear'),(408,27,38,'front'),(408,27,38,'interior'),(408,27,38,'rear'),(409,27,37,'front'),(409,27,37,'interior'),(409,27,38,'front'),(409,27,38,'interior'),(410,27,31,'front'),(410,27,31,'interior'),(410,27,31,'rear'),(410,27,32,'front'),(410,27,32,'interior'),(410,27,32,'rear'),(411,27,31,'front'),(411,27,31,'interior'),(411,27,32,'front'),(411,27,32,'interior'),(412,27,33,'front'),(412,27,33,'interior'),(412,27,33,'rear'),(412,27,34,'front'),(412,27,34,'interior'),(412,27,34,'rear'),(413,27,33,'front'),(413,27,33,'interior'),(413,27,34,'front'),(413,27,34,'interior'),(414,27,19,'front'),(414,27,19,'interior'),(414,27,19,'rear'),(414,27,20,'front'),(414,27,20,'interior'),(414,27,20,'rear'),(415,27,19,'front'),(415,27,19,'interior'),(415,27,20,'front'),(415,27,20,'interior'),(416,27,1,'front'),(416,27,1,'interior'),(416,27,1,'rear'),(416,27,2,'front'),(416,27,2,'interior'),(416,27,2,'rear'),(416,27,3,'front'),(416,27,3,'interior'),(416,27,3,'rear'),(416,27,4,'front'),(416,27,4,'interior'),(416,27,4,'rear'),(416,27,5,'front'),(416,27,5,'interior'),(416,27,5,'rear'),(416,27,6,'front'),(416,27,6,'interior'),(416,27,6,'rear'),(416,27,7,'front'),(416,27,7,'interior'),(416,27,7,'rear'),(416,27,8,'front'),(416,27,8,'interior'),(416,27,8,'rear'),(417,27,1,'front'),(417,27,1,'interior'),(417,27,1,'rear'),(417,27,2,'front'),(417,27,2,'interior'),(417,27,2,'rear'),(417,27,3,'front'),(417,27,3,'interior'),(417,27,3,'rear'),(417,27,4,'front'),(417,27,4,'interior'),(417,27,4,'rear'),(417,27,5,'front'),(417,27,5,'interior'),(417,27,5,'rear'),(417,27,6,'front'),(417,27,6,'interior'),(417,27,6,'rear'),(417,27,7,'front'),(417,27,7,'interior'),(417,27,8,'front'),(417,27,8,'interior'),(418,28,44,'interior'),(418,28,44,'rear'),(419,28,44,'interior'),(420,29,44,'interior'),(420,29,44,'rear'),(421,29,44,'interior'),(422,6,7,'rear'),(422,6,8,'rear'),(422,6,9,'rear'),(422,6,10,'rear'),(422,10,7,'rear'),(422,10,8,'rear'),(422,10,9,'rear'),(422,10,10,'rear'),(423,6,7,'rear'),(423,6,8,'rear'),(423,6,9,'rear'),(423,6,10,'rear'),(424,10,7,'rear'),(424,10,8,'rear'),(424,10,9,'rear'),(424,10,10,'rear'),(425,10,42,'rear'),(425,10,43,'rear'),(425,10,44,'rear'),(425,10,45,'rear'),(425,13,42,'rear'),(425,13,43,'rear'),(425,13,44,'rear'),(425,13,45,'rear'),(426,10,42,'rear'),(426,10,43,'rear'),(426,10,44,'rear'),(426,10,45,'rear'),(427,13,42,'rear'),(427,13,43,'rear'),(427,13,44,'rear'),(427,13,45,'rear'),(428,22,24,'front'),(428,22,24,'interior'),(428,22,24,'rear'),(429,22,24,'interior'),(429,22,24,'rear'),(430,4,44,'interior'),(430,5,44,'interior'),(430,6,20,'front'),(430,6,20,'interior'),(430,6,22,'front'),(430,6,22,'interior'),(430,6,23,'front'),(430,6,23,'interior'),(430,6,25,'front'),(430,6,25,'interior'),(430,6,27,'front'),(430,6,27,'interior'),(430,6,31,'front'),(430,6,31,'interior'),(430,6,34,'front'),(430,6,34,'interior'),(430,6,37,'front'),(430,6,37,'interior'),(430,6,40,'front'),(430,6,40,'interior'),(430,6,43,'front'),(430,6,43,'interior'),(430,7,11,'front'),(430,7,11,'interior'),(430,7,13,'front'),(430,7,13,'interior'),(430,7,15,'front'),(430,7,15,'interior'),(430,7,17,'front'),(430,7,17,'interior'),(430,7,19,'front'),(430,7,19,'interior'),(430,7,21,'front'),(430,7,21,'interior'),(430,7,23,'front'),(430,7,23,'interior'),(430,7,28,'front'),(430,7,28,'interior'),(430,7,30,'front'),(430,7,30,'interior'),(430,7,33,'front'),(430,7,33,'interior'),(430,7,36,'front'),(430,7,36,'interior'),(430,7,39,'front'),(430,7,39,'interior'),(430,7,42,'front'),(430,7,42,'interior'),(430,7,45,'front'),(430,7,45,'interior'),(430,8,16,'interior'),(430,8,18,'front'),(430,8,18,'interior'),(430,8,21,'interior'),(430,8,25,'front'),(430,8,25,'interior'),(430,8,29,'front'),(430,8,29,'interior'),(430,8,32,'interior'),(430,8,34,'interior'),(430,8,38,'interior'),(430,8,40,'interior'),(430,8,45,'interior'),(430,9,45,'interior'),(430,10,44,'interior'),(430,11,44,'interior'),(430,13,45,'interior'),(430,18,44,'interior'),(430,19,44,'interior'),(430,20,20,'front'),(430,20,20,'interior'),(430,20,22,'front'),(430,20,22,'interior'),(430,20,23,'front'),(430,20,23,'interior'),(430,20,25,'front'),(430,20,25,'interior'),(430,20,27,'front'),(430,20,27,'interior'),(430,20,31,'front'),(430,20,31,'interior'),(430,20,34,'front'),(430,20,34,'interior'),(430,20,37,'front'),(430,20,37,'interior'),(430,20,40,'front'),(430,20,40,'interior'),(430,20,43,'front'),(430,20,43,'interior'),(430,21,11,'front'),(430,21,11,'interior'),(430,21,13,'front'),(430,21,13,'interior'),(430,21,15,'front'),(430,21,15,'interior'),(430,21,17,'front'),(430,21,17,'interior'),(430,21,19,'front'),(430,21,19,'interior'),(430,21,21,'front'),(430,21,21,'interior'),(430,21,23,'front'),(430,21,23,'interior'),(430,21,25,'front'),(430,21,25,'interior'),(430,21,30,'front'),(430,21,30,'interior'),(430,21,33,'front'),(430,21,33,'interior'),(430,21,36,'front'),(430,21,36,'interior'),(430,21,39,'front'),(430,21,39,'interior'),(430,21,42,'front'),(430,21,42,'interior'),(430,21,45,'front'),(430,21,45,'interior'),(430,22,16,'interior'),(430,22,18,'front'),(430,22,18,'interior'),(430,22,21,'interior'),(430,22,25,'front'),(430,22,25,'interior'),(430,22,29,'front'),(430,22,29,'interior'),(430,22,32,'interior'),(430,22,34,'interior'),(430,22,38,'interior'),(430,22,40,'interior'),(430,22,45,'interior'),(430,23,45,'interior'),(430,24,44,'interior'),(430,25,44,'interior'),(430,27,45,'interior'),(431,4,44,'interior'),(431,5,44,'interior'),(431,6,20,'front'),(431,6,20,'interior'),(431,6,22,'front'),(431,6,22,'interior'),(431,6,23,'front'),(431,6,23,'interior'),(431,6,25,'front'),(431,6,25,'interior'),(431,6,27,'front'),(431,6,27,'interior'),(431,6,31,'front'),(431,6,31,'interior'),(431,6,34,'front'),(431,6,34,'interior'),(431,6,37,'front'),(431,6,37,'interior'),(431,6,40,'front'),(431,6,40,'interior'),(431,6,43,'front'),(431,6,43,'interior'),(431,7,11,'front'),(431,7,11,'interior'),(431,7,13,'front'),(431,7,13,'interior'),(431,7,15,'front'),(431,7,15,'interior'),(431,7,17,'front'),(431,7,17,'interior'),(431,7,19,'front'),(431,7,19,'interior'),(431,7,21,'front'),(431,7,21,'interior'),(431,7,23,'front'),(431,7,23,'interior'),(431,7,28,'front'),(431,7,28,'interior'),(431,7,30,'front'),(431,7,30,'interior'),(431,7,33,'front'),(431,7,33,'interior'),(431,7,36,'front'),(431,7,36,'interior'),(431,7,39,'front'),(431,7,39,'interior'),(431,7,42,'front'),(431,7,42,'interior'),(431,7,45,'front'),(431,7,45,'interior'),(431,8,16,'interior'),(431,8,18,'front'),(431,8,18,'interior'),(431,8,21,'interior'),(431,8,25,'front'),(431,8,25,'interior'),(431,8,29,'front'),(431,8,29,'interior'),(431,8,32,'interior'),(431,8,34,'interior'),(431,8,38,'interior'),(431,8,40,'interior'),(431,8,45,'interior'),(431,9,45,'interior'),(431,10,44,'interior'),(431,11,44,'interior'),(431,13,45,'interior'),(431,18,44,'interior'),(431,19,44,'interior'),(431,20,20,'front'),(431,20,20,'interior'),(431,20,22,'front'),(431,20,22,'interior'),(431,20,23,'front'),(431,20,23,'interior'),(431,20,25,'front'),(431,20,25,'interior'),(431,20,27,'front'),(431,20,27,'interior'),(431,20,31,'front'),(431,20,31,'interior'),(431,20,34,'front'),(431,20,34,'interior'),(431,20,37,'front'),(431,20,37,'interior'),(431,20,40,'front'),(431,20,40,'interior'),(431,20,43,'front'),(431,20,43,'interior'),(431,21,11,'front'),(431,21,11,'interior'),(431,21,13,'front'),(431,21,13,'interior'),(431,21,15,'front'),(431,21,15,'interior'),(431,21,17,'front'),(431,21,17,'interior'),(431,21,19,'front'),(431,21,19,'interior'),(431,21,21,'front'),(431,21,21,'interior'),(431,21,23,'front'),(431,21,23,'interior'),(431,21,25,'front'),(431,21,25,'interior'),(431,21,30,'front'),(431,21,30,'interior'),(431,21,33,'front'),(431,21,33,'interior'),(431,21,36,'front'),(431,21,36,'interior'),(431,21,39,'front'),(431,21,39,'interior'),(431,21,42,'front'),(431,21,42,'interior'),(431,21,45,'front'),(431,21,45,'interior'),(431,22,16,'interior'),(431,22,18,'front'),(431,22,18,'interior'),(431,22,21,'interior'),(431,22,25,'interior'),(431,22,29,'front'),(431,22,29,'interior'),(431,22,32,'interior'),(431,22,34,'interior'),(431,22,38,'interior'),(431,22,40,'interior'),(431,22,45,'interior'),(431,23,45,'interior'),(431,24,44,'interior'),(431,25,44,'interior'),(431,27,45,'interior'),(432,22,19,'front'),(432,22,20,'front'),(432,22,21,'front'),(432,22,22,'front'),(433,22,25,'front'),(434,22,13,'front'),(434,22,14,'front'),(434,22,15,'front'),(434,22,16,'front'),(435,22,24,'front'),(436,22,7,'front'),(436,22,8,'front'),(436,22,9,'front'),(436,22,10,'front'),(437,22,19,'front'),(437,22,20,'front'),(437,22,21,'front'),(437,22,22,'front'),(438,22,13,'front'),(438,22,14,'front'),(438,22,15,'front'),(438,22,16,'front'),(439,22,7,'front'),(439,22,8,'front'),(439,22,9,'front'),(439,22,10,'front'),(440,22,1,'front'),(441,25,1,'front'),(441,25,1,'interior'),(441,25,1,'rear'),(441,25,2,'front'),(441,25,2,'interior'),(441,25,2,'rear'),(441,25,3,'front'),(441,25,3,'interior'),(441,25,3,'rear'),(441,25,4,'front'),(441,25,4,'interior'),(441,25,4,'rear'),(441,25,5,'front'),(441,25,5,'interior'),(441,25,5,'rear'),(441,25,6,'front'),(441,25,6,'interior'),(441,25,6,'rear'),(441,25,7,'front'),(441,25,7,'interior'),(441,25,8,'front'),(441,25,8,'interior'),(441,25,9,'front'),(441,25,9,'interior'),(441,25,10,'front'),(441,25,10,'interior'),(441,25,11,'front'),(441,25,11,'interior'),(441,25,11,'rear'),(441,25,12,'front'),(441,25,12,'interior'),(441,25,12,'rear'),(441,25,13,'front'),(441,25,13,'interior'),(441,25,14,'front'),(441,25,14,'interior'),(441,25,15,'front'),(441,25,15,'interior'),(441,25,16,'front'),(441,25,16,'interior'),(441,25,17,'front'),(441,25,17,'interior'),(441,25,17,'rear'),(441,25,18,'front'),(441,25,18,'interior'),(441,25,18,'rear'),(441,25,19,'front'),(441,25,19,'interior'),(441,25,20,'front'),(441,25,20,'interior'),(441,25,21,'front'),(441,25,21,'interior'),(441,25,22,'front'),(441,25,22,'interior'),(441,25,23,'front'),(441,25,23,'interior'),(441,25,23,'rear'),(441,25,24,'front'),(441,25,24,'interior'),(441,25,24,'rear'),(441,25,25,'front'),(441,25,25,'interior'),(441,25,25,'rear'),(442,25,1,'front'),(442,25,1,'interior'),(442,25,1,'rear'),(442,25,2,'front'),(442,25,2,'interior'),(442,25,2,'rear'),(442,25,3,'front'),(442,25,3,'interior'),(442,25,3,'rear'),(442,25,4,'front'),(442,25,4,'interior'),(442,25,4,'rear'),(442,25,5,'front'),(442,25,5,'interior'),(442,25,5,'rear'),(442,25,6,'front'),(442,25,6,'interior'),(442,25,6,'rear'),(442,25,7,'front'),(442,25,7,'interior'),(442,25,7,'rear'),(442,25,8,'front'),(442,25,8,'interior'),(442,25,8,'rear'),(442,25,9,'front'),(442,25,9,'interior'),(442,25,9,'rear'),(442,25,10,'front'),(442,25,10,'interior'),(442,25,10,'rear'),(442,25,11,'front'),(442,25,11,'interior'),(442,25,11,'rear'),(442,25,12,'front'),(442,25,12,'interior'),(442,25,12,'rear'),(442,25,13,'front'),(442,25,13,'interior'),(442,25,14,'front'),(442,25,14,'interior'),(442,25,15,'front'),(442,25,15,'interior'),(442,25,16,'front'),(442,25,16,'interior'),(442,25,17,'front'),(442,25,17,'interior'),(442,25,17,'rear'),(442,25,18,'front'),(442,25,18,'interior'),(442,25,18,'rear'),(442,25,19,'front'),(442,25,19,'interior'),(442,25,20,'front'),(442,25,20,'interior'),(442,25,21,'front'),(442,25,21,'interior'),(442,25,22,'front'),(442,25,22,'interior'),(442,25,23,'front'),(442,25,23,'interior'),(442,25,23,'rear'),(442,25,24,'front'),(442,25,24,'interior'),(442,25,24,'rear'),(442,25,25,'front'),(442,25,25,'interior'),(442,25,25,'rear'),(444,18,39,'front'),(444,18,39,'interior'),(444,18,40,'front'),(444,18,40,'interior');
/*!40000 ALTER TABLE `Atom` ENABLE KEYS */;
UNLOCK TABLES;

--
-- Table structure for table `Attribute`
--

DROP TABLE IF EXISTS `Attribute`;
/*!40101 SET @saved_cs_client     = @@character_set_client */;
/*!40101 SET character_set_client = utf8 */;
CREATE TABLE `Attribute` (
  `id` int(10) unsigned NOT NULL AUTO_INCREMENT,
  `type` enum('string','uint','float','dict','date') COLLATE utf8_unicode_ci DEFAULT NULL,
  `name` char(64) COLLATE utf8_unicode_ci DEFAULT NULL,
  PRIMARY KEY (`id`),
  UNIQUE KEY `name` (`name`)
) ENGINE=InnoDB AUTO_INCREMENT=10011 DEFAULT CHARSET=utf8 COLLATE=utf8_unicode_ci;
/*!40101 SET character_set_client = @saved_cs_client */;

--
-- Dumping data for table `Attribute`
--

LOCK TABLES `Attribute` WRITE;
/*!40000 ALTER TABLE `Attribute` DISABLE KEYS */;
INSERT INTO `Attribute` VALUES (1,'string','OEM S/N 1'),(2,'dict','HW type'),(3,'string','FQDN'),(4,'dict','SW type'),(5,'string','SW version'),(6,'uint','number of ports'),(7,'float','max. current, Ampers'),(8,'float','power load, percents'),(13,'float','max power, Watts'),(14,'string','contact person'),(16,'uint','flash memory, MB'),(17,'uint','DRAM, MB'),(18,'uint','CPU, MHz'),(20,'string','OEM S/N 2'),(21,'date','support contract expiration'),(22,'date','HW warranty expiration'),(24,'date','SW warranty expiration'),(25,'string','UUID'),(26,'dict','Hypervisor'),(27,'uint','Height, units'),(28,'string','Slot number'),(29,'uint','Sort order'),(30,'dict','Mgmt type'),(9999,'string','base MAC address'),(10000,'string','Watt normal'),(10001,'string','Watt max'),(10004,'string','BTU/h normal'),(10006,'string','BTU/h max'),(10007,'uint','Widht'),(10008,'uint','Depth'),(10009,'uint','Prises totales'),(10010,'uint','Prises utilises');
/*!40000 ALTER TABLE `Attribute` ENABLE KEYS */;
UNLOCK TABLES;

--
-- Table structure for table `AttributeMap`
--

DROP TABLE IF EXISTS `AttributeMap`;
/*!40101 SET @saved_cs_client     = @@character_set_client */;
/*!40101 SET character_set_client = utf8 */;
CREATE TABLE `AttributeMap` (
  `objtype_id` int(10) unsigned NOT NULL DEFAULT '1',
  `attr_id` int(10) unsigned NOT NULL DEFAULT '1',
  `chapter_id` int(10) unsigned DEFAULT NULL,
  `sticky` enum('yes','no') COLLATE utf8_unicode_ci DEFAULT 'no',
  UNIQUE KEY `objtype_id` (`objtype_id`,`attr_id`),
  KEY `attr_id` (`attr_id`),
  KEY `chapter_id` (`chapter_id`),
  CONSTRAINT `AttributeMap-FK-attr_id` FOREIGN KEY (`attr_id`) REFERENCES `Attribute` (`id`),
  CONSTRAINT `AttributeMap-FK-chapter_id` FOREIGN KEY (`chapter_id`) REFERENCES `Chapter` (`id`)
) ENGINE=InnoDB DEFAULT CHARSET=utf8 COLLATE=utf8_unicode_ci;
/*!40101 SET character_set_client = @saved_cs_client */;

--
-- Dumping data for table `AttributeMap`
--

LOCK TABLES `AttributeMap` WRITE;
/*!40000 ALTER TABLE `AttributeMap` DISABLE KEYS */;
INSERT INTO `AttributeMap` VALUES (2,1,NULL,'no'),(2,2,27,'no'),(2,3,NULL,'no'),(2,5,NULL,'no'),(2,10009,NULL,'no'),(2,10010,NULL,'no'),(4,1,NULL,'no'),(4,2,11,'no'),(4,3,NULL,'no'),(4,4,13,'no'),(4,14,NULL,'no'),(4,21,NULL,'no'),(4,22,NULL,'no'),(4,24,NULL,'no'),(4,25,NULL,'no'),(4,26,29,'yes'),(4,28,NULL,'yes'),(4,10000,NULL,'no'),(4,10001,NULL,'no'),(4,10004,NULL,'no'),(4,10006,NULL,'no'),(5,1,NULL,'no'),(5,2,18,'no'),(5,10000,NULL,'no'),(5,10001,NULL,'no'),(5,10004,NULL,'no'),(5,10006,NULL,'no'),(6,1,NULL,'no'),(6,2,19,'no'),(6,20,NULL,'no'),(7,1,NULL,'no'),(7,2,17,'no'),(7,3,NULL,'no'),(7,4,16,'no'),(7,5,NULL,'no'),(7,14,NULL,'no'),(7,16,NULL,'no'),(7,17,NULL,'no'),(7,18,NULL,'no'),(7,21,NULL,'no'),(7,22,NULL,'no'),(7,24,NULL,'no'),(8,1,NULL,'yes'),(8,2,12,'yes'),(8,3,NULL,'no'),(8,4,14,'yes'),(8,5,NULL,'no'),(8,14,NULL,'no'),(8,16,NULL,'no'),(8,17,NULL,'no'),(8,18,NULL,'no'),(8,20,NULL,'no'),(8,21,NULL,'no'),(8,22,NULL,'no'),(8,24,NULL,'no'),(8,28,NULL,'yes'),(8,10000,NULL,'no'),(8,10001,NULL,'no'),(8,10004,NULL,'no'),(8,10006,NULL,'no'),(9,6,NULL,'no'),(12,1,NULL,'no'),(12,3,NULL,'no'),(12,7,NULL,'no'),(12,13,NULL,'no'),(12,20,NULL,'no'),(15,2,23,'no'),(445,1,NULL,'no'),(445,2,21,'no'),(445,3,NULL,'no'),(445,5,NULL,'no'),(445,14,NULL,'no'),(445,22,NULL,'no'),(447,1,NULL,'no'),(447,2,9999,'no'),(447,3,NULL,'no'),(447,5,NULL,'no'),(447,14,NULL,'no'),(447,22,NULL,'no'),(798,1,NULL,'no'),(798,2,24,'no'),(798,3,NULL,'no'),(798,5,NULL,'no'),(798,14,NULL,'no'),(798,16,NULL,'no'),(798,17,NULL,'no'),(798,18,NULL,'no'),(798,20,NULL,'no'),(798,21,NULL,'no'),(798,22,NULL,'no'),(798,24,NULL,'no'),(798,28,NULL,'yes'),(798,10000,NULL,'no'),(798,10001,NULL,'no'),(965,1,NULL,'no'),(965,2,25,'no'),(965,3,NULL,'no'),(965,4,37,'no'),(1055,2,26,'no'),(1055,28,NULL,'yes'),(1323,1,NULL,'no'),(1323,2,28,'no'),(1323,3,NULL,'no'),(1323,5,NULL,'no'),(1397,1,NULL,'no'),(1397,2,34,'no'),(1397,14,NULL,'no'),(1397,21,NULL,'no'),(1397,22,NULL,'no'),(1398,1,NULL,'no'),(1398,2,35,'no'),(1398,14,NULL,'no'),(1398,21,NULL,'no'),(1398,22,NULL,'no'),(1502,1,NULL,'no'),(1502,2,31,'no'),(1502,3,NULL,'no'),(1502,14,NULL,'no'),(1502,20,NULL,'no'),(1502,21,NULL,'no'),(1502,22,NULL,'no'),(1503,1,NULL,'no'),(1503,2,30,'no'),(1503,3,NULL,'no'),(1503,4,14,'no'),(1503,5,NULL,'no'),(1503,14,NULL,'no'),(1503,16,NULL,'no'),(1503,17,NULL,'no'),(1503,18,NULL,'no'),(1503,20,NULL,'no'),(1503,21,NULL,'no'),(1503,22,NULL,'no'),(1503,24,NULL,'no'),(1504,3,NULL,'no'),(1504,4,13,'no'),(1504,14,NULL,'no'),(1504,24,NULL,'no'),(1505,14,NULL,'no'),(1506,14,NULL,'no'),(1506,17,NULL,'no'),(1506,18,NULL,'no'),(1507,1,NULL,'no'),(1507,2,32,'no'),(1507,3,NULL,'no'),(1507,4,33,'no'),(1507,5,NULL,'no'),(1507,14,NULL,'no'),(1507,20,NULL,'no'),(1507,21,NULL,'no'),(1507,22,NULL,'no'),(1560,27,NULL,'yes'),(1560,29,NULL,'yes'),(1560,10007,NULL,'no'),(1560,10008,NULL,'no'),(1562,14,NULL,'no'),(1644,1,NULL,'no'),(1644,2,36,'no'),(1644,3,NULL,'no'),(1787,1,NULL,'no'),(1787,3,NULL,'no'),(1787,14,NULL,'no'),(1787,30,38,'yes'),(1787,10000,NULL,'no'),(1787,10004,NULL,'no');
/*!40000 ALTER TABLE `AttributeMap` ENABLE KEYS */;
UNLOCK TABLES;

--
-- Table structure for table `AttributeValue`
--

DROP TABLE IF EXISTS `AttributeValue`;
/*!40101 SET @saved_cs_client     = @@character_set_client */;
/*!40101 SET character_set_client = utf8 */;
CREATE TABLE `AttributeValue` (
  `object_id` int(10) unsigned NOT NULL,
  `object_tid` int(10) unsigned NOT NULL DEFAULT '0',
  `attr_id` int(10) unsigned NOT NULL,
  `string_value` char(255) COLLATE utf8_unicode_ci DEFAULT NULL,
  `uint_value` int(10) unsigned DEFAULT NULL,
  `float_value` float DEFAULT NULL,
  PRIMARY KEY (`object_id`,`attr_id`),
  KEY `attr_id-uint_value` (`attr_id`,`uint_value`),
  KEY `attr_id-string_value` (`attr_id`,`string_value`(12)),
  KEY `id-tid` (`object_id`,`object_tid`),
  KEY `object_tid-attr_id` (`object_tid`,`attr_id`),
  CONSTRAINT `AttributeValue-FK-map` FOREIGN KEY (`object_tid`, `attr_id`) REFERENCES `AttributeMap` (`objtype_id`, `attr_id`),
  CONSTRAINT `AttributeValue-FK-object` FOREIGN KEY (`object_id`, `object_tid`) REFERENCES `Object` (`id`, `objtype_id`) ON DELETE CASCADE ON UPDATE CASCADE
) ENGINE=InnoDB DEFAULT CHARSET=utf8 COLLATE=utf8_unicode_ci;
/*!40101 SET character_set_client = @saved_cs_client */;

--
-- Dumping data for table `AttributeValue`
--

LOCK TABLES `AttributeValue` WRITE;
/*!40000 ALTER TABLE `AttributeValue` DISABLE KEYS */;
INSERT INTO `AttributeValue` VALUES (4,1560,27,NULL,46,NULL),(4,1560,29,NULL,2,NULL),(4,1560,10007,NULL,600,NULL),(4,1560,10008,NULL,800,NULL),(5,1560,27,NULL,46,NULL),(5,1560,29,NULL,3,NULL),(5,1560,10007,NULL,600,NULL),(5,1560,10008,NULL,800,NULL),(6,1560,27,NULL,46,NULL),(6,1560,29,NULL,4,NULL),(6,1560,10007,NULL,800,NULL),(6,1560,10008,NULL,1000,NULL),(7,1560,27,NULL,46,NULL),(7,1560,29,NULL,5,NULL),(7,1560,10007,NULL,800,NULL),(7,1560,10008,NULL,1000,NULL),(8,1560,27,NULL,46,NULL),(8,1560,29,NULL,6,NULL),(8,1560,10007,NULL,800,NULL),(8,1560,10008,NULL,1000,NULL),(9,1560,27,NULL,46,NULL),(9,1560,29,NULL,7,NULL),(9,1560,10007,NULL,600,NULL),(9,1560,10008,NULL,800,NULL),(10,1560,27,NULL,46,NULL),(10,1560,29,NULL,8,NULL),(10,1560,10007,NULL,600,NULL),(10,1560,10008,NULL,800,NULL),(11,1560,27,NULL,46,NULL),(11,1560,29,NULL,9,NULL),(11,1560,10007,NULL,600,NULL),(11,1560,10008,NULL,800,NULL),(12,1560,27,NULL,45,NULL),(12,1560,29,NULL,10,NULL),(12,1560,10007,NULL,600,NULL),(12,1560,10008,NULL,1200,NULL),(13,1560,27,NULL,46,NULL),(13,1560,29,NULL,11,NULL),(13,1560,10007,NULL,600,NULL),(13,1560,10008,NULL,800,NULL),(14,1560,27,NULL,46,NULL),(14,1560,29,NULL,12,NULL),(14,1560,10007,NULL,600,NULL),(14,1560,10008,NULL,800,NULL),(15,1560,27,NULL,46,NULL),(15,1560,29,NULL,13,NULL),(15,1560,10007,NULL,600,NULL),(15,1560,10008,NULL,800,NULL),(18,1560,27,NULL,46,NULL),(18,1560,29,NULL,2,NULL),(18,1560,10007,NULL,600,NULL),(18,1560,10008,NULL,800,NULL),(19,1560,27,NULL,46,NULL),(19,1560,29,NULL,3,NULL),(19,1560,10007,NULL,600,NULL),(19,1560,10008,NULL,800,NULL),(20,1560,27,NULL,46,NULL),(20,1560,29,NULL,4,NULL),(20,1560,10007,NULL,800,NULL),(20,1560,10008,NULL,1000,NULL),(21,1560,27,NULL,46,NULL),(21,1560,29,NULL,5,NULL),(21,1560,10007,NULL,800,NULL),(21,1560,10008,NULL,1000,NULL),(22,1560,27,NULL,46,NULL),(22,1560,29,NULL,6,NULL),(22,1560,10007,NULL,800,NULL),(22,1560,10008,NULL,1000,NULL),(23,1560,27,NULL,46,NULL),(23,1560,29,NULL,7,NULL),(23,1560,10007,NULL,600,NULL),(23,1560,10008,NULL,800,NULL),(24,1560,27,NULL,46,NULL),(24,1560,29,NULL,8,NULL),(24,1560,10007,NULL,600,NULL),(24,1560,10008,NULL,800,NULL),(25,1560,27,NULL,46,NULL),(25,1560,29,NULL,9,NULL),(25,1560,10007,NULL,600,NULL),(25,1560,10008,NULL,800,NULL),(26,1560,27,NULL,45,NULL),(26,1560,29,NULL,10,NULL),(26,1560,10007,NULL,600,NULL),(26,1560,10008,NULL,1200,NULL),(27,1560,27,NULL,46,NULL),(27,1560,29,NULL,11,NULL),(27,1560,10007,NULL,600,NULL),(27,1560,10008,NULL,800,NULL),(28,1560,27,NULL,46,NULL),(28,1560,29,NULL,12,NULL),(28,1560,10007,NULL,600,NULL),(28,1560,10008,NULL,800,NULL),(29,1560,27,NULL,46,NULL),(29,1560,29,NULL,13,NULL),(29,1560,10007,NULL,600,NULL),(29,1560,10008,NULL,800,NULL),(40,9,6,NULL,18,NULL),(41,9,6,NULL,18,NULL),(42,9,6,NULL,42,NULL),(43,9,6,NULL,12,NULL),(44,9,6,NULL,18,NULL),(45,9,6,NULL,18,NULL),(46,9,6,NULL,42,NULL),(47,9,6,NULL,30,NULL),(50,9,6,NULL,24,NULL),(52,9,6,NULL,12,NULL),(53,9,6,NULL,12,NULL),(54,9,6,NULL,42,NULL),(55,9,6,NULL,42,NULL),(56,9,6,NULL,36,NULL),(57,9,6,NULL,6,NULL),(58,9,6,NULL,6,NULL),(59,9,6,NULL,6,NULL),(60,9,6,NULL,12,NULL),(61,9,6,NULL,12,NULL),(62,9,6,NULL,0,NULL),(63,9,6,NULL,0,NULL),(64,9,6,NULL,18,NULL),(65,9,6,NULL,18,NULL),(66,9,6,NULL,18,NULL),(67,9,6,NULL,18,NULL),(68,9,6,NULL,18,NULL),(69,9,6,NULL,24,NULL),(70,9,6,NULL,24,NULL),(71,9,6,NULL,24,NULL),(72,9,6,NULL,24,NULL),(73,9,6,NULL,18,NULL),(74,9,6,NULL,0,NULL),(75,9,6,NULL,12,NULL),(76,9,6,NULL,12,NULL),(77,9,6,NULL,12,NULL),(78,9,6,NULL,4,NULL),(79,9,6,NULL,36,NULL),(80,9,6,NULL,24,NULL),(81,9,6,NULL,6,NULL),(82,9,6,NULL,24,NULL),(83,9,6,NULL,24,NULL),(84,9,6,NULL,30,NULL),(86,9,6,NULL,6,NULL),(87,9,6,NULL,12,NULL),(88,9,6,NULL,24,NULL),(90,9,6,NULL,12,NULL),(91,9,6,NULL,24,NULL),(92,9,6,NULL,0,NULL),(93,9,6,NULL,0,NULL),(94,9,6,NULL,0,NULL),(95,9,6,NULL,0,NULL),(97,9,6,NULL,18,NULL),(98,9,6,NULL,18,NULL),(99,9,6,NULL,42,NULL),(100,9,6,NULL,12,NULL),(101,9,6,NULL,18,NULL),(102,9,6,NULL,18,NULL),(103,9,6,NULL,42,NULL),(104,9,6,NULL,12,NULL),(107,9,6,NULL,24,NULL),(109,9,6,NULL,12,NULL),(110,9,6,NULL,12,NULL),(111,9,6,NULL,42,NULL),(112,9,6,NULL,42,NULL),(113,9,6,NULL,36,NULL),(114,9,6,NULL,6,NULL),(115,9,6,NULL,18,NULL),(116,9,6,NULL,12,NULL),(117,9,6,NULL,12,NULL),(118,9,6,NULL,24,NULL),(119,9,6,NULL,0,NULL),(120,9,6,NULL,0,NULL),(121,9,6,NULL,18,NULL),(122,9,6,NULL,18,NULL),(123,9,6,NULL,18,NULL),(124,9,6,NULL,18,NULL),(125,9,6,NULL,18,NULL),(126,9,6,NULL,24,NULL),(127,9,6,NULL,24,NULL),(128,9,6,NULL,24,NULL),(129,9,6,NULL,24,NULL),(130,9,6,NULL,18,NULL),(131,9,6,NULL,0,NULL),(132,9,6,NULL,12,NULL),(133,9,6,NULL,12,NULL),(134,9,6,NULL,12,NULL),(135,9,6,NULL,4,NULL),(136,9,6,NULL,36,NULL),(137,9,6,NULL,24,NULL),(138,9,6,NULL,6,NULL),(139,9,6,NULL,24,NULL),(140,9,6,NULL,24,NULL),(141,9,6,NULL,30,NULL),(143,9,6,NULL,6,NULL),(144,9,6,NULL,12,NULL),(145,9,6,NULL,24,NULL),(147,9,6,NULL,12,NULL),(148,9,6,NULL,12,NULL),(149,9,6,NULL,0,NULL),(150,9,6,NULL,0,NULL),(151,9,6,NULL,0,NULL),(152,9,6,NULL,0,NULL),(154,4,1,'2M3PS62',NULL,NULL),(154,4,2,NULL,50000,NULL),(154,4,4,NULL,50008,NULL),(154,4,21,NULL,1561939200,NULL),(154,4,10000,'533',NULL,NULL),(154,4,10001,'795',NULL,NULL),(154,4,10004,'1 819',NULL,NULL),(154,4,10006,'2 713',NULL,NULL),(155,4,1,'2M4SS62',NULL,NULL),(155,4,2,NULL,50000,NULL),(155,4,4,NULL,50008,NULL),(155,4,21,NULL,1561939200,NULL),(155,4,26,NULL,1500,NULL),(155,4,10000,'533',NULL,NULL),(155,4,10001,'795',NULL,NULL),(155,4,10004,'1 819',NULL,NULL),(155,4,10006,'2 713',NULL,NULL),(156,4,1,'2M4QS62',NULL,NULL),(156,4,2,NULL,50000,NULL),(156,4,4,NULL,50008,NULL),(156,4,21,NULL,1561939200,NULL),(156,4,10000,'533',NULL,NULL),(156,4,10001,'795',NULL,NULL),(156,4,10004,'1 819',NULL,NULL),(156,4,10006,'2 713',NULL,NULL),(157,4,1,'2M4LS62',NULL,NULL),(157,4,2,NULL,50000,NULL),(157,4,4,NULL,50008,NULL),(157,4,21,NULL,1561939200,NULL),(157,4,10000,'533',NULL,NULL),(157,4,10001,'795',NULL,NULL),(157,4,10004,'1 819',NULL,NULL),(157,4,10006,'2 713',NULL,NULL),(158,4,1,'2MVN62S',NULL,NULL),(158,4,2,NULL,50000,NULL),(158,4,4,NULL,50009,NULL),(158,4,21,NULL,1561939200,NULL),(158,4,10000,'533',NULL,NULL),(158,4,10001,'795',NULL,NULL),(158,4,10004,'1 819',NULL,NULL),(158,4,10006,'2 713',NULL,NULL),(159,4,1,'8KLM2J2',NULL,NULL),(159,4,2,NULL,50000,NULL),(159,4,4,NULL,50008,NULL),(159,4,10000,'533',NULL,NULL),(159,4,10001,'795',NULL,NULL),(159,4,10004,'1 819',NULL,NULL),(159,4,10006,'2 713',NULL,NULL),(160,4,1,'2M5NS62',NULL,NULL),(160,4,2,NULL,50000,NULL),(160,4,4,NULL,50008,NULL),(160,4,21,NULL,1561939200,NULL),(160,4,10000,'533',NULL,NULL),(160,4,10001,'795',NULL,NULL),(160,4,10004,'1 819',NULL,NULL),(160,4,10006,'2 713',NULL,NULL),(161,4,1,'2MWKS62',NULL,NULL),(161,4,2,NULL,50000,NULL),(161,4,4,NULL,50008,NULL),(161,4,21,NULL,1561939200,NULL),(161,4,10000,'533',NULL,NULL),(161,4,10001,'795',NULL,NULL),(161,4,10004,'1 819',NULL,NULL),(161,4,10006,'2 713',NULL,NULL),(162,4,1,'2MXPS62',NULL,NULL),(162,4,2,NULL,50000,NULL),(162,4,21,NULL,1561939200,NULL),(162,4,10000,'533',NULL,NULL),(162,4,10001,'795',NULL,NULL),(162,4,10004,'1 819',NULL,NULL),(162,4,10006,'2 713',NULL,NULL),(163,4,1,'2MSKS62',NULL,NULL),(163,4,2,NULL,50000,NULL),(163,4,4,NULL,50008,NULL),(163,4,21,NULL,1561939200,NULL),(163,4,10000,'533',NULL,NULL),(163,4,10001,'795',NULL,NULL),(163,4,10004,'1 819',NULL,NULL),(163,4,10006,'2 713',NULL,NULL),(164,4,1,'2MWPS62',NULL,NULL),(164,4,2,NULL,50000,NULL),(164,4,4,NULL,50009,NULL),(164,4,21,NULL,1561939200,NULL),(164,4,10000,'533',NULL,NULL),(164,4,10001,'795',NULL,NULL),(164,4,10004,'1 819',NULL,NULL),(164,4,10006,'2 713',NULL,NULL),(165,4,2,NULL,50000,NULL),(165,4,4,NULL,50009,NULL),(165,4,21,NULL,1575158400,NULL),(165,4,10000,'533',NULL,NULL),(165,4,10001,'795',NULL,NULL),(165,4,10004,'1 819',NULL,NULL),(165,4,10006,'2 713',NULL,NULL),(166,4,2,NULL,50000,NULL),(166,4,4,NULL,50008,NULL),(166,4,10000,'533',NULL,NULL),(166,4,10001,'795',NULL,NULL),(166,4,10004,'1 819',NULL,NULL),(166,4,10006,'2 713',NULL,NULL),(167,4,1,'3LWNS62',NULL,NULL),(167,4,2,NULL,50000,NULL),(167,4,4,NULL,50008,NULL),(167,4,21,NULL,1561939200,NULL),(167,4,10000,'533',NULL,NULL),(167,4,10001,'795',NULL,NULL),(167,4,10004,'1 819',NULL,NULL),(167,4,10006,'2 713',NULL,NULL),(168,4,1,'2MMMS62',NULL,NULL),(168,4,2,NULL,50000,NULL),(168,4,4,NULL,50008,NULL),(168,4,21,NULL,1561939200,NULL),(168,4,10000,'533',NULL,NULL),(168,4,10001,'795',NULL,NULL),(168,4,10004,'1 819',NULL,NULL),(168,4,10006,'2 713',NULL,NULL),(169,4,1,'2MVMS62',NULL,NULL),(169,4,2,NULL,50000,NULL),(169,4,4,NULL,50008,NULL),(169,4,21,NULL,1561939200,NULL),(169,4,10000,'533',NULL,NULL),(169,4,10001,'795',NULL,NULL),(169,4,10004,'1 819',NULL,NULL),(169,4,10006,'2 713',NULL,NULL),(170,4,1,'2MSM62',NULL,NULL),(170,4,2,NULL,50000,NULL),(170,4,4,NULL,50008,NULL),(170,4,21,NULL,1561939200,NULL),(170,4,10000,'533',NULL,NULL),(170,4,10001,'795',NULL,NULL),(170,4,10004,'1 819',NULL,NULL),(170,4,10006,'2 713',NULL,NULL),(171,4,1,'3LVRS62',NULL,NULL),(171,4,2,NULL,50000,NULL),(171,4,4,NULL,50009,NULL),(171,4,21,NULL,1561939200,NULL),(171,4,10000,'533',NULL,NULL),(171,4,10001,'795',NULL,NULL),(171,4,10004,'1 819',NULL,NULL),(171,4,10006,'2 713',NULL,NULL),(172,4,2,NULL,50000,NULL),(172,4,4,NULL,50008,NULL),(172,4,10000,'533',NULL,NULL),(172,4,10001,'795',NULL,NULL),(172,4,10004,'1 819',NULL,NULL),(172,4,10006,'2 713',NULL,NULL),(173,4,1,'3LRPS62',NULL,NULL),(173,4,2,NULL,50000,NULL),(173,4,4,NULL,50008,NULL),(173,4,21,NULL,1561939200,NULL),(173,4,10000,'533',NULL,NULL),(173,4,10001,'795',NULL,NULL),(173,4,10004,'1 819',NULL,NULL),(173,4,10006,'2 713',NULL,NULL),(174,4,1,'3LSKS62',NULL,NULL),(174,4,2,NULL,50000,NULL),(174,4,4,NULL,50008,NULL),(174,4,10000,'533',NULL,NULL),(174,4,10001,'795',NULL,NULL),(174,4,10004,'1 819',NULL,NULL),(174,4,10006,'2 713',NULL,NULL),(175,4,1,'3LTRS62',NULL,NULL),(175,4,2,NULL,50000,NULL),(175,4,4,NULL,50008,NULL),(175,4,21,NULL,1561939200,NULL),(175,4,10000,'533',NULL,NULL),(175,4,10001,'795',NULL,NULL),(175,4,10004,'1 819',NULL,NULL),(175,4,10006,'2 713',NULL,NULL),(176,4,1,'2MSTS62',NULL,NULL),(176,4,2,NULL,50000,NULL),(176,4,4,NULL,50008,NULL),(176,4,21,NULL,1561939200,NULL),(176,4,10000,'533',NULL,NULL),(176,4,10001,'795',NULL,NULL),(176,4,10004,'1 819',NULL,NULL),(176,4,10006,'2 713',NULL,NULL),(177,4,1,'2MRPS62',NULL,NULL),(177,4,2,NULL,50000,NULL),(177,4,4,NULL,50009,NULL),(177,4,21,NULL,1561939200,NULL),(177,4,10000,'533',NULL,NULL),(177,4,10001,'795',NULL,NULL),(177,4,10004,'1 819',NULL,NULL),(177,4,10006,'2 713',NULL,NULL),(178,4,1,'65L5H92',NULL,NULL),(178,4,2,NULL,50000,NULL),(178,4,4,NULL,50009,NULL),(178,4,21,NULL,1575158400,NULL),(178,4,10000,'533',NULL,NULL),(178,4,10001,'795',NULL,NULL),(178,4,10004,'1 819',NULL,NULL),(178,4,10006,'2 713',NULL,NULL),(179,4,2,NULL,50000,NULL),(179,4,4,NULL,50008,NULL),(179,4,10000,'533',NULL,NULL),(179,4,10001,'795',NULL,NULL),(179,4,10004,'1 819',NULL,NULL),(179,4,10006,'2 713',NULL,NULL),(200,1787,30,NULL,50001,NULL),(200,1787,10000,'351',NULL,NULL),(200,1787,10004,'1 198',NULL,NULL),(201,1787,1,'211160BD',NULL,NULL),(201,1787,30,NULL,50001,NULL),(201,1787,10000,'351',NULL,NULL),(201,1787,10004,'1 198',NULL,NULL),(204,4,1,'21F917V',NULL,NULL),(204,4,2,NULL,50004,NULL),(204,4,10000,'2 300',NULL,NULL),(204,4,10004,'7 848',NULL,NULL),(205,4,1,'21F91V',NULL,NULL),(205,4,2,NULL,50004,NULL),(205,4,10000,'2 300',NULL,NULL),(205,4,10004,'7 848',NULL,NULL),(206,4,1,'21F912V',NULL,NULL),(206,4,2,NULL,50004,NULL),(206,4,10000,'2 300',NULL,NULL),(206,4,10004,'7 848',NULL,NULL),(207,4,1,'21F91BV',NULL,NULL),(207,4,2,NULL,50004,NULL),(207,4,10000,'2 300',NULL,NULL),(207,4,10004,'7 848',NULL,NULL),(208,4,1,'21F913V',NULL,NULL),(208,4,2,NULL,50004,NULL),(208,4,10000,'2 300',NULL,NULL),(208,4,10004,'7 848',NULL,NULL),(209,4,2,NULL,50003,NULL),(209,4,10000,'300',NULL,NULL),(209,4,10004,'1 024',NULL,NULL),(210,4,1,'21B62EV',NULL,NULL),(210,4,2,NULL,50004,NULL),(210,4,10000,'2 300',NULL,NULL),(210,4,10004,'7 848',NULL,NULL),(211,4,1,'214D14W',NULL,NULL),(211,4,2,NULL,50004,NULL),(211,4,10000,'2 300',NULL,NULL),(211,4,10001,'7 848',NULL,NULL),(212,4,1,'214D15W',NULL,NULL),(212,4,2,NULL,50004,NULL),(212,4,10000,'2 300',NULL,NULL),(212,4,10001,' 7 848',NULL,NULL),(213,4,1,'21F919V',NULL,NULL),(213,4,2,NULL,50004,NULL),(213,4,10000,'2 300',NULL,NULL),(213,4,10004,'7 848',NULL,NULL),(214,4,1,'21F915V',NULL,NULL),(214,4,2,NULL,50004,NULL),(214,4,10000,'2 300',NULL,NULL),(214,4,10004,'7 848',NULL,NULL),(215,4,1,'21F91AV',NULL,NULL),(215,4,2,NULL,50004,NULL),(215,4,10000,'2 300',NULL,NULL),(215,4,10004,'7 848',NULL,NULL),(216,4,1,'21F916V',NULL,NULL),(216,4,2,NULL,50004,NULL),(216,4,10000,'2 300',NULL,NULL),(216,4,10004,'7 848',NULL,NULL),(217,4,1,'21F918V',NULL,NULL),(217,4,2,NULL,50004,NULL),(217,4,10000,'2 300',NULL,NULL),(217,4,10004,'7 848',NULL,NULL),(218,4,2,NULL,50003,NULL),(218,4,10000,'300',NULL,NULL),(218,4,10004,'1024',NULL,NULL),(219,4,1,'21D3C4V',NULL,NULL),(219,4,2,NULL,50004,NULL),(219,4,10000,'2 300',NULL,NULL),(219,4,10004,'7 848',NULL,NULL),(220,4,1,'214E51W',NULL,NULL),(220,4,2,NULL,50004,NULL),(221,4,1,'214D13W',NULL,NULL),(221,4,2,NULL,50004,NULL),(221,4,10000,'2 300',NULL,NULL),(221,4,10004,'7 848',NULL,NULL),(222,5,2,NULL,50005,NULL),(223,5,2,NULL,50005,NULL),(225,4,4,NULL,2404,NULL),(226,4,4,NULL,2404,NULL),(227,4,4,NULL,2404,NULL),(228,4,4,NULL,2404,NULL),(229,4,4,NULL,2404,NULL),(230,4,1,'2V6BF02',NULL,NULL),(230,4,2,NULL,2147,NULL),(230,4,4,NULL,1812,NULL),(231,4,1,'CZ2400403HT',NULL,NULL),(231,4,2,NULL,105,NULL),(231,4,4,NULL,1812,NULL),(232,4,1,'88448C2',NULL,NULL),(232,4,2,NULL,2390,NULL),(232,4,4,NULL,2143,NULL),(233,4,1,'87S68C2',NULL,NULL),(233,4,2,NULL,2390,NULL),(233,4,4,NULL,2143,NULL),(234,4,2,NULL,50011,NULL),(235,4,4,NULL,2064,NULL),(236,4,4,NULL,2064,NULL),(237,5,10000,'2 245',NULL,NULL),(237,5,10001,'2 245',NULL,NULL),(237,5,10004,'8 330',NULL,NULL),(237,5,10006,'8 330',NULL,NULL),(238,5,10000,'2 245',NULL,NULL),(238,5,10001,'2 245',NULL,NULL),(238,5,10004,'8 330',NULL,NULL),(238,5,10006,'8 330',NULL,NULL),(239,5,10000,'970',NULL,NULL),(239,5,10001,'970',NULL,NULL),(239,5,10004,'3 305',NULL,NULL),(239,5,10006,'3 305',NULL,NULL),(240,5,10000,'970',NULL,NULL),(240,5,10001,'970',NULL,NULL),(240,5,10004,'3 305',NULL,NULL),(240,5,10006,'3 305',NULL,NULL),(241,5,10000,'970',NULL,NULL),(241,5,10001,'970',NULL,NULL),(241,5,10004,'3 305',NULL,NULL),(241,5,10006,'3 305',NULL,NULL),(244,8,2,NULL,50014,NULL),(244,8,3,'DC301NX',NULL,NULL),(244,8,5,'7.0(3)I2(2d)',NULL,NULL),(245,8,2,NULL,50014,NULL),(245,8,3,'DC302NX',NULL,NULL),(245,8,5,'7.0(3)I2(2d)',NULL,NULL),(246,8,2,NULL,2427,NULL),(246,8,3,'DC301NX',NULL,NULL),(246,8,5,'7.0(3)I2(2d)',NULL,NULL),(247,8,2,NULL,2427,NULL),(247,8,3,'DC302NX',NULL,NULL),(247,8,5,'7.0(3)I2(2d)',NULL,NULL),(248,8,1,'FOC1935X0PE',NULL,NULL),(248,8,3,'DC304SW.groupeseb.com',NULL,NULL),(248,8,16,NULL,3299,NULL),(248,8,17,NULL,528,NULL),(249,8,1,'FOC1935X0PE',NULL,NULL),(249,8,3,'DC304SW.groupeseb.com',NULL,NULL),(249,8,16,NULL,3299,NULL),(249,8,17,NULL,528,NULL),(250,8,1,'FOC1929W56G',NULL,NULL),(250,8,2,NULL,2119,NULL),(250,8,3,'DC302SW-OOB.groupeseb.com',NULL,NULL),(250,8,5,'15.0(2a)EX5',NULL,NULL),(250,8,17,NULL,440,NULL),(251,8,1,'FOC1929W56G',NULL,NULL),(251,8,2,NULL,2119,NULL),(251,8,3,'DC302SW-OOB.groupeseb.com',NULL,NULL),(251,8,5,'15.0(2a)EX5',NULL,NULL),(251,8,17,NULL,440,NULL),(252,8,2,NULL,1414,NULL),(252,8,3,'DC301NX',NULL,NULL),(252,8,5,'7.0(3)I2(2d)',NULL,NULL),(253,8,2,NULL,1414,NULL),(253,8,3,'DC302NX',NULL,NULL),(253,8,5,'7.0(3)I2(2d)',NULL,NULL),(254,8,2,NULL,1415,NULL),(254,8,3,'DC301NX',NULL,NULL),(254,8,5,'7.0(3)I2(2d)',NULL,NULL),(255,8,2,NULL,1415,NULL),(255,8,3,'DC302NX',NULL,NULL),(255,8,5,'7.0(3)I2(2d)',NULL,NULL),(256,4,4,NULL,2404,NULL),(257,4,1,'GMR6RG2',NULL,NULL),(257,4,4,NULL,50009,NULL),(258,4,1,'6PQXTB2',NULL,NULL),(258,4,2,NULL,2390,NULL),(258,4,4,NULL,50009,NULL),(258,4,21,NULL,1581984000,NULL),(259,4,1,'GWL9WC2',NULL,NULL),(259,4,4,NULL,50009,NULL),(260,4,4,NULL,50009,NULL),(261,4,4,NULL,50009,NULL),(262,4,2,NULL,50010,NULL),(263,4,4,NULL,50009,NULL),(264,4,4,NULL,2064,NULL),(265,4,4,NULL,2064,NULL),(266,4,4,NULL,2064,NULL),(267,4,4,NULL,2064,NULL),(268,4,4,NULL,2064,NULL),(269,4,4,NULL,1812,NULL),(270,4,4,NULL,2143,NULL),(273,8,2,NULL,50014,NULL),(273,8,3,'DC401NX',NULL,NULL),(273,8,5,'7.0(3)I2(2a)',NULL,NULL),(274,8,2,NULL,2427,NULL),(274,8,3,'DC402NX',NULL,NULL),(274,8,5,'7.0(3)I2(2a)',NULL,NULL),(275,8,2,NULL,2427,NULL),(275,8,3,'DC401NX',NULL,NULL),(275,8,5,'7.0(3)I2(2a)',NULL,NULL),(276,8,2,NULL,2427,NULL),(276,8,3,'DC402NX',NULL,NULL),(276,8,5,'7.0(3)I2(2a)',NULL,NULL),(277,8,1,'FCW1935D0M8',NULL,NULL),(277,8,3,'DC404SW.groupeseb.com',NULL,NULL),(277,8,16,NULL,3299,NULL),(277,8,17,NULL,528,NULL),(278,8,1,'FCW1935D0M8',NULL,NULL),(278,8,3,'DC404SW.groupeseb.com',NULL,NULL),(278,8,16,NULL,3299,NULL),(278,8,17,NULL,528,NULL),(279,4,1,'GN69RG2',NULL,NULL),(279,4,4,NULL,50009,NULL),(280,4,1,'6PQZTB2',NULL,NULL),(280,4,2,NULL,2390,NULL),(280,4,4,NULL,50009,NULL),(280,4,21,NULL,1581984000,NULL),(281,4,1,'GWQBWC2',NULL,NULL),(281,4,2,NULL,2390,NULL),(281,4,4,NULL,50009,NULL),(281,4,21,NULL,1586908800,NULL),(282,4,4,NULL,50009,NULL),(283,4,4,NULL,50009,NULL),(284,4,2,NULL,50010,NULL),(285,4,4,NULL,2064,NULL),(286,4,4,NULL,50009,NULL),(287,4,4,NULL,50009,NULL),(288,4,4,NULL,50009,NULL),(289,4,1,'GGBTJD2',NULL,NULL),(289,4,2,NULL,2386,NULL),(290,4,1,'CZ240403HV',NULL,NULL),(290,4,2,NULL,105,NULL),(290,4,4,NULL,1812,NULL),(291,4,1,'GNZ58C2',NULL,NULL),(291,4,2,NULL,2390,NULL),(291,4,4,NULL,2143,NULL),(292,4,1,'GP798C2',NULL,NULL),(292,4,2,NULL,2390,NULL),(292,4,4,NULL,2143,NULL),(293,4,4,NULL,2064,NULL),(294,4,4,NULL,2064,NULL),(295,4,4,NULL,50009,NULL),(296,4,4,NULL,2064,NULL),(297,4,4,NULL,2064,NULL),(298,4,4,NULL,2064,NULL),(299,4,4,NULL,2064,NULL),(300,4,4,NULL,2064,NULL),(301,4,4,NULL,2143,NULL),(302,4,4,NULL,1812,NULL),(303,7,2,NULL,50006,NULL),(304,7,2,NULL,50007,NULL),(306,7,2,NULL,50006,NULL),(307,7,2,NULL,50007,NULL),(311,798,2,NULL,2186,NULL),(311,798,10000,'670',NULL,NULL),(311,798,10001,'770',NULL,NULL),(312,798,2,NULL,2183,NULL),(312,798,10000,'670',NULL,NULL),(312,798,10001,'770',NULL,NULL),(313,798,2,NULL,2188,NULL),(319,4,1,'86V24G2',NULL,NULL),(319,4,2,NULL,2388,NULL),(320,8,1,'FOC1929W53L',NULL,NULL),(320,8,2,NULL,1394,NULL),(320,8,3,'DC402SW-OOB.groupeseb.com',NULL,NULL),(320,8,5,'15.0(2a)EX5',NULL,NULL),(320,8,17,NULL,440,NULL),(321,8,1,'FOC1929W53L',NULL,NULL),(321,8,2,NULL,1394,NULL),(321,8,3,'DC402SW-OOB.groupeseb.com',NULL,NULL),(321,8,5,'15.0(2a)EX5',NULL,NULL),(321,8,17,NULL,440,NULL),(322,8,2,NULL,1414,NULL),(322,8,3,'DC401NX',NULL,NULL),(322,8,5,'7.0(3)I2(2a)',NULL,NULL),(323,8,2,NULL,1414,NULL),(323,8,3,'DC402NX',NULL,NULL),(323,8,5,'7.0(3)I2(2a)',NULL,NULL),(324,8,2,NULL,1415,NULL),(324,8,3,'DC401NX',NULL,NULL),(324,8,5,'7.0(3)I2(2a)',NULL,NULL),(325,8,2,NULL,1415,NULL),(325,8,3,'DC402NX',NULL,NULL),(325,8,5,'7.0(3)I2(2a)',NULL,NULL),(327,7,2,NULL,50006,NULL),(328,798,2,NULL,2186,NULL),(328,798,10000,'670',NULL,NULL),(328,798,10001,'770',NULL,NULL),(329,798,2,NULL,2183,NULL),(329,798,10000,'670',NULL,NULL),(329,798,10001,'770',NULL,NULL),(330,798,10000,'670',NULL,NULL),(330,798,10001,'770',NULL,NULL),(335,4,1,'81BX74J',NULL,NULL),(335,4,2,NULL,65,NULL),(363,2,10009,NULL,14,NULL),(363,2,10010,NULL,4,NULL),(370,2,10009,NULL,14,NULL),(370,2,10010,NULL,4,NULL),(391,2,10009,NULL,14,NULL),(391,2,10010,NULL,10,NULL),(392,2,10009,NULL,14,NULL),(392,2,10010,NULL,0,NULL),(393,2,10009,NULL,14,NULL),(393,2,10010,NULL,9,NULL),(394,2,10009,NULL,14,NULL),(394,2,10010,NULL,7,NULL),(397,2,10009,NULL,14,NULL),(397,2,10010,NULL,8,NULL),(401,2,10009,NULL,14,NULL),(401,2,10010,NULL,8,NULL),(402,2,10009,NULL,14,NULL),(402,2,10010,NULL,2,NULL),(403,2,10009,NULL,14,NULL),(403,2,10010,NULL,0,NULL),(404,2,10009,NULL,14,NULL),(404,2,10010,NULL,10,NULL),(405,2,10009,NULL,14,NULL),(405,2,10010,NULL,8,NULL),(406,2,10009,NULL,14,NULL),(406,2,10010,NULL,6,NULL),(409,2,10009,NULL,14,NULL),(409,2,10010,NULL,0,NULL),(410,2,10009,NULL,14,NULL),(410,2,10010,NULL,0,NULL),(411,2,10009,NULL,14,NULL),(411,2,10010,NULL,4,NULL),(412,2,10009,NULL,14,NULL),(412,2,10010,NULL,2,NULL),(413,2,10009,NULL,14,NULL),(413,2,10010,NULL,6,NULL),(414,2,10009,NULL,14,NULL),(414,2,10010,NULL,0,NULL),(415,2,10009,NULL,14,NULL),(415,2,10010,NULL,0,NULL),(416,2,10009,NULL,14,NULL),(416,2,10010,NULL,0,NULL),(417,2,10009,NULL,14,NULL),(417,2,10010,NULL,0,NULL),(418,2,10009,NULL,14,NULL),(418,2,10010,NULL,1,NULL),(419,2,10009,NULL,14,NULL),(419,2,10010,NULL,2,NULL),(420,2,10009,NULL,14,NULL),(420,2,10010,NULL,6,NULL),(421,2,10009,NULL,14,NULL),(421,2,10010,NULL,0,NULL),(422,2,10009,NULL,14,NULL),(422,2,10010,NULL,0,NULL),(423,2,10009,NULL,14,NULL),(423,2,10010,NULL,2,NULL),(424,2,10009,NULL,14,NULL),(424,2,10010,NULL,1,NULL),(425,2,10009,NULL,14,NULL),(425,2,10010,NULL,2,NULL),(426,2,10009,NULL,14,NULL),(426,2,10010,NULL,2,NULL),(427,2,10009,NULL,14,NULL),(427,2,10010,NULL,0,NULL),(428,2,10009,NULL,14,NULL),(428,2,10010,NULL,0,NULL),(429,2,10009,NULL,14,NULL),(429,2,10010,NULL,6,NULL),(430,2,10009,NULL,14,NULL),(430,2,10010,NULL,1,NULL),(431,2,10009,NULL,14,NULL),(431,2,10010,NULL,2,NULL),(432,2,10009,NULL,14,NULL),(432,2,10010,NULL,2,NULL),(434,2,10009,NULL,14,NULL),(434,2,10010,NULL,0,NULL),(435,2,10009,NULL,14,NULL),(435,2,10010,NULL,0,NULL),(436,2,10009,NULL,14,NULL),(436,2,10010,NULL,10,NULL),(437,2,10009,NULL,14,NULL),(437,2,10010,NULL,8,NULL),(438,2,10009,NULL,14,NULL),(438,2,10010,NULL,6,NULL),(439,2,10009,NULL,14,NULL),(439,2,10010,NULL,0,NULL),(440,2,10009,NULL,14,NULL),(440,2,10010,NULL,0,NULL),(441,2,10009,NULL,14,NULL),(441,2,10010,NULL,0,NULL),(442,2,10009,NULL,14,NULL),(442,2,10010,NULL,9,NULL),(443,2,10009,NULL,14,NULL),(443,2,10010,NULL,10,NULL),(444,2,10009,NULL,14,NULL),(444,2,10010,NULL,0,NULL),(445,2,10009,NULL,14,NULL),(445,2,10010,NULL,0,NULL),(446,2,10009,NULL,14,NULL),(446,2,10010,NULL,0,NULL),(447,2,10009,NULL,14,NULL),(447,2,10010,NULL,0,NULL),(448,2,10009,NULL,14,NULL),(448,2,10010,NULL,0,NULL),(449,2,10009,NULL,14,NULL),(449,2,10010,NULL,0,NULL),(450,2,10009,NULL,14,NULL),(450,2,10010,NULL,0,NULL),(451,2,10009,NULL,14,NULL),(451,2,10010,NULL,11,NULL),(455,2,10009,NULL,14,NULL),(455,2,10010,NULL,1,NULL),(456,2,10009,NULL,14,NULL),(456,2,10010,NULL,10,NULL),(457,2,10009,NULL,14,NULL),(457,2,10010,NULL,12,NULL),(458,2,10009,NULL,14,NULL),(458,2,10010,NULL,0,NULL),(459,2,10009,NULL,14,NULL),(459,2,10010,NULL,0,NULL),(460,2,10009,NULL,14,NULL),(460,2,10010,NULL,0,NULL),(461,2,10009,NULL,14,NULL),(461,2,10010,NULL,0,NULL),(462,2,10009,NULL,14,NULL),(462,2,10010,NULL,0,NULL),(463,2,10009,NULL,14,NULL),(463,2,10010,NULL,0,NULL),(464,2,10009,NULL,14,NULL),(464,2,10010,NULL,0,NULL),(466,2,10009,NULL,14,NULL),(466,2,10010,NULL,0,NULL),(467,2,10009,NULL,14,NULL),(467,2,10010,NULL,0,NULL),(469,2,10009,NULL,14,NULL),(469,2,10010,NULL,0,NULL),(472,2,10009,NULL,14,NULL),(472,2,10010,NULL,8,NULL),(473,2,10009,NULL,14,NULL),(473,2,10010,NULL,7,NULL),(474,2,10009,NULL,14,NULL),(474,2,10010,NULL,11,NULL),(475,2,10009,NULL,14,NULL),(475,2,10010,NULL,3,NULL),(476,2,10009,NULL,14,NULL),(476,2,10010,NULL,1,NULL),(477,2,10009,NULL,14,NULL),(477,2,10010,NULL,0,NULL),(478,2,10009,NULL,14,NULL),(478,2,10010,NULL,8,NULL),(479,2,10009,NULL,14,NULL),(479,2,10010,NULL,0,NULL),(480,2,10009,NULL,14,NULL),(480,2,10010,NULL,12,NULL),(481,2,10009,NULL,14,NULL),(481,2,10010,NULL,7,NULL),(482,2,10009,NULL,14,NULL),(482,2,10010,NULL,7,NULL),(484,2,10009,NULL,14,NULL),(484,2,10010,NULL,0,NULL),(485,2,10009,NULL,14,NULL),(485,2,10010,NULL,0,NULL),(486,2,10009,NULL,14,NULL),(486,2,10010,NULL,0,NULL),(487,2,10009,NULL,14,NULL),(487,2,10010,NULL,4,NULL),(488,2,10009,NULL,14,NULL),(488,2,10010,NULL,4,NULL),(489,2,10009,NULL,14,NULL),(489,2,10010,NULL,6,NULL),(490,2,10009,NULL,14,NULL),(490,2,10010,NULL,0,NULL),(491,2,10009,NULL,14,NULL),(491,2,10010,NULL,0,NULL),(492,2,10009,NULL,14,NULL),(492,2,10010,NULL,0,NULL),(493,2,10009,NULL,14,NULL),(493,2,10010,NULL,2,NULL),(494,2,10009,NULL,14,NULL),(494,2,10010,NULL,6,NULL),(495,2,10009,NULL,14,NULL),(495,2,10010,NULL,6,NULL),(496,2,10009,NULL,14,NULL),(496,2,10010,NULL,0,NULL),(497,2,10009,NULL,14,NULL),(497,2,10010,NULL,0,NULL),(498,2,10009,NULL,14,NULL),(498,2,10010,NULL,0,NULL),(499,2,10009,NULL,9,NULL),(499,2,10010,NULL,6,NULL),(500,2,10009,NULL,9,NULL),(500,2,10010,NULL,6,NULL),(501,2,10009,NULL,14,NULL),(501,2,10010,NULL,4,NULL),(503,2,10009,NULL,14,NULL),(503,2,10010,NULL,1,NULL),(504,2,10009,NULL,14,NULL),(504,2,10010,NULL,0,NULL),(505,2,10009,NULL,14,NULL),(505,2,10010,NULL,0,NULL),(506,2,10009,NULL,14,NULL),(506,2,10010,NULL,1,NULL),(507,2,10009,NULL,14,NULL),(507,2,10010,NULL,10,NULL),(508,2,10009,NULL,14,NULL),(508,2,10010,NULL,6,NULL),(510,2,10009,NULL,14,NULL),(510,2,10010,NULL,1,NULL),(511,2,10009,NULL,14,NULL),(511,2,10010,NULL,3,NULL),(512,2,10009,NULL,14,NULL),(512,2,10010,NULL,7,NULL),(513,2,10009,NULL,14,NULL),(513,2,10010,NULL,9,NULL),(514,2,10009,NULL,14,NULL),(514,2,10010,NULL,8,NULL),(515,2,10009,NULL,14,NULL),(515,2,10010,NULL,5,NULL),(516,2,10009,NULL,14,NULL),(516,2,10010,NULL,0,NULL),(517,2,10009,NULL,14,NULL),(517,2,10010,NULL,0,NULL),(518,2,10009,NULL,14,NULL),(518,2,10010,NULL,3,NULL),(519,2,10009,NULL,14,NULL),(519,2,10010,NULL,7,NULL),(520,2,10009,NULL,14,NULL),(520,2,10010,NULL,10,NULL),(522,2,10009,NULL,14,NULL),(522,2,10010,NULL,0,NULL),(523,2,10009,NULL,14,NULL),(523,2,10010,NULL,0,NULL),(524,2,10009,NULL,14,NULL),(524,2,10010,NULL,0,NULL),(525,2,10009,NULL,14,NULL),(525,2,10010,NULL,0,NULL),(526,2,10009,NULL,14,NULL),(526,2,10010,NULL,3,NULL),(527,2,10009,NULL,14,NULL),(527,2,10010,NULL,1,NULL),(528,2,10009,NULL,14,NULL),(528,2,10010,NULL,0,NULL),(529,2,10009,NULL,14,NULL),(529,2,10010,NULL,0,NULL),(530,2,10009,NULL,14,NULL),(530,2,10010,NULL,10,NULL),(531,2,10009,NULL,14,NULL),(531,2,10010,NULL,3,NULL),(532,2,10009,NULL,14,NULL),(532,2,10010,NULL,2,NULL),(533,2,10009,NULL,14,NULL),(533,2,10010,NULL,6,NULL),(534,2,10009,NULL,14,NULL),(534,2,10010,NULL,0,NULL),(535,2,10009,NULL,14,NULL),(535,2,10010,NULL,0,NULL),(536,2,10009,NULL,14,NULL),(536,2,10010,NULL,0,NULL),(537,2,10009,NULL,14,NULL),(537,2,10010,NULL,0,NULL),(538,2,10009,NULL,14,NULL),(538,2,10010,NULL,0,NULL),(539,2,10009,NULL,14,NULL),(539,2,10010,NULL,0,NULL),(540,2,10009,NULL,14,NULL),(540,2,10010,NULL,0,NULL),(541,2,10009,NULL,14,NULL),(541,2,10010,NULL,0,NULL),(542,2,10009,NULL,14,NULL),(542,2,10010,NULL,0,NULL),(543,2,10009,NULL,14,NULL),(543,2,10010,NULL,0,NULL),(544,2,10009,NULL,14,NULL),(544,2,10010,NULL,0,NULL),(545,2,10009,NULL,14,NULL),(545,2,10010,NULL,2,NULL),(546,2,10009,NULL,14,NULL),(546,2,10010,NULL,1,NULL),(547,2,10009,NULL,14,NULL),(547,2,10010,NULL,2,NULL),(548,2,10009,NULL,9,NULL),(548,2,10010,NULL,6,NULL),(550,1560,27,NULL,46,NULL),(550,1560,29,NULL,13,NULL),(550,1560,10007,NULL,800,NULL),(550,1560,10008,NULL,1200,NULL),(551,9,6,NULL,31,NULL),(552,9,6,NULL,24,NULL),(553,9,6,NULL,24,NULL),(554,9,6,NULL,24,NULL),(555,9,6,NULL,24,NULL),(556,9,6,NULL,24,NULL),(557,9,6,NULL,24,NULL),(558,9,6,NULL,24,NULL),(567,1560,27,NULL,46,NULL),(567,1560,29,NULL,13,NULL);
/*!40000 ALTER TABLE `AttributeValue` ENABLE KEYS */;
UNLOCK TABLES;

--
-- Table structure for table `AttributeValue_IPv4`
--

DROP TABLE IF EXISTS `AttributeValue_IPv4`;
/*!40101 SET @saved_cs_client     = @@character_set_client */;
/*!40101 SET character_set_client = utf8 */;
CREATE TABLE `AttributeValue_IPv4` (
  `net_id` int(10) unsigned DEFAULT NULL,
  `object_tid` int(10) unsigned NOT NULL DEFAULT '49000',
  `attr_id` int(10) unsigned DEFAULT NULL,
  `string_value` char(255) DEFAULT NULL,
  `uint_value` int(10) unsigned DEFAULT NULL,
  `float_value` float DEFAULT NULL,
  UNIQUE KEY `net_id` (`net_id`,`attr_id`),
  KEY `attr_id-uint_value` (`attr_id`,`uint_value`),
  KEY `attr_id-string_value` (`attr_id`,`string_value`(12)),
  KEY `id-tid` (`net_id`,`object_tid`),
  KEY `object_tid-attr_id` (`net_id`,`attr_id`),
  KEY `AttributeValue_IPv4-FK-map` (`object_tid`,`attr_id`),
  CONSTRAINT `AttributeValue_IPv4-FK-map` FOREIGN KEY (`object_tid`, `attr_id`) REFERENCES `AttributeMap` (`objtype_id`, `attr_id`),
  CONSTRAINT `AttributeValue_IPv4-FK-object` FOREIGN KEY (`net_id`) REFERENCES `IPv4Network` (`id`) ON DELETE CASCADE ON UPDATE CASCADE
) ENGINE=InnoDB DEFAULT CHARSET=utf8;
/*!40101 SET character_set_client = @saved_cs_client */;

--
-- Dumping data for table `AttributeValue_IPv4`
--

LOCK TABLES `AttributeValue_IPv4` WRITE;
/*!40000 ALTER TABLE `AttributeValue_IPv4` DISABLE KEYS */;
/*!40000 ALTER TABLE `AttributeValue_IPv4` ENABLE KEYS */;
UNLOCK TABLES;

--
-- Table structure for table `AttributeValue_IPv6`
--

DROP TABLE IF EXISTS `AttributeValue_IPv6`;
/*!40101 SET @saved_cs_client     = @@character_set_client */;
/*!40101 SET character_set_client = utf8 */;
CREATE TABLE `AttributeValue_IPv6` (
  `net_id` int(10) unsigned DEFAULT NULL,
  `object_tid` int(10) unsigned NOT NULL DEFAULT '49001',
  `attr_id` int(10) unsigned DEFAULT NULL,
  `string_value` char(255) DEFAULT NULL,
  `uint_value` int(10) unsigned DEFAULT NULL,
  `float_value` float DEFAULT NULL,
  UNIQUE KEY `net_id` (`net_id`,`attr_id`),
  KEY `attr_id-uint_value` (`attr_id`,`uint_value`),
  KEY `attr_id-string_value` (`attr_id`,`string_value`(12)),
  KEY `id-tid` (`net_id`,`object_tid`),
  KEY `object_tid-attr_id` (`net_id`,`attr_id`),
  KEY `AttributeValue_IPv6-FK-map` (`object_tid`,`attr_id`),
  CONSTRAINT `AttributeValue_IPv6-FK-map` FOREIGN KEY (`object_tid`, `attr_id`) REFERENCES `AttributeMap` (`objtype_id`, `attr_id`),
  CONSTRAINT `AttributeValue_IPv6-FK-object` FOREIGN KEY (`net_id`) REFERENCES `IPv6Network` (`id`) ON DELETE CASCADE ON UPDATE CASCADE
) ENGINE=InnoDB DEFAULT CHARSET=utf8;
/*!40101 SET character_set_client = @saved_cs_client */;

--
-- Dumping data for table `AttributeValue_IPv6`
--

LOCK TABLES `AttributeValue_IPv6` WRITE;
/*!40000 ALTER TABLE `AttributeValue_IPv6` DISABLE KEYS */;
/*!40000 ALTER TABLE `AttributeValue_IPv6` ENABLE KEYS */;
UNLOCK TABLES;

--
-- Table structure for table `AutoPort`
--

DROP TABLE IF EXISTS `AutoPort`;
/*!40101 SET @saved_cs_client     = @@character_set_client */;
/*!40101 SET character_set_client = utf8 */;
CREATE TABLE `AutoPort` (
  `dict_key` int(10) unsigned NOT NULL AUTO_INCREMENT,
  `autoportconfig` text NOT NULL,
  UNIQUE KEY `dict_key` (`dict_key`)
) ENGINE=MyISAM AUTO_INCREMENT=10 DEFAULT CHARSET=utf8;
/*!40101 SET character_set_client = @saved_cs_client */;

--
-- Dumping data for table `AutoPort`
--

LOCK TABLES `AutoPort` WRITE;
/*!40000 ALTER TABLE `AutoPort` DISABLE KEYS */;
INSERT INTO `AutoPort` VALUES (9,'1|%n|eth%u|24|%u;1|%n|eth%ulink|50198'),(4,'');
/*!40000 ALTER TABLE `AutoPort` ENABLE KEYS */;
UNLOCK TABLES;

--
-- Table structure for table `CachedPAV`
--

DROP TABLE IF EXISTS `CachedPAV`;
/*!40101 SET @saved_cs_client     = @@character_set_client */;
/*!40101 SET character_set_client = utf8 */;
CREATE TABLE `CachedPAV` (
  `object_id` int(10) unsigned NOT NULL,
  `port_name` char(255) COLLATE utf8_unicode_ci NOT NULL,
  `vlan_id` int(10) unsigned NOT NULL DEFAULT '0',
  PRIMARY KEY (`object_id`,`port_name`,`vlan_id`),
  KEY `vlan_id` (`vlan_id`),
  CONSTRAINT `CachedPAV-FK-object-port` FOREIGN KEY (`object_id`, `port_name`) REFERENCES `CachedPVM` (`object_id`, `port_name`) ON DELETE CASCADE,
  CONSTRAINT `CachedPAV-FK-vlan_id` FOREIGN KEY (`vlan_id`) REFERENCES `VLANValidID` (`vlan_id`)
) ENGINE=InnoDB DEFAULT CHARSET=utf8 COLLATE=utf8_unicode_ci;
/*!40101 SET character_set_client = @saved_cs_client */;

--
-- Dumping data for table `CachedPAV`
--

LOCK TABLES `CachedPAV` WRITE;
/*!40000 ALTER TABLE `CachedPAV` DISABLE KEYS */;
/*!40000 ALTER TABLE `CachedPAV` ENABLE KEYS */;
UNLOCK TABLES;

--
-- Table structure for table `CachedPNV`
--

DROP TABLE IF EXISTS `CachedPNV`;
/*!40101 SET @saved_cs_client     = @@character_set_client */;
/*!40101 SET character_set_client = utf8 */;
CREATE TABLE `CachedPNV` (
  `object_id` int(10) unsigned NOT NULL,
  `port_name` char(255) COLLATE utf8_unicode_ci NOT NULL,
  `vlan_id` int(10) unsigned NOT NULL DEFAULT '0',
  PRIMARY KEY (`object_id`,`port_name`,`vlan_id`),
  UNIQUE KEY `port_id` (`object_id`,`port_name`),
  CONSTRAINT `CachedPNV-FK-compound` FOREIGN KEY (`object_id`, `port_name`, `vlan_id`) REFERENCES `CachedPAV` (`object_id`, `port_name`, `vlan_id`) ON DELETE CASCADE
) ENGINE=InnoDB DEFAULT CHARSET=utf8 COLLATE=utf8_unicode_ci;
/*!40101 SET character_set_client = @saved_cs_client */;

--
-- Dumping data for table `CachedPNV`
--

LOCK TABLES `CachedPNV` WRITE;
/*!40000 ALTER TABLE `CachedPNV` DISABLE KEYS */;
/*!40000 ALTER TABLE `CachedPNV` ENABLE KEYS */;
UNLOCK TABLES;

--
-- Table structure for table `CachedPVM`
--

DROP TABLE IF EXISTS `CachedPVM`;
/*!40101 SET @saved_cs_client     = @@character_set_client */;
/*!40101 SET character_set_client = utf8 */;
CREATE TABLE `CachedPVM` (
  `object_id` int(10) unsigned NOT NULL,
  `port_name` char(255) COLLATE utf8_unicode_ci NOT NULL,
  `vlan_mode` enum('access','trunk') COLLATE utf8_unicode_ci NOT NULL DEFAULT 'access',
  PRIMARY KEY (`object_id`,`port_name`),
  CONSTRAINT `CachedPVM-FK-object_id` FOREIGN KEY (`object_id`) REFERENCES `Object` (`id`) ON DELETE CASCADE
) ENGINE=InnoDB DEFAULT CHARSET=utf8 COLLATE=utf8_unicode_ci;
/*!40101 SET character_set_client = @saved_cs_client */;

--
-- Dumping data for table `CachedPVM`
--

LOCK TABLES `CachedPVM` WRITE;
/*!40000 ALTER TABLE `CachedPVM` DISABLE KEYS */;
/*!40000 ALTER TABLE `CachedPVM` ENABLE KEYS */;
UNLOCK TABLES;

--
-- Table structure for table `CactiGraph`
--

DROP TABLE IF EXISTS `CactiGraph`;
/*!40101 SET @saved_cs_client     = @@character_set_client */;
/*!40101 SET character_set_client = utf8 */;
CREATE TABLE `CactiGraph` (
  `object_id` int(10) unsigned NOT NULL,
  `server_id` int(10) unsigned NOT NULL,
  `graph_id` int(10) unsigned NOT NULL,
  `caption` char(255) COLLATE utf8_unicode_ci DEFAULT NULL,
  PRIMARY KEY (`object_id`,`server_id`,`graph_id`),
  KEY `graph_id` (`graph_id`),
  KEY `server_id` (`server_id`),
  CONSTRAINT `CactiGraph-FK-object_id` FOREIGN KEY (`object_id`) REFERENCES `Object` (`id`) ON DELETE CASCADE,
  CONSTRAINT `CactiGraph-FK-server_id` FOREIGN KEY (`server_id`) REFERENCES `CactiServer` (`id`)
) ENGINE=InnoDB DEFAULT CHARSET=utf8 COLLATE=utf8_unicode_ci;
/*!40101 SET character_set_client = @saved_cs_client */;

--
-- Dumping data for table `CactiGraph`
--

LOCK TABLES `CactiGraph` WRITE;
/*!40000 ALTER TABLE `CactiGraph` DISABLE KEYS */;
/*!40000 ALTER TABLE `CactiGraph` ENABLE KEYS */;
UNLOCK TABLES;

--
-- Table structure for table `CactiServer`
--

DROP TABLE IF EXISTS `CactiServer`;
/*!40101 SET @saved_cs_client     = @@character_set_client */;
/*!40101 SET character_set_client = utf8 */;
CREATE TABLE `CactiServer` (
  `id` int(10) unsigned NOT NULL AUTO_INCREMENT,
  `base_url` char(255) COLLATE utf8_unicode_ci DEFAULT NULL,
  `username` char(64) COLLATE utf8_unicode_ci DEFAULT NULL,
  `password` char(64) COLLATE utf8_unicode_ci DEFAULT NULL,
  PRIMARY KEY (`id`)
) ENGINE=InnoDB DEFAULT CHARSET=utf8 COLLATE=utf8_unicode_ci;
/*!40101 SET character_set_client = @saved_cs_client */;

--
-- Dumping data for table `CactiServer`
--

LOCK TABLES `CactiServer` WRITE;
/*!40000 ALTER TABLE `CactiServer` DISABLE KEYS */;
/*!40000 ALTER TABLE `CactiServer` ENABLE KEYS */;
UNLOCK TABLES;

--
-- Table structure for table `Chapter`
--

DROP TABLE IF EXISTS `Chapter`;
/*!40101 SET @saved_cs_client     = @@character_set_client */;
/*!40101 SET character_set_client = utf8 */;
CREATE TABLE `Chapter` (
  `id` int(10) unsigned NOT NULL AUTO_INCREMENT,
  `sticky` enum('yes','no') COLLATE utf8_unicode_ci DEFAULT 'no',
  `name` char(128) COLLATE utf8_unicode_ci NOT NULL,
  PRIMARY KEY (`id`),
  UNIQUE KEY `name` (`name`)
) ENGINE=InnoDB AUTO_INCREMENT=10000 DEFAULT CHARSET=utf8 COLLATE=utf8_unicode_ci;
/*!40101 SET character_set_client = @saved_cs_client */;

--
-- Dumping data for table `Chapter`
--

LOCK TABLES `Chapter` WRITE;
/*!40000 ALTER TABLE `Chapter` DISABLE KEYS */;
INSERT INTO `Chapter` VALUES (1,'yes','ObjectType'),(11,'no','server models'),(12,'no','network switch models'),(13,'no','server OS type'),(14,'no','switch OS type'),(16,'no','router OS type'),(17,'no','router models'),(18,'no','disk array models'),(19,'no','tape library models'),(21,'no','KVM switch models'),(23,'no','console models'),(24,'no','network security models'),(25,'no','wireless models'),(26,'no','fibre channel switch models'),(27,'no','PDU models'),(28,'no','Voice/video hardware'),(29,'no','Yes/No'),(30,'no','network chassis models'),(31,'no','server chassis models'),(32,'no','virtual switch models'),(33,'no','virtual switch OS type'),(34,'no','power supply chassis models'),(35,'no','power supply models'),(36,'no','serial console server models'),(37,'no','wireless OS type'),(38,'no','management interface type'),(9999,'no','multiplexer models');
/*!40000 ALTER TABLE `Chapter` ENABLE KEYS */;
UNLOCK TABLES;

--
-- Table structure for table `Config`
--

DROP TABLE IF EXISTS `Config`;
/*!40101 SET @saved_cs_client     = @@character_set_client */;
/*!40101 SET character_set_client = utf8 */;
CREATE TABLE `Config` (
  `varname` char(32) COLLATE utf8_unicode_ci NOT NULL,
  `varvalue` text COLLATE utf8_unicode_ci NOT NULL,
  `vartype` enum('string','uint') COLLATE utf8_unicode_ci NOT NULL DEFAULT 'string',
  `emptyok` enum('yes','no') COLLATE utf8_unicode_ci NOT NULL DEFAULT 'no',
  `is_hidden` enum('yes','no') COLLATE utf8_unicode_ci NOT NULL DEFAULT 'yes',
  `is_userdefined` enum('yes','no') COLLATE utf8_unicode_ci NOT NULL DEFAULT 'no',
  `description` text COLLATE utf8_unicode_ci,
  PRIMARY KEY (`varname`)
) ENGINE=InnoDB DEFAULT CHARSET=utf8 COLLATE=utf8_unicode_ci;
/*!40101 SET character_set_client = @saved_cs_client */;

--
-- Dumping data for table `Config`
--

LOCK TABLES `Config` WRITE;
/*!40000 ALTER TABLE `Config` DISABLE KEYS */;
INSERT INTO `Config` VALUES ('8021Q_DEPLOY_MAXAGE','3600','uint','no','no','no','802.1Q deploy maximum age'),('8021Q_DEPLOY_MINAGE','300','uint','no','no','no','802.1Q deploy minimum age'),('8021Q_DEPLOY_RETRY','10800','uint','no','no','no','802.1Q deploy retry timer'),('8021Q_EXTSYNC_LISTSRC','false','string','yes','no','no','List source: objects with extended 802.1Q sync'),('8021Q_INSTANT_DEPLOY','no','string','no','no','yes','802.1Q: instant deploy'),('8021Q_MULTILINK_LISTSRC','false','string','yes','no','no','List source: IPv4/IPv6 networks allowing multiple VLANs from same domain'),('8021Q_WRI_AFTER_CONFT_LISTSRC','false','string','no','no','no','802.1Q: save device configuration after deploy (RackCode)'),('ADDNEW_AT_TOP','yes','string','no','no','yes','Render \"add new\" line at top of the list'),('ASSETWARN_LISTSRC','{$typeid_4} or {$typeid_7} or {$typeid_8}','string','yes','no','no','List source: objects for that asset tag should be set'),('AUTOPORTS_CONFIG','','string','yes','no','no','AutoPorts configuration'),('CACTI_LISTSRC','false','string','yes','no','no','List of object with Cacti graphs'),('CACTI_RRA_ID','1','uint','no','no','yes','RRA ID for Cacti graphs displayed in RackTables'),('CDP_RUNNERS_LISTSRC','','string','yes','no','no','List of devices running CDP'),('DATETIME_FORMAT','%Y-%m-%d','string','no','no','yes','PHP strftime() format to use for date output'),('DATETIME_ZONE','UTC','string','yes','no','yes','Timezone to use for displaying/calculating dates'),('DB_VERSION','0.20.14','string','no','yes','no','Database version.'),('DEFAULT_IPV4_RS_INSERVICE','no','string','no','no','yes','Inservice status for new SLB real servers'),('DEFAULT_OBJECT_TYPE','4','uint','yes','no','yes','Default object type for new objects'),('DEFAULT_PORT_IIF_ID','1','uint','no','no','no','Default port inner interface ID'),('DEFAULT_PORT_OIF_IDS','1=24; 3=1078; 4=1077; 5=1079; 6=1080; 8=1082; 9=1084; 10=1588; 11=1668; 12=1589; 13=1590; 14=1591; 15=1588','string','no','no','no','Default port outer interface IDs'),('DEFAULT_RACK_HEIGHT','42','uint','yes','no','yes','Default rack height'),('DEFAULT_SLB_RS_PORT','','uint','yes','no','yes','Default port of SLB real server'),('DEFAULT_SLB_VS_PORT','','uint','yes','no','yes','Default port of SLB virtual service'),('DEFAULT_SNMP_COMMUNITY','public','string','no','no','no','Default SNMP Community string'),('DEFAULT_VDOM_ID','','uint','yes','no','yes','Default VLAN domain ID'),('DEFAULT_VST_ID','','uint','yes','no','yes','Default VLAN switch template ID'),('DETECT_URLS','no','string','yes','no','yes','Detect URLs in text fields'),('ENABLE_BULKPORT_FORM','yes','string','no','no','yes','Enable \"Bulk Port\" form'),('ENABLE_MULTIPORT_FORM','no','string','no','no','yes','Enable \"Add/update multiple ports\" form'),('enterprise','GroupeSeb','string','no','no','no','Organization name'),('EXT_IPV4_VIEW','yes','string','no','no','yes','Extended IPv4 view'),('FILTER_DEFAULT_ANDOR','and','string','no','no','yes','Default list filter boolean operation (or/and)'),('FILTER_PREDICATE_SIEVE','','string','yes','no','yes','Predicate sieve regex(7)'),('FILTER_RACKLIST_BY_TAGS','yes','string','yes','no','yes','Rackspace: show only racks matching the current object\'s tags'),('FILTER_SUGGEST_ANDOR','yes','string','no','no','yes','Suggest and/or selector in list filter'),('FILTER_SUGGEST_EXTRA','yes','string','no','no','yes','Suggest extra expression in list filter'),('FILTER_SUGGEST_PREDICATES','yes','string','no','no','yes','Suggest predicates in list filter'),('FILTER_SUGGEST_TAGS','yes','string','no','no','yes','Suggest tags in list filter'),('IPV4_ADDRS_PER_PAGE','256','uint','no','no','yes','IPv4 addresses per page'),('IPV4_AUTO_RELEASE','1','uint','no','no','yes','Auto-release IPv4 addresses on allocation'),('IPV4_ENABLE_KNIGHT','yes','string','no','no','yes','Enable IPv4 knight feature'),('IPV4_JAYWALK','no','string','no','no','no','Enable IPv4 address allocations w/o covering network'),('IPV4_TREE_RTR_AS_CELL','no','string','no','no','yes','Show full router info for each network in IPv4 tree view'),('IPV4_TREE_SHOW_UNALLOCATED','yes','string','no','no','yes','Show unallocated networks in IPv4 tree'),('IPV4_TREE_SHOW_USAGE','no','string','no','no','yes','Show address usage in IPv4 tree'),('IPV4_TREE_SHOW_VLAN','yes','string','no','no','yes','Show VLAN for each network in IPv4 tree'),('IPV4LB_LISTSRC','false','string','yes','no','no','List source: IPv4 load balancers'),('IPV4NAT_LISTSRC','{$typeid_4} or {$typeid_7} or {$typeid_8} or {$typeid_798}','string','yes','no','no','List source: IPv4 NAT performers'),('IPV4OBJ_LISTSRC','not ({$typeid_3} or {$typeid_9} or {$typeid_10} or {$typeid_11})','string','yes','no','no','List source: IPv4-enabled objects'),('LLDP_RUNNERS_LISTSRC','','string','yes','no','no','List of devices running LLDP'),('MASSCOUNT','8','uint','no','no','yes','&quot;Fast&quot; form is this many records tall'),('MAX_UNFILTERED_ENTITIES','0','uint','no','no','yes','Max item count to display on unfiltered result page'),('MAXSELSIZE','30','uint','no','no','yes','&lt;SELECT&gt; lists height'),('MGMT_PROTOS','ssh: {$typeid_4}; telnet: {$typeid_8}','string','yes','no','yes','Mapping of management protocol to devices'),('MUNIN_LISTSRC','false','string','yes','no','no','List of object with Munin graphs'),('NAMEWARN_LISTSRC','{$typeid_4} or {$typeid_7} or {$typeid_8}','string','yes','no','no','List source: objects for that common name should be set'),('NEAREST_RACKS_CHECKBOX','yes','string','yes','no','yes','Enable nearest racks in port list filter by default'),('PORT_EXCLUSION_LISTSRC','{$typeid_3} or {$typeid_10} or {$typeid_11} or {$typeid_1505} or {$typeid_1506}','string','yes','no','no','List source: objects without ports'),('PREVIEW_IMAGE_MAXPXS','320','uint','yes','no','yes','Max pixels per axis for image file preview'),('PREVIEW_TEXT_COLS','80','uint','yes','no','yes','Columns for text file preview'),('PREVIEW_TEXT_MAXCHARS','10240','uint','yes','no','yes','Max chars for text file preview'),('PREVIEW_TEXT_ROWS','25','uint','yes','no','yes','Rows for text file preview'),('PROXIMITY_RANGE','0','uint','yes','no','yes','Proximity range (0 is current rack only)'),('QUICK_LINK_PAGES','depot,ipv4space,rackspace','string','yes','no','yes','List of pages to display in quick links'),('RACK_PRESELECT_THRESHOLD','1','uint','no','no','yes','Rack pre-selection threshold'),('RACKS_PER_ROW','12','uint','yes','no','yes','Racks per row'),('REVERSED_RACKS_LISTSRC','false','string','yes','no','no','List of racks with reversed (top to bottom) units order'),('ROW_SCALE','2','uint','no','no','yes','Picture scale for rack row display'),('SEARCH_DOMAINS','','string','yes','no','yes','DNS domain list (comma-separated) to search in FQDN attributes'),('SHOW_AUTOMATIC_TAGS','no','string','no','no','yes','Show automatic tags'),('SHOW_EXPLICIT_TAGS','yes','string','no','no','yes','Show explicit tags'),('SHOW_IMPLICIT_TAGS','yes','string','no','no','yes','Show implicit tags'),('SHOW_LAST_TAB','yes','string','yes','no','yes','Remember last tab shown for each page'),('SHOW_OBJECTTYPE','yes','string','no','no','yes','Show object type column on depot page'),('SHRINK_TAG_TREE_ON_CLICK','yes','string','no','no','yes','Dynamically hide useless tags in tagtree'),('STATIC_FILTER','yes','string','no','no','yes','Enable Filter Caching'),('SYNC_8021Q_LISTSRC','','string','yes','no','no','List of VLAN switches sync is enabled on'),('SYNCDOMAIN_MAX_PROCESSES','0','uint','yes','no','no','How many worker proceses syncdomain cron script should create'),('TAGS_QUICKLIST_SIZE','20','uint','no','no','yes','Tags quick list size'),('TAGS_QUICKLIST_THRESHOLD','50','uint','yes','no','yes','Tags quick list threshold'),('TAGS_TOPLIST_SIZE','50','uint','yes','no','yes','Tags top list size'),('TREE_THRESHOLD','25','uint','yes','no','yes','Tree view auto-collapse threshold'),('VENDOR_SIEVE','','string','yes','no','yes','Vendor sieve configuration'),('VIRTUAL_OBJ_LISTSRC','1504,1505,1506,1507','string','no','no','no','List source: virtual objects'),('VLANIPV4NET_LISTSRC','','string','yes','no','yes','List of VLAN-based IPv4 networks'),('VLANSWITCH_LISTSRC','','string','yes','no','yes','List of VLAN running switches');
/*!40000 ALTER TABLE `Config` ENABLE KEYS */;
UNLOCK TABLES;

--
-- Table structure for table `Dictionary`
--

DROP TABLE IF EXISTS `Dictionary`;
/*!40101 SET @saved_cs_client     = @@character_set_client */;
/*!40101 SET character_set_client = utf8 */;
CREATE TABLE `Dictionary` (
  `chapter_id` int(10) unsigned NOT NULL,
  `dict_key` int(10) unsigned NOT NULL AUTO_INCREMENT,
  `dict_sticky` enum('yes','no') COLLATE utf8_unicode_ci DEFAULT 'no',
  `dict_value` char(255) COLLATE utf8_unicode_ci DEFAULT NULL,
  PRIMARY KEY (`dict_key`),
  UNIQUE KEY `dict_unique` (`chapter_id`,`dict_value`,`dict_sticky`),
  CONSTRAINT `Dictionary-FK-chapter_id` FOREIGN KEY (`chapter_id`) REFERENCES `Chapter` (`id`)
) ENGINE=InnoDB AUTO_INCREMENT=50015 DEFAULT CHARSET=utf8 COLLATE=utf8_unicode_ci;
/*!40101 SET character_set_client = @saved_cs_client */;

--
-- Dumping data for table `Dictionary`
--

LOCK TABLES `Dictionary` WRITE;
/*!40000 ALTER TABLE `Dictionary` DISABLE KEYS */;
INSERT INTO `Dictionary` VALUES (1,50012,'no','Appliance'),(1,1,'yes','BlackBox'),(1,10,'yes','CableOrganizer'),(1,50013,'no','Carrier Ethernet Demarcation'),(1,15,'yes','console'),(1,5,'yes','DiskArray'),(1,1055,'yes','FC switch'),(1,49000,'no','IPv4 network (dummy)'),(1,49001,'no','IPv6 network (dummy)'),(1,445,'yes','KVM switch'),(1,1562,'yes','Location'),(1,1787,'yes','Management interface'),(1,14,'yes','MediaConverter'),(1,13,'yes','Modem'),(1,447,'yes','multiplexer'),(1,1503,'yes','Network chassis'),(1,798,'yes','Network security'),(1,8,'yes','Network switch'),(1,9,'yes','PatchPanel'),(1,2,'yes','PDU'),(1,1398,'yes','Power supply'),(1,1397,'yes','Power supply chassis'),(1,1560,'yes','Rack'),(1,7,'yes','Router'),(1,1561,'yes','Row'),(1,1644,'yes','serial console server'),(1,4,'yes','Server'),(1,1502,'yes','Server chassis'),(1,3,'yes','Shelf'),(1,11,'yes','spacer'),(1,6,'yes','TapeLibrary'),(1,12,'yes','UPS'),(1,1504,'yes','VM'),(1,1505,'yes','VM Cluster'),(1,1506,'yes','VM Resource Pool'),(1,1507,'yes','VM Virtual Switch'),(1,1323,'yes','Voice/video'),(1,965,'yes','Wireless'),(11,1814,'yes','[[Fujitsu%GSKIP%PRIMERGY RX100 S7 | http://www.fujitsu.com/fts/products/computing/servers/primergy/rack/rx100/index.html]]'),(11,1815,'yes','[[Fujitsu%GSKIP%PRIMERGY RX200 S7 | http://www.fujitsu.com/fts/products/computing/servers/primergy/rack/rx200/index.html]]'),(11,1816,'yes','[[Fujitsu%GSKIP%PRIMERGY RX300 S6 | http://www.fujitsu.com/fts/products/computing/servers/primergy/rack/rx300/index.html]]'),(11,1817,'yes','[[Fujitsu%GSKIP%PRIMERGY RX300 S7 | http://www.fujitsu.com/fts/products/computing/servers/primergy/rack/rx300/index.html]]'),(11,1818,'yes','[[Fujitsu%GSKIP%PRIMERGY RX350 S7 | http://www.fujitsu.com/fts/products/computing/servers/primergy/rack/rx350/index.html]]'),(11,1819,'yes','[[Fujitsu%GSKIP%PRIMERGY RX500 S7 | http://www.fujitsu.com/fts/products/computing/servers/primergy/rack/rx500/index.html]]'),(11,1820,'yes','[[Fujitsu%GSKIP%PRIMERGY RX600 S6 | http://www.fujitsu.com/fts/products/computing/servers/primergy/rack/rx600/index.html]]'),(11,1821,'yes','[[Fujitsu%GSKIP%PRIMERGY RX900 S2 | http://www.fujitsu.com/fts/products/computing/servers/primergy/rack/rx900/index.html]]'),(11,1838,'yes','[[IBM xSeries%GPASS%x3250 M3 | http://www-03.ibm.com/systems/x/hardware/rack/x3250m3/index.html]]'),(11,1832,'yes','[[IBM xSeries%GPASS%x3250 M4 | http://www-03.ibm.com/systems/x/hardware/rack/x3250m4/index.html]]'),(11,1831,'yes','[[IBM xSeries%GPASS%x3530 M4 | http://www-03.ibm.com/systems/x/hardware/rack/x3530m4/index.html]]'),(11,1837,'yes','[[IBM xSeries%GPASS%x3550 M3 | http://www-03.ibm.com/systems/x/hardware/rack/x3550m3/index.html]]'),(11,1830,'yes','[[IBM xSeries%GPASS%x3550 M4 | http://www-03.ibm.com/systems/x/hardware/rack/x3550m4/index.html]]'),(11,1836,'yes','[[IBM xSeries%GPASS%x3620 M3 | http://www-03.ibm.com/systems/x/hardware/rack/x3620m3/index.html]]'),(11,1835,'yes','[[IBM xSeries%GPASS%x3630 M3 | http://www-03.ibm.com/systems/x/hardware/rack/x3630m3/index.html]]'),(11,1829,'yes','[[IBM xSeries%GPASS%x3630 M4 | http://www-03.ibm.com/systems/x/hardware/rack/x3630m4/index.html]]'),(11,1834,'yes','[[IBM xSeries%GPASS%x3650 M3 | http://www-03.ibm.com/systems/x/hardware/rack/x3650m3/index.html]]'),(11,1828,'yes','[[IBM xSeries%GPASS%x3650 M4 | http://www-03.ibm.com/systems/x/hardware/rack/x3650m4/index.html]]'),(11,1824,'yes','[[IBM xSeries%GPASS%x3690 X5 | http://www-03.ibm.com/systems/x/hardware/enterprise/x3690x5/index.html]]'),(11,1827,'yes','[[IBM xSeries%GPASS%x3750 M4 | http://www-03.ibm.com/systems/x/hardware/rack/x3750m4/index.html]]'),(11,1833,'yes','[[IBM xSeries%GPASS%x3755 M3 | http://www-03.ibm.com/systems/x/hardware/rack/x3755m3/index.html]]'),(11,1825,'yes','[[IBM xSeries%GPASS%x3850 X5 | http://www-03.ibm.com/systems/x/hardware/enterprise/x3850x5/index.html]]'),(11,1826,'yes','[[IBM xSeries%GPASS%x3950 X5 | http://www-03.ibm.com/systems/x/hardware/enterprise/x3850x5/index.html]]'),(11,3073,'yes','[[SuperMicro 1U%GPASS%1015B-3 | http://www.supermicro.com/products/system/1U/1015/SYS-1015B-3.cfm]]'),(11,3396,'yes','[[SuperMicro 1U%GPASS%1015B-M3 | http://www.supermicro.com/products/system/1U/1015/SYS-1015B-M3.cfm]]'),(11,3030,'yes','[[SuperMicro 1U%GPASS%1016I-M6F | http://www.supermicro.com/products/system/1u/1016/sys-1016i-m6f.cfm]]'),(11,3065,'yes','[[SuperMicro 1U%GPASS%1016I-U | http://www.supermicro.com/products/system/1u/1016/sys-1016i-u.cfm]]'),(11,2744,'yes','[[SuperMicro 1U%GPASS%1016T-M3F | http://www.supermicro.com/products/system/1u/1016/sys-1016t-m3f.cfm]]'),(11,3321,'yes','[[SuperMicro 1U%GPASS%1017A-MP | http://www.supermicro.com/products/system/mini-itx/1017/SYS-1017A-MP.cfm]]'),(11,2919,'yes','[[SuperMicro 1U%GPASS%1017C-TF | http://www.supermicro.com/products/system/1u/1017/SYS-1017C-TF.cfm]]'),(11,2903,'yes','[[SuperMicro 1U%GPASS%1017GR-TF | http://www.supermicro.com/products/system/1u/1017/SYS-1017GR-TF.cfm]]'),(11,3257,'yes','[[SuperMicro 1U%GPASS%1017GR-TF-FM109 | http://www.supermicro.com/products/system/1U/1017/SYS-1017GR-TF-FM109.cfm]]'),(11,2971,'yes','[[SuperMicro 1U%GPASS%1017GR-TF-FM175 | http://www.supermicro.com/products/system/1U/1017/SYS-1017GR-TF-FM175.cfm]]'),(11,3148,'yes','[[SuperMicro 1U%GPASS%1017GR-TF-FM209 | http://www.supermicro.com/products/system/1U/1017/SYS-1017GR-TF-FM209.cfm]]'),(11,3330,'yes','[[SuperMicro 1U%GPASS%1017GR-TF-FM275 | http://www.supermicro.com/products/system/1U/1017/SYS-1017GR-TF-FM275.cfm]]'),(11,3372,'yes','[[SuperMicro 1U%GPASS%1017R-MTF | http://www.supermicro.com/products/system/1u/1017/SYS-1017R-MTF.cfm]]'),(11,3254,'yes','[[SuperMicro 1U%GPASS%1017R-WR | http://www.supermicro.com/products/system/1u/1017/SYS-1017R-WR.cfm]]'),(11,2821,'yes','[[SuperMicro 1U%GPASS%1018D-73MTF | http://www.supermicro.com/products/system/1u/1018/SYS-1018D-73MTF.cfm]]'),(11,3585,'yes','[[SuperMicro 1U%GPASS%1018D-FRN8T | http://www.supermicro.com/products/system/1u/1018/SYS-1018D-FRN8T.cfm]]'),(11,2777,'yes','[[SuperMicro 1U%GPASS%1018GR-T | http://www.supermicro.com/products/system/1u/1018/SYS-1018GR-T.cfm]]'),(11,2831,'yes','[[SuperMicro 1U%GPASS%1018L-MP | http://www.supermicro.com/products/system/mini-itx/1018/SYS-1018L-MP.cfm]]'),(11,3544,'yes','[[SuperMicro 1U%GPASS%1018R-WC0R | http://www.supermicro.com/products/system/1u/1018/SYS-1018R-WC0R.cfm]]'),(11,3587,'yes','[[SuperMicro 1U%GPASS%1018R-WR | http://www.supermicro.com/products/system/1U/1018/SYS-1018R-WR.cfm]]'),(11,3502,'yes','[[SuperMicro 1U%GPASS%1019S-M2 | http://www.supermicro.com/products/system/1U/1019/SYS-1019S-M2.cfm]]'),(11,3335,'yes','[[SuperMicro 1U%GPASS%1019S-MC0T | http://www.supermicro.com/products/system/1U/1019/SYS-1019S-MC0T.cfm]]'),(11,3102,'yes','[[SuperMicro 1U%GPASS%1019S-MP | http://www.supermicro.com/products/system/Mini-ITX/1019/SYS-1019S-MP.cfm]]'),(11,3588,'yes','[[SuperMicro 1U%GPASS%1019S-WR | http://www.supermicro.com/products/system/1U/1019/SYS-1019S-WR.cfm]]'),(11,2737,'yes','[[SuperMicro 1U%GPASS%1025C-3 | http://www.supermicro.com/products/system/1U/1025/SYS-1025C-3.cfm]]'),(11,3375,'yes','[[SuperMicro 1U%GPASS%1025C-M3 | http://www.supermicro.com/products/system/1U/1025/SYS-1025C-M3.cfm]]'),(11,3428,'yes','[[SuperMicro 1U%GPASS%1025TC-10G | http://www.supermicro.com/products/system/1U/1025/SYS-1025TC-10G.cfm]]'),(11,3420,'yes','[[SuperMicro 1U%GPASS%1025TC-3F | http://www.supermicro.com/products/system/1U/1025/SYS-1025TC-3F.cfm]]'),(11,3039,'yes','[[SuperMicro 1U%GPASS%1025TC-T | http://www.supermicro.com/products/system/1U/1025/SYS-1025TC-T.cfm]]'),(11,3132,'yes','[[SuperMicro 1U%GPASS%1026GT-TF | http://www.supermicro.com/products/system/1U/1026/SYS-1026GT-TF.cfm]]'),(11,3454,'yes','[[SuperMicro 1U%GPASS%1026GT-TRF | http://www.supermicro.com/products/system/1U/1026/SYS-1026GT-TRF.cfm]]'),(11,2851,'yes','[[SuperMicro 1U%GPASS%1026GT-TRF-FM307 | http://www.supermicro.com/products/system/1U/1026/SYS-1026GT-TRF-FM307.cfm]]'),(11,2845,'yes','[[SuperMicro 1U%GPASS%1026GT-TRF-FM309 | http://www.supermicro.com/products/system/1U/1026/SYS-1026GT-TRF-FM309.cfm]]'),(11,2710,'yes','[[SuperMicro 1U%GPASS%1026GT-TRF-FM375 | http://www.supermicro.com/products/system/1U/1026/SYS-1026GT-TRF-FM375.cfm]]'),(11,3015,'yes','[[SuperMicro 1U%GPASS%1026T-6RF+ | http://www.supermicro.com/products/system/1U/1026/SYS-1026T-6RF_.cfm]]'),(11,2949,'yes','[[SuperMicro 1U%GPASS%1026T-M3 | http://www.supermicro.com/products/system/1U/1026/SYS-1026T-M3.cfm]]'),(11,2812,'yes','[[SuperMicro 1U%GPASS%1026T-UF | http://www.supermicro.com/products/system/1u/1026/SYS-1026T-UF.cfm]]'),(11,3229,'yes','[[SuperMicro 1U%GPASS%1026T-URF | http://www.supermicro.com/products/system/1u/1026/SYS-1026T-URF.cfm]]'),(11,3186,'yes','[[SuperMicro 1U%GPASS%1026T-URF4+ | http://www.supermicro.com/products/system/1U/1026/SYS-1026T-URF4_.cfm]]'),(11,3433,'yes','[[SuperMicro 1U%GPASS%1026TT-IBQF | http://www.supermicro.com/products/system/1U/1026/SYS-1026TT-IBQF.cfm]]'),(11,3079,'yes','[[SuperMicro 1U%GPASS%1026TT-IBXF | http://www.supermicro.com/products/system/1U/1026/SYS-1026TT-IBXF.cfm]]'),(11,3564,'yes','[[SuperMicro 1U%GPASS%1026TT-TF | http://www.supermicro.com/products/system/1U/1026/SYS-1026TT-TF.cfm]]'),(11,3472,'yes','[[SuperMicro 1U%GPASS%1027B-MTF | http://www.supermicro.com/products/system/1u/1027/SYS-1027B-MTF.cfm]]'),(11,3551,'yes','[[SuperMicro 1U%GPASS%1027B-URF | http://www.supermicro.com/products/system/1u/1027/SYS-1027B-URF.cfm]]'),(11,3531,'yes','[[SuperMicro 1U%GPASS%1027GR-72R2 | http://www.supermicro.com/products/system/1u/1027/SYS-1027GR-72R2.cfm]]'),(11,3465,'yes','[[SuperMicro 1U%GPASS%1027GR-72RT2 | http://www.supermicro.com/products/system/1u/1027/SYS-1027GR-72RT2.cfm]]'),(11,3391,'yes','[[SuperMicro 1U%GPASS%1027GR-TQF | http://www.supermicro.com/products/system/1u/1027/SYS-1027GR-TQF.cfm]]'),(11,3088,'yes','[[SuperMicro 1U%GPASS%1027GR-TQF-FM409 | http://www.supermicro.com/products/system/1U/1027/SYS-1027GR-TQF-FM409.cfm]]'),(11,3136,'yes','[[SuperMicro 1U%GPASS%1027GR-TQF-FM475 | http://www.supermicro.com/products/system/1U/1027/SYS-1027GR-TQF-FM475.cfm]]'),(11,3042,'yes','[[SuperMicro 1U%GPASS%1027GR-TQFT | http://www.supermicro.com/products/system/1u/1027/SYS-1027GR-TQFT.cfm]]'),(11,3557,'yes','[[SuperMicro 1U%GPASS%1027GR-TR2 | http://www.supermicro.com/products/system/1u/1027/SYS-1027GR-TR2.cfm]]'),(11,3593,'yes','[[SuperMicro 1U%GPASS%1027GR-TRF | http://www.supermicro.com/products/system/1u/1027/SYS-1027GR-TRF.cfm]]'),(11,3525,'yes','[[SuperMicro 1U%GPASS%1027GR-TRF-FM309 | http://www.supermicro.com/products/system/1U/1027/SYS-1027GR-TRF-FM309.cfm]]'),(11,2986,'yes','[[SuperMicro 1U%GPASS%1027GR-TRF-FM375 | http://www.supermicro.com/products/system/1U/1027/SYS-1027GR-TRF-FM375.cfm]]'),(11,3141,'yes','[[SuperMicro 1U%GPASS%1027GR-TRF+ | http://www.supermicro.com/products/system/1u/1027/SYS-1027GR-TRF_.cfm]]'),(11,3200,'yes','[[SuperMicro 1U%GPASS%1027GR-TRFT | http://www.supermicro.com/products/system/1u/1027/SYS-1027GR-TRFT.cfm]]'),(11,3369,'yes','[[SuperMicro 1U%GPASS%1027GR-TRFT+ | http://www.supermicro.com/products/system/1u/1027/SYS-1027GR-TRFT_.cfm]]'),(11,3130,'yes','[[SuperMicro 1U%GPASS%1027GR-TRT2 | http://www.supermicro.com/products/system/1u/1027/SYS-1027GR-TRT2.cfm]]'),(11,2883,'yes','[[SuperMicro 1U%GPASS%1027GR-TSF | http://www.supermicro.com/products/system/1u/1027/SYS-1027GR-TSF.cfm]]'),(11,3223,'yes','[[SuperMicro 1U%GPASS%1027R-72BRFTP | http://www.supermicro.com/products/system/1u/1027/SYS-1027R-72BRFTP.cfm]]'),(11,3249,'yes','[[SuperMicro 1U%GPASS%1027R-72RFTP | http://www.supermicro.com/products/system/1U/1027/SYS-1027R-72RFTP.cfm]]'),(11,3317,'yes','[[SuperMicro 1U%GPASS%1027R-73DAF | http://www.supermicro.com/products/system/1u/1027/SYS-1027R-73DAF.cfm]]'),(11,2747,'yes','[[SuperMicro 1U%GPASS%1027R-73DARF | http://www.supermicro.com/products/system/1u/1027/SYS-1027R-73DARF.cfm]]'),(11,2838,'yes','[[SuperMicro 1U%GPASS%1027R-73DBRF | http://www.supermicro.com/products/system/1u/1027/SYS-1027R-73DBRF.cfm]]'),(11,2715,'yes','[[SuperMicro 1U%GPASS%1027R-N3RF | http://www.supermicro.com/products/system/1u/1027/SYS-1027R-N3RF.cfm]]'),(11,3402,'yes','[[SuperMicro 1U%GPASS%1027R-WC1NR | http://www.supermicro.com/products/system/1U/1027/SYS-1027R-WC1NR.cfm]]'),(11,2789,'yes','[[SuperMicro 1U%GPASS%1027R-WC1NRT | http://www.supermicro.com/products/system/1u/1027/SYS-1027R-WC1NRT.cfm]]'),(11,3573,'yes','[[SuperMicro 1U%GPASS%1027R-WC1R | http://www.supermicro.com/products/system/1u/1027/SYS-1027R-WC1R.cfm]]'),(11,2902,'yes','[[SuperMicro 1U%GPASS%1027R-WC1RT | http://www.supermicro.com/products/system/1u/1027/SYS-1027R-WC1RT.cfm]]'),(11,3379,'yes','[[SuperMicro 1U%GPASS%1027R-WRF | http://www.supermicro.com/products/system/1u/1027/SYS-1027R-WRF.cfm]]'),(11,3419,'yes','[[SuperMicro 1U%GPASS%1027R-WRF4+ | http://www.supermicro.com/products/system/1u/1027/SYS-1027R-WRF4_.cfm]]'),(11,3126,'yes','[[SuperMicro 1U%GPASS%1027R-WRFT+ | http://www.supermicro.com/products/system/1u/1027/SYS-1027R-WRFT_.cfm]]'),(11,2743,'yes','[[SuperMicro 1U%GPASS%1027R-WTRFTP | http://www.supermicro.com/products/system/1u/1027/SYS-1027R-WTRFTP.cfm]]'),(11,3384,'yes','[[SuperMicro 1U%GPASS%1027TR-TF | http://www.supermicro.com/products/system/1u/1027/SYS-1027TR-TF.cfm]]'),(11,2913,'yes','[[SuperMicro 1U%GPASS%1027TR-TFF | http://www.supermicro.com/products/system/1u/1027/SYS-1027TR-TFF.cfm]]'),(11,3178,'yes','[[SuperMicro 1U%GPASS%1027TR-TQF | http://www.supermicro.com/products/system/1u/1027/SYS-1027TR-TQF.cfm]]'),(11,2749,'yes','[[SuperMicro 1U%GPASS%1028GQ-TR | http://www.supermicro.com/products/system/1u/1028/sys-1028gq-tr.cfm]]'),(11,3448,'yes','[[SuperMicro 1U%GPASS%1028GQ-TRT | http://www.supermicro.com/products/system/1u/1028/sys-1028gq-trt.cfm]]'),(11,2768,'yes','[[SuperMicro 1U%GPASS%1028GQ-TXR | http://www.supermicro.com/products/system/1U/1028/SYS-1028GQ-TXR.cfm]]'),(11,3554,'yes','[[SuperMicro 1U%GPASS%1028GQ-TXRT | http://www.supermicro.com/products/system/1U/1028/SYS-1028GQ-TXRT.cfm]]'),(11,3406,'yes','[[SuperMicro 1U%GPASS%1028GR-TR | http://www.supermicro.com/products/system/1u/1028/SYS-1028GR-TR.cfm]]'),(11,3521,'yes','[[SuperMicro 1U%GPASS%1028GR-TRT | http://www.supermicro.com/products/system/1u/1028/SYS-1028GR-TRT.cfm]]'),(11,3360,'yes','[[SuperMicro 1U%GPASS%1028R-MCT | http://www.supermicro.com/products/system/1u/1028/SYS-1028R-MCT.cfm]]'),(11,3289,'yes','[[SuperMicro 1U%GPASS%1028R-MCTR | http://www.supermicro.com/products/system/1u/1028/SYS-1028R-MCTR.cfm]]'),(11,3063,'yes','[[SuperMicro 1U%GPASS%1028R-TDW | http://www.supermicro.com/products/system/1u/1028/SYS-1028R-TDW.cfm]]'),(11,3096,'yes','[[SuperMicro 1U%GPASS%1028R-WC1R | http://www.supermicro.com/products/system/1u/1028/SYS-1028R-WC1R.cfm]]'),(11,3169,'yes','[[SuperMicro 1U%GPASS%1028R-WC1RT | http://www.supermicro.com/products/system/1u/1028/SYS-1028R-WC1RT.cfm]]'),(11,3527,'yes','[[SuperMicro 1U%GPASS%1028R-WMR | http://www.supermicro.com/products/system/1u/1028/SYS-1028R-WMR.cfm]]'),(11,3438,'yes','[[SuperMicro 1U%GPASS%1028R-WMRT | http://www.supermicro.com/products/system/1u/1028/SYS-1028R-WMRT.cfm]]'),(11,3452,'yes','[[SuperMicro 1U%GPASS%1028R-WTNR | http://www.supermicro.com/products/system/1u/1028/SYS-1028R-WTNR.cfm]]'),(11,2881,'yes','[[SuperMicro 1U%GPASS%1028R-WTNRT | http://www.supermicro.com/products/system/1u/1028/SYS-1028R-WTNRT.cfm]]'),(11,3499,'yes','[[SuperMicro 1U%GPASS%1028R-WTR | http://www.supermicro.com/products/system/1u/1028/SYS-1028R-WTR.cfm]]'),(11,3561,'yes','[[SuperMicro 1U%GPASS%1028R-WTRT | http://www.supermicro.com/products/system/1u/1028/SYS-1028R-WTRT.cfm]]'),(11,3463,'yes','[[SuperMicro 1U%GPASS%1028TR-T | http://www.supermicro.com/products/system/1u/1028/SYS-1028TR-T.cfm]]'),(11,3256,'yes','[[SuperMicro 1U%GPASS%1028TR-TF | http://www.supermicro.com/products/system/1u/1028/SYS-1028TR-TF.cfm]]'),(11,3115,'yes','[[SuperMicro 1U%GPASS%1028U-E1CR4+ | http://www.supermicro.com/products/system/1U/1028/SYS-1028U-E1CR4_.cfm]]'),(11,3364,'yes','[[SuperMicro 1U%GPASS%1028U-E1CRTP+ | http://www.supermicro.com/products/system/1u/1028/SYS-1028U-E1CRTP_.cfm]]'),(11,3435,'yes','[[SuperMicro 1U%GPASS%1028U-TN10RT+ | http://www.supermicro.com/products/system/1u/1028/sys-1028u-tn10rt_.cfm]]'),(11,2891,'yes','[[SuperMicro 1U%GPASS%1028U-TNR4T+ | http://www.supermicro.com/products/system/1u/1028/SYS-1028U-TNR4T_.cfm]]'),(11,3016,'yes','[[SuperMicro 1U%GPASS%1028U-TNRT+ | http://www.supermicro.com/products/system/1u/1028/SYS-1028U-TNRT_.cfm]]'),(11,3357,'yes','[[SuperMicro 1U%GPASS%1028U-TNRTP+ | http://www.supermicro.com/products/system/1u/1028/SYS-1028U-TNRTP_.cfm]]'),(11,3297,'yes','[[SuperMicro 1U%GPASS%1028U-TR4+ | http://www.supermicro.com/products/system/1u/1028/SYS-1028U-TR4_.cfm]]'),(11,2867,'yes','[[SuperMicro 1U%GPASS%1028U-TR4T+ | http://www.supermicro.com/products/system/1u/1028/SYS-1028U-TR4T_.cfm]]'),(11,3198,'yes','[[SuperMicro 1U%GPASS%1028U-TRT+ | http://www.supermicro.com/products/system/1u/1028/SYS-1028U-TRT_.cfm]]'),(11,3043,'yes','[[SuperMicro 1U%GPASS%1028UX-CR-LL1 | http://www.supermicro.com/products/system/1u/1028/SYS-1028UX-CR-LL1.cfm]]'),(11,3040,'yes','[[SuperMicro 1U%GPASS%1028UX-CR-LL2 | http://www.supermicro.com/products/system/1u/1028/SYS-1028UX-CR-LL2.cfm]]'),(11,3268,'yes','[[SuperMicro 1U%GPASS%1028UX-LL1-B8 | http://www.supermicro.com/products/system/1U/1028/SYS-1028UX-LL1-B8.cfm]]'),(11,3455,'yes','[[SuperMicro 1U%GPASS%1028UX-LL2-B8 | http://www.supermicro.com/products/system/1U/1028/SYS-1028UX-LL2-B8.cfm]]'),(11,3098,'yes','[[SuperMicro 1U%GPASS%1028UX-LL3-B8 | http://www.supermicro.com/products/system/1U/1028/SYS-1028UX-LL3-B8.cfm]]'),(11,2805,'yes','[[SuperMicro 1U%GPASS%5012B-6 | http://www.supermicro.com/products/system/1U/5012/SYS-5012B-6.cfm]]'),(11,3005,'yes','[[SuperMicro 1U%GPASS%5013C-M | http://www.supermicro.com/products/system/1U/5013/SYS-5013C-M.cfm]]'),(11,2750,'yes','[[SuperMicro 1U%GPASS%5013C-M8 | http://www.supermicro.com/products/system/1U/5013/SYS-5013C-M8.cfm]]'),(11,2721,'yes','[[SuperMicro 1U%GPASS%5013C-MT | http://www.supermicro.com/products/system/1U/5013/SYS-5013C-MT.cfm]]'),(11,2880,'yes','[[SuperMicro 1U%GPASS%5013G-6 | http://www.supermicro.com/products/system/1U/5013/SYS-5013G-6.cfm]]'),(11,2909,'yes','[[SuperMicro 1U%GPASS%5013G-I | http://www.supermicro.com/products/system/1U/5013/SYS-5013G-i.cfm]]'),(11,2907,'yes','[[SuperMicro 1U%GPASS%5013G-M | http://www.supermicro.com/products/system/1U/5013/SYS-5013G-M.cfm]]'),(11,3310,'yes','[[SuperMicro 1U%GPASS%5014C-M8 | http://www.supermicro.com/products/system/1U/5014/SYS-5014C-M8.cfm]]'),(11,3596,'yes','[[SuperMicro 1U%GPASS%5014C-MF | http://www.supermicro.com/products/system/1U/5014/SYS-5014C-MF.cfm]]'),(11,3601,'yes','[[SuperMicro 1U%GPASS%5014C-MR | http://www.supermicro.com/products/system/1U/5014/SYS-5014C-MR.cfm]]'),(11,3604,'yes','[[SuperMicro 1U%GPASS%5014C-MT | http://www.supermicro.com/products/system/1U/5014/SYS-5014C-MT.cfm]]'),(11,3516,'yes','[[SuperMicro 1U%GPASS%5014C-T | http://www.supermicro.com/products/system/1U/5014/SYS-5014C-T.cfm]]'),(11,3348,'yes','[[SuperMicro 1U%GPASS%5015A-EHF-D525 | http://www.supermicro.com/products/system/1U/5015/SYS-5015A-EHF-D525.cfm]]'),(11,3515,'yes','[[SuperMicro 1U%GPASS%5015A-PHF | http://www.supermicro.com/products/system/1U/5015/SYS-5015A-PHF.cfm]]'),(11,3597,'yes','[[SuperMicro 1U%GPASS%5015B-M3 | http://www.supermicro.com/products/system/1U/5015/SYS-5015B-M3.cfm]]'),(11,3556,'yes','[[SuperMicro 1U%GPASS%5015B-MF | http://www.supermicro.com/products/system/1U/5015/SYS-5015B-MF.cfm]]'),(11,3550,'yes','[[SuperMicro 1U%GPASS%5015B-MR | http://www.supermicro.com/products/system/1U/5015/SYS-5015B-MR.cfm]]'),(11,3547,'yes','[[SuperMicro 1U%GPASS%5015B-MT | http://www.supermicro.com/products/system/1U/5015/SYS-5015B-MT.cfm]]'),(11,2844,'yes','[[SuperMicro 1U%GPASS%5015B-NT | http://www.supermicro.com/products/system/1U/5015/SYS-5015B-NT.cfm]]'),(11,2952,'yes','[[SuperMicro 1U%GPASS%5015B-NTR | http://www.supermicro.com/products/system/1U/5015/SYS-5015B-NTR.cfm]]'),(11,2719,'yes','[[SuperMicro 1U%GPASS%5015B-T | http://www.supermicro.com/products/system/1U/5015/SYS-5015B-T.cfm]]'),(11,2718,'yes','[[SuperMicro 1U%GPASS%5015B-U | http://www.supermicro.com/products/system/1U/5015/SYS-5015B-U.cfm]]'),(11,3408,'yes','[[SuperMicro 1U%GPASS%5015B-UR | http://www.supermicro.com/products/system/1U/5015/SYS-5015B-UR.cfm]]'),(11,3206,'yes','[[SuperMicro 1U%GPASS%5015M-MF | http://www.supermicro.com/products/system/1U/5015/SYS-5015M-MF.cfm]]'),(11,3258,'yes','[[SuperMicro 1U%GPASS%5015M-MF+ | http://www.supermicro.com/products/system/1U/5015/SYS-5015M-MF_.cfm]]'),(11,3212,'yes','[[SuperMicro 1U%GPASS%5015M-MR | http://www.supermicro.com/products/system/1U/5015/SYS-5015M-MR.cfm]]'),(11,2748,'yes','[[SuperMicro 1U%GPASS%5015M-MR+ | http://www.supermicro.com/products/system/1U/5015/SYS-5015M-MR_.cfm]]'),(11,3214,'yes','[[SuperMicro 1U%GPASS%5015M-MT | http://www.supermicro.com/products/system/1U/5015/SYS-5015M-MT.cfm]]'),(11,3251,'yes','[[SuperMicro 1U%GPASS%5015M-MT+ | http://www.supermicro.com/products/system/1U/5015/SYS-5015M-MT_.cfm]]'),(11,3120,'yes','[[SuperMicro 1U%GPASS%5015M-NI | http://www.supermicro.com/products/system/1U/5015/SYS-5015M-Ni.cfm]]'),(11,3118,'yes','[[SuperMicro 1U%GPASS%5015M-NT | http://www.supermicro.com/products/system/1U/5015/SYS-5015M-NT.cfm]]'),(11,3466,'yes','[[SuperMicro 1U%GPASS%5015M-NTR | http://www.supermicro.com/products/system/1U/5015/SYS-5015M-NTR.cfm]]'),(11,3545,'yes','[[SuperMicro 1U%GPASS%5015M-T | http://www.supermicro.com/products/system/1U/5015/SYS-5015M-T.cfm]]'),(11,2801,'yes','[[SuperMicro 1U%GPASS%5015M-T+ | http://www.supermicro.com/products/system/1U/5015/SYS-5015M-T_.cfm]]'),(11,3546,'yes','[[SuperMicro 1U%GPASS%5015M-U | http://www.supermicro.com/products/system/1U/5015/SYS-5015M-U.cfm]]'),(11,3469,'yes','[[SuperMicro 1U%GPASS%5015M-UR | http://www.supermicro.com/products/system/1U/5015/SYS-5015M-UR.cfm]]'),(11,3458,'yes','[[SuperMicro 1U%GPASS%5015P-8 | http://www.supermicro.com/products/system/1U/5015/SYS-5015P-8.cfm]]'),(11,3266,'yes','[[SuperMicro 1U%GPASS%5015P-8R | http://www.supermicro.com/products/system/1U/5015/SYS-5015P-8R.cfm]]'),(11,3449,'yes','[[SuperMicro 1U%GPASS%5015P-T | http://www.supermicro.com/products/system/1U/5015/SYS-5015P-T.cfm]]'),(11,3331,'yes','[[SuperMicro 1U%GPASS%5015P-TR | http://www.supermicro.com/products/system/1U/5015/SYS-5015P-TR.cfm]]'),(11,3054,'yes','[[SuperMicro 1U%GPASS%5015TB-10G | http://www.supermicro.com/products/system/1U/5015/SYS-5015TB-10G.cfm]]'),(11,2813,'yes','[[SuperMicro 1U%GPASS%5015TB-T | http://www.supermicro.com/products/system/1U/5015/SYS-5015TB-T.cfm]]'),(11,3253,'yes','[[SuperMicro 1U%GPASS%5016I-MR | http://www.supermicro.com/products/system/1u/5016/sys-5016i-mr.cfm]]'),(11,3432,'yes','[[SuperMicro 1U%GPASS%5016I-MRHF | http://www.supermicro.com/products/system/1u/5016/sys-5016i-mrhf.cfm]]'),(11,3252,'yes','[[SuperMicro 1U%GPASS%5016I-MT | http://www.supermicro.com/products/system/1u/5016/sys-5016i-mt.cfm]]'),(11,3138,'yes','[[SuperMicro 1U%GPASS%5016I-MTHF | http://www.supermicro.com/products/system/1u/5016/sys-5016i-mthf.cfm]]'),(11,3582,'yes','[[SuperMicro 1U%GPASS%5016I-T | http://www.supermicro.com/products/system/1u/5016/sys-5016i-t.cfm]]'),(11,3474,'yes','[[SuperMicro 1U%GPASS%5016I-UR | http://www.supermicro.com/products/system/1u/5016/sys-5016i-ur.cfm]]'),(11,2767,'yes','[[SuperMicro 1U%GPASS%5016T-MR | http://www.supermicro.com/products/system/1u/5016/sys-5016t-mr.cfm]]'),(11,2901,'yes','[[SuperMicro 1U%GPASS%5016T-MTF | http://www.supermicro.com/products/system/1u/5016/sys-5016t-mtf.cfm]]'),(11,2760,'yes','[[SuperMicro 1U%GPASS%5016T-T | http://www.supermicro.com/products/system/1U/5016/SYS-5016T-T.cfm]]'),(11,3559,'yes','[[SuperMicro 1U%GPASS%5016TI-TF | http://www.supermicro.com/products/system/1U/5016/SYS-5016TI-TF.cfm]]'),(11,2817,'yes','[[SuperMicro 1U%GPASS%5017A-EF | http://www.supermicro.com/products/system/1u/5017/SYS-5017A-EF.cfm]]'),(11,2824,'yes','[[SuperMicro 1U%GPASS%5017A-EP | http://www.supermicro.com/products/system/1u/5017/SYS-5017A-EP.cfm]]'),(11,2783,'yes','[[SuperMicro 1U%GPASS%5017C-LF | http://www.supermicro.com/products/system/1u/5017/sys-5017c-lf.cfm]]'),(11,3481,'yes','[[SuperMicro 1U%GPASS%5017C-MF | http://www.supermicro.com/products/system/1u/5017/sys-5017c-mf.cfm]]'),(11,3483,'yes','[[SuperMicro 1U%GPASS%5017C-MTF | http://www.supermicro.com/products/system/1u/5017/sys-5017c-mtf.cfm]]'),(11,3081,'yes','[[SuperMicro 1U%GPASS%5017C-MTRF | http://www.supermicro.com/products/system/1u/5017/sys-5017c-mtrf.cfm]]'),(11,3447,'yes','[[SuperMicro 1U%GPASS%5017C-TF | http://www.supermicro.com/products/system/1u/5017/sys-5017c-tf.cfm]]'),(11,2726,'yes','[[SuperMicro 1U%GPASS%5017C-URF | http://www.supermicro.com/products/system/1u/5017/SYS-5017C-URF.cfm]]'),(11,3272,'yes','[[SuperMicro 1U%GPASS%5017GR-TF | http://www.supermicro.com/products/system/1u/5017/SYS-5017GR-TF.cfm]]'),(11,3193,'yes','[[SuperMicro 1U%GPASS%5017GR-TF-FM109 | http://www.supermicro.com/products/system/1U/5017/SYS-5017GR-TF-FM109.cfm]]'),(11,3125,'yes','[[SuperMicro 1U%GPASS%5017GR-TF-FM175 | http://www.supermicro.com/products/system/1U/5017/SYS-5017GR-TF-FM175.cfm]]'),(11,2906,'yes','[[SuperMicro 1U%GPASS%5017GR-TF-FM209 | http://www.supermicro.com/products/system/1U/5017/SYS-5017GR-TF-FM209.cfm]]'),(11,2832,'yes','[[SuperMicro 1U%GPASS%5017GR-TF-FM275 | http://www.supermicro.com/products/system/1U/5017/SYS-5017GR-TF-FM275.cfm]]'),(11,3133,'yes','[[SuperMicro 1U%GPASS%5017K-N6 | http://www.supermicro.com/products/system/1U/5017/SYS-5017K-N6.cfm]]'),(11,2786,'yes','[[SuperMicro 1U%GPASS%5017P-TF | http://www.supermicro.com/products/system/1u/5017/SYS-5017P-TF.cfm]]'),(11,2894,'yes','[[SuperMicro 1U%GPASS%5017P-TLN4F | http://www.supermicro.com/products/system/1u/5017/sys-5017p-tln4f.cfm]]'),(11,2784,'yes','[[SuperMicro 1U%GPASS%5017R-IHDP | http://www.supermicro.com/products/system/1U/5017/SSG-5017R-iHDP.cfm]]'),(11,3075,'yes','[[SuperMicro 1U%GPASS%5017R-MF | http://www.supermicro.com/products/system/1u/5017/SYS-5017R-MF.cfm]]'),(11,2752,'yes','[[SuperMicro 1U%GPASS%5017R-MTF | http://www.supermicro.com/products/system/1u/5017/SYS-5017R-MTF.cfm]]'),(11,3056,'yes','[[SuperMicro 1U%GPASS%5017R-MTRF | http://www.supermicro.com/products/system/1u/5017/SYS-5017R-MTRF.cfm]]'),(11,2729,'yes','[[SuperMicro 1U%GPASS%5017R-WRF | http://www.supermicro.com/products/system/1u/5017/SYS-5017R-WRF.cfm]]'),(11,2725,'yes','[[SuperMicro 1U%GPASS%5018A-FTN4 | http://www.supermicro.com/products/system/1u/5018/SYS-5018A-FTN4.cfm]]'),(11,2926,'yes','[[SuperMicro 1U%GPASS%5018A-LTN4 | http://www.supermicro.com/products/system/1U/5018/SYS-5018A-LTN4.cfm]]'),(11,2828,'yes','[[SuperMicro 1U%GPASS%5018A-MHN4 | http://www.supermicro.com/products/system/1u/5018/SYS-5018A-MHN4.cfm]]'),(11,3260,'yes','[[SuperMicro 1U%GPASS%5018A-MLHN4 | http://www.supermicro.com/products/system/1U/5018/SYS-5018A-MLHN4.cfm]]'),(11,3415,'yes','[[SuperMicro 1U%GPASS%5018A-MLTN4 | http://www.supermicro.com/products/system/1u/5018/SYS-5018A-MLTN4.cfm]]'),(11,2738,'yes','[[SuperMicro 1U%GPASS%5018A-TN4 | http://www.supermicro.com/products/system/1u/5018/SYS-5018A-TN4.cfm]]'),(11,3439,'yes','[[SuperMicro 1U%GPASS%5018A-TN7B | http://www.supermicro.com/products/system/1u/5018/SYS-5018A-TN7B.cfm]]'),(11,3049,'yes','[[SuperMicro 1U%GPASS%5018D-FN4T | http://www.supermicro.com/products/system/1u/5018/SYS-5018D-FN4T.cfm]]'),(11,3101,'yes','[[SuperMicro 1U%GPASS%5018D-FN8T | http://www.supermicro.com/products/system/1u/5018/SYS-5018D-FN8T.cfm]]'),(11,2928,'yes','[[SuperMicro 1U%GPASS%5018D-LN4T | http://www.supermicro.com/products/system/1u/5018/SYS-5018D-LN4T.cfm]]'),(11,3398,'yes','[[SuperMicro 1U%GPASS%5018D-MF | http://www.supermicro.com/products/system/1u/5018/SYS-5018D-MF.cfm]]'),(11,3010,'yes','[[SuperMicro 1U%GPASS%5018D-MHR7N4P | http://www.supermicro.com/products/system/1U/5018/SYS-5018D-MHR7N4P.cfm]]'),(11,3155,'yes','[[SuperMicro 1U%GPASS%5018D-MTF | http://www.supermicro.com/products/system/1U/5018/SYS-5018D-MTF.cfm]]'),(11,3087,'yes','[[SuperMicro 1U%GPASS%5018D-MTLN4F | http://www.supermicro.com/products/system/1u/5018/SYS-5018D-MTLN4F.cfm]]'),(11,3293,'yes','[[SuperMicro 1U%GPASS%5018D-MTRF | http://www.supermicro.com/products/system/1u/5018/SYS-5018D-MTRF.cfm]]'),(11,2948,'yes','[[SuperMicro 1U%GPASS%5018GR-T | http://www.supermicro.com/products/system/1u/5018/SYS-5018GR-T.cfm]]'),(11,3244,'yes','[[SuperMicro 1U%GPASS%5018R-M | http://www.supermicro.com/products/system/1u/5018/SYS-5018R-M.cfm]]'),(11,3484,'yes','[[SuperMicro 1U%GPASS%5018R-MR | http://www.supermicro.com/products/system/1u/5018/SYS-5018R-MR.cfm]]'),(11,2834,'yes','[[SuperMicro 1U%GPASS%5018R-WR | http://www.supermicro.com/products/system/1u/5018/SYS-5018R-WR.cfm]]'),(11,3097,'yes','[[SuperMicro 1U%GPASS%5019S-M | http://www.supermicro.com/products/system/1U/5019/SYS-5019S-M.cfm]]'),(11,3416,'yes','[[SuperMicro 1U%GPASS%5019S-M2 | http://www.supermicro.com/products/system/1U/5019/SYS-5019S-M2.cfm]]'),(11,3487,'yes','[[SuperMicro 1U%GPASS%5019S-MN4 | http://www.supermicro.com/products/system/1U/5019/SYS-5019S-MN4.cfm]]'),(11,3376,'yes','[[SuperMicro 1U%GPASS%5019S-MR | http://www.supermicro.com/products/system/1U/5019/SYS-5019S-MR.cfm]]'),(11,3378,'yes','[[SuperMicro 1U%GPASS%5019S-MT | http://www.supermicro.com/products/system/1U/5019/SYS-5019S-MT.cfm]]'),(11,3050,'yes','[[SuperMicro 1U%GPASS%5019S-TN4 | http://www.supermicro.com/products/system/1U/5019/SYS-5019S-TN4.cfm]]'),(11,3123,'yes','[[SuperMicro 1U%GPASS%5019S-WR | http://www.supermicro.com/products/system/1U/5019/SYS-5019S-WR.cfm]]'),(11,3418,'yes','[[SuperMicro 1U%GPASS%6012L-6 | http://www.supermicro.com/products/system/1U/6012/SYS-6012L-6.cfm]]'),(11,3341,'yes','[[SuperMicro 1U%GPASS%6012P-6 | http://www.supermicro.com/products/system/1U/6012/SYS-6012P-6.cfm]]'),(11,3343,'yes','[[SuperMicro 1U%GPASS%6012P-8 | http://www.supermicro.com/products/system/1U/6012/SYS-6012P-8.cfm]]'),(11,3412,'yes','[[SuperMicro 1U%GPASS%6013A-T | http://www.supermicro.com/products/system/1U/6013/SYS-6013A-T.cfm]]'),(11,3359,'yes','[[SuperMicro 1U%GPASS%6013E-I | http://www.supermicro.com/products/system/1U/6013/SYS-6013E-i.cfm]]'),(11,2908,'yes','[[SuperMicro 1U%GPASS%6013L-8 | http://www.supermicro.com/products/system/1U/6013/SYS-6013L-8.cfm]]'),(11,3363,'yes','[[SuperMicro 1U%GPASS%6013P-8 | http://www.supermicro.com/products/system/1U/6013/SYS-6013P-8.cfm]]'),(11,2914,'yes','[[SuperMicro 1U%GPASS%6013P-8+ | http://www.supermicro.com/products/system/1U/6013/SYS-6013P-8_.cfm]]'),(11,3336,'yes','[[SuperMicro 1U%GPASS%6013P-I | http://www.supermicro.com/products/system/1U/6013/SYS-6013P-i.cfm]]'),(11,3339,'yes','[[SuperMicro 1U%GPASS%6013P-T | http://www.supermicro.com/products/system/1U/6013/SYS-6013P-T.cfm]]'),(11,3152,'yes','[[SuperMicro 1U%GPASS%6014A-8 | http://www.supermicro.com/products/system/1U/6014/SYS-6014A-8.cfm]]'),(11,2827,'yes','[[SuperMicro 1U%GPASS%6014H-32 | http://www.supermicro.com/products/system/1U/6014/SYS-6014H-32.cfm]]'),(11,3201,'yes','[[SuperMicro 1U%GPASS%6014H-8 | http://www.supermicro.com/products/system/1U/6014/SYS-6014H-8.cfm]]'),(11,3173,'yes','[[SuperMicro 1U%GPASS%6014H-82 | http://www.supermicro.com/products/system/1U/6014/SYS-6014H-82.cfm]]'),(11,3144,'yes','[[SuperMicro 1U%GPASS%6014H-I | http://www.supermicro.com/products/system/1U/6014/SYS-6014H-i.cfm]]'),(11,2850,'yes','[[SuperMicro 1U%GPASS%6014H-I2 | http://www.supermicro.com/products/system/1U/6014/SYS-6014H-i2.cfm]]'),(11,3150,'yes','[[SuperMicro 1U%GPASS%6014H-T | http://www.supermicro.com/products/system/1U/6014/SYS-6014H-T.cfm]]'),(11,3074,'yes','[[SuperMicro 1U%GPASS%6014H-X8 | http://www.supermicro.com/products/system/1U/6014/SYS-6014H-X8.cfm]]'),(11,3036,'yes','[[SuperMicro 1U%GPASS%6014H-XI | http://www.supermicro.com/products/system/1U/6014/SYS-6014H-Xi.cfm]]'),(11,2972,'yes','[[SuperMicro 1U%GPASS%6014L-M | http://www.supermicro.com/products/system/1U/6014/SYS-6014L-M.cfm]]'),(11,3002,'yes','[[SuperMicro 1U%GPASS%6014L-M4 | http://www.supermicro.com/products/system/1U/6014/SYS-6014L-M4.cfm]]'),(11,3197,'yes','[[SuperMicro 1U%GPASS%6014L-T | http://www.supermicro.com/products/system/1U/6014/SYS-6014L-T.cfm]]'),(11,3023,'yes','[[SuperMicro 1U%GPASS%6014P-32 | http://www.supermicro.com/products/system/1U/6014/SYS-6014P-32.cfm]]'),(11,3047,'yes','[[SuperMicro 1U%GPASS%6014P-32R | http://www.supermicro.com/products/system/1U/6014/SYS-6014P-32R.cfm]]'),(11,3187,'yes','[[SuperMicro 1U%GPASS%6014P-8 | http://www.supermicro.com/products/system/1U/6014/SYS-6014P-8.cfm]]'),(11,3205,'yes','[[SuperMicro 1U%GPASS%6014P-82 | http://www.supermicro.com/products/system/1U/6014/SYS-6014P-82.cfm]]'),(11,3318,'yes','[[SuperMicro 1U%GPASS%6014P-82R | http://www.supermicro.com/products/system/1U/6014/SYS-6014P-82R.cfm]]'),(11,3424,'yes','[[SuperMicro 1U%GPASS%6014P-8R | http://www.supermicro.com/products/system/1U/6014/SYS-6014P-8R.cfm]]'),(11,3145,'yes','[[SuperMicro 1U%GPASS%6014P-T | http://www.supermicro.com/products/system/1U/6014/SYS-6014P-T.cfm]]'),(11,3407,'yes','[[SuperMicro 1U%GPASS%6014P-TR | http://www.supermicro.com/products/system/1U/6014/SYS-6014P-TR.cfm]]'),(11,3156,'yes','[[SuperMicro 1U%GPASS%6014V-M4 | http://www.supermicro.com/products/system/1U/6014/SYS-6014V-M4.cfm]]'),(11,3114,'yes','[[SuperMicro 1U%GPASS%6014V-T2 | http://www.supermicro.com/products/system/1U/6014/SYS-6014V-T2.cfm]]'),(11,3279,'yes','[[SuperMicro 1U%GPASS%6015A-NT | http://www.supermicro.com/products/system/1U/6015/SYS-6015A-NT.cfm]]'),(11,3179,'yes','[[SuperMicro 1U%GPASS%6015B-3 | http://www.supermicro.com/products/system/1U/6015/SYS-6015B-3.cfm]]'),(11,3276,'yes','[[SuperMicro 1U%GPASS%6015B-3R | http://www.supermicro.com/products/system/1U/6015/SYS-6015B-3R.cfm]]'),(11,3185,'yes','[[SuperMicro 1U%GPASS%6015B-8 | http://www.supermicro.com/products/system/1U/6015/SYS-6015B-8.cfm]]'),(11,3303,'yes','[[SuperMicro 1U%GPASS%6015B-8+ | http://www.supermicro.com/products/system/1U/6015/SYS-6015B-8_.cfm]]'),(11,3380,'yes','[[SuperMicro 1U%GPASS%6015B-NI | http://www.supermicro.com/products/system/1U/6015/SYS-6015B-Ni.cfm]]'),(11,3539,'yes','[[SuperMicro 1U%GPASS%6015B-NT | http://www.supermicro.com/products/system/1U/6015/SYS-6015B-NT.cfm]]'),(11,3028,'yes','[[SuperMicro 1U%GPASS%6015B-NTR | http://www.supermicro.com/products/system/1U/6015/SYS-6015B-NTR.cfm]]'),(11,3159,'yes','[[SuperMicro 1U%GPASS%6015B-T | http://www.supermicro.com/products/system/1U/6015/SYS-6015B-T.cfm]]'),(11,3135,'yes','[[SuperMicro 1U%GPASS%6015B-T+ | http://www.supermicro.com/products/system/1U/6015/SYS-6015B-T_.cfm]]'),(11,3160,'yes','[[SuperMicro 1U%GPASS%6015B-U | http://www.supermicro.com/products/system/1U/6015/SYS-6015B-U.cfm]]'),(11,2991,'yes','[[SuperMicro 1U%GPASS%6015B-UR | http://www.supermicro.com/products/system/1U/6015/SYS-6015B-UR.cfm]]'),(11,3084,'yes','[[SuperMicro 1U%GPASS%6015C-M3 | http://www.supermicro.com/products/system/1U/6015/SYS-6015C-M3.cfm]]'),(11,2921,'yes','[[SuperMicro 1U%GPASS%6015C-MT | http://www.supermicro.com/products/system/1U/6015/SYS-6015C-MT.cfm]]'),(11,2995,'yes','[[SuperMicro 1U%GPASS%6015C-NI | http://www.supermicro.com/products/system/1U/6015/SYS-6015C-Ni.cfm]]'),(11,2885,'yes','[[SuperMicro 1U%GPASS%6015C-NTR | http://www.supermicro.com/products/system/1U/6015/SYS-6015C-NTR.cfm]]'),(11,3207,'yes','[[SuperMicro 1U%GPASS%6015P-8 | http://www.supermicro.com/products/system/1U/6015/SYS-6015P-8.cfm]]'),(11,3512,'yes','[[SuperMicro 1U%GPASS%6015P-8R | http://www.supermicro.com/products/system/1U/6015/SYS-6015P-8R.cfm]]'),(11,3243,'yes','[[SuperMicro 1U%GPASS%6015P-T | http://www.supermicro.com/products/system/1U/6015/SYS-6015P-T.cfm]]'),(11,3281,'yes','[[SuperMicro 1U%GPASS%6015P-TR | http://www.supermicro.com/products/system/1U/6015/SYS-6015P-TR.cfm]]'),(11,3092,'yes','[[SuperMicro 1U%GPASS%6015T-INF | http://www.supermicro.com/products/system/1U/6015/SYS-6015T-INF.cfm]]'),(11,3228,'yes','[[SuperMicro 1U%GPASS%6015T-T | http://www.supermicro.com/products/system/1U/6015/SYS-6015T-T.cfm]]'),(11,3109,'yes','[[SuperMicro 1U%GPASS%6015TC-10G | http://www.supermicro.com/products/system/1U/6015/SYS-6015TC-10G.cfm]]'),(11,2992,'yes','[[SuperMicro 1U%GPASS%6015TC-LFT | http://www.supermicro.com/products/system/1U/6015/SYS-6015TC-LFT.cfm]]'),(11,3352,'yes','[[SuperMicro 1U%GPASS%6015TC-T | http://www.supermicro.com/products/system/1U/6015/SYS-6015TC-T.cfm]]'),(11,2771,'yes','[[SuperMicro 1U%GPASS%6015TW-INF | http://www.supermicro.com/products/system/1U/6015/SYS-6015TW-INF.cfm]]'),(11,3163,'yes','[[SuperMicro 1U%GPASS%6015TW-T | http://www.supermicro.com/products/system/1U/6015/SYS-6015TW-T.cfm]]'),(11,2776,'yes','[[SuperMicro 1U%GPASS%6015V-M3 | http://www.supermicro.com/products/system/1U/6015/SYS-6015V-M3.cfm]]'),(11,2756,'yes','[[SuperMicro 1U%GPASS%6015V-MR | http://www.supermicro.com/products/system/1U/6015/SYS-6015V-MR.cfm]]'),(11,3497,'yes','[[SuperMicro 1U%GPASS%6015V-MRLP | http://www.supermicro.com/products/system/1U/6015/SYS-6015V-MRLP.cfm]]'),(11,2757,'yes','[[SuperMicro 1U%GPASS%6015V-MT | http://www.supermicro.com/products/system/1U/6015/SYS-6015V-MT.cfm]]'),(11,3316,'yes','[[SuperMicro 1U%GPASS%6015V-T | http://www.supermicro.com/products/system/1U/6015/SYS-6015V-T.cfm]]'),(11,2935,'yes','[[SuperMicro 1U%GPASS%6015V-TLP | http://www.supermicro.com/products/system/1U/6015/SYS-6015V-TLP.cfm]]'),(11,2953,'yes','[[SuperMicro 1U%GPASS%6015W-NI | http://www.supermicro.com/products/system/1U/6015/SYS-6015W-Ni.cfm]]'),(11,2934,'yes','[[SuperMicro 1U%GPASS%6015W-NTR | http://www.supermicro.com/products/system/1U/6015/SYS-6015W-NTR.cfm]]'),(11,3165,'yes','[[SuperMicro 1U%GPASS%6015X-3 | http://www.supermicro.com/products/system/1U/6015/SYS-6015X-3.cfm]]'),(11,3157,'yes','[[SuperMicro 1U%GPASS%6015X-8 | http://www.supermicro.com/products/system/1U/6015/SYS-6015X-8.cfm]]'),(11,2967,'yes','[[SuperMicro 1U%GPASS%6015X-T | http://www.supermicro.com/products/system/1U/6015/SYS-6015X-T.cfm]]'),(11,3217,'yes','[[SuperMicro 1U%GPASS%6016GT-TF | http://www.supermicro.com/products/system/1U/6016/SYS-6016GT-TF.cfm]]'),(11,3533,'yes','[[SuperMicro 1U%GPASS%6016T-6F | http://www.supermicro.com/products/system/1U/6016/SYS-6016T-6F.cfm]]'),(11,3498,'yes','[[SuperMicro 1U%GPASS%6016T-6RF+ | http://www.supermicro.com/products/system/1U/6016/SYS-6016T-6RF_.cfm]]'),(11,3191,'yes','[[SuperMicro 1U%GPASS%6016T-GIBQF | http://www.supermicro.com/products/system/1u/6016/SYS-6016T-GIBQF.cfm]]'),(11,2736,'yes','[[SuperMicro 1U%GPASS%6016T-MR | http://www.supermicro.com/products/system/1U/6016/SYS-6016T-MR.cfm]]'),(11,2920,'yes','[[SuperMicro 1U%GPASS%6016T-MT | http://www.supermicro.com/products/system/1U/6016/SYS-6016T-MT.cfm]]'),(11,3070,'yes','[[SuperMicro 1U%GPASS%6016T-MTLF | http://www.supermicro.com/products/system/1u/6016/SYS-6016T-MTLF.cfm]]'),(11,2753,'yes','[[SuperMicro 1U%GPASS%6016T-NTF | http://www.supermicro.com/products/system/1u/6016/SYS-6016T-NTF.cfm]]'),(11,2762,'yes','[[SuperMicro 1U%GPASS%6016T-NTRF | http://www.supermicro.com/products/system/1u/6016/SYS-6016T-NTRF.cfm]]'),(11,3362,'yes','[[SuperMicro 1U%GPASS%6016T-T | http://www.supermicro.com/products/system/1U/6016/SYS-6016T-T.cfm]]'),(11,3389,'yes','[[SuperMicro 1U%GPASS%6016T-UF | http://www.supermicro.com/products/system/1U/6016/SYS-6016T-UF.cfm]]'),(11,3029,'yes','[[SuperMicro 1U%GPASS%6016T-URF | http://www.supermicro.com/products/system/1U/6016/SYS-6016T-URF.cfm]]'),(11,2964,'yes','[[SuperMicro 1U%GPASS%6016T-URF4+ | http://www.supermicro.com/products/system/1U/6016/SYS-6016T-URF4_.cfm]]'),(11,3151,'yes','[[SuperMicro 1U%GPASS%6016TT-IBQF | http://www.supermicro.com/products/system/1U/6016/SYS-6016TT-IBQF.cfm]]'),(11,2857,'yes','[[SuperMicro 1U%GPASS%6016TT-IBXF | http://www.supermicro.com/products/system/1U/6016/SYS-6016TT-IBXF.cfm]]'),(11,3061,'yes','[[SuperMicro 1U%GPASS%6016TT-TF | http://www.supermicro.com/products/system/1U/6016/SYS-6016TT-TF.cfm]]'),(11,2999,'yes','[[SuperMicro 1U%GPASS%6017B-MTF | http://www.supermicro.com/products/system/1u/6017/SYS-6017B-MTF.cfm]]'),(11,2916,'yes','[[SuperMicro 1U%GPASS%6017B-MTLF | http://www.supermicro.com/products/system/1u/6017/SYS-6017B-MTLF.cfm]]'),(11,2889,'yes','[[SuperMicro 1U%GPASS%6017B-MTRF | http://www.supermicro.com/products/system/1u/6017/SYS-6017B-MTRF.cfm]]'),(11,2874,'yes','[[SuperMicro 1U%GPASS%6017B-NTF | http://www.supermicro.com/products/system/1u/6017/SYS-6017B-NTF.cfm]]'),(11,2758,'yes','[[SuperMicro 1U%GPASS%6017B-URF | http://www.supermicro.com/products/system/1u/6017/SYS-6017B-URF.cfm]]'),(11,2969,'yes','[[SuperMicro 1U%GPASS%6017R-72RFTP | http://www.supermicro.com/products/system/1U/6017/SYS-6017R-72RFTP.cfm]]'),(11,2711,'yes','[[SuperMicro 1U%GPASS%6017R-73HDP+ | http://www.supermicro.com/products/system/1U/6017/SYS-6017R-73HDP_.cfm]]'),(11,3323,'yes','[[SuperMicro 1U%GPASS%6017R-73THDP+ | http://www.supermicro.com/products/system/1U/6017/SYS-6017R-73THDP_.cfm]]'),(11,3510,'yes','[[SuperMicro 1U%GPASS%6017R-M7RF | http://www.supermicro.com/products/system/1U/6017/SYS-6017R-M7RF.cfm]]'),(11,2816,'yes','[[SuperMicro 1U%GPASS%6017R-M7UF | http://www.supermicro.com/products/system/1U/6017/SYS-6017R-M7UF.cfm]]'),(11,3287,'yes','[[SuperMicro 1U%GPASS%6017R-MTLF | http://www.supermicro.com/products/system/1U/6017/SYS-6017R-MTLF.cfm]]'),(11,3394,'yes','[[SuperMicro 1U%GPASS%6017R-N3RF4+ | http://www.supermicro.com/products/system/1u/6017/SYS-6017R-N3RF4_.cfm]]'),(11,3490,'yes','[[SuperMicro 1U%GPASS%6017R-N3RFT+ | http://www.supermicro.com/products/system/1u/6017/SYS-6017R-N3RFT_.cfm]]'),(11,2869,'yes','[[SuperMicro 1U%GPASS%6017R-NTF | http://www.supermicro.com/products/system/1u/6017/SYS-6017R-NTF.cfm]]'),(11,2929,'yes','[[SuperMicro 1U%GPASS%6017R-TDAF | http://www.supermicro.com/products/system/1u/6017/SYS-6017R-TDAF.cfm]]'),(11,3344,'yes','[[SuperMicro 1U%GPASS%6017R-TDF | http://www.supermicro.com/products/system/1u/6017/SYS-6017R-TDF.cfm]]'),(11,2839,'yes','[[SuperMicro 1U%GPASS%6017R-TDF+ | http://www.supermicro.com/products/system/1u/6017/SYS-6017R-TDF_.cfm]]'),(11,3599,'yes','[[SuperMicro 1U%GPASS%6017R-TDLF | http://www.supermicro.com/products/system/1u/6017/SYS-6017R-TDLF.cfm]]'),(11,2895,'yes','[[SuperMicro 1U%GPASS%6017R-TDLRF | http://www.supermicro.com/products/system/1u/6017/SYS-6017R-TDLRF.cfm]]'),(11,2847,'yes','[[SuperMicro 1U%GPASS%6017R-TDT+ | http://www.supermicro.com/products/system/1U/6017/SYS-6017R-TDT_.cfm]]'),(11,3265,'yes','[[SuperMicro 1U%GPASS%6017R-WRF | http://www.supermicro.com/products/system/1u/6017/SYS-6017R-WRF.cfm]]'),(11,3001,'yes','[[SuperMicro 1U%GPASS%6017R-WTRFTP | http://www.supermicro.com/products/system/1U/6017/SYS-6017R-WTRFTP.cfm]]'),(11,3285,'yes','[[SuperMicro 1U%GPASS%6017R-WTRFTP+ | http://www.supermicro.com/products/system/1u/6017/SYS-6017R-WTRFTP_.cfm]]'),(11,3366,'yes','[[SuperMicro 1U%GPASS%6017TR-TF | http://www.supermicro.com/products/system/1u/6017/SYS-6017TR-TF.cfm]]'),(11,2723,'yes','[[SuperMicro 1U%GPASS%6017TR-TFF | http://www.supermicro.com/products/system/1u/6017/SYS-6017TR-TFF.cfm]]'),(11,3436,'yes','[[SuperMicro 1U%GPASS%6017TR-TQF | http://www.supermicro.com/products/system/1u/6017/SYS-6017TR-TQF.cfm]]'),(11,3315,'yes','[[SuperMicro 1U%GPASS%6018R-MD | http://www.supermicro.com/products/system/1u/6018/SYS-6018R-MD.cfm]]'),(11,3576,'yes','[[SuperMicro 1U%GPASS%6018R-MDR | http://www.supermicro.com/products/system/1u/6018/SYS-6018R-MDR.cfm]]'),(11,3305,'yes','[[SuperMicro 1U%GPASS%6018R-MT | http://www.supermicro.com/products/system/1u/6018/SYS-6018R-MT.cfm]]'),(11,3052,'yes','[[SuperMicro 1U%GPASS%6018R-MTR | http://www.supermicro.com/products/system/1u/6018/SYS-6018R-MTR.cfm]]'),(11,3245,'yes','[[SuperMicro 1U%GPASS%6018R-TD | http://www.supermicro.com/products/system/1u/6018/SYS-6018R-TD.cfm]]'),(11,2871,'yes','[[SuperMicro 1U%GPASS%6018R-TD8 | http://www.supermicro.com/products/system/1u/6018/SYS-6018R-TD8.cfm]]'),(11,2980,'yes','[[SuperMicro 1U%GPASS%6018R-TDTP | http://www.supermicro.com/products/system/1u/6018/SYS-6018R-TDTP.cfm]]'),(11,3294,'yes','[[SuperMicro 1U%GPASS%6018R-TDTPR | http://www.supermicro.com/products/system/1u/6018/SYS-6018R-TDTPR.cfm]]'),(11,3235,'yes','[[SuperMicro 1U%GPASS%6018R-TDW | http://www.supermicro.com/products/system/1u/6018/SYS-6018R-TDW.cfm]]'),(11,2943,'yes','[[SuperMicro 1U%GPASS%6018R-WTR | http://www.supermicro.com/products/system/1u/6018/SYS-6018R-WTR.cfm]]'),(11,2942,'yes','[[SuperMicro 1U%GPASS%6018R-WTRT | http://www.supermicro.com/products/system/1u/6018/SYS-6018R-WTRT.cfm]]'),(11,3467,'yes','[[SuperMicro 1U%GPASS%6018TR-T | http://www.supermicro.com/products/system/1u/6018/SYS-6018TR-T.cfm]]'),(11,2730,'yes','[[SuperMicro 1U%GPASS%6018TR-TF | http://www.supermicro.com/products/system/1u/6018/SYS-6018TR-TF.cfm]]'),(11,3320,'yes','[[SuperMicro 1U%GPASS%6018U-TR4+ | http://www.supermicro.com/products/system/1u/6018/SYS-6018U-TR4_.cfm]]'),(11,3038,'yes','[[SuperMicro 1U%GPASS%6018U-TR4T+ | http://www.supermicro.com/products/system/1U/6018/SYS-6018U-TR4T_.cfm]]'),(11,3395,'yes','[[SuperMicro 1U%GPASS%6018U-TRT+ | http://www.supermicro.com/products/system/1u/6018/SYS-6018U-TRT_.cfm]]'),(11,3078,'yes','[[SuperMicro 1U%GPASS%6018U-TRTP+ | http://www.supermicro.com/products/system/1u/6018/SYS-6018U-TRTP_.cfm]]'),(11,3309,'yes','[[SuperMicro 1U%GPASS%8014T-T | http://www.supermicro.com/products/system/1U/8014/SYS-8014T-T.cfm]]'),(11,3220,'yes','[[SuperMicro 1U%GPASS%8015C-T | http://www.supermicro.com/products/system/1U/8015/SYS-8015C-T.cfm]]'),(11,3142,'yes','[[SuperMicro 1U%GPASS%8016B-6 | http://www.supermicro.com/products/system/1U/8016/SYS-8016B-6.cfm]]'),(11,3196,'yes','[[SuperMicro 1U%GPASS%8016B-TLF | http://www.supermicro.com/products/system/1U/8016/SYS-8016B-TLF.cfm]]'),(11,3482,'yes','[[SuperMicro 1U%GPASS%8017R-7FT+ | http://www.supermicro.com/products/system/1U/8017/SYS-8017R-7FT_.cfm]]'),(11,3553,'yes','[[SuperMicro 1U%GPASS%8017R-TF+ | http://www.supermicro.com/products/system/1u/8017/SYS-8017R-TF_.cfm]]'),(11,3202,'yes','[[SuperMicro 2U%GPASS%2015TA-HTRF | http://www.supermicro.com/products/system/2U/2015/SYS-2015TA-HTRF.cfm]]'),(11,3589,'yes','[[SuperMicro 2U%GPASS%2016TI-HTRF | http://www.supermicro.com/products/system/2u/2016/sys-2016ti-htrf.cfm]]'),(11,3122,'yes','[[SuperMicro 2U%GPASS%2026GT-TRF | http://www.supermicro.com/products/system/2U/2026/SYS-2026GT-TRF.cfm]]'),(11,3158,'yes','[[SuperMicro 2U%GPASS%2026T-6RF+ | http://www.supermicro.com/products/system/2U/2026/SYS-2026T-6RF_.cfm]]'),(11,3440,'yes','[[SuperMicro 2U%GPASS%2026T-URF4+ | http://www.supermicro.com/products/system/2U/2026/SYS-2026T-URF4_.cfm]]'),(11,3468,'yes','[[SuperMicro 2U%GPASS%2026TT-DLIBQRF | http://www.supermicro.com/products/system/2U/2026/SYS-2026TT-DLIBQRF.cfm]]'),(11,3491,'yes','[[SuperMicro 2U%GPASS%2026TT-DLIBXRF | http://www.supermicro.com/products/system/2U/2026/SYS-2026TT-DLIBXRF.cfm]]'),(11,2779,'yes','[[SuperMicro 2U%GPASS%2026TT-DLRF | http://www.supermicro.com/products/system/2U/2026/SYS-2026TT-DLRF.cfm]]'),(11,3509,'yes','[[SuperMicro 2U%GPASS%2026TT-H6IBQRF | http://www.supermicro.com/products/system/2U/2026/SYS-2026TT-H6IBQRF.cfm]]'),(11,2922,'yes','[[SuperMicro 2U%GPASS%2026TT-H6IBXRF | http://www.supermicro.com/products/system/2U/2026/SYS-2026TT-H6IBXRF.cfm]]'),(11,3060,'yes','[[SuperMicro 2U%GPASS%2026TT-H6RF | http://www.supermicro.com/products/system/2U/2026/SYS-2026TT-H6RF.cfm]]'),(11,2815,'yes','[[SuperMicro 2U%GPASS%2026TT-HIBQRF | http://www.supermicro.com/products/system/2U/2026/SYS-2026TT-HIBQRF.cfm]]'),(11,3506,'yes','[[SuperMicro 2U%GPASS%2027GR-TR2 | http://www.supermicro.com/products/system/2u/2027/SYS-2027GR-TR2.cfm]]'),(11,3529,'yes','[[SuperMicro 2U%GPASS%2027GR-TRF | http://www.supermicro.com/products/system/2u/2027/SYS-2027GR-TRF.cfm]]'),(11,3105,'yes','[[SuperMicro 2U%GPASS%2027GR-TRF-FM409 | http://www.supermicro.com/products/system/2U/2027/SYS-2027GR-TRF-FM409.cfm]]'),(11,3219,'yes','[[SuperMicro 2U%GPASS%2027GR-TRF-FM475 | http://www.supermicro.com/products/system/2U/2027/SYS-2027GR-TRF-FM475.cfm]]'),(11,3374,'yes','[[SuperMicro 2U%GPASS%2027GR-TRFH | http://www.supermicro.com/products/system/2u/2027/SYS-2027GR-TRFH.cfm]]'),(11,2958,'yes','[[SuperMicro 2U%GPASS%2027GR-TRFH-FM609 | http://www.supermicro.com/products/system/2u/2027/SYS-2027GR-TRFH-FM609.cfm]]'),(11,2976,'yes','[[SuperMicro 2U%GPASS%2027GR-TRFH-FM675 | http://www.supermicro.com/products/system/2u/2027/SYS-2027GR-TRFH-FM675.cfm]]'),(11,2842,'yes','[[SuperMicro 2U%GPASS%2027GR-TRFHT | http://www.supermicro.com/products/system/2u/2027/SYS-2027GR-TRFHT.cfm]]'),(11,3302,'yes','[[SuperMicro 2U%GPASS%2027GR-TRFT | http://www.supermicro.com/products/system/2u/2027/SYS-2027GR-TRFT.cfm]]'),(11,2728,'yes','[[SuperMicro 2U%GPASS%2027GR-TRT2 | http://www.supermicro.com/products/system/2u/2027/SYS-2027GR-TRT2.cfm]]'),(11,3218,'yes','[[SuperMicro 2U%GPASS%2027GR-TSF | http://www.supermicro.com/products/system/2u/2027/SYS-2027GR-TSF.cfm]]'),(11,3528,'yes','[[SuperMicro 2U%GPASS%2027PR-DC0FR | http://www.supermicro.com/products/system/2U/2027/SYS-2027PR-DC0FR.cfm]]'),(11,3014,'yes','[[SuperMicro 2U%GPASS%2027PR-DC0R | http://www.supermicro.com/products/system/2U/2027/SYS-2027PR-DC0R.cfm]]'),(11,3479,'yes','[[SuperMicro 2U%GPASS%2027PR-DC0TR | http://www.supermicro.com/products/system/2U/2027/SYS-2027PR-DC0TR.cfm]]'),(11,2846,'yes','[[SuperMicro 2U%GPASS%2027PR-DC1FR | http://www.supermicro.com/products/system/2U/2027/SYS-2027PR-DC1FR.cfm]]'),(11,3022,'yes','[[SuperMicro 2U%GPASS%2027PR-DC1R | http://www.supermicro.com/products/system/2U/2027/SYS-2027PR-DC1R.cfm]]'),(11,2878,'yes','[[SuperMicro 2U%GPASS%2027PR-DC1TR | http://www.supermicro.com/products/system/2U/2027/SYS-2027PR-DC1TR.cfm]]'),(11,2866,'yes','[[SuperMicro 2U%GPASS%2027PR-DTFR | http://www.supermicro.com/products/system/2U/2027/SYS-2027PR-DTFR.cfm]]'),(11,3298,'yes','[[SuperMicro 2U%GPASS%2027PR-DTR | http://www.supermicro.com/products/system/2u/2027/SYS-2027PR-DTR.cfm]]'),(11,2822,'yes','[[SuperMicro 2U%GPASS%2027PR-DTTR | http://www.supermicro.com/products/system/2u/2027/SYS-2027PR-DTTR.cfm]]'),(11,3230,'yes','[[SuperMicro 2U%GPASS%2027PR-HC0FR | http://www.supermicro.com/products/system/2U/2027/SYS-2027PR-HC0FR.cfm]]'),(11,3543,'yes','[[SuperMicro 2U%GPASS%2027PR-HC0R | http://www.supermicro.com/products/system/2U/2027/SYS-2027PR-HC0R.cfm]]'),(11,3112,'yes','[[SuperMicro 2U%GPASS%2027PR-HC0TR | http://www.supermicro.com/products/system/2U/2027/SYS-2027PR-HC0TR.cfm]]'),(11,3278,'yes','[[SuperMicro 2U%GPASS%2027PR-HC1FR | http://www.supermicro.com/products/system/2U/2027/SYS-2027PR-HC1FR.cfm]]'),(11,3354,'yes','[[SuperMicro 2U%GPASS%2027PR-HC1R | http://www.supermicro.com/products/system/2U/2027/SYS-2027PR-HC1R.cfm]]'),(11,3325,'yes','[[SuperMicro 2U%GPASS%2027PR-HC1TR | http://www.supermicro.com/products/system/2U/2027/SYS-2027PR-HC1TR.cfm]]'),(11,3215,'yes','[[SuperMicro 2U%GPASS%2027PR-HTFR | http://www.supermicro.com/products/system/2U/2027/SYS-2027PR-HTFR.cfm]]'),(11,2848,'yes','[[SuperMicro 2U%GPASS%2027PR-HTR | http://www.supermicro.com/products/system/2u/2027/SYS-2027PR-HTR.cfm]]'),(11,3361,'yes','[[SuperMicro 2U%GPASS%2027PR-HTTR | http://www.supermicro.com/products/system/2U/2027/SYS-2027PR-HTTR.cfm]]'),(11,3520,'yes','[[SuperMicro 2U%GPASS%2027R-72RFTP+ | http://www.supermicro.com/products/system/2U/2027/SYS-2027R-72RFTP_.cfm]]'),(11,2973,'yes','[[SuperMicro 2U%GPASS%2027R-AR24 | http://www.supermicro.com/products/system/2U/2027/SSG-2027R-AR24.cfm]]'),(11,3392,'yes','[[SuperMicro 2U%GPASS%2027R-AR24NV | http://www.supermicro.com/products/system/2u/2027/SSG-2027R-AR24NV.cfm]]'),(11,2915,'yes','[[SuperMicro 2U%GPASS%2027R-E1CR24 | http://www.supermicro.com/products/system/2U/2027/SSG-2027R-E1CR24N.cfm]]'),(11,2940,'yes','[[SuperMicro 2U%GPASS%2027R-E1R24 | http://www.supermicro.com/products/system/2U/2027/SSG-2027R-E1R24N.cfm]]'),(11,2741,'yes','[[SuperMicro 2U%GPASS%2027R-N3RF4+ | http://www.supermicro.com/products/system/2u/2027/SYS-2027R-N3RF4_.cfm]]'),(11,3511,'yes','[[SuperMicro 2U%GPASS%2027R-N3RFT+ | http://www.supermicro.com/products/system/2u/2027/SYS-2027R-N3RFT_.cfm]]'),(11,3370,'yes','[[SuperMicro 2U%GPASS%2027R-WRF | http://www.supermicro.com/products/system/2u/2027/SYS-2027R-WRF.cfm]]'),(11,3563,'yes','[[SuperMicro 2U%GPASS%2027TR-D70FRF | http://www.supermicro.com/products/system/2U/2027/SYS-2027TR-D70FRF.cfm]]'),(11,2778,'yes','[[SuperMicro 2U%GPASS%2027TR-D70QRF | http://www.supermicro.com/products/system/2U/2027/SYS-2027TR-D70QRF.cfm]]'),(11,2974,'yes','[[SuperMicro 2U%GPASS%2027TR-D70RF | http://www.supermicro.com/products/system/2U/2027/SYS-2027TR-D70RF.cfm]]'),(11,2944,'yes','[[SuperMicro 2U%GPASS%2027TR-D70RF+ | http://www.supermicro.com/products/system/2u/2027/SYS-2027TR-D70RF_.cfm]]'),(11,2868,'yes','[[SuperMicro 2U%GPASS%2027TR-H70FRF | http://www.supermicro.com/products/system/2U/2027/SYS-2027TR-H70FRF.cfm]]'),(11,2961,'yes','[[SuperMicro 2U%GPASS%2027TR-H70QRF | http://www.supermicro.com/products/system/2U/2027/SYS-2027TR-H70QRF.cfm]]'),(11,3017,'yes','[[SuperMicro 2U%GPASS%2027TR-H70RF | http://www.supermicro.com/products/system/2U/2027/SYS-2027TR-H70RF.cfm]]'),(11,2819,'yes','[[SuperMicro 2U%GPASS%2027TR-H70RF+ | http://www.supermicro.com/products/system/2U/2027/SYS-2027TR-H70RF_.cfm]]'),(11,3241,'yes','[[SuperMicro 2U%GPASS%2027TR-H71FRF | http://www.supermicro.com/products/system/2U/2027/SYS-2027TR-H71FRF.cfm]]'),(11,3107,'yes','[[SuperMicro 2U%GPASS%2027TR-H71QRF | http://www.supermicro.com/products/system/2U/2027/SYS-2027TR-H71QRF.cfm]]'),(11,3180,'yes','[[SuperMicro 2U%GPASS%2027TR-H71RF | http://www.supermicro.com/products/system/2U/2027/SYS-2027TR-H71RF.cfm]]'),(11,3562,'yes','[[SuperMicro 2U%GPASS%2027TR-H71RF+ | http://www.supermicro.com/products/system/2U/2027/SYS-2027TR-H71RF_.cfm]]'),(11,3514,'yes','[[SuperMicro 2U%GPASS%2027TR-H72FRF | http://www.supermicro.com/products/system/2U/2027/SYS-2027TR-H72FRF.cfm]]'),(11,3523,'yes','[[SuperMicro 2U%GPASS%2027TR-H72QRF | http://www.supermicro.com/products/system/2U/2027/SYS-2027TR-H72QRF.cfm]]'),(11,2740,'yes','[[SuperMicro 2U%GPASS%2027TR-H72RF | http://www.supermicro.com/products/system/2U/2027/SYS-2027TR-H72RF.cfm]]'),(11,2727,'yes','[[SuperMicro 2U%GPASS%2027TR-H72RF+ | http://www.supermicro.com/products/system/2U/2027/SYS-2027TR-H72RF_.cfm]]'),(11,2863,'yes','[[SuperMicro 2U%GPASS%2027TR-HTFRF | http://www.supermicro.com/products/system/2U/2027/SYS-2027TR-HTFRF.cfm]]'),(11,2792,'yes','[[SuperMicro 2U%GPASS%2027TR-HTQRF | http://www.supermicro.com/products/system/2U/2027/SYS-2027TR-HTQRF.cfm]]'),(11,2947,'yes','[[SuperMicro 2U%GPASS%2027TR-HTRF | http://www.supermicro.com/products/system/2U/2027/SYS-2027TR-HTRF.cfm]]'),(11,3555,'yes','[[SuperMicro 2U%GPASS%2027TR-HTRF+ | http://www.supermicro.com/products/system/2U/2027/SYS-2027TR-HTRF_.cfm]]'),(11,3004,'yes','[[SuperMicro 2U%GPASS%2028BT-HNC0R+ | http://www.supermicro.com/products/system/2U/2028/SYS-2028BT-HNC0R_.cfm]]'),(11,3307,'yes','[[SuperMicro 2U%GPASS%2028BT-HNR+ | http://www.supermicro.com/products/system/2U/2028/SYS-2028BT-HNR_.cfm]]'),(11,3401,'yes','[[SuperMicro 2U%GPASS%2028BT-HTR+ | http://www.supermicro.com/products/system/2U/2028/SYS-2028BT-HTR_.cfm]]'),(11,2979,'yes','[[SuperMicro 2U%GPASS%2028GR-TR | http://www.supermicro.com/products/system/2u/2028/SYS-2028GR-TR.cfm]]'),(11,3216,'yes','[[SuperMicro 2U%GPASS%2028GR-TRH | http://www.supermicro.com/products/system/2u/2028/SYS-2028GR-TRH.cfm]]'),(11,3425,'yes','[[SuperMicro 2U%GPASS%2028GR-TRHT | http://www.supermicro.com/products/system/2u/2028/SYS-2028GR-TRHT.cfm]]'),(11,3204,'yes','[[SuperMicro 2U%GPASS%2028GR-TRT | http://www.supermicro.com/products/system/2u/2028/SYS-2028GR-TRT.cfm]]'),(11,3208,'yes','[[SuperMicro 2U%GPASS%2028R-ACR24H | http://www.supermicro.com/products/system/2U/2028/SSG-2028R-ACR24H.cfm]]'),(11,3430,'yes','[[SuperMicro 2U%GPASS%2028R-C1R | http://www.supermicro.com/products/system/2u/2028/SYS-2028R-C1R.cfm]]'),(11,3332,'yes','[[SuperMicro 2U%GPASS%2028R-C1R4+ | http://www.supermicro.com/products/system/2u/2028/SYS-2028R-C1R4_.cfm]]'),(11,2840,'yes','[[SuperMicro 2U%GPASS%2028R-C1RT | http://www.supermicro.com/products/system/2u/2028/SYS-2028R-C1RT.cfm]]'),(11,2963,'yes','[[SuperMicro 2U%GPASS%2028R-C1RT4+ | http://www.supermicro.com/products/system/2u/2028/SYS-2028R-C1RT4_.cfm]]'),(11,3342,'yes','[[SuperMicro 2U%GPASS%2028R-E1CR24 | http://www.supermicro.com/products/system/2u/2028/SSG-2028R-E1CR24N.cfm]]'),(11,3414,'yes','[[SuperMicro 2U%GPASS%2028R-E1CR24H | http://www.supermicro.com/products/system/2u/2028/SSG-2028R-E1CR24H.cfm]]'),(11,3018,'yes','[[SuperMicro 2U%GPASS%2028R-E1CR48 | http://www.supermicro.com/products/system/2U/2028/SSG-2028R-E1CR48N.cfm]]'),(11,3581,'yes','[[SuperMicro 2U%GPASS%2028R-NR48 | http://www.supermicro.com/products/system/2U/2028/SSG-2028R-NR48N.cfm]]'),(11,3025,'yes','[[SuperMicro 2U%GPASS%2028R-TXR | http://www.supermicro.com/products/system/2U/2028/SYS-2028R-TXR.cfm]]'),(11,2861,'yes','[[SuperMicro 2U%GPASS%2028TR-H72FR | http://www.supermicro.com/products/system/2u/2028/SYS-2028TR-H72FR.cfm]]'),(11,3104,'yes','[[SuperMicro 2U%GPASS%2028TR-H72R | http://www.supermicro.com/products/system/2u/2028/SYS-2028TR-H72R.cfm]]'),(11,3006,'yes','[[SuperMicro 2U%GPASS%2028TR-HTFR | http://www.supermicro.com/products/system/2U/2028/SYS-2028TR-HTFR.cfm]]'),(11,3021,'yes','[[SuperMicro 2U%GPASS%2028TR-HTR | http://www.supermicro.com/products/system/2U/2028/SYS-2028TR-HTR.cfm]]'),(11,3422,'yes','[[SuperMicro 2U%GPASS%2028U-E1CNR4T+ | http://www.supermicro.com/products/system/2u/2028/SYS-2028U-E1CNR4T_.cfm]]'),(11,2716,'yes','[[SuperMicro 2U%GPASS%2028U-E1CNRT+ | http://www.supermicro.com/products/system/2u/2028/SYS-2028U-E1CNRT_.cfm]]'),(11,2960,'yes','[[SuperMicro 2U%GPASS%2028U-TN24R4T+ | http://www.supermicro.com/products/system/2u/2028/SYS-2028U-TN24R4T_.cfm]]'),(11,3175,'yes','[[SuperMicro 2U%GPASS%2028U-TNR4T+ | http://www.supermicro.com/products/system/2u/2028/SYS-2028U-TNR4T_.cfm]]'),(11,2925,'yes','[[SuperMicro 2U%GPASS%2028U-TNRT+ | http://www.supermicro.com/products/system/2u/2028/SYS-2028U-TNRT_.cfm]]'),(11,3574,'yes','[[SuperMicro 2U%GPASS%2028U-TR4+ | http://www.supermicro.com/products/system/2u/2028/SYS-2028U-TR4_.cfm]]'),(11,3166,'yes','[[SuperMicro 2U%GPASS%2028U-TR4T+ | http://www.supermicro.com/products/system/2u/2028/SYS-2028U-TR4T_.cfm]]'),(11,2745,'yes','[[SuperMicro 2U%GPASS%2028U-TRT+ | http://www.supermicro.com/products/system/2u/2028/SYS-2028U-TRT_.cfm]]'),(11,3146,'yes','[[SuperMicro 2U%GPASS%2028U-TRTP+ | http://www.supermicro.com/products/system/2u/2028/SYS-2028U-TRTP_.cfm]]'),(11,2788,'yes','[[SuperMicro 2U%GPASS%2028UT-BC1NRT | http://www.supermicro.com/products/system/2u/2028/SYS-2028UT-BC1NRT.cfm]]'),(11,2859,'yes','[[SuperMicro 2U%GPASS%2028UT-BTNRT | http://www.supermicro.com/products/system/2u/2028/SYS-2028UT-BTNRT.cfm]]'),(11,3411,'yes','[[SuperMicro 2U%GPASS%2048U-RTR4 | http://www.supermicro.com/products/system/2u/2048/SYS-2048U-RTR4.cfm]]'),(11,3271,'yes','[[SuperMicro 2U%GPASS%5025B-4 | http://www.supermicro.com/products/system/2U/5025/SYS-5025B-4.cfm]]'),(11,3226,'yes','[[SuperMicro 2U%GPASS%5025B-T | http://www.supermicro.com/products/system/2U/5025/SYS-5025B-T.cfm]]'),(11,3116,'yes','[[SuperMicro 2U%GPASS%5025M-4 | http://www.supermicro.com/products/system/2U/5025/SYS-5025M-4.cfm]]'),(11,3591,'yes','[[SuperMicro 2U%GPASS%5025M-4+ | http://www.supermicro.com/products/system/2U/5025/SYS-5025M-4_.cfm]]'),(11,3111,'yes','[[SuperMicro 2U%GPASS%5025M-I | http://www.supermicro.com/products/system/2U/5025/SYS-5025M-i.cfm]]'),(11,2799,'yes','[[SuperMicro 2U%GPASS%5025M-I+ | http://www.supermicro.com/products/system/2U/5025/SYS-5025M-i_.cfm]]'),(11,2918,'yes','[[SuperMicro 2U%GPASS%5025M-UR | http://www.supermicro.com/products/system/2U/5025/SYS-5025M-UR.cfm]]'),(11,3505,'yes','[[SuperMicro 2U%GPASS%5026T-3F | http://www.supermicro.com/products/system/2U/5026/SYS-5026T-3F.cfm]]'),(11,3011,'yes','[[SuperMicro 2U%GPASS%5026T-T | http://www.supermicro.com/products/system/2U/5026/SYS-5026T-T.cfm]]'),(11,3393,'yes','[[SuperMicro 2U%GPASS%5026TI-BTRF | http://www.supermicro.com/products/system/2U/5026/SYS-5026TI-BTRF.cfm]]'),(11,2732,'yes','[[SuperMicro 2U%GPASS%5026TI-HTRF | http://www.supermicro.com/products/system/2u/5026/sys-5026ti-htrf.cfm]]'),(11,3444,'yes','[[SuperMicro 2U%GPASS%5027R-WRF | http://www.supermicro.com/products/system/2u/5027/SYS-5027R-WRF.cfm]]'),(11,3558,'yes','[[SuperMicro 2U%GPASS%5028A-TN4 | http://www.supermicro.com/products/system/midtower/5028/sys-5028a-tn4.cfm]]'),(11,3095,'yes','[[SuperMicro 2U%GPASS%5028D-TN4T | http://www.supermicro.com/products/system/midtower/5028/sys-5028d-tn4t.cfm]]'),(11,2764,'yes','[[SuperMicro 2U%GPASS%5028L-TN2 | http://www.supermicro.com/products/system/midtower/5028/SYS-5028L-TN2.cfm]]'),(11,3399,'yes','[[SuperMicro 2U%GPASS%5028R-WR | http://www.supermicro.com/products/system/2u/5028/SYS-5028R-WR.cfm]]'),(11,3542,'yes','[[SuperMicro 2U%GPASS%5028TK-HTR | http://www.supermicro.com/products/system/2U/5028/SYS-5028TK-HTR.cfm]]'),(11,2876,'yes','[[SuperMicro 2U%GPASS%5029A-2TN4 | http://www.supermicro.com/products/system/midtower/5029/SYS-5029A-2TN4.cfm]]'),(11,3232,'yes','[[SuperMicro 2U%GPASS%5029AP-TN2 | http://www.supermicro.com/products/system/midtower/5029/SYS-5029AP-TN2.cfm]]'),(11,3167,'yes','[[SuperMicro 2U%GPASS%5029S-TN2 | http://www.supermicro.com/products/system/midtower/5029/SYS-5029S-TN2.cfm]]'),(11,2775,'yes','[[SuperMicro 2U%GPASS%6022L-6 | http://www.supermicro.com/products/system/2U/6022/SYS-6022L-6.cfm]]'),(11,3450,'yes','[[SuperMicro 2U%GPASS%6022P-6 | http://www.supermicro.com/products/system/2U/6022/SYS-6022P-6.cfm]]'),(11,3442,'yes','[[SuperMicro 2U%GPASS%6023L-8R | http://www.supermicro.com/products/system/2U/6023/SYS-6023L-8R.cfm]]'),(11,3032,'yes','[[SuperMicro 2U%GPASS%6023P-8 | http://www.supermicro.com/products/system/2U/6023/SYS-6023P-8.cfm]]'),(11,3524,'yes','[[SuperMicro 2U%GPASS%6023P-8R | http://www.supermicro.com/products/system/2U/6023/SYS-6023P-8R.cfm]]'),(11,2810,'yes','[[SuperMicro 2U%GPASS%6023P-I | http://www.supermicro.com/products/system/2U/6023/SYS-6023P-i.cfm]]'),(11,3221,'yes','[[SuperMicro 2U%GPASS%6024H-32 | http://www.supermicro.com/products/system/2U/6024/SYS-6024H-32.cfm]]'),(11,3338,'yes','[[SuperMicro 2U%GPASS%6024H-32R | http://www.supermicro.com/products/system/2U/6024/SYS-6024H-32R.cfm]]'),(11,3365,'yes','[[SuperMicro 2U%GPASS%6024H-82 | http://www.supermicro.com/products/system/2U/6024/SYS-6024H-82.cfm]]'),(11,3489,'yes','[[SuperMicro 2U%GPASS%6024H-82R | http://www.supermicro.com/products/system/2U/6024/SYS-6024H-82R.cfm]]'),(11,2864,'yes','[[SuperMicro 2U%GPASS%6024H-82R+ | http://www.supermicro.com/products/system/2U/6024/SYS-6024H-82R_.cfm]]'),(11,3319,'yes','[[SuperMicro 2U%GPASS%6024H-8R | http://www.supermicro.com/products/system/2U/6024/SYS-6024H-8R.cfm]]'),(11,3275,'yes','[[SuperMicro 2U%GPASS%6024H-I | http://www.supermicro.com/products/system/2U/6024/SYS-6024H-i.cfm]]'),(11,3508,'yes','[[SuperMicro 2U%GPASS%6024H-I2 | http://www.supermicro.com/products/system/2U/6024/SYS-6024H-i2.cfm]]'),(11,3282,'yes','[[SuperMicro 2U%GPASS%6024H-T | http://www.supermicro.com/products/system/2U/6024/SYS-6024H-T.cfm]]'),(11,2923,'yes','[[SuperMicro 2U%GPASS%6024H-TR | http://www.supermicro.com/products/system/2U/6024/SYS-6024H-TR.cfm]]'),(11,3459,'yes','[[SuperMicro 2U%GPASS%6025B-3 | http://www.supermicro.com/products/system/2U/6025/SYS-6025B-3.cfm]]'),(11,2900,'yes','[[SuperMicro 2U%GPASS%6025B-3R | http://www.supermicro.com/products/system/2U/6025/SYS-6025B-3R.cfm]]'),(11,3426,'yes','[[SuperMicro 2U%GPASS%6025B-8 | http://www.supermicro.com/products/system/2U/6025/SYS-6025B-8.cfm]]'),(11,2717,'yes','[[SuperMicro 2U%GPASS%6025B-8R+ | http://www.supermicro.com/products/system/2U/6025/SYS-6025B-8R_.cfm]]'),(11,3382,'yes','[[SuperMicro 2U%GPASS%6025B-T | http://www.supermicro.com/products/system/2U/6025/SYS-6025B-T.cfm]]'),(11,3535,'yes','[[SuperMicro 2U%GPASS%6025B-TR+ | http://www.supermicro.com/products/system/2U/6025/SYS-6025B-TR_.cfm]]'),(11,2751,'yes','[[SuperMicro 2U%GPASS%6025W-NTR+ | http://www.supermicro.com/products/system/2U/6025/SYS-6025W-NTR_.cfm]]'),(11,3457,'yes','[[SuperMicro 2U%GPASS%6025W-UR | http://www.supermicro.com/products/system/2U/6025/SYS-6025W-UR.cfm]]'),(11,3227,'yes','[[SuperMicro 2U%GPASS%6026T-3RF | http://www.supermicro.com/products/system/2U/6026/SYS-6026T-3RF.cfm]]'),(11,3517,'yes','[[SuperMicro 2U%GPASS%6026T-6RF+ | http://www.supermicro.com/products/system/2U/6026/SYS-6026T-6RF_.cfm]]'),(11,3496,'yes','[[SuperMicro 2U%GPASS%6026T-NTR+ | http://www.supermicro.com/products/system/2U/6026/SYS-6026T-NTR_.cfm]]'),(11,2772,'yes','[[SuperMicro 2U%GPASS%6026T-TF | http://www.supermicro.com/products/system/2U/6026/SYS-6026T-TF.cfm]]'),(11,2879,'yes','[[SuperMicro 2U%GPASS%6026T-URF | http://www.supermicro.com/products/system/2u/6026/SYS-6026T-URF.cfm]]'),(11,3453,'yes','[[SuperMicro 2U%GPASS%6026T-URF4+ | http://www.supermicro.com/products/system/2U/6026/SYS-6026T-URF4_.cfm]]'),(11,3538,'yes','[[SuperMicro 2U%GPASS%6026TT-BIBQF | http://www.supermicro.com/products/system/2U/6026/SYS-6026TT-BIBQF.cfm]]'),(11,2733,'yes','[[SuperMicro 2U%GPASS%6026TT-BIBQRF | http://www.supermicro.com/products/system/2U/6026/SYS-6026TT-BIBQRF.cfm]]'),(11,3492,'yes','[[SuperMicro 2U%GPASS%6026TT-BIBXF | http://www.supermicro.com/products/system/2U/6026/SYS-6026TT-BIBXF.cfm]]'),(11,3082,'yes','[[SuperMicro 2U%GPASS%6026TT-BTF | http://www.supermicro.com/products/system/2U/6026/SYS-6026TT-BTF.cfm]]'),(11,3314,'yes','[[SuperMicro 2U%GPASS%6026TT-D6IBQRF | http://www.supermicro.com/products/system/2U/6026/SYS-6026TT-D6IBQRF.cfm]]'),(11,3326,'yes','[[SuperMicro 2U%GPASS%6026TT-D6IBXRF | http://www.supermicro.com/products/system/2U/6026/SYS-6026TT-D6IBXRF.cfm]]'),(11,3566,'yes','[[SuperMicro 2U%GPASS%6026TT-D6RF | http://www.supermicro.com/products/system/2U/6026/SYS-6026TT-D6RF.cfm]]'),(11,3477,'yes','[[SuperMicro 2U%GPASS%6026TT-H6IBQRF | http://www.supermicro.com/products/system/2U/6026/SYS-6026TT-H6IBQRF.cfm]]'),(11,3431,'yes','[[SuperMicro 2U%GPASS%6026TT-H6IBXRF | http://www.supermicro.com/products/system/2U/6026/SYS-6026TT-H6IBXRF.cfm]]'),(11,2761,'yes','[[SuperMicro 2U%GPASS%6026TT-H6RF | http://www.supermicro.com/products/system/2U/6026/SYS-6026TT-H6RF.cfm]]'),(11,3284,'yes','[[SuperMicro 2U%GPASS%6026TT-HDTRF | http://www.supermicro.com/products/system/2U/6026/SYS-6026TT-HDTRF.cfm]]'),(11,3388,'yes','[[SuperMicro 2U%GPASS%6026TT-HIBQRF | http://www.supermicro.com/products/system/2U/6026/SYS-6026TT-HIBQRF.cfm]]'),(11,3349,'yes','[[SuperMicro 2U%GPASS%6026TT-IBQF | http://www.supermicro.com/products/system/2U/6026/SYS-6026TT-IBQF.cfm]]'),(11,3267,'yes','[[SuperMicro 2U%GPASS%6026TT-IBXF | http://www.supermicro.com/products/system/2U/6026/SYS-6026TT-IBXF.cfm]]'),(11,2739,'yes','[[SuperMicro 2U%GPASS%6026TT-TF | http://www.supermicro.com/products/system/2U/6026/SYS-6026TT-TF.cfm]]'),(11,3534,'yes','[[SuperMicro 2U%GPASS%6027AX-72RF | http://www.supermicro.com/products/system/2u/6027/SYS-6027AX-72RF.cfm]]'),(11,3577,'yes','[[SuperMicro 2U%GPASS%6027AX-72RF-HFT1 | http://www.supermicro.com/products/system/2u/6027/SYS-6027AX-72RF-HFT1.cfm]]'),(11,3579,'yes','[[SuperMicro 2U%GPASS%6027AX-72RF-HFT2 | http://www.supermicro.com/products/system/2u/6027/SYS-6027AX-72RF-HFT2.cfm]]'),(11,3578,'yes','[[SuperMicro 2U%GPASS%6027AX-72RF-HFT3 | http://www.supermicro.com/products/system/2u/6027/sys-6027ax-72rf-hft3.cfm]]'),(11,3584,'yes','[[SuperMicro 2U%GPASS%6027AX-TRF | http://www.supermicro.com/products/system/2u/6027/SYS-6027AX-TRF.cfm]]'),(11,3290,'yes','[[SuperMicro 2U%GPASS%6027AX-TRF-HFT1 | http://www.supermicro.com/products/system/2u/6027/SYS-6027AX-TRF-HFT1.cfm]]'),(11,3292,'yes','[[SuperMicro 2U%GPASS%6027AX-TRF-HFT2 | http://www.supermicro.com/products/system/2u/6027/SYS-6027AX-TRF-HFT2.cfm]]'),(11,3291,'yes','[[SuperMicro 2U%GPASS%6027AX-TRF-HFT3 | http://www.supermicro.com/products/system/2u/6027/SYS-6027AX-TRF-HFT3.cfm]]'),(11,3400,'yes','[[SuperMicro 2U%GPASS%6027B-TLF | http://www.supermicro.com/products/system/2u/6027/SYS-6027B-TLF.cfm]]'),(11,2984,'yes','[[SuperMicro 2U%GPASS%6027B-URF | http://www.supermicro.com/products/system/2u/6027/SYS-6027B-URF.cfm]]'),(11,3286,'yes','[[SuperMicro 2U%GPASS%6027PR-HC0FR | http://www.supermicro.com/products/system/2U/6027/SYS-6027PR-HC0FR.cfm]]'),(11,3600,'yes','[[SuperMicro 2U%GPASS%6027PR-HC0R | http://www.supermicro.com/products/system/2U/6027/SYS-6027PR-HC0R.cfm]]'),(11,2755,'yes','[[SuperMicro 2U%GPASS%6027PR-HC0TR | http://www.supermicro.com/products/system/2U/6027/SYS-6027PR-HC0TR.cfm]]'),(11,3013,'yes','[[SuperMicro 2U%GPASS%6027PR-HC1FR | http://www.supermicro.com/products/system/2U/6027/SYS-6027PR-HC1FR.cfm]]'),(11,3594,'yes','[[SuperMicro 2U%GPASS%6027PR-HC1R | http://www.supermicro.com/products/system/2U/6027/SYS-6027PR-HC1R.cfm]]'),(11,3181,'yes','[[SuperMicro 2U%GPASS%6027PR-HC1TR | http://www.supermicro.com/products/system/2U/6027/SYS-6027PR-HC1TR.cfm]]'),(11,3387,'yes','[[SuperMicro 2U%GPASS%6027PR-HTFR | http://www.supermicro.com/products/system/2U/6027/SYS-6027PR-HTFR.cfm]]'),(11,3242,'yes','[[SuperMicro 2U%GPASS%6027PR-HTR | http://www.supermicro.com/products/system/2U/6027/SYS-6027PR-HTR.cfm]]'),(11,2893,'yes','[[SuperMicro 2U%GPASS%6027PR-HTTR | http://www.supermicro.com/products/system/2U/6027/SYS-6027PR-HTTR.cfm]]'),(11,3055,'yes','[[SuperMicro 2U%GPASS%6027R-3RF4+ | http://www.supermicro.com/products/system/2u/6027/SYS-6027R-3RF4_.cfm]]'),(11,3328,'yes','[[SuperMicro 2U%GPASS%6027R-72RF | http://www.supermicro.com/products/system/2U/6027/SYS-6027R-72RF.cfm]]'),(11,3238,'yes','[[SuperMicro 2U%GPASS%6027R-72RFT | http://www.supermicro.com/products/system/2U/6027/SYS-6027R-72RFT.cfm]]'),(11,3085,'yes','[[SuperMicro 2U%GPASS%6027R-72RFT+ | http://www.supermicro.com/products/system/2U/6027/SYS-6027R-72RFT_.cfm]]'),(11,3295,'yes','[[SuperMicro 2U%GPASS%6027R-72RFTP+ | http://www.supermicro.com/products/system/2U/6027/SYS-6027R-72RFTP_.cfm]]'),(11,3530,'yes','[[SuperMicro 2U%GPASS%6027R-73DARF | http://www.supermicro.com/products/system/2u/6027/sys-6027r-73darf.cfm]]'),(11,3603,'yes','[[SuperMicro 2U%GPASS%6027R-CDNRT+ | http://www.supermicro.com/products/system/2U/6027/SYS-6027R-CDNRT_.cfm]]'),(11,2803,'yes','[[SuperMicro 2U%GPASS%6027R-E1CR12 | http://www.supermicro.com/products/system/2U/6027/SSG-6027R-E1CR12N.cfm]]'),(11,2853,'yes','[[SuperMicro 2U%GPASS%6027R-E1R12 | http://www.supermicro.com/products/system/2u/6027/SSG-6027R-E1R12N.cfm]]'),(11,3053,'yes','[[SuperMicro 2U%GPASS%6027R-E1R12T | http://www.supermicro.com/products/system/2U/6027/SSG-6027R-E1R12T.cfm]]'),(11,2855,'yes','[[SuperMicro 2U%GPASS%6027R-N3RF | http://www.supermicro.com/products/system/2u/6027/SYS-6027R-N3RF.cfm]]'),(11,3473,'yes','[[SuperMicro 2U%GPASS%6027R-N3RF4+ | http://www.supermicro.com/products/system/2u/6027/SYS-6027R-N3RF4_.cfm]]'),(11,3311,'yes','[[SuperMicro 2U%GPASS%6027R-N3RFT+ | http://www.supermicro.com/products/system/2u/6027/SYS-6027R-N3RFT_.cfm]]'),(11,3540,'yes','[[SuperMicro 2U%GPASS%6027R-TDARF | http://www.supermicro.com/products/system/2U/6027/SYS-6027R-TDARF.cfm]]'),(11,2997,'yes','[[SuperMicro 2U%GPASS%6027R-TDT+ | http://www.supermicro.com/products/system/2U/6027/SYS-6027R-TDT_.cfm]]'),(11,2946,'yes','[[SuperMicro 2U%GPASS%6027R-TRF | http://www.supermicro.com/products/system/2U/6027/SYS-6027R-TRF.cfm]]'),(11,3046,'yes','[[SuperMicro 2U%GPASS%6027R-WRF | http://www.supermicro.com/products/system/2u/6027/SYS-6027R-WRF.cfm]]'),(11,3537,'yes','[[SuperMicro 2U%GPASS%6027TR-D70FRF | http://www.supermicro.com/products/system/2U/6027/SYS-6027TR-D70FRF.cfm]]'),(11,3494,'yes','[[SuperMicro 2U%GPASS%6027TR-D70QRF | http://www.supermicro.com/products/system/2U/6027/SYS-6027TR-D70QRF.cfm]]'),(11,3213,'yes','[[SuperMicro 2U%GPASS%6027TR-D70RF | http://www.supermicro.com/products/system/2U/6027/SYS-6027TR-D70RF.cfm]]'),(11,3113,'yes','[[SuperMicro 2U%GPASS%6027TR-D70RF+ | http://www.supermicro.com/products/system/2U/6027/SYS-6027TR-D70RF_.cfm]]'),(11,3059,'yes','[[SuperMicro 2U%GPASS%6027TR-D71FRF | http://www.supermicro.com/products/system/2U/6027/SYS-6027TR-D71FRF.cfm]]'),(11,2791,'yes','[[SuperMicro 2U%GPASS%6027TR-D71QRF | http://www.supermicro.com/products/system/2U/6027/SYS-6027TR-D71QRF.cfm]]'),(11,3507,'yes','[[SuperMicro 2U%GPASS%6027TR-D71RF | http://www.supermicro.com/products/system/2U/6027/SYS-6027TR-D71RF.cfm]]'),(11,2975,'yes','[[SuperMicro 2U%GPASS%6027TR-D71RF+ | http://www.supermicro.com/products/system/2U/6027/SYS-6027TR-D71RF_.cfm]]'),(11,3031,'yes','[[SuperMicro 2U%GPASS%6027TR-DTFRF | http://www.supermicro.com/products/system/2U/6027/SYS-6027TR-DTFRF.cfm]]'),(11,2836,'yes','[[SuperMicro 2U%GPASS%6027TR-DTQRF | http://www.supermicro.com/products/system/2U/6027/SYS-6027TR-DTQRF.cfm]]'),(11,3020,'yes','[[SuperMicro 2U%GPASS%6027TR-DTRF | http://www.supermicro.com/products/system/2U/6027/SYS-6027TR-DTRF.cfm]]'),(11,3255,'yes','[[SuperMicro 2U%GPASS%6027TR-DTRF+ | http://www.supermicro.com/products/system/2U/6027/SYS-6027TR-DTRF_.cfm]]'),(11,2818,'yes','[[SuperMicro 2U%GPASS%6027TR-H70FRF | http://www.supermicro.com/products/system/2u/6027/SYS-6027TR-H70FRF.cfm]]'),(11,3476,'yes','[[SuperMicro 2U%GPASS%6027TR-H70QRF | http://www.supermicro.com/products/system/2U/6027/SYS-6027TR-H70QRF.cfm]]'),(11,2806,'yes','[[SuperMicro 2U%GPASS%6027TR-H70RF | http://www.supermicro.com/products/system/2u/6027/SYS-6027TR-H70RF.cfm]]'),(11,3367,'yes','[[SuperMicro 2U%GPASS%6027TR-H70RF+ | http://www.supermicro.com/products/system/2U/6027/SYS-6027TR-H70RF_.cfm]]'),(11,3385,'yes','[[SuperMicro 2U%GPASS%6027TR-H71FRF | http://www.supermicro.com/products/system/2U/6027/SYS-6027TR-H71FRF.cfm]]'),(11,3106,'yes','[[SuperMicro 2U%GPASS%6027TR-H71QRF | http://www.supermicro.com/products/system/2U/6027/SYS-6027TR-H71QRF.cfm]]'),(11,2795,'yes','[[SuperMicro 2U%GPASS%6027TR-H71RF | http://www.supermicro.com/products/system/2U/6027/SYS-6027TR-H71RF.cfm]]'),(11,3404,'yes','[[SuperMicro 2U%GPASS%6027TR-H71RF+ | http://www.supermicro.com/products/system/2U/6027/SYS-6027TR-H71RF_.cfm]]'),(11,3139,'yes','[[SuperMicro 2U%GPASS%6027TR-HTFRF | http://www.supermicro.com/products/system/2U/6027/SYS-6027TR-HTFRF.cfm]]'),(11,3153,'yes','[[SuperMicro 2U%GPASS%6027TR-HTQRF | http://www.supermicro.com/products/system/2U/6027/SYS-6027TR-HTQRF.cfm]]'),(11,3464,'yes','[[SuperMicro 2U%GPASS%6027TR-HTRF | http://www.supermicro.com/products/system/2u/6027/SYS-6027TR-HTRF.cfm]]'),(11,2814,'yes','[[SuperMicro 2U%GPASS%6027TR-HTRF+ | http://www.supermicro.com/products/system/2U/6027/SYS-6027TR-HTRF_.cfm]]'),(11,2807,'yes','[[SuperMicro 2U%GPASS%6028R-E1CR12 | http://www.supermicro.com/products/system/2u/6028/SSG-6028R-E1CR12N.cfm]]'),(11,2938,'yes','[[SuperMicro 2U%GPASS%6028R-E1CR12H | http://www.supermicro.com/products/system/2u/6028/SSG-6028R-E1CR12H.cfm]]'),(11,3259,'yes','[[SuperMicro 2U%GPASS%6028R-E1CR12T | http://www.supermicro.com/products/system/2U/6028/SSG-6028R-E1CR12T.cfm]]'),(11,2833,'yes','[[SuperMicro 2U%GPASS%6028R-E1CR16T | http://www.supermicro.com/products/system/2U/6028/SSG-6028R-E1CR16T.cfm]]'),(11,2939,'yes','[[SuperMicro 2U%GPASS%6028R-E1CR24 | http://www.supermicro.com/products/system/2U/6028/SSG-6028R-E1CR24N.cfm]]'),(11,3231,'yes','[[SuperMicro 2U%GPASS%6028R-T | http://www.supermicro.com/products/system/2u/6028/SYS-6028R-T.cfm]]'),(11,3090,'yes','[[SuperMicro 2U%GPASS%6028R-TDWNR | http://www.supermicro.com/products/system/2u/6028/SYS-6028R-TDWNR.cfm]]'),(11,2797,'yes','[[SuperMicro 2U%GPASS%6028R-TR | http://www.supermicro.com/products/system/2u/6028/SYS-6028R-TR.cfm]]'),(11,2809,'yes','[[SuperMicro 2U%GPASS%6028R-TRT | http://www.supermicro.com/products/system/2u/6028/SYS-6028R-TRT.cfm]]'),(11,2800,'yes','[[SuperMicro 2U%GPASS%6028R-TT | http://www.supermicro.com/products/system/2u/6028/SYS-6028R-TT.cfm]]'),(11,2981,'yes','[[SuperMicro 2U%GPASS%6028R-WTR | http://www.supermicro.com/products/system/2u/6028/SYS-6028R-WTR.cfm]]'),(11,2968,'yes','[[SuperMicro 2U%GPASS%6028R-WTRT | http://www.supermicro.com/products/system/2u/6028/SYS-6028R-WTRT.cfm]]'),(11,2886,'yes','[[SuperMicro 2U%GPASS%6028TR-D72R | http://www.supermicro.com/products/system/2u/6028/SYS-6028TR-D72R.cfm]]'),(11,3592,'yes','[[SuperMicro 2U%GPASS%6028TR-DTR | http://www.supermicro.com/products/system/2u/6028/SYS-6028TR-DTR.cfm]]'),(11,3288,'yes','[[SuperMicro 2U%GPASS%6028TR-HTFR | http://www.supermicro.com/products/system/2u/6028/SYS-6028TR-HTFR.cfm]]'),(11,3080,'yes','[[SuperMicro 2U%GPASS%6028TR-HTR | http://www.supermicro.com/products/system/2u/6028/SYS-6028TR-HTR.cfm]]'),(11,2998,'yes','[[SuperMicro 2U%GPASS%6028U-E1CNR4T+ | http://www.supermicro.com/products/system/2u/6028/SYS-6028U-E1CNR4T_.cfm]]'),(11,3350,'yes','[[SuperMicro 2U%GPASS%6028U-E1CNRT+ | http://www.supermicro.com/products/system/2u/6028/SYS-6028U-E1CNRT_.cfm]]'),(11,3099,'yes','[[SuperMicro 2U%GPASS%6028U-TNR4T+ | http://www.supermicro.com/products/system/2u/6028/SYS-6028U-TNR4T_.cfm]]'),(11,2931,'yes','[[SuperMicro 2U%GPASS%6028U-TNRT+ | http://www.supermicro.com/products/system/2u/6028/SYS-6028U-TNRT_.cfm]]'),(11,3172,'yes','[[SuperMicro 2U%GPASS%6028U-TR4+ | http://www.supermicro.com/products/system/2u/6028/SYS-6028U-TR4_.cfm]]'),(11,2978,'yes','[[SuperMicro 2U%GPASS%6028U-TR4T+ | http://www.supermicro.com/products/system/2u/6028/SYS-6028U-TR4T_.cfm]]'),(11,3246,'yes','[[SuperMicro 2U%GPASS%6028U-TRT+ | http://www.supermicro.com/products/system/2u/6028/SYS-6028U-TRT_.cfm]]'),(11,3250,'yes','[[SuperMicro 2U%GPASS%6028U-TRTP+ | http://www.supermicro.com/products/system/2u/6028/SYS-6028U-TRTP_.cfm]]'),(11,2790,'yes','[[SuperMicro 2U%GPASS%6028UX-TR4 | http://www.supermicro.com/products/system/2u/6028/SYS-6028UX-TR4.cfm]]'),(11,3190,'yes','[[SuperMicro 2U%GPASS%8025C-3R | http://www.supermicro.com/products/system/2U/8025/SYS-8025C-3R.cfm]]'),(11,3076,'yes','[[SuperMicro 2U%GPASS%8026B-6R | http://www.supermicro.com/products/system/2U/8026/SYS-8026B-6R.cfm]]'),(11,3149,'yes','[[SuperMicro 2U%GPASS%8027R-7RFT+ | http://www.supermicro.com/products/system/2U/8027/SYS-8027R-7RFT_.cfm]]'),(11,3066,'yes','[[SuperMicro 2U%GPASS%8027R-TRF+ | http://www.supermicro.com/products/system/2u/8027/SYS-8027R-TRF_.cfm]]'),(11,3586,'yes','[[SuperMicro 2U%GPASS%8028B-C0R3FT | http://www.supermicro.com/products/system/2u/8028/SYS-8028B-C0R3FT.cfm]]'),(11,2911,'yes','[[SuperMicro 2U%GPASS%8028B-C0R4FT | http://www.supermicro.com/products/system/2U/8028/SYS-8028B-C0R4FT.cfm]]'),(11,2955,'yes','[[SuperMicro 2U%GPASS%8028B-TR3F | http://www.supermicro.com/products/system/2u/8028/SYS-8028B-TR3F.cfm]]'),(11,2769,'yes','[[SuperMicro 2U%GPASS%8028B-TR4F | http://www.supermicro.com/products/system/2U/8028/SYS-8028B-TR4F.cfm]]'),(11,3371,'yes','[[SuperMicro 3U%GPASS%5035B-T | http://www.supermicro.com/products/system/tower/5035/SYS-5035B-T.cfm]]'),(11,2899,'yes','[[SuperMicro 3U%GPASS%5035L-I | http://www.supermicro.com/products/system/tower/5035/SYS-5035L-I.cfm]]'),(11,3427,'yes','[[SuperMicro 3U%GPASS%5036A-T | http://www.supermicro.com/products/system/midtower/5036/SYS-5036A-T.cfm]]'),(11,3274,'yes','[[SuperMicro 3U%GPASS%5036I-I | http://www.supermicro.com/products/system/midtower/5036/SYS-5036I-I.cfm]]'),(11,3067,'yes','[[SuperMicro 3U%GPASS%5036T-T | http://www.supermicro.com/products/system/midtower/5036/SYS-5036T-T.cfm]]'),(11,3264,'yes','[[SuperMicro 3U%GPASS%5037A-I | http://www.supermicro.com/products/system/tower/5037/SYS-5037A-i.cfm]]'),(11,3262,'yes','[[SuperMicro 3U%GPASS%5037A-T | http://www.supermicro.com/products/system/tower/5037/SYS-5037A-T.cfm]]'),(11,3306,'yes','[[SuperMicro 3U%GPASS%5037C-I | http://www.supermicro.com/products/system/tower/5037/sys-5037c-i.cfm]]'),(11,3174,'yes','[[SuperMicro 3U%GPASS%5037C-T | http://www.supermicro.com/products/system/tower/5037/sys-5037c-t.cfm]]'),(11,2957,'yes','[[SuperMicro 3U%GPASS%5037MC-H12TRF | http://www.supermicro.com/products/system/3U/5037/SYS-5037MC-H12TRF.cfm]]'),(11,2970,'yes','[[SuperMicro 3U%GPASS%5037MC-H86RF | http://www.supermicro.com/products/system/3U/5037/SYS-5037MC-H86RF.cfm]]'),(11,3209,'yes','[[SuperMicro 3U%GPASS%5037MC-H8TRF | http://www.supermicro.com/products/system/tower/5037/SYS-5037MC-H8TRF.cfm]]'),(11,2966,'yes','[[SuperMicro 3U%GPASS%5037MR-H8TRF | http://www.supermicro.com/products/system/3u/5037/SYS-5037MR-H8TRF.cfm]]'),(11,2734,'yes','[[SuperMicro 3U%GPASS%5038A-I | http://www.supermicro.com/products/system/tower/5038/sys-5038a-i.cfm]]'),(11,2877,'yes','[[SuperMicro 3U%GPASS%5038AD-I | http://www.supermicro.com/products/system/tower/5038/SYS-5038AD-I.cfm]]'),(11,2830,'yes','[[SuperMicro 3U%GPASS%5038AD-T | http://www.supermicro.com/products/system/tower/5038/SYS-5038AD-T.cfm]]'),(11,3008,'yes','[[SuperMicro 3U%GPASS%5038D-I | http://www.supermicro.com/products/system/tower/5038/sys-5038d-i.cfm]]'),(11,2950,'yes','[[SuperMicro 3U%GPASS%5038K-I | http://www.supermicro.com/products/system/tower/5038/SYS-5038K-I.cfm]]'),(11,3110,'yes','[[SuperMicro 3U%GPASS%5038MA-H24TRF | http://www.supermicro.com/products/system/3U/5038/SYS-5038MA-H24TRF.cfm]]'),(11,3127,'yes','[[SuperMicro 3U%GPASS%5038MD-H24TRF | http://www.supermicro.com/products/system/3U/5038/SYS-5038MD-H24TRF.cfm]]'),(11,2770,'yes','[[SuperMicro 3U%GPASS%5038MD-H8TRF | http://www.supermicro.com/products/system/3U/5038/SYS-5038MD-H8TRF.cfm]]'),(11,3478,'yes','[[SuperMicro 3U%GPASS%5038ML-H12TRF | http://www.supermicro.com/products/system/3u/5038/SYS-5038ML-H12TRF.cfm]]'),(11,3443,'yes','[[SuperMicro 3U%GPASS%5038ML-H24TRF | http://www.supermicro.com/products/system/3U/5038/SYS-5038ML-H24TRF.cfm]]'),(11,3500,'yes','[[SuperMicro 3U%GPASS%5038ML-H8TRF | http://www.supermicro.com/products/system/3u/5038/SYS-5038ML-H8TRF.cfm]]'),(11,2924,'yes','[[SuperMicro 3U%GPASS%5038MR-H8TRF | http://www.supermicro.com/products/system/3U/5038/SYS-5038MR-H8TRF.cfm]]'),(11,3283,'yes','[[SuperMicro 3U%GPASS%5039AD-T | http://www.supermicro.com/products/system/tower/5039/SYS-5039AD-T.cfm]]'),(11,2852,'yes','[[SuperMicro 3U%GPASS%5039D-I | http://www.supermicro.com/products/system/tower/5039/SYS-5039D-I.cfm]]'),(11,3154,'yes','[[SuperMicro 3U%GPASS%5039MS-H12TRF | http://www.supermicro.com/products/system/3U/5039/SYS-5039MS-H12TRF.cfm]]'),(11,3009,'yes','[[SuperMicro 3U%GPASS%5039MS-H8TRF | http://www.supermicro.com/products/system/3U/5039/SYS-5039MS-H8TRF.cfm]]'),(11,3301,'yes','[[SuperMicro 3U%GPASS%5130AD-T | http://www.supermicro.com/products/system/tower/5130/SYS-5130AD-T.cfm]]'),(11,2781,'yes','[[SuperMicro 3U%GPASS%6033P-8R | http://www.supermicro.com/products/system/3U/6033/SYS-6033P-8R.cfm]]'),(11,2746,'yes','[[SuperMicro 3U%GPASS%6034H-X8R | http://www.supermicro.com/products/system/3U/6034/SYS-6034H-X8R.cfm]]'),(11,3488,'yes','[[SuperMicro 3U%GPASS%6035B-8 | http://www.supermicro.com/products/system/3U/6035/SYS-6035B-8.cfm]]'),(11,3094,'yes','[[SuperMicro 3U%GPASS%6035B-8R | http://www.supermicro.com/products/system/3U/6035/SYS-6035B-8R.cfm]]'),(11,3569,'yes','[[SuperMicro 3U%GPASS%6035B-8R+ | http://www.supermicro.com/products/system/3U/6035/SYS-6035B-8R_.cfm]]'),(11,2742,'yes','[[SuperMicro 3U%GPASS%6036T-6RF | http://www.supermicro.com/products/system/3U/6036/SYS-6036T-6RF.cfm]]'),(11,2873,'yes','[[SuperMicro 3U%GPASS%6036T-TF | http://www.supermicro.com/products/system/3U/6036/SYS-6036T-TF.cfm]]'),(11,3121,'yes','[[SuperMicro 3U%GPASS%6037R-72RF | http://www.supermicro.com/products/system/3U/6037/SYS-6037R-72RF.cfm]]'),(11,2905,'yes','[[SuperMicro 3U%GPASS%6037R-72RFT | http://www.supermicro.com/products/system/3U/6037/SYS-6037R-72RFT.cfm]]'),(11,3225,'yes','[[SuperMicro 3U%GPASS%6037R-72RFT+ | http://www.supermicro.com/products/system/3u/6037/SYS-6037R-72RFT_.cfm]]'),(11,2959,'yes','[[SuperMicro 3U%GPASS%6037R-E1R16 | http://www.supermicro.com/products/system/3U/6037/SSG-6037R-E1R16N.cfm]]'),(11,2858,'yes','[[SuperMicro 3U%GPASS%6037R-TXRF | http://www.supermicro.com/products/system/3u/6037/SYS-6037R-TXRF.cfm]]'),(11,2996,'yes','[[SuperMicro 3U%GPASS%6038R-E1CR16 | http://www.supermicro.com/products/system/3u/6038/SSG-6038R-E1CR16N.cfm]]'),(11,3560,'yes','[[SuperMicro 3U%GPASS%6038R-E1CR16H | http://www.supermicro.com/products/system/3U/6038/SSG-6038R-E1CR16H.cfm]]'),(11,3248,'yes','[[SuperMicro 3U%GPASS%6038R-TXR | http://www.supermicro.com/products/system/3U/6038/SYS-6038R-TXR.cfm]]'),(11,3273,'yes','[[SuperMicro 3U%GPASS%7034L-I | http://www.supermicro.com/products/system/tower/7034/SYS-7034L-i.cfm]]'),(11,2843,'yes','[[SuperMicro 3U%GPASS%7036A-T | http://www.supermicro.com/products/system/tower/7036/SYS-7036A-T.cfm]]'),(11,2759,'yes','[[SuperMicro 3U%GPASS%7037A-I | http://www.supermicro.com/products/system/tower/7037/SYS-7037A-i.cfm]]'),(11,2785,'yes','[[SuperMicro 3U%GPASS%7038A-I | http://www.supermicro.com/products/system/tower/7038/SYS-7038A-i.cfm]]'),(11,3434,'yes','[[SuperMicro 4U%GPASS%4027GR-TR | http://www.supermicro.com/products/system/4u/4027/SYS-4027GR-TR.cfm]]'),(11,3437,'yes','[[SuperMicro 4U%GPASS%4027GR-TRT | http://www.supermicro.com/products/system/4u/4027/SYS-4027GR-TRT.cfm]]'),(11,2875,'yes','[[SuperMicro 4U%GPASS%4028GR-TR | http://www.supermicro.com/products/system/4u/4028/sys-4028gr-tr.cfm]]'),(11,2854,'yes','[[SuperMicro 4U%GPASS%4028GR-TR2 | http://www.supermicro.com/products/system/4u/4028/SYS-4028GR-TR2.cfm]]'),(11,2823,'yes','[[SuperMicro 4U%GPASS%4028GR-TRT | http://www.supermicro.com/products/system/4u/4028/sys-4028gr-trt.cfm]]'),(11,3161,'yes','[[SuperMicro 4U%GPASS%4028GR-TRT2 | http://www.supermicro.com/products/system/4u/4028/SYS-4028GR-TRT2.cfm]]'),(11,3570,'yes','[[SuperMicro 4U%GPASS%4028GR-TXR | http://www.supermicro.com/products/system/4U/4028/SYS-4028GR-TXR.cfm]]'),(11,3421,'yes','[[SuperMicro 4U%GPASS%4028GR-TXRT | http://www.supermicro.com/products/system/4U/4028/SYS-4028GR-TXRT.cfm]]'),(11,3312,'yes','[[SuperMicro 4U%GPASS%4047R-7JRFT | http://www.supermicro.com/products/system/4U/4047/SYS-4047R-7JRFT.cfm]]'),(11,3184,'yes','[[SuperMicro 4U%GPASS%4048B-TR4FT | http://www.supermicro.com/products/system/4u/4048/SYS-4048B-TR4FT.cfm]]'),(11,3170,'yes','[[SuperMicro 4U%GPASS%4048B-TRFT | http://www.supermicro.com/products/system/4u/4048/SYS-4048B-TRFT.cfm]]'),(11,3176,'yes','[[SuperMicro 4U%GPASS%5046A-X | http://www.supermicro.com/products/system/tower/5046/SYS-5046A-X.cfm]]'),(11,2835,'yes','[[SuperMicro 4U%GPASS%6046T-TUF | http://www.supermicro.com/products/system/4U/6046/SYS-6046T-TUF.cfm]]'),(11,3211,'yes','[[SuperMicro 4U%GPASS%6047R-E1CR36 | http://www.supermicro.com/products/system/4U/6047/SSG-6047R-E1CR36N.cfm]]'),(11,3329,'yes','[[SuperMicro 4U%GPASS%6047R-E1R24 | http://www.supermicro.com/products/system/4U/6047/SSG-6047R-E1R24N.cfm]]'),(11,3590,'yes','[[SuperMicro 4U%GPASS%6047R-E1R36 | http://www.supermicro.com/products/system/4u/6047/SSG-6047R-E1R36N.cfm]]'),(11,3368,'yes','[[SuperMicro 4U%GPASS%6047R-E1R72L2K | http://www.supermicro.com/products/system/4U/6047/SSG-6047R-E1R72L2K.cfm]]'),(11,2782,'yes','[[SuperMicro 4U%GPASS%6047R-TXRF | http://www.supermicro.com/products/system/4u/6047/SYS-6047R-TXRF.cfm]]'),(11,3089,'yes','[[SuperMicro 4U%GPASS%6048R-E1CR24 | http://www.supermicro.com/products/system/4u/6048/SSG-6048R-E1CR24N.cfm]]'),(11,2722,'yes','[[SuperMicro 4U%GPASS%6048R-E1CR24H | http://www.supermicro.com/products/system/4u/6048/SSG-6048R-E1CR24H.cfm]]'),(11,3403,'yes','[[SuperMicro 4U%GPASS%6048R-E1CR36 | http://www.supermicro.com/products/system/4u/6048/SSG-6048R-E1CR36N.cfm]]'),(11,3390,'yes','[[SuperMicro 4U%GPASS%6048R-E1CR36H | http://www.supermicro.com/products/system/4u/6048/SSG-6048R-E1CR36H.cfm]]'),(11,3347,'yes','[[SuperMicro 4U%GPASS%6048R-E1CR60 | http://www.supermicro.com/products/system/4U/6048/SSG-6048R-E1CR60N.cfm]]'),(11,2794,'yes','[[SuperMicro 4U%GPASS%6048R-TXR | http://www.supermicro.com/products/system/4U/6048/SYS-6048R-TXR.cfm]]'),(11,2796,'yes','[[SuperMicro 4U%GPASS%7044A-32 | http://www.supermicro.com/products/system/4U/7044/SYS-7044A-32.cfm]]'),(11,2766,'yes','[[SuperMicro 4U%GPASS%7044A-82 | http://www.supermicro.com/products/system/4U/7044/SYS-7044A-82.cfm]]'),(11,3057,'yes','[[SuperMicro 4U%GPASS%7044A-82R | http://www.supermicro.com/products/system/4U/7044/SYS-7044A-82R.cfm]]'),(11,2826,'yes','[[SuperMicro 4U%GPASS%7044A-I2 | http://www.supermicro.com/products/system/4U/7044/SYS-7044A-i2.cfm]]'),(11,2731,'yes','[[SuperMicro 4U%GPASS%7044H-32R | http://www.supermicro.com/products/system/4U/7044/SYS-7044H-32R.cfm]]'),(11,3068,'yes','[[SuperMicro 4U%GPASS%7044H-82 | http://www.supermicro.com/products/system/4U/7044/SYS-7044H-82.cfm]]'),(11,2936,'yes','[[SuperMicro 4U%GPASS%7044H-82R | http://www.supermicro.com/products/system/4U/7044/SYS-7044H-82R.cfm]]'),(11,3119,'yes','[[SuperMicro 4U%GPASS%7044H-82R+ | http://www.supermicro.com/products/system/4U/7044/SYS-7044H-82R_.cfm]]'),(11,3575,'yes','[[SuperMicro 4U%GPASS%7044H-T | http://www.supermicro.com/products/system/4U/7044/SYS-7044H-T.cfm]]'),(11,3456,'yes','[[SuperMicro 4U%GPASS%7044H-TR | http://www.supermicro.com/products/system/4U/7044/SYS-7044H-TR.cfm]]'),(11,2888,'yes','[[SuperMicro 4U%GPASS%7044H-X8R | http://www.supermicro.com/products/system/4U/7044/SYS-7044H-X8R.cfm]]'),(11,2892,'yes','[[SuperMicro 4U%GPASS%7045A-3 | http://www.supermicro.com/products/system/4U/7045/SYS-7045A-3.cfm]]'),(11,2887,'yes','[[SuperMicro 4U%GPASS%7045A-8 | http://www.supermicro.com/products/system/4U/7045/SYS-7045A-8.cfm]]'),(11,2988,'yes','[[SuperMicro 4U%GPASS%7045A-C3 | http://www.supermicro.com/products/system/4U/7045/SYS-7045A-C3.cfm]]'),(11,3027,'yes','[[SuperMicro 4U%GPASS%7045A-CT | http://www.supermicro.com/products/system/4U/7045/SYS-7045A-CT.cfm]]'),(11,2837,'yes','[[SuperMicro 4U%GPASS%7045A-T | http://www.supermicro.com/products/system/4U/7045/SYS-7045A-T.cfm]]'),(11,2870,'yes','[[SuperMicro 4U%GPASS%7045A-WT | http://www.supermicro.com/products/system/4U/7045/SYS-7045A-WT.cfm]]'),(11,2932,'yes','[[SuperMicro 4U%GPASS%7045B-3 | http://www.supermicro.com/products/system/4U/7045/SYS-7045B-3.cfm]]'),(11,3322,'yes','[[SuperMicro 4U%GPASS%7045B-8R+ | http://www.supermicro.com/products/system/4U/7045/SYS-7045B-8R_.cfm]]'),(11,2904,'yes','[[SuperMicro 4U%GPASS%7045B-T | http://www.supermicro.com/products/system/4U/7045/SYS-7045B-T.cfm]]'),(11,3345,'yes','[[SuperMicro 4U%GPASS%7045B-TR+ | http://www.supermicro.com/products/system/4U/7045/SYS-7045B-TR_.cfm]]'),(11,2712,'yes','[[SuperMicro 4U%GPASS%7045W-NTR+ | http://www.supermicro.com/products/system/4U/7045/SYS-7045W-NTR_.cfm]]'),(11,3019,'yes','[[SuperMicro 4U%GPASS%7046A-3 | http://www.supermicro.com/products/system/4U/7046/SYS-7046A-3.cfm]]'),(11,3383,'yes','[[SuperMicro 4U%GPASS%7046A-6 | http://www.supermicro.com/products/system/4U/7046/SYS-7046A-6.cfm]]'),(11,2965,'yes','[[SuperMicro 4U%GPASS%7046A-HR+ | http://www.supermicro.com/products/system/4U/7046/SYS-7046A-HR_.cfm]]'),(11,3300,'yes','[[SuperMicro 4U%GPASS%7046A-T | http://www.supermicro.com/products/system/4U/7046/SYS-7046A-T.cfm]]'),(11,2849,'yes','[[SuperMicro 4U%GPASS%7046GT-TRF | http://www.supermicro.com/products/system/4U/7046/SYS-7046GT-TRF.cfm]]'),(11,2910,'yes','[[SuperMicro 4U%GPASS%7046T-3R | http://www.supermicro.com/products/system/4U/7046/SYS-7046T-3R.cfm]]'),(11,2793,'yes','[[SuperMicro 4U%GPASS%7046T-6F | http://www.supermicro.com/products/system/4U/7046/SYS-7046T-6F.cfm]]'),(11,2987,'yes','[[SuperMicro 4U%GPASS%7046T-H6R | http://www.supermicro.com/products/system/4U/7046/SYS-7046T-H6R.cfm]]'),(11,3071,'yes','[[SuperMicro 4U%GPASS%7046T-NTR+ | http://www.supermicro.com/products/system/4U/7046/SYS-7046T-NTR_.cfm]]'),(11,3541,'yes','[[SuperMicro 4U%GPASS%7047A-73 | http://www.supermicro.com/products/system/4u/7047/SYS-7047A-73.cfm]]'),(11,3405,'yes','[[SuperMicro 4U%GPASS%7047A-T | http://www.supermicro.com/products/system/4u/7047/SYS-7047A-T.cfm]]'),(11,2780,'yes','[[SuperMicro 4U%GPASS%7047AX-72RF | http://www.supermicro.com/products/system/4u/7047/SYS-7047AX-72RF.cfm]]'),(11,2829,'yes','[[SuperMicro 4U%GPASS%7047AX-TRF | http://www.supermicro.com/products/system/4u/7047/SYS-7047AX-TRF.cfm]]'),(11,3340,'yes','[[SuperMicro 4U%GPASS%7047GR-TPRF | http://www.supermicro.com/products/system/4u/7047/SYS-7047GR-TPRF.cfm]]'),(11,2896,'yes','[[SuperMicro 4U%GPASS%7047GR-TPRF-FM409 | http://www.supermicro.com/products/system/4U/7047/SYS-7047GR-TPRF-FM409.cfm]]'),(11,3313,'yes','[[SuperMicro 4U%GPASS%7047GR-TPRF-FM475 | http://www.supermicro.com/products/system/4U/7047/SYS-7047GR-TPRF-FM475.cfm]]'),(11,3296,'yes','[[SuperMicro 4U%GPASS%7047GR-TRF | http://www.supermicro.com/products/system/4u/7047/sys-7047gr-trf.cfm]]'),(11,3351,'yes','[[SuperMicro 4U%GPASS%7047GR-TRF-FC475 | http://www.supermicro.com/products/system/4u/7047/SYS-7047GR-TRF-FC475.cfm]]'),(11,3044,'yes','[[SuperMicro 4U%GPASS%7047R-3RF4+ | http://www.supermicro.com/products/system/4U/7047/SYS-7047R-3RF4_.cfm]]'),(11,3471,'yes','[[SuperMicro 4U%GPASS%7047R-72RF | http://www.supermicro.com/products/system/4U/7047/SYS-7047R-72RF.cfm]]'),(11,3072,'yes','[[SuperMicro 4U%GPASS%7047R-72RFT | http://www.supermicro.com/products/system/4U/7047/SYS-7047R-72RFT.cfm]]'),(11,3470,'yes','[[SuperMicro 4U%GPASS%7047R-TRF | http://www.supermicro.com/products/system/4U/7047/SYS-7047R-TRF.cfm]]'),(11,2774,'yes','[[SuperMicro 4U%GPASS%7047R-TXRF | http://www.supermicro.com/products/system/4u/7047/SYS-7047R-TXRF.cfm]]'),(11,3548,'yes','[[SuperMicro 4U%GPASS%7048A-T | http://www.supermicro.com/products/system/4U/7048/SYS-7048A-T.cfm]]'),(11,2917,'yes','[[SuperMicro 4U%GPASS%7048GR-TR | http://www.supermicro.com/products/system/4u/7048/SYS-7048GR-TR.cfm]]'),(11,2865,'yes','[[SuperMicro 4U%GPASS%7048R-C1R | http://www.supermicro.com/products/system/4U/7048/SYS-7048R-C1R.cfm]]'),(11,3386,'yes','[[SuperMicro 4U%GPASS%7048R-C1R4+ | http://www.supermicro.com/products/system/4U/7048/SYS-7048R-C1R4_.cfm]]'),(11,3381,'yes','[[SuperMicro 4U%GPASS%7048R-C1RT | http://www.supermicro.com/products/system/4U/7048/SYS-7048R-C1RT.cfm]]'),(11,2990,'yes','[[SuperMicro 4U%GPASS%7048R-C1RT4+ | http://www.supermicro.com/products/system/4u/7048/SYS-7048R-C1RT4_.cfm]]'),(11,3333,'yes','[[SuperMicro 4U%GPASS%7048R-TR | http://www.supermicro.com/products/system/4U/7048/SYS-7048R-TR.cfm]]'),(11,2787,'yes','[[SuperMicro 4U%GPASS%7048R-TRT | http://www.supermicro.com/products/system/4U/7048/SYS-7048R-TRT.cfm]]'),(11,3224,'yes','[[SuperMicro 4U%GPASS%8048B-C0R3FT | http://www.supermicro.com/products/system/4U/8048/SYS-8048B-C0R3FT.cfm]]'),(11,3441,'yes','[[SuperMicro 4U%GPASS%8048B-C0R4FT | http://www.supermicro.com/products/system/4U/8048/SYS-8048B-C0R4FT.cfm]]'),(11,3536,'yes','[[SuperMicro 4U%GPASS%8048B-TR3F | http://www.supermicro.com/products/system/4U/8048/SYS-8048B-TR3F.cfm]]'),(11,3518,'yes','[[SuperMicro 4U%GPASS%8048B-TR4F | http://www.supermicro.com/products/system/4U/8048/SYS-8048B-TR4F.cfm]]'),(11,3486,'yes','[[SuperMicro 4U%GPASS%8048B-TR4FT | http://www.supermicro.com/products/system/4u/8048/SYS-8048B-TR4FT.cfm]]'),(11,3000,'yes','[[SuperMicro 4U%GPASS%8048B-TRFT | http://www.supermicro.com/products/system/4u/8048/SYS-8048B-TRFT.cfm]]'),(11,3263,'yes','[[SuperMicro 5U%GPASS%5086B-TRF | http://www.supermicro.com/products/system/5U/5086/SYS-5086B-TRF.cfm]]'),(11,3358,'yes','[[SuperMicro 7U%GPASS%7088B-TR4FT | http://www.supermicro.com/products/system/7U/7088/SYS-7088B-TR4FT.cfm]]'),(11,3503,'yes','[[SuperMicro Tower%GPASS%8046B-6R | http://www.supermicro.com/products/system/4U/8046/SYS-8046B-6R.cfm]]'),(11,3526,'yes','[[SuperMicro Tower%GPASS%8046B-TRLF | http://www.supermicro.com/products/system/4U/8046/SYS-8046B-TRLF.cfm]]'),(11,3083,'yes','[[SuperMicro Tower%GPASS%8047R-7JRFT | http://www.supermicro.com/products/system/4u/8047/SYS-8047R-7JRFT.cfm]]'),(11,2765,'yes','[[SuperMicro Tower%GPASS%8047R-7RFT+ | http://www.supermicro.com/products/system/4u/8047/SYS-8047R-7RFT_.cfm]]'),(11,3480,'yes','[[SuperMicro Tower%GPASS%8047R-TRF+ | http://www.supermicro.com/products/system/4U/8047/SYS-8047R-TRF_.cfm]]'),(11,2708,'yes','[[SuperMicro%GPASS%6028R-E1CR12L | https://www.supermicro.com/products/system/2u/6028/ssg-6028r-e1cr12l.cfm]]'),(11,3485,'yes','[[SuperMicro%GPASS%8044T-8R | http://www.supermicro.com/products/system/4U/8044/SYS-8044T-8R.cfm]]'),(11,3522,'yes','[[SuperMicro%GPASS%8045C-3R | http://www.supermicro.com/products/system/4U/8045/SYS-8045C-3R.cfm]]'),(11,50002,'no','8286-41A (POWER8 S814)'),(11,50004,'no','8286-42A (POWER8 S824)'),(11,1736,'yes','Cisco%GPASS%UCS B200 M1'),(11,1737,'yes','Cisco%GPASS%UCS B200 M2'),(11,1738,'yes','Cisco%GPASS%UCS B200 M3'),(11,2225,'yes','Cisco%GPASS%UCS B200 M4'),(11,1745,'yes','Cisco%GPASS%UCS B22  M3'),(11,1739,'yes','Cisco%GPASS%UCS B230 M1'),(11,1740,'yes','Cisco%GPASS%UCS B230 M2'),(11,1741,'yes','Cisco%GPASS%UCS B250 M1'),(11,1742,'yes','Cisco%GPASS%UCS B250 M2'),(11,2223,'yes','Cisco%GPASS%UCS B260 M4'),(11,1744,'yes','Cisco%GPASS%UCS B420 M3'),(11,2558,'yes','Cisco%GPASS%UCS B420 M4'),(11,2559,'yes','Cisco%GPASS%UCS B440 M1'),(11,1743,'yes','Cisco%GPASS%UCS B440 M2'),(11,2224,'yes','Cisco%GPASS%UCS B460 M4'),(11,1746,'yes','Cisco%GPASS%UCS C200 M2'),(11,1747,'yes','Cisco%GPASS%UCS C210 M2'),(11,1751,'yes','Cisco%GPASS%UCS C22  M3'),(11,2562,'yes','Cisco%GPASS%UCS C22  M3(LFF)'),(11,1752,'yes','Cisco%GPASS%UCS C220 M3'),(11,2563,'yes','Cisco%GPASS%UCS C220 M3(LFF)'),(11,2566,'yes','Cisco%GPASS%UCS C220 M4'),(11,2567,'yes','Cisco%GPASS%UCS C220 M4(LFF)'),(11,1753,'yes','Cisco%GPASS%UCS C24  M3'),(11,2564,'yes','Cisco%GPASS%UCS C24  M3(LFF)'),(11,1754,'yes','Cisco%GPASS%UCS C240 M3'),(11,2565,'yes','Cisco%GPASS%UCS C240 M3(16 drive)'),(11,2579,'yes','Cisco%GPASS%UCS C240 M3(LFF)'),(11,2568,'yes','Cisco%GPASS%UCS C240 M4'),(11,2569,'yes','Cisco%GPASS%UCS C240 M4(16 drive)'),(11,2570,'yes','Cisco%GPASS%UCS C240 M4(LFF)'),(11,2571,'yes','Cisco%GPASS%UCS C240 M4S'),(11,1748,'yes','Cisco%GPASS%UCS C250 M2'),(11,1749,'yes','Cisco%GPASS%UCS C260 M2'),(11,2573,'yes','Cisco%GPASS%UCS C420 M3'),(11,1750,'yes','Cisco%GPASS%UCS C460 M2'),(11,2575,'yes','Cisco%GPASS%UCS C460 M4'),(11,50000,'no','Dell Nutanix XC730'),(11,1518,'yes','Dell PowerEdge (blade)%GPASS%1955'),(11,2031,'yes','Dell PowerEdge (blade)%GPASS%M520'),(11,1519,'yes','Dell PowerEdge (blade)%GPASS%M605'),(11,1520,'yes','Dell PowerEdge (blade)%GPASS%M610'),(11,1521,'yes','Dell PowerEdge (blade)%GPASS%M610x'),(11,1696,'yes','Dell PowerEdge (blade)%GPASS%M620'),(11,2385,'yes','Dell PowerEdge (blade)%GPASS%M630'),(11,1522,'yes','Dell PowerEdge (blade)%GPASS%M710%L2,1%'),(11,1697,'yes','Dell PowerEdge (blade)%GPASS%M710HD'),(11,1523,'yes','Dell PowerEdge (blade)%GPASS%M805%L2,1%'),(11,2032,'yes','Dell PowerEdge (blade)%GPASS%M820%L2,1%'),(11,1524,'yes','Dell PowerEdge (blade)%GPASS%M905%L2,1%'),(11,1525,'yes','Dell PowerEdge (blade)%GPASS%M910%L2,1%'),(11,1698,'yes','Dell PowerEdge (blade)%GPASS%M915%L2,1%'),(11,1676,'yes','Dell PowerEdge C%GPASS%C1100'),(11,1677,'yes','Dell PowerEdge C%GPASS%C2100'),(11,1678,'yes','Dell PowerEdge C%GPASS%C5125'),(11,1679,'yes','Dell PowerEdge C%GPASS%C5220'),(11,1680,'yes','Dell PowerEdge C%GPASS%C6100'),(11,1681,'yes','Dell PowerEdge C%GPASS%C6105'),(11,1682,'yes','Dell PowerEdge C%GPASS%C6145'),(11,1683,'yes','Dell PowerEdge C%GPASS%C6220'),(11,50010,'no','Dell PowerEdge FX2'),(11,63,'yes','Dell PowerEdge%GPASS%1550'),(11,55,'yes','Dell PowerEdge%GPASS%1650'),(11,364,'yes','Dell PowerEdge%GPASS%1850'),(11,62,'yes','Dell PowerEdge%GPASS%1950'),(11,362,'yes','Dell PowerEdge%GPASS%2450'),(11,360,'yes','Dell PowerEdge%GPASS%2550'),(11,359,'yes','Dell PowerEdge%GPASS%2650'),(11,56,'yes','Dell PowerEdge%GPASS%2850'),(11,366,'yes','Dell PowerEdge%GPASS%2900'),(11,65,'yes','Dell PowerEdge%GPASS%2950'),(11,367,'yes','Dell PowerEdge%GPASS%2970'),(11,358,'yes','Dell PowerEdge%GPASS%4400'),(11,67,'yes','Dell PowerEdge%GPASS%4600'),(11,66,'yes','Dell PowerEdge%GPASS%650'),(11,355,'yes','Dell PowerEdge%GPASS%6850'),(11,356,'yes','Dell PowerEdge%GPASS%6950'),(11,361,'yes','Dell PowerEdge%GPASS%750'),(11,363,'yes','Dell PowerEdge%GPASS%850'),(11,365,'yes','Dell PowerEdge%GPASS%860'),(11,1059,'yes','Dell PowerEdge%GPASS%R200'),(11,1686,'yes','Dell PowerEdge%GPASS%R210'),(11,1712,'yes','Dell PowerEdge%GPASS%R210 II'),(11,2435,'yes','Dell PowerEdge%GPASS%R220'),(11,1060,'yes','Dell PowerEdge%GPASS%R300'),(11,1687,'yes','Dell PowerEdge%GPASS%R310'),(11,989,'yes','Dell PowerEdge%GPASS%R410'),(11,1688,'yes','Dell PowerEdge%GPASS%R415'),(11,2147,'yes','Dell PowerEdge%GPASS%R420'),(11,2386,'yes','Dell PowerEdge%GPASS%R430'),(11,1672,'yes','Dell PowerEdge%GPASS%R510'),(11,1689,'yes','Dell PowerEdge%GPASS%R515'),(11,2387,'yes','Dell PowerEdge%GPASS%R530'),(11,990,'yes','Dell PowerEdge%GPASS%R610'),(11,1690,'yes','Dell PowerEdge%GPASS%R620'),(11,2388,'yes','Dell PowerEdge%GPASS%R630'),(11,991,'yes','Dell PowerEdge%GPASS%R710'),(11,1691,'yes','Dell PowerEdge%GPASS%R715'),(11,1692,'yes','Dell PowerEdge%GPASS%R720'),(11,1693,'yes','Dell PowerEdge%GPASS%R720xd'),(11,2389,'yes','Dell PowerEdge%GPASS%R730'),(11,2390,'yes','Dell PowerEdge%GPASS%R730xd'),(11,992,'yes','Dell PowerEdge%GPASS%R805'),(11,1694,'yes','Dell PowerEdge%GPASS%R810'),(11,1695,'yes','Dell PowerEdge%GPASS%R815'),(11,357,'yes','Dell PowerEdge%GPASS%R900'),(11,993,'yes','Dell PowerEdge%GPASS%R905'),(11,1381,'yes','Dell PowerEdge%GPASS%R910'),(11,368,'yes','Dell PowerEdge%GPASS%SC1435'),(11,50003,'no','Extension EXP24S (#5887)'),(11,2384,'yes','HP ProLiant%GPASS%DL120'),(11,101,'yes','HP ProLiant%GPASS%DL140'),(11,102,'yes','HP ProLiant%GPASS%DL145'),(11,534,'yes','HP ProLiant%GPASS%DL160'),(11,535,'yes','HP ProLiant%GPASS%DL180'),(11,536,'yes','HP ProLiant%GPASS%DL185'),(11,103,'yes','HP ProLiant%GPASS%DL320'),(11,539,'yes','HP ProLiant%GPASS%DL320p'),(11,538,'yes','HP ProLiant%GPASS%DL320s'),(11,104,'yes','HP ProLiant%GPASS%DL360'),(11,537,'yes','HP ProLiant%GPASS%DL365'),(11,105,'yes','HP ProLiant%GPASS%DL380'),(11,106,'yes','HP ProLiant%GPASS%DL385'),(11,107,'yes','HP ProLiant%GPASS%DL580'),(11,108,'yes','HP ProLiant%GPASS%DL585'),(11,2615,'yes','HP ProLiant%GPASS%DL980'),(11,109,'yes','HP ProLiant%GPASS%ML110'),(11,540,'yes','HP ProLiant%GPASS%ML115'),(11,110,'yes','HP ProLiant%GPASS%ML150'),(11,111,'yes','HP ProLiant%GPASS%ML310'),(11,112,'yes','HP ProLiant%GPASS%ML350'),(11,113,'yes','HP ProLiant%GPASS%ML370'),(11,114,'yes','HP ProLiant%GPASS%ML570'),(11,1478,'yes','IBM BladeCenter%GPASS%HS12'),(11,1479,'yes','IBM BladeCenter%GPASS%HS20'),(11,1480,'yes','IBM BladeCenter%GPASS%HS21'),(11,1481,'yes','IBM BladeCenter%GPASS%HS21 XM'),(11,1482,'yes','IBM BladeCenter%GPASS%HS22'),(11,1483,'yes','IBM BladeCenter%GPASS%HS22V'),(11,1484,'yes','IBM BladeCenter%GPASS%HX5'),(11,1485,'yes','IBM BladeCenter%GPASS%JS12'),(11,1486,'yes','IBM BladeCenter%GPASS%JS20'),(11,1487,'yes','IBM BladeCenter%GPASS%JS21'),(11,1488,'yes','IBM BladeCenter%GPASS%JS22'),(11,1489,'yes','IBM BladeCenter%GPASS%JS23'),(11,1490,'yes','IBM BladeCenter%GPASS%JS43'),(11,1491,'yes','IBM BladeCenter%GPASS%LS20'),(11,1492,'yes','IBM BladeCenter%GPASS%LS21'),(11,1493,'yes','IBM BladeCenter%GPASS%LS22'),(11,1494,'yes','IBM BladeCenter%GPASS%LS41'),(11,1495,'yes','IBM BladeCenter%GPASS%LS42'),(11,1496,'yes','IBM BladeCenter%GPASS%PS700'),(11,1497,'yes','IBM BladeCenter%GPASS%PS701'),(11,1498,'yes','IBM BladeCenter%GPASS%PS702'),(11,1499,'yes','IBM BladeCenter%GPASS%PS703'),(11,1563,'yes','IBM BladeCenter%GPASS%PS704'),(11,1564,'yes','IBM BladeCenter%GPASS%QS21'),(11,1565,'yes','IBM BladeCenter%GPASS%QS22'),(11,92,'yes','IBM pSeries%GPASS%185'),(11,93,'yes','IBM pSeries%GPASS%505'),(11,94,'yes','IBM pSeries%GPASS%505Q'),(11,95,'yes','IBM pSeries%GPASS%510'),(11,96,'yes','IBM pSeries%GPASS%510Q'),(11,97,'yes','IBM pSeries%GPASS%520'),(11,98,'yes','IBM pSeries%GPASS%520Q'),(11,99,'yes','IBM pSeries%GPASS%550'),(11,100,'yes','IBM pSeries%GPASS%550Q'),(11,43,'yes','IBM xSeries%GPASS%305'),(11,44,'yes','IBM xSeries%GPASS%306'),(11,45,'yes','IBM xSeries%GPASS%306m'),(11,68,'yes','IBM xSeries%GPASS%3250'),(11,59,'yes','IBM xSeries%GPASS%326'),(11,46,'yes','IBM xSeries%GPASS%326m'),(11,47,'yes','IBM xSeries%GPASS%330'),(11,48,'yes','IBM xSeries%GPASS%335'),(11,69,'yes','IBM xSeries%GPASS%3455'),(11,54,'yes','IBM xSeries%GPASS%346'),(11,70,'yes','IBM xSeries%GPASS%3550'),(11,71,'yes','IBM xSeries%GPASS%3650'),(11,73,'yes','IBM xSeries%GPASS%3650 T'),(11,72,'yes','IBM xSeries%GPASS%3655'),(11,74,'yes','IBM xSeries%GPASS%3755'),(11,75,'yes','IBM xSeries%GPASS%3850'),(11,42,'yes','noname/unknown'),(11,792,'yes','SGI%GPASS%Altix XE250'),(11,955,'yes','SGI%GPASS%Altix XE270'),(11,793,'yes','SGI%GPASS%Altix XE310'),(11,794,'yes','SGI%GPASS%Altix XE320'),(11,956,'yes','SGI%GPASS%Altix XE340'),(11,957,'yes','SGI%GPASS%Altix XE500'),(11,50,'yes','Sun%GPASS%Enterprise 420R'),(11,61,'yes','Sun%GPASS%Enterprise 4500'),(11,90,'yes','Sun%GPASS%Fire E2900'),(11,52,'yes','Sun%GPASS%Fire E4900'),(11,83,'yes','Sun%GPASS%Fire V125'),(11,91,'yes','Sun%GPASS%Fire V1280'),(11,57,'yes','Sun%GPASS%Fire V210'),(11,84,'yes','Sun%GPASS%Fire V215'),(11,58,'yes','Sun%GPASS%Fire V240'),(11,85,'yes','Sun%GPASS%Fire V245'),(11,82,'yes','Sun%GPASS%Fire V40z'),(11,87,'yes','Sun%GPASS%Fire V440'),(11,86,'yes','Sun%GPASS%Fire V445'),(11,88,'yes','Sun%GPASS%Fire V490'),(11,89,'yes','Sun%GPASS%Fire V890'),(11,51,'yes','Sun%GPASS%Fire X2100'),(11,80,'yes','Sun%GPASS%Fire X2100 M2'),(11,81,'yes','Sun%GPASS%Fire X2200 M2'),(11,79,'yes','Sun%GPASS%Fire X4100'),(11,78,'yes','Sun%GPASS%Fire X4200'),(11,77,'yes','Sun%GPASS%Fire X4500'),(11,76,'yes','Sun%GPASS%Fire X4600'),(11,60,'yes','Sun%GPASS%Netra t1 105'),(11,53,'yes','Sun%GPASS%Netra X1'),(11,49,'yes','Sun%GPASS%Ultra 10'),(11,64,'yes','Sun%GPASS%Ultra 5'),(11,50011,'no','Synology RackStation RS3614RPxs'),(12,1022,'yes','[[Brocade%GPASS%FastIron CX 624S | http://www.brocade.com/products-solutions/products/ethernet-switches-routers/enterprise-mobility/product-details/fastiron-cx-series/overview.page]]'),(12,1023,'yes','[[Brocade%GPASS%FastIron CX 624S-HPOE | http://www.brocade.com/products-solutions/products/ethernet-switches-routers/enterprise-mobility/product-details/fastiron-cx-series/overview.page]]'),(12,1024,'yes','[[Brocade%GPASS%FastIron CX 648S | http://www.brocade.com/products-solutions/products/ethernet-switches-routers/enterprise-mobility/product-details/fastiron-cx-series/overview.page]]'),(12,1025,'yes','[[Brocade%GPASS%FastIron CX 648S-HPOE | http://www.brocade.com/products-solutions/products/ethernet-switches-routers/enterprise-mobility/product-details/fastiron-cx-series/overview.page]]'),(12,1026,'yes','[[Brocade%GPASS%FastIron WS 624 | http://www.brocade.com/products-solutions/products/ethernet-switches-routers/enterprise-mobility/product-details/fastiron-ws-series/overview.page]]'),(12,1027,'yes','[[Brocade%GPASS%FastIron WS 624-POE | http://www.brocade.com/products-solutions/products/ethernet-switches-routers/enterprise-mobility/product-details/fastiron-ws-series/overview.page]]'),(12,1028,'yes','[[Brocade%GPASS%FastIron WS 624G | http://www.brocade.com/products-solutions/products/ethernet-switches-routers/enterprise-mobility/product-details/fastiron-ws-series/overview.page]]'),(12,1029,'yes','[[Brocade%GPASS%FastIron WS 624G-POE | http://www.brocade.com/products-solutions/products/ethernet-switches-routers/enterprise-mobility/product-details/fastiron-ws-series/overview.page]]'),(12,1030,'yes','[[Brocade%GPASS%FastIron WS 648 | http://www.brocade.com/products-solutions/products/ethernet-switches-routers/enterprise-mobility/product-details/fastiron-ws-series/overview.page]]'),(12,1031,'yes','[[Brocade%GPASS%FastIron WS 648-POE | http://www.brocade.com/products-solutions/products/ethernet-switches-routers/enterprise-mobility/product-details/fastiron-ws-series/overview.page]]'),(12,1032,'yes','[[Brocade%GPASS%FastIron WS 648G | http://www.brocade.com/products-solutions/products/ethernet-switches-routers/enterprise-mobility/product-details/fastiron-ws-series/overview.page]]'),(12,1033,'yes','[[Brocade%GPASS%FastIron WS 648G-POE | http://www.brocade.com/products-solutions/products/ethernet-switches-routers/enterprise-mobility/product-details/fastiron-ws-series/overview.page]]'),(12,1362,'yes','[[Brocade%GPASS%FCX 648 | http://www.brocade.com/sites/dotcom/products-solutions/products/ethernet-switches-routers/enterprise-mobility/product-details/fcx-series-data-center/index.page ]]'),(12,2239,'yes','[[Brocade%GPASS%ICX-6430-48 | http://www.brocade.com/products/all/switches/product-details/icx-6430-and-6450-switches/index.page]]'),(12,2240,'yes','[[Brocade%GPASS%ICX-6450-48 | http://www.brocade.com/products/all/switches/product-details/icx-6430-and-6450-switches/index.page]]'),(12,1889,'yes','[[Brocade%GPASS%ICX-6610-48-PE | http://www.brocade.com/products/all/switches/product-details/icx-6610-switch/index.page]]'),(12,1890,'yes','[[Brocade%GPASS%ICX-6650-48-E-ADV | http://www.brocade.com/products/all/switches/product-details/icx-6650-switch/index.page]]'),(12,2666,'yes','[[Brocade%GPASS%ICX-7250-48 | http://www.brocade.com/en/products-services/switches/campus-network-switches/icx-7250-switch.html]]'),(12,1034,'yes','[[Brocade%GPASS%NetIron CES 2024C | http://www.brocade.com/products-solutions/products/ethernet-switches-routers/service-provider/product-details/netiron-ces-2000-series/overview.page]]'),(12,1035,'yes','[[Brocade%GPASS%NetIron CES 2024F | http://www.brocade.com/products-solutions/products/ethernet-switches-routers/service-provider/product-details/netiron-ces-2000-series/overview.page]]'),(12,1036,'yes','[[Brocade%GPASS%NetIron CES 2048C | http://www.brocade.com/products-solutions/products/ethernet-switches-routers/service-provider/product-details/netiron-ces-2000-series/overview.page]]'),(12,1038,'yes','[[Brocade%GPASS%NetIron CES 2048CX | http://www.brocade.com/products-solutions/products/ethernet-switches-routers/service-provider/product-details/netiron-ces-2000-series/overview.page]]'),(12,1037,'yes','[[Brocade%GPASS%NetIron CES 2048F | http://www.brocade.com/products-solutions/products/ethernet-switches-routers/service-provider/product-details/netiron-ces-2000-series/overview.page]]'),(12,1039,'yes','[[Brocade%GPASS%NetIron CES 2048FX | http://www.brocade.com/products-solutions/products/ethernet-switches-routers/service-provider/product-details/netiron-ces-2000-series/overview.page]]'),(12,1043,'yes','[[Brocade%GPASS%ServerIron 4G-SSL-FIPS | http://www.brocade.com/sites/dotcom/products-solutions/products/ethernet-switches-routers/application-switching/product-details/serveriron-4g-application-switches/index.page]]'),(12,1040,'yes','[[Brocade%GPASS%ServerIron ADX 1000 | http://www.brocade.com/products-solutions/products/ethernet-switches-routers/application-switching/product-details/serveriron-adx-series/overview.page]]'),(12,1041,'yes','[[Brocade%GPASS%ServerIron ADX 4000 | http://www.brocade.com/products-solutions/products/ethernet-switches-routers/application-switching/product-details/serveriron-adx-series/overview.page]]'),(12,1042,'yes','[[Brocade%GPASS%ServerIron ADX 8000 | http://www.brocade.com/products-solutions/products/ethernet-switches-routers/application-switching/product-details/serveriron-adx-series/overview.page]]'),(12,1044,'yes','[[Brocade%GPASS%TurboIron 24X | http://www.brocade.com/sites/dotcom/products-solutions/products/ethernet-switches-routers/enterprise-mobility/product-details/turboiron-24x-switch/index.page]]'),(12,2665,'yes','[[Brocade%GPASS%VDX 6740 | http://www.brocade.com/en/products-services/switches/data-center-switches/vdx-6740-switches.html]]'),(12,795,'yes','[[Cisco (blade)%GPASS%Catalyst 3032-DEL | http://www.cisco.com/en/US/products/ps8772/index.html]]'),(12,1018,'yes','[[Cisco%GPASS%Catalyst 4900M | http://www.cisco.com/en/US/products/ps9310/index.html]]'),(12,1019,'yes','[[Cisco%GPASS%Catalyst 4928-10GE | http://www.cisco.com/en/US/products/ps9903/index.html]]'),(12,147,'yes','[[Cisco%GPASS%Catalyst 4948 | http://www.cisco.com/en/US/products/ps6026/index.html]]'),(12,377,'yes','[[Cisco%GPASS%Catalyst 4948-10GE | http://www.cisco.com/en/US/products/ps6230/index.html]]'),(12,2026,'yes','[[Cisco%GPASS%Catalyst 4948E | http://www.cisco.com/en/US/products/ps10947/index.html]]'),(12,2029,'yes','[[Cisco%GPASS%Catalyst C2960CG-8TC-L | http://www.cisco.com/en/US/products/ps6406/index.html]]'),(12,2038,'yes','[[Cisco%GPASS%Catalyst WS-CBS3012-IBM/-I | http://www.cisco.com/en/US/products/ps8766/index.html]]'),(12,958,'yes','[[Cisco%GPASS%Nexus 2148T | http://cisco.com/en/US/products/ps10118/index.html]]'),(12,1413,'yes','[[Cisco%GPASS%Nexus 2224TP | http://cisco.com/en/US/products/ps11045/index.html]]'),(12,1415,'yes','[[Cisco%GPASS%Nexus 2232PP | http://cisco.com/en/US/products/ps10784/index.html]]'),(12,1414,'yes','[[Cisco%GPASS%Nexus 2248TP | http://cisco.com/en/US/products/ps10783/index.html]]'),(12,2334,'yes','[[Cisco%GPASS%Nexus 3016 | http://www.cisco.com/c/en/us/products/switches/nexus-3016-switch/index.html]]'),(12,2333,'yes','[[Cisco%GPASS%Nexus 3048 | http://www.cisco.com/c/en/us/products/switches/nexus-3048-switch/index.html]]'),(12,2332,'yes','[[Cisco%GPASS%Nexus 3064 | http://www.cisco.com/c/en/us/products/switches/nexus-3064-switch/index.html]]'),(12,2331,'yes','[[Cisco%GPASS%Nexus 3132Q | http://www.cisco.com/c/en/us/products/switches/nexus-3132q-switch/index.html]]'),(12,2330,'yes','[[Cisco%GPASS%Nexus 3164Q | http://www.cisco.com/c/en/us/products/switches/nexus-3164q-switch/index.html]]'),(12,2329,'yes','[[Cisco%GPASS%Nexus 3172 | http://www.cisco.com/c/en/us/products/switches/nexus-3172-switch/index.html]]'),(12,2328,'yes','[[Cisco%GPASS%Nexus 3524 | http://www.cisco.com/c/en/us/products/switches/nexus-3524-switch/index.html]]'),(12,2327,'yes','[[Cisco%GPASS%Nexus 3548 | http://www.cisco.com/c/en/us/products/switches/nexus-3548-switch/index.html]]'),(12,959,'yes','[[Cisco%GPASS%Nexus 5010 | http://cisco.com/en/US/products/ps9711/index.html]]'),(12,960,'yes','[[Cisco%GPASS%Nexus 5020 | http://cisco.com/en/US/products/ps9710/index.html]]'),(12,1412,'yes','[[Cisco%GPASS%Nexus 5548P | http://cisco.com/en/US/products/ps11215/index.html]]'),(12,3649,'yes','[[Cisco%GPASS%Nexus 5596UP | http://www.cisco.com/c/en/us/products/switches/nexus-5596up-switch/index.html]]'),(12,2085,'yes','[[Cisco%GPASS%Nexus 6001 | http://www.cisco.com/en/US/products/ps12869/index.html]]'),(12,2086,'yes','[[Cisco%GPASS%Nexus 6004 | http://www.cisco.com/en/US/products/ps12807/index.html]]'),(12,961,'yes','[[Cisco%GPASS%Nexus 7010 | http://cisco.com/en/US/products/ps9512/index.html]]'),(12,962,'yes','[[Cisco%GPASS%Nexus 7018 | http://cisco.com/en/US/products/ps10098/index.html]]'),(12,2479,'yes','[[Cisco%GPASS%Nexus 7702 | http://www.cisco.com/c/en/us/products/switches/nexus-7700-2-slot-switch/index.html]]'),(12,2480,'yes','[[Cisco%GPASS%Nexus 7706 | http://www.cisco.com/c/en/us/products/switches/nexus-7700-6-slot-switch/index.html]]'),(12,2481,'yes','[[Cisco%GPASS%Nexus 7710 | http://www.cisco.com/c/en/us/products/switches/nexus-7700-10-slot-switch/index.html]]'),(12,2482,'yes','[[Cisco%GPASS%Nexus 7718 | http://www.cisco.com/c/en/us/products/switches/nexus-7700-18-slot-switch/index.html]]'),(12,2235,'yes','[[Cisco%GPASS%Nexus 9504 | http://www.cisco.com/c/en/us/products/switches/nexus-9504-switch/index.html]]'),(12,2236,'yes','[[Cisco%GPASS%Nexus 9508 | http://www.cisco.com/c/en/us/products/switches/nexus-9508-switch/index.html]]'),(12,2237,'yes','[[Cisco%GPASS%Nexus 9516 | http://www.cisco.com/c/en/us/products/switches/nexus-9516-switch/index.html]]'),(12,634,'yes','[[D-Link%GPASS%DES-1024D | http://www.dlink.com/products/?sec=0&pid=75]]'),(12,635,'yes','[[D-Link%GPASS%DES-1026G | http://www.dlink.com/products/?sec=0&pid=76]]'),(12,628,'yes','[[D-Link%GPASS%DES-1228 | http://www.dlink.com/products/?sec=0&pid=540]]'),(12,629,'yes','[[D-Link%GPASS%DES-1228P | http://www.dlink.com/products/?sec=0&pid=541]]'),(12,630,'yes','[[D-Link%GPASS%DES-1252 | http://www.dlink.com/products/?sec=0&pid=555]]'),(12,627,'yes','[[D-Link%GPASS%DES-1316 | http://www.dlink.com/products/?sec=0&pid=353]]'),(12,618,'yes','[[D-Link%GPASS%DES-3010FA | http://www.dlink.com/products/?sec=0&pid=423]]'),(12,619,'yes','[[D-Link%GPASS%DES-3010GA | http://www.dlink.com/products/?sec=0&pid=424]]'),(12,620,'yes','[[D-Link%GPASS%DES-3010PA | http://www.dlink.com/products/?sec=0&pid=469]]'),(12,614,'yes','[[D-Link%GPASS%DES-3028 | http://www.dlink.com/products/?sec=0&pid=630]]'),(12,615,'yes','[[D-Link%GPASS%DES-3028P | http://www.dlink.com/products/?sec=0&pid=631]]'),(12,616,'yes','[[D-Link%GPASS%DES-3052 | http://www.dlink.com/products/?sec=0&pid=632]]'),(12,617,'yes','[[D-Link%GPASS%DES-3052P | http://www.dlink.com/products/?sec=0&pid=633]]'),(12,621,'yes','[[D-Link%GPASS%DES-3226L | http://www.dlink.com/products/?sec=0&pid=298]]'),(12,613,'yes','[[D-Link%GPASS%DES-3228PA | http://www.dlink.com/products/?sec=0&pid=644]]'),(12,622,'yes','[[D-Link%GPASS%DES-3526 | http://www.dlink.com/products/?sec=0&pid=330]]'),(12,623,'yes','[[D-Link%GPASS%DES-3550 | http://www.dlink.com/products/?sec=0&pid=331]]'),(12,601,'yes','[[D-Link%GPASS%DES-3828 | http://www.dlink.com/products/?sec=0&pid=439]]'),(12,602,'yes','[[D-Link%GPASS%DES-3828P | http://www.dlink.com/products/?sec=0&pid=440]]'),(12,589,'yes','[[D-Link%GPASS%DES-6500 | http://www.dlink.com/products/?sec=0&pid=341]]'),(12,631,'yes','[[D-Link%GPASS%DGS-1016D | http://www.dlink.com/products/?sec=0&pid=337]]'),(12,632,'yes','[[D-Link%GPASS%DGS-1024D | http://www.dlink.com/products/?sec=0&pid=338]]'),(12,624,'yes','[[D-Link%GPASS%DGS-1216T | http://www.dlink.com/products/?sec=0&pid=324]]'),(12,625,'yes','[[D-Link%GPASS%DGS-1224T | http://www.dlink.com/products/?sec=0&pid=329]]'),(12,626,'yes','[[D-Link%GPASS%DGS-1248T | http://www.dlink.com/products/?sec=0&pid=367]]'),(12,610,'yes','[[D-Link%GPASS%DGS-3024 | http://www.dlink.com/products/?sec=0&pid=404]]'),(12,612,'yes','[[D-Link%GPASS%DGS-3048 | http://www.dlink.com/products/?sec=0&pid=496]]'),(12,603,'yes','[[D-Link%GPASS%DGS-3100-24 | http://www.dlink.com/products/?sec=0&pid=635]]'),(12,604,'yes','[[D-Link%GPASS%DGS-3100-24P | http://www.dlink.com/products/?sec=0&pid=636]]'),(12,605,'yes','[[D-Link%GPASS%DGS-3100-48 | http://www.dlink.com/products/?sec=0&pid=637]]'),(12,606,'yes','[[D-Link%GPASS%DGS-3100-48P | http://www.dlink.com/products/?sec=0&pid=638]]'),(12,611,'yes','[[D-Link%GPASS%DGS-3224TGR | http://www.dlink.com/products/?sec=0&pid=269]]'),(12,597,'yes','[[D-Link%GPASS%DGS-3324SR | http://www.dlink.com/products/?sec=0&pid=294]]'),(12,598,'yes','[[D-Link%GPASS%DGS-3324SRi | http://www.dlink.com/products/?sec=0&pid=309]]'),(12,594,'yes','[[D-Link%GPASS%DGS-3612G | http://www.dlink.com/products/?sec=0&pid=557]]'),(12,595,'yes','[[D-Link%GPASS%DGS-3627 | http://www.dlink.com/products/?sec=0&pid=639]]'),(12,596,'yes','[[D-Link%GPASS%DGS-3650 | http://www.dlink.com/products/?sec=0&pid=640]]'),(12,633,'yes','[[D-Link%GPASS%DSS-24+ | http://www.dlink.com/products/?sec=0&pid=73]]'),(12,593,'yes','[[D-Link%GPASS%DWS-1008 | http://www.dlink.com/products/?sec=0&pid=434]]'),(12,590,'yes','[[D-Link%GPASS%DWS-3227 | http://www.dlink.com/products/?sec=0&pid=506]]'),(12,591,'yes','[[D-Link%GPASS%DWS-3227P | http://www.dlink.com/products/?sec=0&pid=507]]'),(12,592,'yes','[[D-Link%GPASS%DWS-3250 | http://www.dlink.com/products/?sec=0&pid=468]]'),(12,607,'yes','[[D-Link%GPASS%DXS-3227 | http://www.dlink.com/products/?sec=0&pid=483]]'),(12,608,'yes','[[D-Link%GPASS%DXS-3227P | http://www.dlink.com/products/?sec=0&pid=497]]'),(12,609,'yes','[[D-Link%GPASS%DXS-3250 | http://www.dlink.com/products/?sec=0&pid=443]]'),(12,599,'yes','[[D-Link%GPASS%DXS-3326GSR | http://www.dlink.com/products/?sec=0&pid=339]]'),(12,600,'yes','[[D-Link%GPASS%DXS-3350SR | http://www.dlink.com/products/?sec=0&pid=340]]'),(12,708,'yes','[[Extreme Networks%GPASS%Alpine 3804 | http://www.extremenetworks.com/products/Alpine-3800.aspx]]'),(12,709,'yes','[[Extreme Networks%GPASS%Alpine 3808 | http://www.extremenetworks.com/products/Alpine-3800.aspx]]'),(12,713,'yes','[[Extreme Networks%GPASS%BlackDiamond 10808 | http://www.extremenetworks.com/products/blackdiamond-10808.aspx]]'),(12,714,'yes','[[Extreme Networks%GPASS%BlackDiamond 12802R | http://www.extremenetworks.com/products/blackdiamond-12800r.aspx]]'),(12,716,'yes','[[Extreme Networks%GPASS%BlackDiamond 12804C | http://www.extremenetworks.com/products/blackdiamond-12804c.aspx]]'),(12,715,'yes','[[Extreme Networks%GPASS%BlackDiamond 12804R | http://www.extremenetworks.com/products/blackdiamond-12800r.aspx]]'),(12,710,'yes','[[Extreme Networks%GPASS%BlackDiamond 6808 | http://www.extremenetworks.com/products/blackdiamond-6800.aspx]]'),(12,711,'yes','[[Extreme Networks%GPASS%BlackDiamond 8806 | http://www.extremenetworks.com/products/blackdiamond-8800.aspx]]'),(12,712,'yes','[[Extreme Networks%GPASS%BlackDiamond 8810 | http://www.extremenetworks.com/products/blackdiamond-8800.aspx]]'),(12,700,'yes','[[Extreme Networks%GPASS%Summit 200-24 | http://www.extremenetworks.com/products/summit-200.aspx]]'),(12,699,'yes','[[Extreme Networks%GPASS%Summit 200-24fx | http://www.extremenetworks.com/products/summit-200.aspx]]'),(12,701,'yes','[[Extreme Networks%GPASS%Summit 200-48 | http://www.extremenetworks.com/products/summit-200.aspx]]'),(12,702,'yes','[[Extreme Networks%GPASS%Summit 300-24 | http://www.extremenetworks.com/products/summit-300.aspx]]'),(12,703,'yes','[[Extreme Networks%GPASS%Summit 300-48 | http://www.extremenetworks.com/products/summit-300.aspx]]'),(12,704,'yes','[[Extreme Networks%GPASS%Summit 400-24p | http://www.extremenetworks.com/products/summit-400-24p.aspx]]'),(12,705,'yes','[[Extreme Networks%GPASS%Summit 400-24t | http://www.extremenetworks.com/products/summit-400-24t.aspx]]'),(12,706,'yes','[[Extreme Networks%GPASS%Summit 400-48t | http://www.extremenetworks.com/products/summit-400-48t.aspx]]'),(12,686,'yes','[[Extreme Networks%GPASS%Summit X150-24p | http://www.extremenetworks.com/products/summit-x150.aspx]]'),(12,684,'yes','[[Extreme Networks%GPASS%Summit X150-24t | http://www.extremenetworks.com/products/summit-x150.aspx]]'),(12,685,'yes','[[Extreme Networks%GPASS%Summit X150-48t | http://www.extremenetworks.com/products/summit-x150.aspx]]'),(12,689,'yes','[[Extreme Networks%GPASS%Summit X250e-24p | http://www.extremenetworks.com/products/summit-x250e.aspx]]'),(12,687,'yes','[[Extreme Networks%GPASS%Summit X250e-24t | http://www.extremenetworks.com/products/summit-x250e.aspx]]'),(12,691,'yes','[[Extreme Networks%GPASS%Summit X250e-24x | http://www.extremenetworks.com/products/summit-x250e.aspx]]'),(12,690,'yes','[[Extreme Networks%GPASS%Summit X250e-48p | http://www.extremenetworks.com/products/summit-x250e.aspx]]'),(12,688,'yes','[[Extreme Networks%GPASS%Summit X250e-48t | http://www.extremenetworks.com/products/summit-x250e.aspx]]'),(12,692,'yes','[[Extreme Networks%GPASS%Summit X450-24t | http://www.extremenetworks.com/products/summit-x450.aspx]]'),(12,693,'yes','[[Extreme Networks%GPASS%Summit X450-24x | http://www.extremenetworks.com/products/summit-x450.aspx]]'),(12,694,'yes','[[Extreme Networks%GPASS%Summit X450a-24t | http://www.extremenetworks.com/products/summit-x450a.aspx]]'),(12,696,'yes','[[Extreme Networks%GPASS%Summit X450a-24x | http://www.extremenetworks.com/products/summit-x450a.aspx]]'),(12,695,'yes','[[Extreme Networks%GPASS%Summit X450a-48t | http://www.extremenetworks.com/products/summit-x450a.aspx]]'),(12,697,'yes','[[Extreme Networks%GPASS%Summit X450e-24p | http://www.extremenetworks.com/products/summit-x450e.aspx]]'),(12,698,'yes','[[Extreme Networks%GPASS%Summit X450e-48p | http://www.extremenetworks.com/products/summit-x450e.aspx]]'),(12,1353,'yes','[[Extreme Networks%GPASS%Summit X480-24x | http://extremenetworks.com/products/summit-X480.aspx]]'),(12,1354,'yes','[[Extreme Networks%GPASS%Summit X480-48t | http://extremenetworks.com/products/summit-X480.aspx]]'),(12,1355,'yes','[[Extreme Networks%GPASS%Summit X480-48x | http://extremenetworks.com/products/summit-X480.aspx]]'),(12,1356,'yes','[[Extreme Networks%GPASS%Summit X650 | http://extremenetworks.com/products/summit-x650.aspx]]'),(12,707,'yes','[[Extreme Networks%GPASS%Summit48si | http://www.extremenetworks.com/products/summit-48si.aspx]]'),(12,946,'yes','[[F5%GPASS%ARX 1000 | http://www.f5.com/pdf/products/arx-series-ds.pdf]]'),(12,947,'yes','[[F5%GPASS%ARX 4000 | http://www.f5.com/pdf/products/arx-series-ds.pdf]]'),(12,945,'yes','[[F5%GPASS%ARX 500 | http://www.f5.com/pdf/products/arx-series-ds.pdf]]'),(12,948,'yes','[[F5%GPASS%ARX 6000 | http://www.f5.com/pdf/products/arx-series-ds.pdf]]'),(12,936,'yes','[[F5%GPASS%BIG-IP 1500 | http://www.f5.com/pdf/products/big-ip-platforms-2007-ds.pdf]]'),(12,937,'yes','[[F5%GPASS%BIG-IP 1600 | http://www.f5.com/pdf/products/big-ip-platforms-ds.pdf]]'),(12,2191,'yes','[[F5%GPASS%BIG-IP 2000S | http://www.f5.com/pdf/products/big-ip-platforms-datasheet.pdf]]'),(12,2192,'yes','[[F5%GPASS%BIG-IP 2200S | http://www.f5.com/pdf/products/big-ip-platforms-datasheet.pdf]]'),(12,938,'yes','[[F5%GPASS%BIG-IP 3400 | http://www.f5.com/pdf/products/big-ip-platforms-2007-ds.pdf]]'),(12,939,'yes','[[F5%GPASS%BIG-IP 3600 | http://www.f5.com/pdf/products/big-ip-platforms-ds.pdf]]'),(12,2193,'yes','[[F5%GPASS%BIG-IP 3900 | http://www.f5.com/pdf/products/big-ip-platforms-datasheet.pdf]]'),(12,2194,'yes','[[F5%GPASS%BIG-IP 4000S | http://www.f5.com/pdf/products/big-ip-platforms-datasheet.pdf]]'),(12,2195,'yes','[[F5%GPASS%BIG-IP 4200V | http://www.f5.com/pdf/products/big-ip-platforms-datasheet.pdf]]'),(12,2196,'yes','[[F5%GPASS%BIG-IP 5000S | http://www.f5.com/pdf/products/big-ip-platforms-datasheet.pdf]]'),(12,2197,'yes','[[F5%GPASS%BIG-IP 5200V | http://www.f5.com/pdf/products/big-ip-platforms-datasheet.pdf]]'),(12,940,'yes','[[F5%GPASS%BIG-IP 6400 | http://www.f5.com/pdf/products/big-ip-platforms-2007-ds.pdf]]'),(12,941,'yes','[[F5%GPASS%BIG-IP 6800 | http://www.f5.com/pdf/products/big-ip-platforms-2007-ds.pdf]]'),(12,942,'yes','[[F5%GPASS%BIG-IP 6900 | http://www.f5.com/pdf/products/big-ip-platforms-ds.pdf]]'),(12,943,'yes','[[F5%GPASS%BIG-IP 8400 | http://www.f5.com/pdf/products/big-ip-platforms-ds.pdf]]'),(12,944,'yes','[[F5%GPASS%BIG-IP 8800 | http://www.f5.com/pdf/products/big-ip-platforms-ds.pdf]]'),(12,934,'yes','[[F5%GPASS%BIG-IP WebAccelerator 4500 | http://www.f5.com/pdf/products/big-ip-webaccelerator-ds.pdf]]'),(12,1472,'yes','[[Force10%GPASS%S4810 | http://www.force10networks.com/products/s4810.asp]]'),(12,1470,'yes','[[Force10%GPASS%S55 | http://www.force10networks.com/products/s55.asp]]'),(12,1471,'yes','[[Force10%GPASS%S60 | http://www.force10networks.com/products/s60.asp]]'),(12,1892,'yes','[[Fortinet%GPASS%Fortigate 300C | http://www.fortinet.com/products/fortigate/300C.html]]'),(12,1891,'yes','[[Fortinet%GPASS%Fortigate 3140B| http://www.fortinet.com/products/fortigate/3140B.html]]'),(12,1893,'yes','[[Fortinet%GPASS%Fortigate 800C | http://www.fortinet.com/products/fortigate/800C.html]]'),(12,2241,'yes','[[IBM%GPASS%RackSwitch G8000 | http://www-03.ibm.com/systems/networking/switches/rack/g8000/]]'),(12,1887,'yes','[[IBM%GPASS%RackSwitch G8052 | http://www-03.ibm.com/systems/networking/switches/rack/g8052/]]'),(12,1888,'yes','[[IBM%GPASS%RackSwitch G8264 | http://www-03.ibm.com/systems/networking/switches/rack/g8264/]]'),(12,909,'yes','[[Juniper%GPASS%E120 BSR | http://www.juniper.net/products_and_services/e_series_broadband_service/index.html]]'),(12,899,'yes','[[Juniper%GPASS%EX3200-24P | http://www.juniper.net/products_and_services/ex_series/index.html]]'),(12,900,'yes','[[Juniper%GPASS%EX3200-24T | http://www.juniper.net/products_and_services/ex_series/index.html]]'),(12,901,'yes','[[Juniper%GPASS%EX3200-48P | http://www.juniper.net/products_and_services/ex_series/index.html]]'),(12,902,'yes','[[Juniper%GPASS%EX3200-48T | http://www.juniper.net/products_and_services/ex_series/index.html]]'),(12,903,'yes','[[Juniper%GPASS%EX4200-24F | http://www.juniper.net/products_and_services/ex_series/index.html]]'),(12,904,'yes','[[Juniper%GPASS%EX4200-24P | http://www.juniper.net/products_and_services/ex_series/index.html]]'),(12,2148,'yes','[[Juniper%GPASS%EX4200-24PX | http://www.juniper.net/products_and_services/ex_series/index.html]]'),(12,905,'yes','[[Juniper%GPASS%EX4200-24T | http://www.juniper.net/products_and_services/ex_series/index.html]]'),(12,906,'yes','[[Juniper%GPASS%EX4200-48P | http://www.juniper.net/products_and_services/ex_series/index.html]]'),(12,2149,'yes','[[Juniper%GPASS%EX4200-48PX | http://www.juniper.net/products_and_services/ex_series/index.html]]'),(12,907,'yes','[[Juniper%GPASS%EX4200-48T | http://www.juniper.net/products_and_services/ex_series/index.html]]'),(12,908,'yes','[[Juniper%GPASS%EX8208 | http://www.juniper.net/products_and_services/ex_series/index.html]]'),(12,2058,'yes','[[TP-Link%GPASS%TL-SL5428E | http://www.tp-link.com/en/products/details/?model=TL-SL5428E]]'),(12,750,'yes','3Com%GPASS%3870 24-port'),(12,751,'yes','3Com%GPASS%3870 48-port'),(12,752,'yes','3Com%GPASS%4200 26-port'),(12,753,'yes','3Com%GPASS%4200 28-port'),(12,754,'yes','3Com%GPASS%4200 50-port'),(12,755,'yes','3Com%GPASS%4200G 12-port'),(12,756,'yes','3Com%GPASS%4200G 24-port'),(12,758,'yes','3Com%GPASS%4200G 48-port'),(12,757,'yes','3Com%GPASS%4200G PWR 24-port'),(12,759,'yes','3Com%GPASS%4210 26-port'),(12,761,'yes','3Com%GPASS%4210 26-port PWR'),(12,760,'yes','3Com%GPASS%4210 52-port'),(12,766,'yes','3Com%GPASS%4500 26-port'),(12,767,'yes','3Com%GPASS%4500 50-port'),(12,768,'yes','3Com%GPASS%4500 PWR 26-port'),(12,769,'yes','3Com%GPASS%4500 PWR 50-port'),(12,770,'yes','3Com%GPASS%4500G 24-port'),(12,771,'yes','3Com%GPASS%4500G 48-port'),(12,772,'yes','3Com%GPASS%4500G PWR 24-port'),(12,773,'yes','3Com%GPASS%4500G PWR 48-port'),(12,2092,'yes','3Com%GPASS%4510G 24-port'),(12,774,'yes','3Com%GPASS%5500-EI 28-port'),(12,778,'yes','3Com%GPASS%5500-EI 28-port FX'),(12,776,'yes','3Com%GPASS%5500-EI 28-port PWR'),(12,775,'yes','3Com%GPASS%5500-EI 52-port'),(12,777,'yes','3Com%GPASS%5500-EI 52-port PWR'),(12,779,'yes','3Com%GPASS%5500G-EI 24-port'),(12,783,'yes','3Com%GPASS%5500G-EI 24-port SFP'),(12,780,'yes','3Com%GPASS%5500G-EI 48-port'),(12,782,'yes','3Com%GPASS%5500G-EI 48-port PWR'),(12,781,'yes','3Com%GPASS%5500G-EI PWR 24-port'),(12,784,'yes','3Com%GPASS%7754'),(12,785,'yes','3Com%GPASS%7757'),(12,786,'yes','3Com%GPASS%7758'),(12,787,'yes','3Com%GPASS%8807'),(12,788,'yes','3Com%GPASS%8810'),(12,789,'yes','3Com%GPASS%8814'),(12,738,'yes','3Com%GPASS%Baseline 2016'),(12,739,'yes','3Com%GPASS%Baseline 2024'),(12,740,'yes','3Com%GPASS%Baseline 2126-G'),(12,743,'yes','3Com%GPASS%Baseline 2226 Plus'),(12,745,'yes','3Com%GPASS%Baseline 2250 Plus'),(12,744,'yes','3Com%GPASS%Baseline 2426-PWR Plus'),(12,741,'yes','3Com%GPASS%Baseline 2816'),(12,742,'yes','3Com%GPASS%Baseline 2824'),(12,746,'yes','3Com%GPASS%Baseline 2916-SFP Plus'),(12,748,'yes','3Com%GPASS%Baseline 2924-PWR Plus'),(12,747,'yes','3Com%GPASS%Baseline 2924-SFP Plus'),(12,749,'yes','3Com%GPASS%Baseline 2948-SFP Plus'),(12,763,'yes','3Com%GPASS%SS3 4400 24-port'),(12,762,'yes','3Com%GPASS%SS3 4400 48-port'),(12,764,'yes','3Com%GPASS%SS3 4400 PWR'),(12,765,'yes','3Com%GPASS%SS3 4400 SE 24-port'),(12,2095,'yes','Allied Telesis%GPASS%AT-GS950/24'),(12,1720,'yes','Allied Telesis%GPASS%AT9924T'),(12,2267,'yes','Arista%GPASS%7010T-48'),(12,1726,'yes','Arista%GPASS%7048T-A'),(12,1729,'yes','Arista%GPASS%7050Q-16'),(12,2056,'yes','Arista%GPASS%7050QX-32'),(12,2266,'yes','Arista%GPASS%7050QX-32S'),(12,2677,'yes','Arista%GPASS%7050QX2-32S'),(12,1731,'yes','Arista%GPASS%7050S-52'),(12,1730,'yes','Arista%GPASS%7050S-64'),(12,2057,'yes','Arista%GPASS%7050SX-128'),(12,2258,'yes','Arista%GPASS%7050SX-64'),(12,2259,'yes','Arista%GPASS%7050SX-72'),(12,2672,'yes','Arista%GPASS%7050SX-72Q'),(12,2260,'yes','Arista%GPASS%7050SX-96'),(12,2674,'yes','Arista%GPASS%7050SX2-128'),(12,2673,'yes','Arista%GPASS%7050SX2-72Q'),(12,2055,'yes','Arista%GPASS%7050T-36'),(12,1728,'yes','Arista%GPASS%7050T-52'),(12,1727,'yes','Arista%GPASS%7050T-64'),(12,2265,'yes','Arista%GPASS%7050TX-128'),(12,2261,'yes','Arista%GPASS%7050TX-48'),(12,2262,'yes','Arista%GPASS%7050TX-64'),(12,2263,'yes','Arista%GPASS%7050TX-72'),(12,2675,'yes','Arista%GPASS%7050TX-72Q'),(12,2264,'yes','Arista%GPASS%7050TX-96'),(12,2676,'yes','Arista%GPASS%7050TX2-128'),(12,2679,'yes','Arista%GPASS%7060CX-32S'),(12,2681,'yes','Arista%GPASS%7060CX-64'),(12,2678,'yes','Arista%GPASS%7060CX2-32S'),(12,2680,'yes','Arista%GPASS%7060QX-64'),(12,2054,'yes','Arista%GPASS%7100S'),(12,1725,'yes','Arista%GPASS%7124FX'),(12,1610,'yes','Arista%GPASS%7124S'),(12,1723,'yes','Arista%GPASS%7124SX'),(12,1722,'yes','Arista%GPASS%7148S'),(12,1724,'yes','Arista%GPASS%7148SX'),(12,2051,'yes','Arista%GPASS%7150S-24'),(12,2052,'yes','Arista%GPASS%7150S-52'),(12,2053,'yes','Arista%GPASS%7150S-64'),(12,2071,'yes','Arista%GPASS%7250QX-64'),(12,2682,'yes','Arista%GPASS%7280CR-48'),(12,2684,'yes','Arista%GPASS%7280QR-C36'),(12,2683,'yes','Arista%GPASS%7280QR-C72'),(12,2255,'yes','Arista%GPASS%7280SE-64'),(12,2256,'yes','Arista%GPASS%7280SE-68'),(12,2257,'yes','Arista%GPASS%7280SE-72'),(12,2685,'yes','Arista%GPASS%7280SR-48C6'),(12,2686,'yes','Arista%GPASS%7280TR-48C6'),(12,2068,'yes','Arista%GPASS%7304'),(12,2069,'yes','Arista%GPASS%7308'),(12,2070,'yes','Arista%GPASS%7316'),(12,2687,'yes','Arista%GPASS%7324X'),(12,2688,'yes','Arista%GPASS%7328X'),(12,2066,'yes','Arista%GPASS%7504'),(12,2689,'yes','Arista%GPASS%7504R'),(12,2067,'yes','Arista%GPASS%7508'),(12,2690,'yes','Arista%GPASS%7508R'),(12,2691,'yes','Arista%GPASS%7512R'),(12,1534,'yes','Cisco (blade)%GPASS%Catalyst 3130G'),(12,1535,'yes','Cisco (blade)%GPASS%Catalyst 3130X'),(12,2228,'yes','Cisco (blade)%GPASS%VS-S2T-10G'),(12,2229,'yes','Cisco (blade)%GPASS%VS-S2T-10G-XL'),(12,1555,'yes','Cisco (blade)%GPASS%WS-SUP32-10GE-3B'),(12,1554,'yes','Cisco (blade)%GPASS%WS-SUP32-GE-3B'),(12,1552,'yes','Cisco (blade)%GPASS%WS-SUP720-3B'),(12,1536,'yes','Cisco (blade)%GPASS%WS-X6148-GE-TX'),(12,1537,'yes','Cisco (blade)%GPASS%WS-X6148A-GE-45AF'),(12,1538,'yes','Cisco (blade)%GPASS%WS-X6148A-GE-TX'),(12,1539,'yes','Cisco (blade)%GPASS%WS-X6408A-GBIC'),(12,1540,'yes','Cisco (blade)%GPASS%WS-X6416-GBIC'),(12,1541,'yes','Cisco (blade)%GPASS%WS-X6516A-GBIC'),(12,1543,'yes','Cisco (blade)%GPASS%WS-X6548-GE-45AF'),(12,1542,'yes','Cisco (blade)%GPASS%WS-X6548-GE-TX'),(12,1544,'yes','Cisco (blade)%GPASS%WS-X6704-10GE'),(12,1545,'yes','Cisco (blade)%GPASS%WS-X6708-10G-3C'),(12,1546,'yes','Cisco (blade)%GPASS%WS-X6708-10G-3CXL'),(12,1547,'yes','Cisco (blade)%GPASS%WS-X6716-10GT-3C'),(12,1548,'yes','Cisco (blade)%GPASS%WS-X6716-10GT-3CXL'),(12,1549,'yes','Cisco (blade)%GPASS%WS-X6724-SFP'),(12,1550,'yes','Cisco (blade)%GPASS%WS-X6748-GE-TX'),(12,1551,'yes','Cisco (blade)%GPASS%WS-X6748-SFP'),(12,2232,'yes','Cisco (blade)%GPASS%WS-X6904-40G-2T'),(12,2233,'yes','Cisco (blade)%GPASS%WS-X6904-40G-2TXL'),(12,2230,'yes','Cisco (blade)%GPASS%WS-X6908-10G-2T'),(12,2231,'yes','Cisco (blade)%GPASS%WS-X6908-10G-2TXL'),(12,1553,'yes','Cisco (blade)%GPASS%WS-XSUP720-3BXL'),(12,50014,'no','Cisco Nexus 2348UPQ'),(12,2094,'yes','Cisco%GPASS%Catalyst 1924'),(12,1348,'yes','Cisco%GPASS%Catalyst 2350-48TD'),(12,1606,'yes','Cisco%GPASS%Catalyst 2360-48TD'),(12,126,'yes','Cisco%GPASS%Catalyst 2912XL'),(12,1719,'yes','Cisco%GPASS%Catalyst 2924M-XL'),(12,124,'yes','Cisco%GPASS%Catalyst 2924XL'),(12,1796,'yes','Cisco%GPASS%Catalyst 2948G-L3'),(12,380,'yes','Cisco%GPASS%Catalyst 2950-24'),(12,382,'yes','Cisco%GPASS%Catalyst 2950C-24'),(12,388,'yes','Cisco%GPASS%Catalyst 2950G-12'),(12,389,'yes','Cisco%GPASS%Catalyst 2950G-24'),(12,390,'yes','Cisco%GPASS%Catalyst 2950G-48'),(12,384,'yes','Cisco%GPASS%Catalyst 2950SX-48'),(12,386,'yes','Cisco%GPASS%Catalyst 2950T-24'),(12,387,'yes','Cisco%GPASS%Catalyst 2950T-48'),(12,379,'yes','Cisco%GPASS%Catalyst 2960-24-S'),(12,1898,'yes','Cisco%GPASS%Catalyst 2960-24LC-S'),(12,1895,'yes','Cisco%GPASS%Catalyst 2960-24LT-L'),(12,1347,'yes','Cisco%GPASS%Catalyst 2960-24PC-L'),(12,1897,'yes','Cisco%GPASS%Catalyst 2960-24PC-S'),(12,1710,'yes','Cisco%GPASS%Catalyst 2960-24TC-L'),(12,1894,'yes','Cisco%GPASS%Catalyst 2960-24TC-S'),(12,164,'yes','Cisco%GPASS%Catalyst 2960-24TT-L'),(12,1370,'yes','Cisco%GPASS%Catalyst 2960-48PST-L'),(12,1896,'yes','Cisco%GPASS%Catalyst 2960-48PST-S'),(12,1590,'yes','Cisco%GPASS%Catalyst 2960-48TC-L'),(12,140,'yes','Cisco%GPASS%Catalyst 2960-48TC-S'),(12,1572,'yes','Cisco%GPASS%Catalyst 2960-48TT-L'),(12,1573,'yes','Cisco%GPASS%Catalyst 2960-48TT-S'),(12,165,'yes','Cisco%GPASS%Catalyst 2960-8TC-L'),(12,1899,'yes','Cisco%GPASS%Catalyst 2960-8TC-S'),(12,2135,'yes','Cisco%GPASS%Catalyst 2960-Plus 24LC-L'),(12,2140,'yes','Cisco%GPASS%Catalyst 2960-Plus 24LC-S'),(12,2134,'yes','Cisco%GPASS%Catalyst 2960-Plus 24PC-L'),(12,2139,'yes','Cisco%GPASS%Catalyst 2960-Plus 24PC-S'),(12,2137,'yes','Cisco%GPASS%Catalyst 2960-Plus 24TC-L'),(12,2141,'yes','Cisco%GPASS%Catalyst 2960-Plus 24TC-S'),(12,2133,'yes','Cisco%GPASS%Catalyst 2960-Plus 48PST-L'),(12,2138,'yes','Cisco%GPASS%Catalyst 2960-Plus 48PST-S'),(12,2136,'yes','Cisco%GPASS%Catalyst 2960-Plus 48TC-L'),(12,2219,'yes','Cisco%GPASS%Catalyst 2960-Plus 48TC-S'),(12,167,'yes','Cisco%GPASS%Catalyst 2960G-24TC-L'),(12,166,'yes','Cisco%GPASS%Catalyst 2960G-48TC-L'),(12,168,'yes','Cisco%GPASS%Catalyst 2960G-8TC-L'),(12,1900,'yes','Cisco%GPASS%Catalyst 2960PD-8TT-L'),(12,1387,'yes','Cisco%GPASS%Catalyst 2960S-24PD-L'),(12,1394,'yes','Cisco%GPASS%Catalyst 2960S-24PS-L'),(12,1384,'yes','Cisco%GPASS%Catalyst 2960S-24TD-L'),(12,1389,'yes','Cisco%GPASS%Catalyst 2960S-24TS-L'),(12,1391,'yes','Cisco%GPASS%Catalyst 2960S-24TS-S'),(12,1385,'yes','Cisco%GPASS%Catalyst 2960S-48FPD-L'),(12,1392,'yes','Cisco%GPASS%Catalyst 2960S-48FPS-L'),(12,1386,'yes','Cisco%GPASS%Catalyst 2960S-48LPD-L'),(12,1393,'yes','Cisco%GPASS%Catalyst 2960S-48LPS-L'),(12,1383,'yes','Cisco%GPASS%Catalyst 2960S-48TD-L'),(12,1388,'yes','Cisco%GPASS%Catalyst 2960S-48TS-L'),(12,1390,'yes','Cisco%GPASS%Catalyst 2960S-48TS-S'),(12,1904,'yes','Cisco%GPASS%Catalyst 2960S-F24PS-L'),(12,1906,'yes','Cisco%GPASS%Catalyst 2960S-F24TS-L'),(12,1908,'yes','Cisco%GPASS%Catalyst 2960S-F24TS-S'),(12,1902,'yes','Cisco%GPASS%Catalyst 2960S-F48FPS-L'),(12,1903,'yes','Cisco%GPASS%Catalyst 2960S-F48LPS-L'),(12,1905,'yes','Cisco%GPASS%Catalyst 2960S-F48TS-L'),(12,1907,'yes','Cisco%GPASS%Catalyst 2960S-F48TS-S'),(12,2112,'yes','Cisco%GPASS%Catalyst 2960X-24PD-L'),(12,2117,'yes','Cisco%GPASS%Catalyst 2960X-24PS-L'),(12,2118,'yes','Cisco%GPASS%Catalyst 2960X-24PSQ-L'),(12,2114,'yes','Cisco%GPASS%Catalyst 2960X-24TD-L'),(12,2120,'yes','Cisco%GPASS%Catalyst 2960X-24TS-L'),(12,2122,'yes','Cisco%GPASS%Catalyst 2960X-24TS-LL'),(12,2110,'yes','Cisco%GPASS%Catalyst 2960X-48FPD-L'),(12,2115,'yes','Cisco%GPASS%Catalyst 2960X-48FPS-L'),(12,2111,'yes','Cisco%GPASS%Catalyst 2960X-48LPD-L'),(12,2116,'yes','Cisco%GPASS%Catalyst 2960X-48LPS-L'),(12,2113,'yes','Cisco%GPASS%Catalyst 2960X-48TD-L'),(12,2119,'yes','Cisco%GPASS%Catalyst 2960X-48TS-L'),(12,2121,'yes','Cisco%GPASS%Catalyst 2960X-48TS-LL'),(12,2125,'yes','Cisco%GPASS%Catalyst 2960XR-24PD-I'),(12,2130,'yes','Cisco%GPASS%Catalyst 2960XR-24PS-I'),(12,2127,'yes','Cisco%GPASS%Catalyst 2960XR-24TD-I'),(12,2132,'yes','Cisco%GPASS%Catalyst 2960XR-24TS-I'),(12,2123,'yes','Cisco%GPASS%Catalyst 2960XR-48FPD-I'),(12,2128,'yes','Cisco%GPASS%Catalyst 2960XR-48FPS-I'),(12,2124,'yes','Cisco%GPASS%Catalyst 2960XR-48LPD-I'),(12,2129,'yes','Cisco%GPASS%Catalyst 2960XR-48LPS-I'),(12,2126,'yes','Cisco%GPASS%Catalyst 2960XR-48TD-I'),(12,2131,'yes','Cisco%GPASS%Catalyst 2960XR-48TS-I'),(12,210,'yes','Cisco%GPASS%Catalyst 2970G-24T'),(12,211,'yes','Cisco%GPASS%Catalyst 2970G-24TS'),(12,391,'yes','Cisco%GPASS%Catalyst 3508G XL'),(12,392,'yes','Cisco%GPASS%Catalyst 3512 XL'),(12,394,'yes','Cisco%GPASS%Catalyst 3524 PWR XL'),(12,395,'yes','Cisco%GPASS%Catalyst 3548 XL'),(12,399,'yes','Cisco%GPASS%Catalyst 3550-12G'),(12,398,'yes','Cisco%GPASS%Catalyst 3550-12T'),(12,400,'yes','Cisco%GPASS%Catalyst 3550-24'),(12,402,'yes','Cisco%GPASS%Catalyst 3550-24 DC'),(12,401,'yes','Cisco%GPASS%Catalyst 3550-24 FX'),(12,403,'yes','Cisco%GPASS%Catalyst 3550-24 PWR'),(12,404,'yes','Cisco%GPASS%Catalyst 3550-48'),(12,171,'yes','Cisco%GPASS%Catalyst 3560-24PS'),(12,169,'yes','Cisco%GPASS%Catalyst 3560-24TS'),(12,172,'yes','Cisco%GPASS%Catalyst 3560-48PS'),(12,170,'yes','Cisco%GPASS%Catalyst 3560-48TS'),(12,141,'yes','Cisco%GPASS%Catalyst 3560-E'),(12,2059,'yes','Cisco%GPASS%Catalyst 3560CG-8PC-S'),(12,1607,'yes','Cisco%GPASS%Catalyst 3560E-12D'),(12,1721,'yes','Cisco%GPASS%Catalyst 3560E-12SD'),(12,1575,'yes','Cisco%GPASS%Catalyst 3560E-24TD'),(12,1574,'yes','Cisco%GPASS%Catalyst 3560E-48TD'),(12,175,'yes','Cisco%GPASS%Catalyst 3560G-24PS'),(12,173,'yes','Cisco%GPASS%Catalyst 3560G-24TS'),(12,176,'yes','Cisco%GPASS%Catalyst 3560G-48PS'),(12,174,'yes','Cisco%GPASS%Catalyst 3560G-48TS'),(12,1806,'yes','Cisco%GPASS%Catalyst 3560V2-24PS'),(12,1804,'yes','Cisco%GPASS%Catalyst 3560V2-24TS'),(12,1808,'yes','Cisco%GPASS%Catalyst 3560V2-24TS-SD'),(12,1807,'yes','Cisco%GPASS%Catalyst 3560V2-48PS'),(12,1805,'yes','Cisco%GPASS%Catalyst 3560V2-48TS'),(12,1578,'yes','Cisco%GPASS%Catalyst 3560X-24P'),(12,1576,'yes','Cisco%GPASS%Catalyst 3560X-24T'),(12,1579,'yes','Cisco%GPASS%Catalyst 3560X-48P'),(12,1580,'yes','Cisco%GPASS%Catalyst 3560X-48PF'),(12,1577,'yes','Cisco%GPASS%Catalyst 3560X-48T'),(12,2647,'yes','Cisco%GPASS%Catalyst 3650-12x48UQ'),(12,2648,'yes','Cisco%GPASS%Catalyst 3650-12X48UR'),(12,2649,'yes','Cisco%GPASS%Catalyst 3650-12X48UZ'),(12,2638,'yes','Cisco%GPASS%Catalyst 3650-24PD'),(12,2639,'yes','Cisco%GPASS%Catalyst 3650-24PDM'),(12,2633,'yes','Cisco%GPASS%Catalyst 3650-24PS'),(12,2636,'yes','Cisco%GPASS%Catalyst 3650-24TD'),(12,2631,'yes','Cisco%GPASS%Catalyst 3650-24TS'),(12,2641,'yes','Cisco%GPASS%Catalyst 3650-48FD'),(12,2644,'yes','Cisco%GPASS%Catalyst 3650-48FQ'),(12,2645,'yes','Cisco%GPASS%Catalyst 3650-48FQM'),(12,2635,'yes','Cisco%GPASS%Catalyst 3650-48FS'),(12,2640,'yes','Cisco%GPASS%Catalyst 3650-48PD'),(12,2643,'yes','Cisco%GPASS%Catalyst 3650-48PQ'),(12,2634,'yes','Cisco%GPASS%Catalyst 3650-48PS'),(12,2637,'yes','Cisco%GPASS%Catalyst 3650-48TD'),(12,2642,'yes','Cisco%GPASS%Catalyst 3650-48TQ'),(12,2632,'yes','Cisco%GPASS%Catalyst 3650-48TS'),(12,2646,'yes','Cisco%GPASS%Catalyst 3650-8X24UQ'),(12,180,'yes','Cisco%GPASS%Catalyst 3750-24FS'),(12,178,'yes','Cisco%GPASS%Catalyst 3750-24PS'),(12,376,'yes','Cisco%GPASS%Catalyst 3750-24TE-M'),(12,143,'yes','Cisco%GPASS%Catalyst 3750-24TS'),(12,179,'yes','Cisco%GPASS%Catalyst 3750-48PS'),(12,177,'yes','Cisco%GPASS%Catalyst 3750-48TS'),(12,144,'yes','Cisco%GPASS%Catalyst 3750-E'),(12,188,'yes','Cisco%GPASS%Catalyst 3750G-12S'),(12,187,'yes','Cisco%GPASS%Catalyst 3750G-16TD'),(12,185,'yes','Cisco%GPASS%Catalyst 3750G-24PS'),(12,181,'yes','Cisco%GPASS%Catalyst 3750G-24T'),(12,182,'yes','Cisco%GPASS%Catalyst 3750G-24TS'),(12,183,'yes','Cisco%GPASS%Catalyst 3750G-24TS-1U'),(12,189,'yes','Cisco%GPASS%Catalyst 3750G-24WS'),(12,186,'yes','Cisco%GPASS%Catalyst 3750G-48PS'),(12,184,'yes','Cisco%GPASS%Catalyst 3750G-48TS'),(12,1586,'yes','Cisco%GPASS%Catalyst 3750X-12S'),(12,1583,'yes','Cisco%GPASS%Catalyst 3750X-24P'),(12,1587,'yes','Cisco%GPASS%Catalyst 3750X-24S'),(12,1581,'yes','Cisco%GPASS%Catalyst 3750X-24T'),(12,1584,'yes','Cisco%GPASS%Catalyst 3750X-48P'),(12,1585,'yes','Cisco%GPASS%Catalyst 3750X-48PF'),(12,1582,'yes','Cisco%GPASS%Catalyst 3750X-48T'),(12,2657,'yes','Cisco%GPASS%Catalyst 3850-12S'),(12,2656,'yes','Cisco%GPASS%Catalyst 3850-12X48U'),(12,2659,'yes','Cisco%GPASS%Catalyst 3850-12XS'),(12,2650,'yes','Cisco%GPASS%Catalyst 3850-24P'),(12,2658,'yes','Cisco%GPASS%Catalyst 3850-24S'),(12,2189,'yes','Cisco%GPASS%Catalyst 3850-24T'),(12,2653,'yes','Cisco%GPASS%Catalyst 3850-24U'),(12,2660,'yes','Cisco%GPASS%Catalyst 3850-24XS'),(12,2655,'yes','Cisco%GPASS%Catalyst 3850-24XU'),(12,2652,'yes','Cisco%GPASS%Catalyst 3850-48F'),(12,2651,'yes','Cisco%GPASS%Catalyst 3850-48P'),(12,2190,'yes','Cisco%GPASS%Catalyst 3850-48T'),(12,2654,'yes','Cisco%GPASS%Catalyst 3850-48U'),(12,2661,'yes','Cisco%GPASS%Catalyst 3850-48XS'),(12,145,'yes','Cisco%GPASS%Catalyst 4503'),(12,372,'yes','Cisco%GPASS%Catalyst 4503-E'),(12,373,'yes','Cisco%GPASS%Catalyst 4506-E'),(12,374,'yes','Cisco%GPASS%Catalyst 4507R-E'),(12,375,'yes','Cisco%GPASS%Catalyst 4510R-E'),(12,2662,'yes','Cisco%GPASS%Catalyst 4510R+E'),(12,146,'yes','Cisco%GPASS%Catalyst 6513'),(12,1056,'yes','Cisco%GPASS%Catalyst CBS3030-DEL'),(12,142,'yes','Cisco%GPASS%Catalyst Express 500-24LC'),(12,159,'yes','Cisco%GPASS%Catalyst Express 500-24PC'),(12,160,'yes','Cisco%GPASS%Catalyst Express 500-24TT'),(12,161,'yes','Cisco%GPASS%Catalyst Express 500G-12TC'),(12,381,'yes','Cisco%GPASS%Catalyst WS-C2950-12'),(12,383,'yes','Cisco%GPASS%Catalyst WS-C2950G-24-DC'),(12,385,'yes','Cisco%GPASS%Catalyst WS-C2950SX-24'),(12,393,'yes','Cisco%GPASS%Catalyst WS-C3524-XL'),(12,139,'yes','Cisco%GPASS%Catalyst WS-C3560-8PC'),(12,2211,'yes','Cisco%GPASS%CGS-2520-24TC'),(12,396,'yes','Cisco%GPASS%ME 2400-24TS-A'),(12,397,'yes','Cisco%GPASS%ME 2400-24TS-D'),(12,410,'yes','Cisco%GPASS%ME 3400-24FS-A'),(12,408,'yes','Cisco%GPASS%ME 3400-24TS-A'),(12,409,'yes','Cisco%GPASS%ME 3400-24TS-D'),(12,405,'yes','Cisco%GPASS%ME 3400G-12CS-A'),(12,406,'yes','Cisco%GPASS%ME 3400G-12CS-D'),(12,407,'yes','Cisco%GPASS%ME 3400G-2CS-A'),(12,2664,'yes','Cisco%GPASS%ME 3600X-24FS-M'),(12,2663,'yes','Cisco%GPASS%ME 3600X-24TS-M'),(12,378,'yes','Cisco%GPASS%ME 4924-10GE'),(12,370,'yes','Cisco%GPASS%ME 6524GS-8S'),(12,371,'yes','Cisco%GPASS%ME 6524GT-8S'),(12,2030,'yes','Cisco%GPASS%ME-3400EG-2CS-A'),(12,2433,'yes','Cisco%GPASS%Nexus 93120TX'),(12,2434,'yes','Cisco%GPASS%Nexus 93128TX'),(12,3650,'yes','Cisco%GPASS%Nexus 93180YC-EX'),(12,2426,'yes','Cisco%GPASS%Nexus 9332PQ'),(12,2427,'yes','Cisco%GPASS%Nexus 9372PX'),(12,2428,'yes','Cisco%GPASS%Nexus 9372PX-E'),(12,2429,'yes','Cisco%GPASS%Nexus 9372TX'),(12,2430,'yes','Cisco%GPASS%Nexus 9372TX-E'),(12,2431,'yes','Cisco%GPASS%Nexus 9396PX'),(12,2432,'yes','Cisco%GPASS%Nexus 9396TX'),(12,2345,'yes','Cisco%GPASS%SF200-24'),(12,2347,'yes','Cisco%GPASS%SF200-24FP'),(12,2346,'yes','Cisco%GPASS%SF200-24P'),(12,2348,'yes','Cisco%GPASS%SF200-48'),(12,2349,'yes','Cisco%GPASS%SF200-48P'),(12,2357,'yes','Cisco%GPASS%SF220-24'),(12,2356,'yes','Cisco%GPASS%SF220-24P'),(12,2355,'yes','Cisco%GPASS%SF220-48'),(12,2354,'yes','Cisco%GPASS%SF220-48P'),(12,2365,'yes','Cisco%GPASS%SF300-08'),(12,2373,'yes','Cisco%GPASS%SF300-24'),(12,2375,'yes','Cisco%GPASS%SF300-24MP'),(12,1784,'yes','Cisco%GPASS%SF300-24P'),(12,2362,'yes','Cisco%GPASS%SF300-24PP'),(12,1612,'yes','Cisco%GPASS%SF300-48'),(12,2366,'yes','Cisco%GPASS%SF300-48P'),(12,2363,'yes','Cisco%GPASS%SF300-48PP'),(12,2374,'yes','Cisco%GPASS%SF302-08'),(12,2091,'yes','Cisco%GPASS%SF302-08MP'),(12,2359,'yes','Cisco%GPASS%SF302-08MPP'),(12,2372,'yes','Cisco%GPASS%SF302-08P'),(12,2358,'yes','Cisco%GPASS%SF302-08PP'),(12,2407,'yes','Cisco%GPASS%SF500-24'),(12,2409,'yes','Cisco%GPASS%SF500-24MP'),(12,2408,'yes','Cisco%GPASS%SF500-24P'),(12,2410,'yes','Cisco%GPASS%SF500-48'),(12,2412,'yes','Cisco%GPASS%SF500-48MP'),(12,2411,'yes','Cisco%GPASS%SF500-48P'),(12,2343,'yes','Cisco%GPASS%SG200-08'),(12,2344,'yes','Cisco%GPASS%SG200-08P'),(12,2342,'yes','Cisco%GPASS%SG200-10FP'),(12,2341,'yes','Cisco%GPASS%SG200-18'),(12,2338,'yes','Cisco%GPASS%SG200-26'),(12,2340,'yes','Cisco%GPASS%SG200-26FP'),(12,2339,'yes','Cisco%GPASS%SG200-26P'),(12,2335,'yes','Cisco%GPASS%SG200-50'),(12,2337,'yes','Cisco%GPASS%SG200-50FP'),(12,2336,'yes','Cisco%GPASS%SG200-50P'),(12,2353,'yes','Cisco%GPASS%SG220-26'),(12,2352,'yes','Cisco%GPASS%SG220-26P'),(12,2351,'yes','Cisco%GPASS%SG220-50'),(12,2350,'yes','Cisco%GPASS%SG220-50P'),(12,1785,'yes','Cisco%GPASS%SG300-10'),(12,2367,'yes','Cisco%GPASS%SG300-10MP'),(12,2361,'yes','Cisco%GPASS%SG300-10MPP'),(12,2368,'yes','Cisco%GPASS%SG300-10P'),(12,2360,'yes','Cisco%GPASS%SG300-10PP'),(12,2376,'yes','Cisco%GPASS%SG300-10SFP'),(12,2371,'yes','Cisco%GPASS%SG300-20'),(12,2370,'yes','Cisco%GPASS%SG300-28'),(12,2377,'yes','Cisco%GPASS%SG300-28MP'),(12,2369,'yes','Cisco%GPASS%SG300-28P'),(12,2364,'yes','Cisco%GPASS%SG300-28PP'),(12,1783,'yes','Cisco%GPASS%SG300-52'),(12,2379,'yes','Cisco%GPASS%SG300-52MP'),(12,2378,'yes','Cisco%GPASS%SG300-52P'),(12,2413,'yes','Cisco%GPASS%SG500-28'),(12,2415,'yes','Cisco%GPASS%SG500-28MPP'),(12,2414,'yes','Cisco%GPASS%SG500-28P'),(12,2416,'yes','Cisco%GPASS%SG500-52'),(12,2418,'yes','Cisco%GPASS%SG500-52MP'),(12,2417,'yes','Cisco%GPASS%SG500-52P'),(12,2419,'yes','Cisco%GPASS%SG500X-24'),(12,2421,'yes','Cisco%GPASS%SG500X-24MPP'),(12,2420,'yes','Cisco%GPASS%SG500X-24P'),(12,2422,'yes','Cisco%GPASS%SG500X-48'),(12,2424,'yes','Cisco%GPASS%SG500X-48MP'),(12,2423,'yes','Cisco%GPASS%SG500X-48P'),(12,2425,'yes','Cisco%GPASS%SG500XG-8F8T'),(12,1755,'yes','Cisco%GPASS%UCS 6120 Fabric Interconnect'),(12,1756,'yes','Cisco%GPASS%UCS 6140 Fabric Interconnect'),(12,1757,'yes','Cisco%GPASS%UCS 6248 Fabric Interconnect'),(12,1758,'yes','Cisco%GPASS%UCS 6296 Fabric Interconnect'),(12,2577,'yes','Cisco%GPASS%UCS 6332 Fabric Interconnect'),(12,2578,'yes','Cisco%GPASS%UCS 6332-16UP Fabric Interconnect'),(12,2576,'yes','Cisco%GPASS%UCS-Mini 6324 Fabric Interconnect'),(12,1797,'yes','D-Link%GPASS%DGS-1210-10P'),(12,1798,'yes','D-Link%GPASS%DGS-1210-16'),(12,1799,'yes','D-Link%GPASS%DGS-1210-24'),(12,1800,'yes','D-Link%GPASS%DGS-1210-48'),(12,1531,'yes','Dell PowerConnect (blade)%GPASS%5316M'),(12,1532,'yes','Dell PowerConnect (blade)%GPASS%M6220'),(12,1699,'yes','Dell PowerConnect (blade)%GPASS%M6348'),(12,1533,'yes','Dell PowerConnect (blade)%GPASS%M8024'),(12,1700,'yes','Dell PowerConnect (blade)%GPASS%M8428'),(12,338,'yes','Dell PowerConnect%GPASS%2216'),(12,339,'yes','Dell PowerConnect%GPASS%2224'),(12,340,'yes','Dell PowerConnect%GPASS%2324'),(12,341,'yes','Dell PowerConnect%GPASS%2708'),(12,342,'yes','Dell PowerConnect%GPASS%2716'),(12,343,'yes','Dell PowerConnect%GPASS%2724'),(12,344,'yes','Dell PowerConnect%GPASS%2748'),(12,1061,'yes','Dell PowerConnect%GPASS%2808'),(12,1062,'yes','Dell PowerConnect%GPASS%2816'),(12,1063,'yes','Dell PowerConnect%GPASS%2824'),(12,1064,'yes','Dell PowerConnect%GPASS%2848'),(12,1611,'yes','Dell PowerConnect%GPASS%3348'),(12,345,'yes','Dell PowerConnect%GPASS%3424'),(12,346,'yes','Dell PowerConnect%GPASS%3424P'),(12,347,'yes','Dell PowerConnect%GPASS%3448'),(12,348,'yes','Dell PowerConnect%GPASS%3448P'),(12,1065,'yes','Dell PowerConnect%GPASS%3524'),(12,1066,'yes','Dell PowerConnect%GPASS%3524P'),(12,1067,'yes','Dell PowerConnect%GPASS%3548'),(12,1068,'yes','Dell PowerConnect%GPASS%3548P'),(12,1622,'yes','Dell PowerConnect%GPASS%5224'),(12,349,'yes','Dell PowerConnect%GPASS%5324'),(12,1069,'yes','Dell PowerConnect%GPASS%5424'),(12,1070,'yes','Dell PowerConnect%GPASS%5448'),(12,1791,'yes','Dell PowerConnect%GPASS%5524'),(12,1792,'yes','Dell PowerConnect%GPASS%5548'),(12,1623,'yes','Dell PowerConnect%GPASS%6024F'),(12,350,'yes','Dell PowerConnect%GPASS%6224'),(12,352,'yes','Dell PowerConnect%GPASS%6224F'),(12,351,'yes','Dell PowerConnect%GPASS%6224P'),(12,353,'yes','Dell PowerConnect%GPASS%6248'),(12,354,'yes','Dell PowerConnect%GPASS%6248P'),(12,1702,'yes','Dell PowerConnect%GPASS%8024'),(12,1703,'yes','Dell PowerConnect%GPASS%8024F'),(12,2097,'yes','Dell PowerConnect%GPASS%8132'),(12,2098,'yes','Dell PowerConnect%GPASS%8132F'),(12,2099,'yes','Dell PowerConnect%GPASS%8164'),(12,2100,'yes','Dell PowerConnect%GPASS%8164F'),(12,2165,'yes','Dell%GPASS%N2024'),(12,2166,'yes','Dell%GPASS%N2024P'),(12,2167,'yes','Dell%GPASS%N2048'),(12,2168,'yes','Dell%GPASS%N2048P'),(12,2160,'yes','Dell%GPASS%N3024'),(12,2161,'yes','Dell%GPASS%N3024F'),(12,2162,'yes','Dell%GPASS%N3024P'),(12,2163,'yes','Dell%GPASS%N3048'),(12,2164,'yes','Dell%GPASS%N3048P'),(12,2156,'yes','Dell%GPASS%N4032'),(12,2157,'yes','Dell%GPASS%N4032F'),(12,2158,'yes','Dell%GPASS%N4064'),(12,2159,'yes','Dell%GPASS%N4064F'),(12,2291,'yes','Dell%GPASS%S5000'),(12,2292,'yes','Dell%GPASS%S6000'),(12,2154,'yes','Dell%GPASS%Z9000'),(12,2155,'yes','Dell%GPASS%Z9500'),(12,2218,'yes','Edge-Core%GPASS%AS4600-54T'),(12,2217,'yes','Edge-Core%GPASS%AS5600-52X'),(12,2216,'yes','Edge-Core%GPASS%AS5610-52X'),(12,2214,'yes','Edge-Core%GPASS%AS6700-32X'),(12,2215,'yes','Edge-Core%GPASS%AS6701-32X'),(12,2005,'yes','Enterasys%GPASS%08G20G2-08'),(12,2006,'yes','Enterasys%GPASS%08G20G2-08P'),(12,2007,'yes','Enterasys%GPASS%08G20G4-24'),(12,2008,'yes','Enterasys%GPASS%08G20G4-24P'),(12,2009,'yes','Enterasys%GPASS%08G20G4-48'),(12,2010,'yes','Enterasys%GPASS%08G20G4-48P'),(12,2011,'yes','Enterasys%GPASS%08H20G4-24'),(12,2012,'yes','Enterasys%GPASS%08H20G4-24P'),(12,2013,'yes','Enterasys%GPASS%08H20G4-48'),(12,2014,'yes','Enterasys%GPASS%08H20G4-48P'),(12,2001,'yes','Enterasys%GPASS%7124-24'),(12,2002,'yes','Enterasys%GPASS%7124-24T'),(12,2003,'yes','Enterasys%GPASS%7124-48'),(12,2004,'yes','Enterasys%GPASS%7124-48T'),(12,1978,'yes','Enterasys%GPASS%A4H124-24'),(12,1980,'yes','Enterasys%GPASS%A4H124-24FX'),(12,1979,'yes','Enterasys%GPASS%A4H124-24P'),(12,1981,'yes','Enterasys%GPASS%A4H124-48'),(12,1982,'yes','Enterasys%GPASS%A4H124-48P'),(12,1983,'yes','Enterasys%GPASS%A4H254-8F8T'),(12,1984,'yes','Enterasys%GPASS%B5G124-24'),(12,1985,'yes','Enterasys%GPASS%B5G124-24P2'),(12,1986,'yes','Enterasys%GPASS%B5G124-48'),(12,1987,'yes','Enterasys%GPASS%B5G124-48P2'),(12,1988,'yes','Enterasys%GPASS%B5K125-24'),(12,1989,'yes','Enterasys%GPASS%B5K125-24P2'),(12,1990,'yes','Enterasys%GPASS%B5K125-48'),(12,1991,'yes','Enterasys%GPASS%B5K125-48P2'),(12,1992,'yes','Enterasys%GPASS%C5G124-24'),(12,1993,'yes','Enterasys%GPASS%C5G124-24P2'),(12,1994,'yes','Enterasys%GPASS%C5G124-48'),(12,1995,'yes','Enterasys%GPASS%C5G124-48P2'),(12,1996,'yes','Enterasys%GPASS%C5K125-24'),(12,1997,'yes','Enterasys%GPASS%C5K125-24P2'),(12,1998,'yes','Enterasys%GPASS%C5K125-48'),(12,1999,'yes','Enterasys%GPASS%C5K125-48P2'),(12,2000,'yes','Enterasys%GPASS%C5K175-24'),(12,2015,'yes','Enterasys%GPASS%D2G124-12'),(12,2016,'yes','Enterasys%GPASS%D2G124-12P'),(12,2017,'yes','Enterasys%GPASS%G3G124-24'),(12,2018,'yes','Enterasys%GPASS%G3G124-24P'),(12,2019,'yes','Enterasys%GPASS%G3G170-24'),(12,1970,'yes','Enterasys%GPASS%SSA130'),(12,1971,'yes','Enterasys%GPASS%SSA150'),(12,1972,'yes','Enterasys%GPASS%SSA180'),(12,2294,'yes','Extreme Networks%GPASS%Summit X430-24p'),(12,2295,'yes','Extreme Networks%GPASS%Summit X430-24t'),(12,2296,'yes','Extreme Networks%GPASS%Summit X430-48t'),(12,2293,'yes','Extreme Networks%GPASS%Summit X430-8p'),(12,2301,'yes','Extreme Networks%GPASS%Summit X440-24p'),(12,2307,'yes','Extreme Networks%GPASS%Summit X440-24p-10G'),(12,2299,'yes','Extreme Networks%GPASS%Summit X440-24t'),(12,2306,'yes','Extreme Networks%GPASS%Summit X440-24t-10G'),(12,2300,'yes','Extreme Networks%GPASS%Summit X440-24tDC'),(12,2302,'yes','Extreme Networks%GPASS%Summit X440-24x'),(12,2308,'yes','Extreme Networks%GPASS%Summit X440-24x-10G'),(12,2305,'yes','Extreme Networks%GPASS%Summit X440-48p'),(12,2303,'yes','Extreme Networks%GPASS%Summit X440-48t'),(12,2304,'yes','Extreme Networks%GPASS%Summit X440-48tDC'),(12,2298,'yes','Extreme Networks%GPASS%Summit X440-8p'),(12,2297,'yes','Extreme Networks%GPASS%Summit X440-8t'),(12,2313,'yes','Extreme Networks%GPASS%Summit X460-24p'),(12,2309,'yes','Extreme Networks%GPASS%Summit X460-24t'),(12,2311,'yes','Extreme Networks%GPASS%Summit X460-24x'),(12,2314,'yes','Extreme Networks%GPASS%Summit X460-48p'),(12,2310,'yes','Extreme Networks%GPASS%Summit X460-48t'),(12,2312,'yes','Extreme Networks%GPASS%Summit X460-48x'),(12,2319,'yes','Extreme Networks%GPASS%Summit X460-G2-24p-10GE4'),(12,2323,'yes','Extreme Networks%GPASS%Summit X460-G2-24p-GE4'),(12,2315,'yes','Extreme Networks%GPASS%Summit X460-G2-24t-10GE4'),(12,2321,'yes','Extreme Networks%GPASS%Summit X460-G2-24t-GE4'),(12,2317,'yes','Extreme Networks%GPASS%Summit X460-G2-24x-10GE4'),(12,2320,'yes','Extreme Networks%GPASS%Summit X460-G2-48p-10GE4'),(12,2324,'yes','Extreme Networks%GPASS%Summit X460-G2-48p-GE4'),(12,2316,'yes','Extreme Networks%GPASS%Summit X460-G2-48t-10GE4'),(12,2322,'yes','Extreme Networks%GPASS%Summit X460-G2-48t-GE4'),(12,2318,'yes','Extreme Networks%GPASS%Summit X460-G2-48x-10GE4'),(12,1801,'yes','Extreme Networks%GPASS%Summit X670-48x'),(12,2325,'yes','Extreme Networks%GPASS%Summit X670-G2-48x-4q'),(12,2326,'yes','Extreme Networks%GPASS%Summit X670-G2-72x'),(12,1803,'yes','Extreme Networks%GPASS%Summit X670V-48t'),(12,1802,'yes','Extreme Networks%GPASS%Summit X670V-48x'),(12,2065,'yes','Extreme Networks%GPASS%Summit X770'),(12,2035,'yes','F5 (blade)%GPASS%VIPRION 2100'),(12,2036,'yes','F5 (blade)%GPASS%VIPRION 4200'),(12,2037,'yes','F5 (blade)%GPASS%VIPRION 4300'),(12,545,'yes','Force10%GPASS%C150'),(12,546,'yes','Force10%GPASS%C300'),(12,549,'yes','Force10%GPASS%E1200'),(12,547,'yes','Force10%GPASS%E300'),(12,548,'yes','Force10%GPASS%E600'),(12,541,'yes','Force10%GPASS%S2410CP'),(12,683,'yes','Force10%GPASS%S2410P'),(12,544,'yes','Force10%GPASS%S25P'),(12,1962,'yes','Force10%GPASS%S4820T'),(12,542,'yes','Force10%GPASS%S50N'),(12,543,'yes','Force10%GPASS%S50V'),(12,190,'yes','Foundry%GPASS%EdgeIron 2402CF'),(12,191,'yes','Foundry%GPASS%EdgeIron 24G'),(12,194,'yes','Foundry%GPASS%EdgeIron 24GS'),(12,192,'yes','Foundry%GPASS%EdgeIron 4802CF'),(12,193,'yes','Foundry%GPASS%EdgeIron 48G'),(12,195,'yes','Foundry%GPASS%EdgeIron 48GS'),(12,196,'yes','Foundry%GPASS%EdgeIron 8X10G'),(12,198,'yes','Foundry%GPASS%FastIron Edge 12GCF'),(12,199,'yes','Foundry%GPASS%FastIron Edge 12GCF-PREM'),(12,121,'yes','Foundry%GPASS%FastIron Edge 2402'),(12,202,'yes','Foundry%GPASS%FastIron Edge 2402-POE'),(12,128,'yes','Foundry%GPASS%FastIron Edge 2402-PREM'),(12,122,'yes','Foundry%GPASS%FastIron Edge 4802'),(12,203,'yes','Foundry%GPASS%FastIron Edge 4802-POE'),(12,197,'yes','Foundry%GPASS%FastIron Edge 4802-PREM'),(12,200,'yes','Foundry%GPASS%FastIron Edge 9604'),(12,201,'yes','Foundry%GPASS%FastIron Edge 9604-PREM'),(12,123,'yes','Foundry%GPASS%FastIron Edge X424'),(12,136,'yes','Foundry%GPASS%FastIron Edge X424-POE'),(12,135,'yes','Foundry%GPASS%FastIron Edge X424HF'),(12,134,'yes','Foundry%GPASS%FastIron Edge X448'),(12,129,'yes','Foundry%GPASS%FastIron GS 624P'),(12,130,'yes','Foundry%GPASS%FastIron GS 624P-POE'),(12,411,'yes','Foundry%GPASS%FastIron GS 624XGP'),(12,412,'yes','Foundry%GPASS%FastIron GS 624XGP-POE'),(12,127,'yes','Foundry%GPASS%FastIron GS 648P'),(12,131,'yes','Foundry%GPASS%FastIron GS 648P-POE'),(12,117,'yes','Foundry%GPASS%FastIron II'),(12,413,'yes','Foundry%GPASS%FastIron LS 624'),(12,414,'yes','Foundry%GPASS%FastIron LS 648'),(12,125,'yes','Foundry%GPASS%FastIron SuperX'),(12,138,'yes','Foundry%GPASS%FastIron SX 1600'),(12,137,'yes','Foundry%GPASS%FastIron SX 800'),(12,116,'yes','Foundry%GPASS%FastIron WorkGroup'),(12,204,'yes','Foundry%GPASS%FastIron Workgroup X424'),(12,205,'yes','Foundry%GPASS%FastIron Workgroup X448'),(12,416,'yes','Foundry%GPASS%NetIron M2404C'),(12,415,'yes','Foundry%GPASS%NetIron M2404F'),(12,118,'yes','Foundry%GPASS%ServerIron'),(12,120,'yes','Foundry%GPASS%ServerIron 350'),(12,206,'yes','Foundry%GPASS%ServerIron 450'),(12,132,'yes','Foundry%GPASS%ServerIron 4G'),(12,133,'yes','Foundry%GPASS%ServerIron 4G-SSL'),(12,207,'yes','Foundry%GPASS%ServerIron 850'),(12,208,'yes','Foundry%GPASS%ServerIron GT C'),(12,209,'yes','Foundry%GPASS%ServerIron GT E'),(12,119,'yes','Foundry%GPASS%ServerIron XL'),(12,1179,'yes','Hitachi Cable%GPASS%Apresia13000-24GX-PSR'),(12,1180,'yes','Hitachi Cable%GPASS%Apresia13000-48X'),(12,1189,'yes','Hitachi Cable%GPASS%Apresia18005'),(12,1188,'yes','Hitachi Cable%GPASS%Apresia18008'),(12,1187,'yes','Hitachi Cable%GPASS%Apresia18020'),(12,1178,'yes','Hitachi Cable%GPASS%Apresia2124-SS2'),(12,1177,'yes','Hitachi Cable%GPASS%Apresia2124GT-SS2'),(12,1176,'yes','Hitachi Cable%GPASS%Apresia2124GT2'),(12,1175,'yes','Hitachi Cable%GPASS%Apresia2248G2'),(12,1169,'yes','Hitachi Cable%GPASS%Apresia3108FG2'),(12,1170,'yes','Hitachi Cable%GPASS%Apresia3124GT-HR2'),(12,1185,'yes','Hitachi Cable%GPASS%Apresia3124GT-PSR2'),(12,1186,'yes','Hitachi Cable%GPASS%Apresia3124GT2'),(12,1183,'yes','Hitachi Cable%GPASS%Apresia3248G-PSR2'),(12,1184,'yes','Hitachi Cable%GPASS%Apresia3248G2'),(12,1182,'yes','Hitachi Cable%GPASS%Apresia3424GT-PoE'),(12,1181,'yes','Hitachi Cable%GPASS%Apresia3424GT-SS'),(12,1174,'yes','Hitachi Cable%GPASS%Apresia4224GT-PSR'),(12,1173,'yes','Hitachi Cable%GPASS%Apresia4328GT'),(12,1171,'yes','Hitachi Cable%GPASS%Apresia4348GT'),(12,1172,'yes','Hitachi Cable%GPASS%Apresia4348GT-PSR'),(12,1192,'yes','Hitachi Cable%GPASS%Apresia6148G-PSR'),(12,1193,'yes','Hitachi Cable%GPASS%Apresia6148GT-PSR'),(12,1191,'yes','Hitachi Cable%GPASS%Apresia8004'),(12,1190,'yes','Hitachi Cable%GPASS%Apresia8007'),(12,1194,'yes','Hitachi Cable%GPASS%VXC-1024FE'),(12,2467,'yes','HP EI%GPASS%5130-24G-2SFP+-2XGT (JG938A)'),(12,2462,'yes','HP EI%GPASS%5130-24G-4SFP+ (JG932A)'),(12,2469,'yes','HP EI%GPASS%5130-24G-PoE+-2SFP+-2XGT (JG940A)'),(12,2465,'yes','HP EI%GPASS%5130-24G-PoE+-4SFP+ (JG936A)'),(12,2463,'yes','HP EI%GPASS%5130-24G-SFP-4SFP+ (JG933A)'),(12,2468,'yes','HP EI%GPASS%5130-48G-2SFP+-2XGT (JG939A)'),(12,2464,'yes','HP EI%GPASS%5130-48G-4SFP+ (JG934A)'),(12,2470,'yes','HP EI%GPASS%5130-48G-PoE+-2SFP+-2XGT (JG941A)'),(12,2466,'yes','HP EI%GPASS%5130-48G-PoE+-4SFP+ (JG937A)'),(12,1605,'yes','HP GbE2c w/SFP'),(12,1629,'yes','HP ProCurve (blade)%GPASS%5400zl 20 1Gb + 4 Mini-GBIC J8705A'),(12,1634,'yes','HP ProCurve (blade)%GPASS%5400zl 20 1Gb-PoE+ + 4 Mini-GBIC J9308A'),(12,1636,'yes','HP ProCurve (blade)%GPASS%5400zl 24 100Mb PoE+ J9478A'),(12,1628,'yes','HP ProCurve (blade)%GPASS%5400zl 24 1Gb-PoE J8702A'),(12,1633,'yes','HP ProCurve (blade)%GPASS%5400zl 24 1Gb-PoE+ J9307A'),(12,1630,'yes','HP ProCurve (blade)%GPASS%5400zl 24 Mini-GBIC J8706A'),(12,1632,'yes','HP ProCurve (blade)%GPASS%5400zl 4 10GbE CX4 J8708A'),(12,1635,'yes','HP ProCurve (blade)%GPASS%5400zl 4 10GbE SFP+ J9309A'),(12,1631,'yes','HP ProCurve (blade)%GPASS%5400zl 4 10GbE X2 J8707A'),(12,1627,'yes','HP ProCurve (blade)%GPASS%5400zl Management Module J8726A'),(12,848,'yes','HP ProCurve%GPASS%1400-24G'),(12,849,'yes','HP ProCurve%GPASS%1700-24'),(12,850,'yes','HP ProCurve%GPASS%1800-24G'),(12,2242,'yes','HP ProCurve%GPASS%1810G-24'),(12,2176,'yes','HP ProCurve%GPASS%1910-24G'),(12,2238,'yes','HP ProCurve%GPASS%1910-48G'),(12,851,'yes','HP ProCurve%GPASS%2124'),(12,852,'yes','HP ProCurve%GPASS%2312'),(12,853,'yes','HP ProCurve%GPASS%2324'),(12,854,'yes','HP ProCurve%GPASS%2510-24'),(12,855,'yes','HP ProCurve%GPASS%2510-48'),(12,856,'yes','HP ProCurve%GPASS%2510G-24'),(12,857,'yes','HP ProCurve%GPASS%2510G-48'),(12,858,'yes','HP ProCurve%GPASS%2512'),(12,1711,'yes','HP ProCurve%GPASS%2520-24-PoE J9138A'),(12,1967,'yes','HP ProCurve%GPASS%2520-8-PoE J9137A'),(12,859,'yes','HP ProCurve%GPASS%2524'),(12,1423,'yes','HP ProCurve%GPASS%2600-8-PWR'),(12,864,'yes','HP ProCurve%GPASS%2626'),(12,865,'yes','HP ProCurve%GPASS%2626-PWR'),(12,866,'yes','HP ProCurve%GPASS%2650'),(12,867,'yes','HP ProCurve%GPASS%2650-PWR'),(12,868,'yes','HP ProCurve%GPASS%2810-24G'),(12,869,'yes','HP ProCurve%GPASS%2810-48G J9022A'),(12,870,'yes','HP ProCurve%GPASS%2824'),(12,871,'yes','HP ProCurve%GPASS%2848'),(12,872,'yes','HP ProCurve%GPASS%2900-24G'),(12,873,'yes','HP ProCurve%GPASS%2900-48G'),(12,2096,'yes','HP ProCurve%GPASS%2910-24G-PoE J9146A'),(12,2213,'yes','HP ProCurve%GPASS%2920-48G J9728A'),(12,874,'yes','HP ProCurve%GPASS%3400cl-24G'),(12,875,'yes','HP ProCurve%GPASS%3400cl-48G'),(12,876,'yes','HP ProCurve%GPASS%3500yl-24G-PWR'),(12,877,'yes','HP ProCurve%GPASS%3500yl-48G-PWR'),(12,1086,'yes','HP ProCurve%GPASS%4000M'),(12,878,'yes','HP ProCurve%GPASS%4202vl-72'),(12,879,'yes','HP ProCurve%GPASS%4204vl'),(12,880,'yes','HP ProCurve%GPASS%4204vl-48GS'),(12,881,'yes','HP ProCurve%GPASS%4208vl'),(12,882,'yes','HP ProCurve%GPASS%4208vl-72GS'),(12,883,'yes','HP ProCurve%GPASS%4208vl-96'),(12,884,'yes','HP ProCurve%GPASS%5304xl'),(12,885,'yes','HP ProCurve%GPASS%5308xl'),(12,886,'yes','HP ProCurve%GPASS%5348xl'),(12,887,'yes','HP ProCurve%GPASS%5372xl'),(12,892,'yes','HP ProCurve%GPASS%6108'),(12,893,'yes','HP ProCurve%GPASS%6200yl-24G-mGBIC'),(12,894,'yes','HP ProCurve%GPASS%6400cl'),(12,895,'yes','HP ProCurve%GPASS%6410cl'),(12,1637,'yes','HP ProCurve%GPASS%6600-24G J9263A'),(12,1638,'yes','HP ProCurve%GPASS%6600-24G-4XG J9264A'),(12,1639,'yes','HP ProCurve%GPASS%6600-24XG J9265A'),(12,1640,'yes','HP ProCurve%GPASS%6600-48G J9451A'),(12,1641,'yes','HP ProCurve%GPASS%6600-48G-4XG J9452A'),(12,896,'yes','HP ProCurve%GPASS%8108fl'),(12,897,'yes','HP ProCurve%GPASS%8116fl'),(12,898,'yes','HP ProCurve%GPASS%8212zl'),(12,860,'yes','HP ProCurve%GPASS%E2610-24 J9085A'),(12,861,'yes','HP ProCurve%GPASS%E2610-24-PoE J9087A'),(12,1570,'yes','HP ProCurve%GPASS%E2610-24/12-PoE J9086A'),(12,862,'yes','HP ProCurve%GPASS%E2610-48 J9088A'),(12,863,'yes','HP ProCurve%GPASS%E2610-48-PoE J9089A'),(12,2396,'yes','HP ProCurve%GPASS%E2620-24-PoE J9625A'),(12,1571,'yes','HP ProCurve%GPASS%E2910-24G'),(12,1349,'yes','HP ProCurve%GPASS%E2910-48G J9147A'),(12,1600,'yes','HP ProCurve%GPASS%E2910-48G-PoE+ J9148A'),(12,1780,'yes','Huawei%GPASS%CE12804'),(12,1781,'yes','Huawei%GPASS%CE12808'),(12,1782,'yes','Huawei%GPASS%CE12812'),(12,2088,'yes','Huawei%GPASS%CE5810-24T4S-EI'),(12,2087,'yes','Huawei%GPASS%CE5810-48T4S-EI'),(12,1769,'yes','Huawei%GPASS%CE5850-48T4S2Q-EI'),(12,2382,'yes','Huawei%GPASS%CE5850-48T4S2Q-HI'),(12,2604,'yes','Huawei%GPASS%CE5855-24T4S2Q-EI'),(12,2605,'yes','Huawei%GPASS%CE5855-48T4S2Q-EI'),(12,2602,'yes','Huawei%GPASS%CE6810-24S2Q-LI'),(12,2603,'yes','Huawei%GPASS%CE6810-32T16S4Q-LI'),(12,2601,'yes','Huawei%GPASS%CE6810-48S-LI'),(12,2599,'yes','Huawei%GPASS%CE6810-48S4Q-EI'),(12,2600,'yes','Huawei%GPASS%CE6810-48S4Q-LI'),(12,1772,'yes','Huawei%GPASS%CE6850-48S4Q-EI'),(12,2598,'yes','Huawei%GPASS%CE6850-48S6Q-HI'),(12,1773,'yes','Huawei%GPASS%CE6850-48T4Q-EI'),(12,2596,'yes','Huawei%GPASS%CE6850-48T6Q-HI'),(12,2592,'yes','Huawei%GPASS%CE6850U-24S2Q-HI'),(12,2593,'yes','Huawei%GPASS%CE6850U-48S6Q-HI'),(12,2594,'yes','Huawei%GPASS%CE6851-48S6Q-HI'),(12,2597,'yes','Huawei%GPASS%CE6855-48S6Q-HI'),(12,2595,'yes','Huawei%GPASS%CE6855-48T6Q-HI'),(12,2591,'yes','Huawei%GPASS%CE6860-48S8CQ-EI'),(12,2590,'yes','Huawei%GPASS%CE6870-24S6CQ-EI'),(12,2589,'yes','Huawei%GPASS%CE6870-48S6CQ-EI'),(12,2226,'yes','Huawei%GPASS%CE7850-32Q-EI'),(12,2588,'yes','Huawei%GPASS%CE7855-32Q-EI'),(12,2706,'yes','Huawei%GPASS%CE8850-32CQ-EI'),(12,2557,'yes','Huawei%GPASS%CE8860-4C-EI'),(12,1613,'yes','Huawei%GPASS%S2309TP-EI'),(12,1620,'yes','Huawei%GPASS%S2309TP-PWR-EI'),(12,1614,'yes','Huawei%GPASS%S2309TP-SI'),(12,1615,'yes','Huawei%GPASS%S2318TP-EI'),(12,1616,'yes','Huawei%GPASS%S2318TP-SI'),(12,1617,'yes','Huawei%GPASS%S2326TP-EI'),(12,1621,'yes','Huawei%GPASS%S2326TP-PWR-EI'),(12,1618,'yes','Huawei%GPASS%S2326TP-SI'),(12,1619,'yes','Huawei%GPASS%S2352P-EI'),(12,1909,'yes','Huawei%GPASS%S2700-18TP-EI'),(12,1910,'yes','Huawei%GPASS%S2700-18TP-SI'),(12,1911,'yes','Huawei%GPASS%S2700-26TP-EI'),(12,1912,'yes','Huawei%GPASS%S2700-26TP-PWR-EI'),(12,1913,'yes','Huawei%GPASS%S2700-26TP-SI'),(12,1914,'yes','Huawei%GPASS%S2700-52P-EI'),(12,1915,'yes','Huawei%GPASS%S2700-52P-PWR-EI'),(12,1916,'yes','Huawei%GPASS%S2700-9TP-EI'),(12,1917,'yes','Huawei%GPASS%S2700-9TP-PWR-EI'),(12,1918,'yes','Huawei%GPASS%S2700-9TP-SI'),(12,1919,'yes','Huawei%GPASS%S2710-52P-PWR-SI'),(12,1920,'yes','Huawei%GPASS%S2710-52P-SI'),(12,1921,'yes','Huawei%GPASS%S3700-26C-HI'),(12,1922,'yes','Huawei%GPASS%S3700-28TP-EI'),(12,1760,'yes','Huawei%GPASS%S3700-28TP-EI-24S'),(12,1923,'yes','Huawei%GPASS%S3700-28TP-EI-MC'),(12,1761,'yes','Huawei%GPASS%S3700-28TP-EI-MC-AC'),(12,1762,'yes','Huawei%GPASS%S3700-28TP-PWR-EI'),(12,1924,'yes','Huawei%GPASS%S3700-28TP-PWR-SI'),(12,1925,'yes','Huawei%GPASS%S3700-28TP-SI'),(12,1926,'yes','Huawei%GPASS%S3700-52P-EI'),(12,1927,'yes','Huawei%GPASS%S3700-52P-EI-24S'),(12,1928,'yes','Huawei%GPASS%S3700-52P-EI-48S'),(12,1929,'yes','Huawei%GPASS%S3700-52P-PWR-EI'),(12,1930,'yes','Huawei%GPASS%S3700-52P-PWR-SI'),(12,1931,'yes','Huawei%GPASS%S3700-52P-SI'),(12,1344,'yes','Huawei%GPASS%S5324TP-PWR-SI'),(12,1343,'yes','Huawei%GPASS%S5324TP-SI'),(12,1335,'yes','Huawei%GPASS%S5328C-EI'),(12,1321,'yes','Huawei%GPASS%S5328C-EI-24S'),(12,1336,'yes','Huawei%GPASS%S5328C-PWR-EI'),(12,1340,'yes','Huawei%GPASS%S5328C-PWR-SI'),(12,1339,'yes','Huawei%GPASS%S5328C-SI'),(12,1346,'yes','Huawei%GPASS%S5348TP-PWR-SI'),(12,1345,'yes','Huawei%GPASS%S5348TP-SI'),(12,1337,'yes','Huawei%GPASS%S5352C-EI'),(12,1338,'yes','Huawei%GPASS%S5352C-PWR-EI'),(12,1342,'yes','Huawei%GPASS%S5352C-PWR-SI'),(12,1341,'yes','Huawei%GPASS%S5352C-SI'),(12,1932,'yes','Huawei%GPASS%S5700-10P-LI'),(12,1933,'yes','Huawei%GPASS%S5700-10P-PWR-LI'),(12,1934,'yes','Huawei%GPASS%S5700-24TP-PWR-SI'),(12,1935,'yes','Huawei%GPASS%S5700-24TP-SI'),(12,1936,'yes','Huawei%GPASS%S5700-26X-SI-12S'),(12,1937,'yes','Huawei%GPASS%S5700-28C-EI'),(12,1938,'yes','Huawei%GPASS%S5700-28C-EI-24S'),(12,1763,'yes','Huawei%GPASS%S5700-28C-HI'),(12,1939,'yes','Huawei%GPASS%S5700-28C-HI-24S'),(12,1764,'yes','Huawei%GPASS%S5700-28C-PWR-EI'),(12,1940,'yes','Huawei%GPASS%S5700-28C-PWR-SI'),(12,1941,'yes','Huawei%GPASS%S5700-28C-SI'),(12,1942,'yes','Huawei%GPASS%S5700-28P-LI'),(12,2484,'yes','Huawei%GPASS%S5700-28P-LI-24S'),(12,1943,'yes','Huawei%GPASS%S5700-28P-PWR-LI'),(12,2488,'yes','Huawei%GPASS%S5700-28TP-LI'),(12,2489,'yes','Huawei%GPASS%S5700-28TP-PWR-LI'),(12,1944,'yes','Huawei%GPASS%S5700-28X-LI'),(12,2483,'yes','Huawei%GPASS%S5700-28X-LI-24S'),(12,1945,'yes','Huawei%GPASS%S5700-28X-PWR-LI'),(12,1765,'yes','Huawei%GPASS%S5700-48TP-PWR-SI'),(12,1946,'yes','Huawei%GPASS%S5700-48TP-SI'),(12,1947,'yes','Huawei%GPASS%S5700-52C-EI'),(12,1948,'yes','Huawei%GPASS%S5700-52C-PWR-EI'),(12,1949,'yes','Huawei%GPASS%S5700-52C-PWR-SI'),(12,1950,'yes','Huawei%GPASS%S5700-52C-SI'),(12,1951,'yes','Huawei%GPASS%S5700-52P-LI'),(12,1767,'yes','Huawei%GPASS%S5700-52P-PWR-LI'),(12,1952,'yes','Huawei%GPASS%S5700-52X-LI'),(12,2485,'yes','Huawei%GPASS%S5700-52X-LI-48CS'),(12,1953,'yes','Huawei%GPASS%S5700-52X-PWR-LI'),(12,1768,'yes','Huawei%GPASS%S5700S-28P-LI'),(12,1954,'yes','Huawei%GPASS%S5700S-52P-LI'),(12,2490,'yes','Huawei%GPASS%S5701-28TP-PWR-LI'),(12,2486,'yes','Huawei%GPASS%S5701-28X-LI'),(12,2487,'yes','Huawei%GPASS%S5701-28X-LI-24S'),(12,1955,'yes','Huawei%GPASS%S5710-28C-EI'),(12,1956,'yes','Huawei%GPASS%S5710-28C-LI'),(12,1957,'yes','Huawei%GPASS%S5710-28C-PWR-EI'),(12,1958,'yes','Huawei%GPASS%S5710-28C-PWR-LI'),(12,1766,'yes','Huawei%GPASS%S5710-52C-EI'),(12,1959,'yes','Huawei%GPASS%S5710-52C-LI'),(12,1960,'yes','Huawei%GPASS%S5710-52C-PWR-EI'),(12,1961,'yes','Huawei%GPASS%S5710-52C-PWR-LI'),(12,2491,'yes','Huawei%GPASS%S5720-32P-EI'),(12,2492,'yes','Huawei%GPASS%S5720-32X-EI'),(12,2493,'yes','Huawei%GPASS%S5720-32X-EI-24S'),(12,2494,'yes','Huawei%GPASS%S5720-36C-EI'),(12,2497,'yes','Huawei%GPASS%S5720-36C-EI-28S'),(12,2495,'yes','Huawei%GPASS%S5720-36C-PWR-EI'),(12,2496,'yes','Huawei%GPASS%S5720-36PC-EI'),(12,2498,'yes','Huawei%GPASS%S5720-50X-EI'),(12,2499,'yes','Huawei%GPASS%S5720-50X-EI-46S'),(12,2501,'yes','Huawei%GPASS%S5720-52P-EI'),(12,2500,'yes','Huawei%GPASS%S5720-52X-EI'),(12,2503,'yes','Huawei%GPASS%S5720-56C-EI'),(12,2502,'yes','Huawei%GPASS%S5720-56C-EI-48S'),(12,2505,'yes','Huawei%GPASS%S5720-56C-PWR-EI'),(12,2504,'yes','Huawei%GPASS%S5720-56PC-EI'),(12,1770,'yes','Huawei%GPASS%S6700-24-EI'),(12,1771,'yes','Huawei%GPASS%S6700-48-EI'),(12,2606,'yes','Huawei%GPASS%S6720-30C-EI-24S'),(12,2607,'yes','Huawei%GPASS%S6720-54C-EI-48S'),(12,2608,'yes','Huawei%GPASS%S6720S-26Q-EI-24S'),(12,1774,'yes','Huawei%GPASS%S7703'),(12,1775,'yes','Huawei%GPASS%S7706'),(12,1776,'yes','Huawei%GPASS%S7712'),(12,1357,'yes','Huawei%GPASS%S9303'),(12,1358,'yes','Huawei%GPASS%S9306'),(12,1359,'yes','Huawei%GPASS%S9312'),(12,1777,'yes','Huawei%GPASS%S9703'),(12,1778,'yes','Huawei%GPASS%S9706'),(12,1779,'yes','Huawei%GPASS%S9712'),(12,2395,'yes','Juniper%GPASS%EX2200-24P-4G'),(12,2506,'yes','Juniper%GPASS%QFX10000'),(12,2510,'yes','Juniper%GPASS%QFX3500'),(12,2509,'yes','Juniper%GPASS%QFX3600'),(12,2508,'yes','Juniper%GPASS%QFX5100'),(12,2507,'yes','Juniper%GPASS%QFX5200'),(12,2212,'yes','Linksys%GPASS%SRW2024P'),(12,1624,'yes','Linksys%GPASS%SRW2048'),(12,1966,'yes','Linksys%GPASS%SRW224G4'),(12,2093,'yes','Linksys%GPASS%SRW248G4'),(12,2515,'yes','Mellanox%GPASS%CS7500'),(12,2516,'yes','Mellanox%GPASS%CS7510'),(12,2517,'yes','Mellanox%GPASS%CS7520'),(12,2513,'yes','Mellanox%GPASS%SB7700'),(12,2514,'yes','Mellanox%GPASS%SB7790'),(12,2511,'yes','Mellanox%GPASS%SB7800'),(12,2512,'yes','Mellanox%GPASS%SB7890'),(12,2534,'yes','Mellanox%GPASS%SN2100'),(12,2533,'yes','Mellanox%GPASS%SN2410'),(12,2532,'yes','Mellanox%GPASS%SN2700'),(12,2072,'yes','Mellanox%GPASS%SX1012'),(12,2073,'yes','Mellanox%GPASS%SX1016'),(12,2074,'yes','Mellanox%GPASS%SX1024'),(12,2531,'yes','Mellanox%GPASS%SX1024(52)'),(12,2075,'yes','Mellanox%GPASS%SX1035'),(12,2076,'yes','Mellanox%GPASS%SX1036'),(12,2530,'yes','Mellanox%GPASS%SX1410'),(12,2529,'yes','Mellanox%GPASS%SX1710'),(12,2519,'yes','Mellanox%GPASS%SX6005'),(12,2520,'yes','Mellanox%GPASS%SX6012'),(12,2521,'yes','Mellanox%GPASS%SX6015'),(12,2522,'yes','Mellanox%GPASS%SX6018'),(12,2523,'yes','Mellanox%GPASS%SX6025'),(12,2524,'yes','Mellanox%GPASS%SX6036'),(12,2525,'yes','Mellanox%GPASS%SX6506'),(12,2526,'yes','Mellanox%GPASS%SX6512'),(12,2527,'yes','Mellanox%GPASS%SX6518'),(12,2528,'yes','Mellanox%GPASS%SX6536'),(12,2518,'yes','Mellanox%GPASS%SX6710'),(12,2062,'yes','MikroTik%GPASS%CRS125-24G-1S-RM'),(12,2381,'yes','MikroTik%GPASS%CRS226-24G-2S+RM'),(12,2170,'yes','NEC%GPASS%PF5220F-20S2XW'),(12,2169,'yes','NEC%GPASS%PF5220F-24T2XW'),(12,1810,'yes','NEC%GPASS%PF5240'),(12,2077,'yes','NEC%GPASS%PF5248'),(12,2171,'yes','NEC%GPASS%PF5459-48GT-4X2Q'),(12,2172,'yes','NEC%GPASS%PF5459-48XP-4Q'),(12,1811,'yes','NEC%GPASS%PF5820'),(12,555,'yes','NETGEAR%GPASS%FS524'),(12,571,'yes','NETGEAR%GPASS%FS726T'),(12,578,'yes','NETGEAR%GPASS%FS726TP'),(12,568,'yes','NETGEAR%GPASS%FS728TP'),(12,570,'yes','NETGEAR%GPASS%FS728TS'),(12,577,'yes','NETGEAR%GPASS%FS750T2'),(12,576,'yes','NETGEAR%GPASS%FS752TPS'),(12,569,'yes','NETGEAR%GPASS%FS752TS'),(12,564,'yes','NETGEAR%GPASS%FSM726'),(12,560,'yes','NETGEAR%GPASS%FSM726S'),(12,582,'yes','NETGEAR%GPASS%FSM7326P'),(12,579,'yes','NETGEAR%GPASS%FSM7328PS'),(12,587,'yes','NETGEAR%GPASS%FSM7328S'),(12,583,'yes','NETGEAR%GPASS%FSM7352PS'),(12,588,'yes','NETGEAR%GPASS%FSM7352S'),(12,563,'yes','NETGEAR%GPASS%FSM750S'),(12,575,'yes','NETGEAR%GPASS%GS716T'),(12,567,'yes','NETGEAR%GPASS%GS724T'),(12,565,'yes','NETGEAR%GPASS%GS724TP'),(12,573,'yes','NETGEAR%GPASS%GS724TS'),(12,574,'yes','NETGEAR%GPASS%GS748T'),(12,572,'yes','NETGEAR%GPASS%GS748TP'),(12,566,'yes','NETGEAR%GPASS%GS748TS'),(12,559,'yes','NETGEAR%GPASS%GSM7212'),(12,557,'yes','NETGEAR%GPASS%GSM7224R'),(12,562,'yes','NETGEAR%GPASS%GSM7224v1'),(12,1602,'yes','NETGEAR%GPASS%GSM7224v2'),(12,558,'yes','NETGEAR%GPASS%GSM7248'),(12,561,'yes','NETGEAR%GPASS%GSM7248R'),(12,586,'yes','NETGEAR%GPASS%GSM7312'),(12,581,'yes','NETGEAR%GPASS%GSM7324'),(12,584,'yes','NETGEAR%GPASS%GSM7328FS'),(12,585,'yes','NETGEAR%GPASS%GSM7328Sv1'),(12,1601,'yes','NETGEAR%GPASS%GSM7328Sv2'),(12,580,'yes','NETGEAR%GPASS%GSM7352S'),(12,1794,'yes','NETGEAR%GPASS%GSM7352Sv2'),(12,556,'yes','NETGEAR%GPASS%JFS516'),(12,552,'yes','NETGEAR%GPASS%JFS524'),(12,553,'yes','NETGEAR%GPASS%JFS524F'),(12,551,'yes','NETGEAR%GPASS%JGS516'),(12,554,'yes','NETGEAR%GPASS%JGS524'),(12,550,'yes','NETGEAR%GPASS%JGS524F'),(12,115,'yes','noname/unknown'),(12,1085,'yes','Nortel%GPASS%BES50GE-12T PWR'),(12,2078,'yes','Pica8%GPASS%P-3290'),(12,2079,'yes','Pica8%GPASS%P-3295'),(12,2145,'yes','Pica8%GPASS%P-3297'),(12,2089,'yes','Pica8%GPASS%P-3780'),(12,2090,'yes','Pica8%GPASS%P-3922'),(12,2146,'yes','Pica8%GPASS%P-3930'),(12,2289,'yes','Pica8%GPASS%P-5101'),(12,2290,'yes','Pica8%GPASS%P-5401'),(12,2545,'yes','Quanta%GPASS%T1048-LB9'),(12,2544,'yes','Quanta%GPASS%T1048-LB9A'),(12,2546,'yes','Quanta%GPASS%T1048-LY4A'),(12,2547,'yes','Quanta%GPASS%T1048-LY4B'),(12,2548,'yes','Quanta%GPASS%T1048-LY4C'),(12,2542,'yes','Quanta%GPASS%T1048-P02'),(12,2543,'yes','Quanta%GPASS%T1048-P02S'),(12,2551,'yes','Quanta%GPASS%T3040-LY3'),(12,2553,'yes','Quanta%GPASS%T3048-LY2'),(12,2552,'yes','Quanta%GPASS%T3048-LY2R'),(12,2550,'yes','Quanta%GPASS%T3048-LY8'),(12,2549,'yes','Quanta%GPASS%T3048-LY9'),(12,2554,'yes','Quanta%GPASS%T3064-LY1R'),(12,2556,'yes','Quanta%GPASS%T5016-LB8D'),(12,2555,'yes','Quanta%GPASS%T5032-LY6'),(12,1371,'yes','SMC%GPASS%8024L2'),(12,1372,'yes','SMC%GPASS%8124PL2'),(12,1373,'yes','SMC%GPASS%8126L2'),(12,1374,'yes','SMC%GPASS%8150L2'),(12,1375,'yes','SMC%GPASS%8612XL3'),(12,1376,'yes','SMC%GPASS%8708L2'),(12,1377,'yes','SMC%GPASS%8824M'),(12,1378,'yes','SMC%GPASS%8848M'),(12,1379,'yes','SMC%GPASS%8926EM'),(12,1380,'yes','SMC%GPASS%8950EM'),(12,1566,'yes','SMC%GPASS%SMC6110L2'),(12,1567,'yes','SMC%GPASS%SMC6128L2'),(12,1568,'yes','SMC%GPASS%SMC6128PL2'),(12,1569,'yes','SMC%GPASS%SMC6152L2'),(12,1793,'yes','TP-Link%GPASS%TL-SG5426'),(12,2624,'yes','Ubiquiti EdgeSwitch ES-48-LITE'),(13,441,'yes','[[CentOS%GSKIP%CentOS V2 | http://www.centos.org/]]'),(13,442,'yes','[[CentOS%GSKIP%CentOS V3 | http://www.centos.org/]]'),(13,443,'yes','[[CentOS%GSKIP%CentOS V4 | http://www.centos.org/]]'),(13,444,'yes','[[CentOS%GSKIP%CentOS V5 | http://www.centos.org/]]'),(13,1667,'yes','[[CentOS%GSKIP%CentOS V6 | http://www.centos.org/]]'),(13,2404,'yes','[[CentOS%GSKIP%CentOS V7 | http://www.centos.org/]]'),(13,418,'yes','[[Debian%GSKIP%Debian 2.0 (hamm) | http://debian.org/releases/hamm/]]'),(13,419,'yes','[[Debian%GSKIP%Debian 2.1 (slink) | http://debian.org/releases/slink/]]'),(13,420,'yes','[[Debian%GSKIP%Debian 2.2 (potato) | http://debian.org/releases/potato/]]'),(13,234,'yes','[[Debian%GSKIP%Debian 3.0 (woody) | http://debian.org/releases/woody/]]'),(13,235,'yes','[[Debian%GSKIP%Debian 3.1 (sarge) | http://debian.org/releases/sarge/]]'),(13,421,'yes','[[Debian%GSKIP%Debian 4.0 (etch) | http://debian.org/releases/etch/]]'),(13,954,'yes','[[Debian%GSKIP%Debian 5.0 (lenny) | http://debian.org/releases/lenny/]]'),(13,1395,'yes','[[Debian%GSKIP%Debian 6.0 (squeeze) | http://debian.org/releases/squeeze/]]'),(13,1709,'yes','[[Debian%GSKIP%Debian 7 (wheezy) | http://debian.org/releases/wheezy/]]'),(13,2405,'yes','[[Debian%GSKIP%Debian 8 (Jessie) | http://debian.org/releases/jessie/]]'),(13,732,'yes','[[FreeBSD%GSKIP%FreeBSD 7.0 | http://www.freebsd.org/releases/7.0R/announce.html]]'),(13,1057,'yes','[[FreeBSD%GSKIP%FreeBSD 7.1 | http://www.freebsd.org/releases/7.1R/relnotes.html]]'),(13,1058,'yes','[[FreeBSD%GSKIP%FreeBSD 7.2 | http://www.freebsd.org/releases/7.2R/relnotes.html]]'),(13,2406,'yes','[[Gentoo%GSKIP%Gentoo | http://gentoo.org]]'),(13,1051,'yes','[[Gentoo%GSKIP%Gentoo 2006.0 | http://www.gentoo.org/proj/en/releng/release/2006.0/2006.0.xml]]'),(13,1052,'yes','[[Gentoo%GSKIP%Gentoo 2007.0 | http://www.gentoo.org/proj/en/releng/release/2007.0/2007.0-press-release.txt]]'),(13,1053,'yes','[[Gentoo%GSKIP%Gentoo 2008.0 | http://www.gentoo.org/proj/en/releng/release/2008.0/index.xml]]'),(13,733,'yes','[[NetBSD%GSKIP%NetBSD 2.0 | http://netbsd.org/releases/formal-2.0/]]'),(13,734,'yes','[[NetBSD%GSKIP%NetBSD 2.1 | http://netbsd.org/releases/formal-2.0/NetBSD-2.1.html]]'),(13,735,'yes','[[NetBSD%GSKIP%NetBSD 3.0 | http://netbsd.org/releases/formal-3/]]'),(13,736,'yes','[[NetBSD%GSKIP%NetBSD 3.1 | http://netbsd.org/releases/formal-3/NetBSD-3.1.html]]'),(13,737,'yes','[[NetBSD%GSKIP%NetBSD 4.0 | http://netbsd.org/releases/formal-4/NetBSD-4.0.html]]'),(13,1046,'yes','[[NetBSD%GSKIP%NetBSD 5.0 | http://netbsd.org/releases/formal-5/NetBSD-5.0.html]]'),(13,720,'yes','[[OpenBSD%GSKIP%OpenBSD 3.3 | http://www.openbsd.org/33.html]]'),(13,721,'yes','[[OpenBSD%GSKIP%OpenBSD 3.4 | http://www.openbsd.org/34.html]]'),(13,722,'yes','[[OpenBSD%GSKIP%OpenBSD 3.5 | http://www.openbsd.org/35.html]]'),(13,723,'yes','[[OpenBSD%GSKIP%OpenBSD 3.6 | http://www.openbsd.org/36.html]]'),(13,724,'yes','[[OpenBSD%GSKIP%OpenBSD 3.7 | http://www.openbsd.org/37.html]]'),(13,725,'yes','[[OpenBSD%GSKIP%OpenBSD 3.8 | http://www.openbsd.org/38.html]]'),(13,726,'yes','[[OpenBSD%GSKIP%OpenBSD 3.9 | http://www.openbsd.org/39.html]]'),(13,727,'yes','[[OpenBSD%GSKIP%OpenBSD 4.0 | http://www.openbsd.org/40.html]]'),(13,728,'yes','[[OpenBSD%GSKIP%OpenBSD 4.1 | http://www.openbsd.org/41.html]]'),(13,729,'yes','[[OpenBSD%GSKIP%OpenBSD 4.2 | http://www.openbsd.org/42.html]]'),(13,730,'yes','[[OpenBSD%GSKIP%OpenBSD 4.3 | http://www.openbsd.org/43.html]]'),(13,797,'yes','[[OpenBSD%GSKIP%OpenBSD 4.4 | http://www.openbsd.org/44.html]]'),(13,1047,'yes','[[OpenBSD%GSKIP%OpenBSD 4.5 | http://www.openbsd.org/45.html]]'),(13,1713,'yes','[[OpenBSD%GSKIP%OpenBSD 4.6 | http://www.openbsd.org/46.html]]'),(13,1714,'yes','[[OpenBSD%GSKIP%OpenBSD 4.7 | http://www.openbsd.org/47.html]]'),(13,1715,'yes','[[OpenBSD%GSKIP%OpenBSD 4.8 | http://www.openbsd.org/48.html]]'),(13,1716,'yes','[[OpenBSD%GSKIP%OpenBSD 4.9 | http://www.openbsd.org/49.html]]'),(13,1717,'yes','[[OpenBSD%GSKIP%OpenBSD 5.0 | http://www.openbsd.org/50.html]]'),(13,1718,'yes','[[OpenBSD%GSKIP%OpenBSD 5.1 | http://www.openbsd.org/51.html]]'),(13,2101,'yes','[[OpenBSD%GSKIP%OpenBSD 5.2 | http://www.openbsd.org/52.html]]'),(13,2102,'yes','[[OpenBSD%GSKIP%OpenBSD 5.3 | http://www.openbsd.org/53.html]]'),(13,2103,'yes','[[OpenBSD%GSKIP%OpenBSD 5.4 | http://www.openbsd.org/54.html]]'),(13,2609,'yes','[[OpenBSD%GSKIP%OpenBSD 5.5 | http://www.openbsd.org/55.html]]'),(13,2610,'yes','[[OpenBSD%GSKIP%OpenBSD 5.6 | http://www.openbsd.org/56.html]]'),(13,2611,'yes','[[OpenBSD%GSKIP%OpenBSD 5.7 | http://www.openbsd.org/57.html]]'),(13,2612,'yes','[[OpenBSD%GSKIP%OpenBSD 5.8 | http://www.openbsd.org/58.html]]'),(13,2613,'yes','[[OpenBSD%GSKIP%OpenBSD 5.9 | http://www.openbsd.org/59.html]]'),(13,2614,'yes','[[OpenBSD%GSKIP%OpenBSD 6.0 | http://www.openbsd.org/60.html]]'),(13,2705,'yes','[[OpenBSD%GSKIP%OpenBSD 6.1 | http://www.openbsd.org/61.html]]'),(13,2180,'yes','[[PROXMOX%GSKIP%Proxmox VE 3.0 | http://pve.proxmox.com/wiki/Roadmap#Proxmox_VE_3.0]]'),(13,2181,'yes','[[PROXMOX%GSKIP%Proxmox VE 3.1 | http://pve.proxmox.com/wiki/Roadmap#Proxmox_VE_3.1]]'),(13,2182,'yes','[[PROXMOX%GSKIP%Proxmox VE 3.2 | http://pve.proxmox.com/wiki/Roadmap#Proxmox_VE_3.2]]'),(13,2234,'yes','[[PROXMOX%GSKIP%Proxmox VE 3.3 | http://pve.proxmox.com/wiki/Roadmap#Proxmox_VE_3.3]]'),(13,1332,'yes','[[RH Fedora%GSKIP%Fedora 12 | http://docs.fedoraproject.org/release-notes/f12/en-US/html/]]'),(13,1595,'yes','[[RH Fedora%GSKIP%Fedora 13 | http://docs.fedoraproject.org/release-notes/f13/en-US/html/]]'),(13,1596,'yes','[[RH Fedora%GSKIP%Fedora 14 | http://docs.fedoraproject.org/release-notes/f14/en-US/html/]]'),(13,49999,'yes','[[RH Fedora%GSKIP%Fedora 15 | http://docs.fedoraproject.org/release-notes/f15/en-US/html/]]'),(13,1701,'yes','[[RH Fedora%GSKIP%Fedora 16 | http://docs.fedoraproject.org/en-US/Fedora/16/html/Release_Notes/]]'),(13,1732,'yes','[[RH Fedora%GSKIP%Fedora 17 | http://docs.fedoraproject.org/en-US/Fedora/17/html/Release_Notes/]]'),(13,2060,'yes','[[RH Fedora%GSKIP%Fedora 18 | http://docs.fedoraproject.org/en-US/Fedora/18/html/Release_Notes/]]'),(13,2061,'yes','[[RH Fedora%GSKIP%Fedora 19 | http://docs.fedoraproject.org/en-US/Fedora/19/html/Release_Notes/]]'),(13,1417,'yes','[[SciLin%GSKIP%SL3.x | https://www.scientificlinux.org/]]'),(13,1418,'yes','[[SciLin%GSKIP%SL4.x | https://www.scientificlinux.org/]]'),(13,1419,'yes','[[SciLin%GSKIP%SL5.1 | https://www.scientificlinux.org/]]'),(13,1420,'yes','[[SciLin%GSKIP%SL5.2 | https://www.scientificlinux.org/]]'),(13,1421,'yes','[[SciLin%GSKIP%SL5.3 | https://www.scientificlinux.org/]]'),(13,1422,'yes','[[SciLin%GSKIP%SL5.4 | https://www.scientificlinux.org/]]'),(13,1666,'yes','[[SciLin%GSKIP%SL5.x | https://www.scientificlinux.org/]]'),(13,1665,'yes','[[SciLin%GSKIP%SL6.x | https://www.scientificlinux.org/]]'),(13,1048,'yes','[[Solaris%GSKIP%OpenSolaris 2008.05 | http://opensolaris.org/os/project/indiana/resources/relnotes/200805/x86/]]'),(13,1049,'yes','[[Solaris%GSKIP%OpenSolaris 2008.11 | http://opensolaris.org/os/project/indiana/resources/relnotes/200811/x86/]]'),(13,1050,'yes','[[Solaris%GSKIP%OpenSolaris 2009.06 | http://opensolaris.org/os/project/indiana/resources/relnotes/200906/x86/]]'),(13,2177,'yes','[[Univention%GSKIP%Univention Corporate Server 3.2 (borgfeld) | http://docs.univention.de/release-notes-3.2-2-de.html]]'),(13,1331,'yes','ALT_Linux%GSKIP%ALTLinux 5'),(13,229,'yes','ALT_Linux%GSKIP%ALTLinux Master 2.0'),(13,230,'yes','ALT_Linux%GSKIP%ALTLinux Master 2.2'),(13,231,'yes','ALT_Linux%GSKIP%ALTLinux Master 2.4'),(13,243,'yes','ALT_Linux%GSKIP%ALTLinux Master 4.0'),(13,422,'yes','ALT_Linux%GSKIP%ALTLinux Server 4.0'),(13,423,'yes','ALT_Linux%GSKIP%ALTLinux Sisyphus'),(13,50009,'no','ESXi 5.5'),(13,50008,'no','ESXi 6.0'),(13,236,'yes','FreeBSD%GSKIP%FreeBSD 1.x'),(13,2104,'yes','FreeBSD%GSKIP%FreeBSD 10.x'),(13,2616,'yes','FreeBSD%GSKIP%FreeBSD 11.x'),(13,237,'yes','FreeBSD%GSKIP%FreeBSD 2.x'),(13,238,'yes','FreeBSD%GSKIP%FreeBSD 3.x'),(13,239,'yes','FreeBSD%GSKIP%FreeBSD 4.x'),(13,240,'yes','FreeBSD%GSKIP%FreeBSD 5.x'),(13,241,'yes','FreeBSD%GSKIP%FreeBSD 6.x'),(13,1416,'yes','FreeBSD%GSKIP%FreeBSD 8.x'),(13,1734,'yes','FreeBSD%GSKIP%FreeBSD 9.x'),(13,1333,'yes','Gentoo%GSKIP%Gentoo 10.0'),(13,1334,'yes','Gentoo%GSKIP%Gentoo 10.1'),(13,221,'yes','MicroSoft%GSKIP%Windows 2000'),(13,223,'yes','MicroSoft%GSKIP%Windows 2003'),(13,1318,'yes','MicroSoft%GSKIP%Windows Server 2008'),(13,1812,'yes','MicroSoft%GSKIP%Windows Server 2008 R2'),(13,2063,'yes','MicroSoft%GSKIP%Windows Server 2012'),(13,2064,'yes','MicroSoft%GSKIP%Windows Server 2012 R2'),(13,2707,'yes','MicroSoft%GSKIP%Windows Server 2016'),(13,224,'yes','MicroSoft%GSKIP%Windows Vista'),(13,222,'yes','MicroSoft%GSKIP%Windows XP'),(13,2698,'yes','NetBSD%GSKIP%NetBSD 5.1'),(13,2699,'yes','NetBSD%GSKIP%NetBSD 5.2'),(13,2700,'yes','NetBSD%GSKIP%NetBSD 6.0'),(13,2701,'yes','NetBSD%GSKIP%NetBSD 6.1'),(13,2702,'yes','NetBSD%GSKIP%NetBSD 7.0'),(13,424,'yes','OpenSUSE%GSKIP%openSUSE 10.0'),(13,425,'yes','OpenSUSE%GSKIP%openSUSE 10.1'),(13,426,'yes','OpenSUSE%GSKIP%openSUSE 10.2'),(13,427,'yes','OpenSUSE%GSKIP%openSUSE 10.3'),(13,933,'yes','OpenSUSE%GSKIP%openSUSE 11.1'),(13,791,'yes','OpenSUSE%GSKIP%openSUSE 11.x'),(13,1733,'yes','OpenSUSE%GSKIP%openSUSE 12.x'),(13,2269,'yes','OpenSUSE%GSKIP%openSUSE 13.x'),(13,2703,'yes','OpenSUSE%GSKIP%openSUSE Leap 42.x'),(13,225,'yes','Red Hat Enterprise%GSKIP%RHEL V1'),(13,226,'yes','Red Hat Enterprise%GSKIP%RHEL V2'),(13,227,'yes','Red Hat Enterprise%GSKIP%RHEL V3'),(13,228,'yes','Red Hat Enterprise%GSKIP%RHEL V4'),(13,436,'yes','Red Hat Enterprise%GSKIP%RHEL V5'),(13,1396,'yes','Red Hat Enterprise%GSKIP%RHEL V6'),(13,2143,'yes','Red Hat Enterprise%GSKIP%RHEL V7'),(13,932,'yes','RH Fedora%GSKIP%Fedora 10'),(13,1045,'yes','RH Fedora%GSKIP%Fedora 11'),(13,2268,'yes','RH Fedora%GSKIP%Fedora 20'),(13,2692,'yes','RH Fedora%GSKIP%Fedora 21'),(13,2693,'yes','RH Fedora%GSKIP%Fedora 22'),(13,2694,'yes','RH Fedora%GSKIP%Fedora 23'),(13,2695,'yes','RH Fedora%GSKIP%Fedora 24'),(13,2696,'yes','RH Fedora%GSKIP%Fedora 25'),(13,232,'yes','RH Fedora%GSKIP%Fedora 7'),(13,242,'yes','RH Fedora%GSKIP%Fedora 8'),(13,790,'yes','RH Fedora%GSKIP%Fedora 9'),(13,212,'yes','RH Fedora%GSKIP%Fedora C1'),(13,213,'yes','RH Fedora%GSKIP%Fedora C2'),(13,214,'yes','RH Fedora%GSKIP%Fedora C3'),(13,215,'yes','RH Fedora%GSKIP%Fedora C4'),(13,216,'yes','RH Fedora%GSKIP%Fedora C5'),(13,217,'yes','RH Fedora%GSKIP%Fedora C6'),(13,1319,'yes','SlackWare%GSKIP%Slackware 13.0'),(13,220,'yes','Solaris%GSKIP%Solaris 10'),(13,2572,'yes','Solaris%GSKIP%Solaris 11'),(13,218,'yes','Solaris%GSKIP%Solaris 8'),(13,219,'yes','Solaris%GSKIP%Solaris 9'),(13,233,'yes','SUSE Enterprise%GSKIP%SLES10'),(13,1317,'yes','SUSE Enterprise%GSKIP%SLES11'),(13,2380,'yes','SUSE Enterprise%GSKIP%SLES12'),(13,2403,'yes','SUSE Enterprise%GSKIP%SLES9'),(13,1704,'yes','Ubuntu%GSKIP%Ubuntu 10.04 LTS'),(13,1705,'yes','Ubuntu%GSKIP%Ubuntu 10.10'),(13,1706,'yes','Ubuntu%GSKIP%Ubuntu 11.04'),(13,1707,'yes','Ubuntu%GSKIP%Ubuntu 11.10'),(13,1708,'yes','Ubuntu%GSKIP%Ubuntu 12.04 LTS'),(13,1813,'yes','Ubuntu%GSKIP%Ubuntu 12.10'),(13,2107,'yes','Ubuntu%GSKIP%Ubuntu 13.04'),(13,2108,'yes','Ubuntu%GSKIP%Ubuntu 13.10'),(13,2109,'yes','Ubuntu%GSKIP%Ubuntu 14.04 LTS'),(13,2560,'yes','Ubuntu%GSKIP%Ubuntu 15.10'),(13,2561,'yes','Ubuntu%GSKIP%Ubuntu 16.04 LTS'),(13,2697,'yes','Ubuntu%GSKIP%Ubuntu 16.10'),(13,428,'yes','Ubuntu%GSKIP%Ubuntu 4.10'),(13,429,'yes','Ubuntu%GSKIP%Ubuntu 5.04'),(13,430,'yes','Ubuntu%GSKIP%Ubuntu 5.10'),(13,431,'yes','Ubuntu%GSKIP%Ubuntu 6.06 LTS'),(13,432,'yes','Ubuntu%GSKIP%Ubuntu 6.10'),(13,433,'yes','Ubuntu%GSKIP%Ubuntu 7.04'),(13,434,'yes','Ubuntu%GSKIP%Ubuntu 7.10'),(13,435,'yes','Ubuntu%GSKIP%Ubuntu 8.04 LTS'),(13,796,'yes','Ubuntu%GSKIP%Ubuntu 8.10'),(13,1054,'yes','Ubuntu%GSKIP%Ubuntu 9.04'),(13,1320,'yes','Ubuntu%GSKIP%Ubuntu 9.10'),(13,1508,'yes','VMWare Hypervisor%GSKIP%VMware ESX 3.5'),(13,1510,'yes','VMWare Hypervisor%GSKIP%VMware ESX 4.0'),(13,1512,'yes','VMWare Hypervisor%GSKIP%VMware ESX 4.1'),(13,1509,'yes','VMWare Hypervisor%GSKIP%VMware ESXi 3.5'),(13,1511,'yes','VMWare Hypervisor%GSKIP%VMware ESXi 4.0'),(13,1513,'yes','VMWare Hypervisor%GSKIP%VMware ESXi 4.1'),(13,1608,'yes','VMWare Hypervisor%GSKIP%VMware ESXi 5.0'),(13,2105,'yes','VMWare Hypervisor%GSKIP%VMware ESXi 5.1'),(13,2106,'yes','VMWare Hypervisor%GSKIP%VMware ESXi 5.5'),(13,2446,'yes','VMWare Hypervisor%GSKIP%VMware ESXi 6.0'),(13,1514,'yes','Xen Hypervisor%GSKIP%XenServer 4.0'),(13,1515,'yes','Xen Hypervisor%GSKIP%XenServer 5.0'),(13,1516,'yes','Xen Hypervisor%GSKIP%XenServer 5.5'),(13,2617,'yes','Xen Hypervisor%GSKIP%XenServer 5.6'),(13,2618,'yes','Xen Hypervisor%GSKIP%XenServer 6.0'),(13,2619,'yes','Xen Hypervisor%GSKIP%XenServer 6.1'),(13,2620,'yes','Xen Hypervisor%GSKIP%XenServer 6.2'),(13,2621,'yes','Xen Hypervisor%GSKIP%XenServer 6.5'),(13,2622,'yes','Xen Hypervisor%GSKIP%XenServer 7.0'),(14,1675,'yes','Arista EOS 4'),(14,250,'yes','Cisco IOS 11.2'),(14,253,'yes','Cisco IOS 11.3'),(14,244,'yes','Cisco IOS 12.0'),(14,251,'yes','Cisco IOS 12.1'),(14,252,'yes','Cisco IOS 12.2'),(14,1901,'yes','Cisco IOS 15.0'),(14,2082,'yes','Cisco IOS 15.1'),(14,2142,'yes','Cisco IOS 15.2'),(14,963,'yes','Cisco NX-OS 4.0'),(14,964,'yes','Cisco NX-OS 4.1'),(14,1365,'yes','Cisco NX-OS 4.2'),(14,1410,'yes','Cisco NX-OS 5.0'),(14,1411,'yes','Cisco NX-OS 5.1'),(14,1809,'yes','Cisco NX-OS 5.2'),(14,1643,'yes','Cisco NX-OS 6.0'),(14,2028,'yes','Cisco NX-OS 6.1'),(14,1350,'yes','ExtremeXOS 10'),(14,1351,'yes','ExtremeXOS 11'),(14,1352,'yes','ExtremeXOS 12'),(14,1592,'yes','Force10 FTOS 6'),(14,1593,'yes','Force10 FTOS 7'),(14,1594,'yes','Force10 FTOS 8'),(14,1591,'yes','Force10 SFTOS 2'),(14,249,'yes','Foundry basic L3'),(14,248,'yes','Foundry full L3'),(14,247,'yes','Foundry L2'),(14,245,'yes','Foundry SLB'),(14,246,'yes','Foundry WXM'),(14,2080,'yes','Huawei VRP 5.11'),(14,2081,'yes','Huawei VRP 5.12'),(14,1360,'yes','Huawei VRP 5.3'),(14,1361,'yes','Huawei VRP 5.5'),(14,1369,'yes','Huawei VRP 5.7'),(14,2027,'yes','Huawei VRP 8.5'),(14,1363,'yes','IronWare 5'),(14,1364,'yes','IronWare 7'),(14,1367,'yes','JunOS 10'),(14,2151,'yes','JunOS 11'),(14,2152,'yes','JunOS 12'),(14,2397,'yes','JunOS 13'),(14,2398,'yes','JunOS 14'),(14,2399,'yes','JunOS 15'),(14,1366,'yes','JunOS 9'),(14,1786,'yes','Marvell ROS 1.1'),(16,260,'yes','Cisco IOS 11.2'),(16,261,'yes','Cisco IOS 11.3'),(16,254,'yes','Cisco IOS 12.0'),(16,255,'yes','Cisco IOS 12.1'),(16,256,'yes','Cisco IOS 12.2'),(16,257,'yes','Cisco IOS 12.3'),(16,258,'yes','Cisco IOS 12.4'),(16,2667,'yes','Cisco IOS 15.0'),(16,1963,'yes','Cisco IOS 15.1'),(16,2668,'yes','Cisco IOS 15.2'),(16,2669,'yes','Cisco IOS 15.3'),(16,2670,'yes','Cisco IOS 15.4'),(16,2671,'yes','Cisco IOS 15.5'),(16,1759,'yes','Cisco IOS XR 4.2'),(16,259,'yes','Foundry L3'),(16,1597,'yes','JunOS 10'),(16,1598,'yes','JunOS 11'),(16,1599,'yes','JunOS 12'),(16,2400,'yes','JunOS 13'),(16,2401,'yes','JunOS 14'),(16,2402,'yes','JunOS 15'),(16,2473,'yes','OpenWrt 14'),(16,2474,'yes','OpenWrt 15'),(16,2475,'yes','RouterOS 6'),(17,1327,'yes','[[ Cisco%GPASS%2901 | http://www.cisco.com/en/US/products/ps10539/index.html]]'),(17,1328,'yes','[[ Cisco%GPASS%2911 | http://www.cisco.com/en/US/products/ps10540/index.html]]'),(17,1329,'yes','[[ Cisco%GPASS%2921 | http://www.cisco.com/en/US/products/ps10543/index.html]]'),(17,1330,'yes','[[ Cisco%GPASS%2951 | http://www.cisco.com/en/US/products/ps10544/index.html]]'),(17,2580,'yes','[[Cisco%GPASS%1905 | http://www.cisco.com/c/en/us/products/routers/1905-serial-integrated-services-router-isr/index.html]]'),(17,2581,'yes','[[Cisco%GPASS%1921 | http://www.cisco.com/c/en/us/products/routers/1921-integrated-services-router-isr/index.html]]'),(17,2582,'yes','[[Cisco%GPASS%1941 | http://www.cisco.com/c/en/us/products/routers/1941-integrated-services-router-isr/index.html]]'),(17,2583,'yes','[[Cisco%GPASS%1941W | http://www.cisco.com/c/en/us/products/routers/1941w-integrated-services-router-isr/index.html]]'),(17,2584,'yes','[[Cisco%GPASS%3925 | http://www.cisco.com/c/en/us/products/routers/3925-integrated-services-router-isr/index.html]]'),(17,2585,'yes','[[Cisco%GPASS%3925E | http://www.cisco.com/c/en/us/products/routers/3925e-integrated-services-router-isr/index.html]]'),(17,2586,'yes','[[Cisco%GPASS%3945 | http://www.cisco.com/c/en/us/products/routers/3945-integrated-services-router-isr/index.html]]'),(17,2587,'yes','[[Cisco%GPASS%3945E | http://www.cisco.com/c/en/us/products/routers/3945e-integrated-services-router-isr/index.html]]'),(17,2083,'yes','[[Cisco%GPASS%ASR 9001 | http://cisco.com/en/US/products/ps12074/index.html]]'),(17,1016,'yes','[[Cisco%GPASS%ASR 9006 | http://cisco.com/en/US/products/ps10075/index.html]]'),(17,1017,'yes','[[Cisco%GPASS%ASR 9010 | http://cisco.com/en/US/products/ps10076/index.html]]'),(17,2084,'yes','[[Cisco%GPASS%ASR 9922 | http://cisco.com/en/US/products/ps11755/index.html]]'),(17,949,'yes','[[F5%GPASS%WANJet 300 | http://www.f5.com/pdf/products/wanjet-hardware-ds.pdf]]'),(17,950,'yes','[[F5%GPASS%WANJet 500 | http://www.f5.com/pdf/products/wanjet-hardware-ds.pdf]]'),(17,910,'yes','[[Juniper%GPASS%E320 BSR | http://www.juniper.net/products_and_services/e_series_broadband_service/index.html]]'),(17,914,'yes','[[Juniper%GPASS%ERX-1410 | http://www.juniper.net/products_and_services/e_series_broadband_service/index.html]]'),(17,915,'yes','[[Juniper%GPASS%ERX-1440 | http://www.juniper.net/products_and_services/e_series_broadband_service/index.html]]'),(17,911,'yes','[[Juniper%GPASS%ERX-310 | http://www.juniper.net/products_and_services/e_series_broadband_service/index.html]]'),(17,912,'yes','[[Juniper%GPASS%ERX-705 | http://www.juniper.net/products_and_services/e_series_broadband_service/index.html]]'),(17,913,'yes','[[Juniper%GPASS%ERX-710 | http://www.juniper.net/products_and_services/e_series_broadband_service/index.html]]'),(17,916,'yes','[[Juniper%GPASS%J2320 | http://www.juniper.net/products_and_services/j_series_services_routers/index.html]]'),(17,917,'yes','[[Juniper%GPASS%J2350 | http://www.juniper.net/products_and_services/j_series_services_routers/index.html]]'),(17,918,'yes','[[Juniper%GPASS%J4350 | http://www.juniper.net/products_and_services/j_series_services_routers/index.html]]'),(17,919,'yes','[[Juniper%GPASS%J6350 | http://www.juniper.net/products_and_services/j_series_services_routers/index.html]]'),(17,921,'yes','[[Juniper%GPASS%M10i | http://www.juniper.net/products_and_services/m_series_routing_portfolio/index.html]]'),(17,923,'yes','[[Juniper%GPASS%M120 | http://www.juniper.net/products_and_services/m_series_routing_portfolio/index.html]]'),(17,924,'yes','[[Juniper%GPASS%M320 | http://www.juniper.net/products_and_services/m_series_routing_portfolio/index.html]]'),(17,922,'yes','[[Juniper%GPASS%M40e | http://www.juniper.net/products_and_services/m_series_routing_portfolio/index.html]]'),(17,920,'yes','[[Juniper%GPASS%M7i | http://www.juniper.net/products_and_services/m_series_routing_portfolio/index.html]]'),(17,2250,'yes','[[Juniper%GPASS%MX10 | http://www.juniper.net/products-services/routing/mx-series/mx10]]'),(17,2252,'yes','[[Juniper%GPASS%MX104 | http://www.juniper.net/products-services/routing/mx-series/mx104]]'),(17,2253,'yes','[[Juniper%GPASS%MX2010 | http://www.juniper.net/products-services/routing/mx-series/mx2010]]'),(17,2254,'yes','[[Juniper%GPASS%MX2020 | http://www.juniper.net/products-services/routing/mx-series/mx2020]]'),(17,925,'yes','[[Juniper%GPASS%MX240 | http://www.juniper.net/products-services/routing/mx-series/mx240]]'),(17,2251,'yes','[[Juniper%GPASS%MX40 | http://www.juniper.net/products-services/routing/mx-series/mx40]]'),(17,926,'yes','[[Juniper%GPASS%MX480 | http://www.juniper.net/products-services/routing/mx-series/mx480]]'),(17,2249,'yes','[[Juniper%GPASS%MX5 | http://www.juniper.net/products-services/routing/mx-series/mx5]]'),(17,1368,'yes','[[Juniper%GPASS%MX80 | http://www.juniper.net/products-services/routing/mx-series/mx80]]'),(17,927,'yes','[[Juniper%GPASS%MX960 | http://www.juniper.net/products-services/routing/mx-series/mx960]]'),(17,930,'yes','[[Juniper%GPASS%T1600 | http://www.juniper.net/products_and_services/t_series_core_platforms/index.html]]'),(17,928,'yes','[[Juniper%GPASS%T320 | http://www.juniper.net/products_and_services/t_series_core_platforms/index.html]]'),(17,929,'yes','[[Juniper%GPASS%T640 | http://www.juniper.net/products_and_services/t_series_core_platforms/index.html]]'),(17,931,'yes','[[Juniper%GPASS%TX Matrix | http://www.juniper.net/products_and_services/t_series_core_platforms/index.html]]'),(17,487,'yes','[[RAD%GPASS%FCD-IPM | http://www.rad.com/Article/0,6583,36426-E1_T1_or_Fractional_E1_T1_Modular_Access_Device_with_Integrated_Router,00.html]]'),(17,50006,'no','Cisco ASR 1001-X'),(17,50007,'no','Cisco Switch 3945 (Routeur accs internet)'),(17,304,'yes','Cisco%GPASS%1801'),(17,303,'yes','Cisco%GPASS%1802'),(17,302,'yes','Cisco%GPASS%1803'),(17,301,'yes','Cisco%GPASS%1811'),(17,300,'yes','Cisco%GPASS%1812'),(17,299,'yes','Cisco%GPASS%1841'),(17,264,'yes','Cisco%GPASS%2610XM'),(17,265,'yes','Cisco%GPASS%2611XM'),(17,272,'yes','Cisco%GPASS%2612'),(17,273,'yes','Cisco%GPASS%2620XM'),(17,268,'yes','Cisco%GPASS%2621XM'),(17,274,'yes','Cisco%GPASS%2650XM'),(17,270,'yes','Cisco%GPASS%2651XM'),(17,275,'yes','Cisco%GPASS%2691'),(17,279,'yes','Cisco%GPASS%2801'),(17,280,'yes','Cisco%GPASS%2811'),(17,281,'yes','Cisco%GPASS%2821'),(17,282,'yes','Cisco%GPASS%2851'),(17,266,'yes','Cisco%GPASS%3620'),(17,267,'yes','Cisco%GPASS%3640'),(17,283,'yes','Cisco%GPASS%3725'),(17,284,'yes','Cisco%GPASS%3745'),(17,285,'yes','Cisco%GPASS%3825'),(17,286,'yes','Cisco%GPASS%3845'),(17,2625,'yes','Cisco%GPASS%4221'),(17,2626,'yes','Cisco%GPASS%4321'),(17,2627,'yes','Cisco%GPASS%4331'),(17,2628,'yes','Cisco%GPASS%4351'),(17,2629,'yes','Cisco%GPASS%4431'),(17,2630,'yes','Cisco%GPASS%4451'),(17,305,'yes','Cisco%GPASS%7202'),(17,306,'yes','Cisco%GPASS%7204'),(17,271,'yes','Cisco%GPASS%7204VXR'),(17,307,'yes','Cisco%GPASS%7206'),(17,269,'yes','Cisco%GPASS%7206VXR'),(17,276,'yes','Cisco%GPASS%7603'),(17,308,'yes','Cisco%GPASS%7604'),(17,277,'yes','Cisco%GPASS%7606'),(17,263,'yes','Cisco%GPASS%7609'),(17,278,'yes','Cisco%GPASS%7613'),(17,2286,'yes','Cisco%GPASS%800M'),(17,2285,'yes','Cisco%GPASS%812 CiFi'),(17,2284,'yes','Cisco%GPASS%819'),(17,2283,'yes','Cisco%GPASS%861'),(17,2282,'yes','Cisco%GPASS%866VAE'),(17,2281,'yes','Cisco%GPASS%867VAE'),(17,2279,'yes','Cisco%GPASS%880 3G'),(17,2280,'yes','Cisco%GPASS%880G'),(17,2278,'yes','Cisco%GPASS%881'),(17,2276,'yes','Cisco%GPASS%886VA'),(17,2277,'yes','Cisco%GPASS%886VA-W'),(17,2273,'yes','Cisco%GPASS%887V'),(17,2274,'yes','Cisco%GPASS%887VA'),(17,2275,'yes','Cisco%GPASS%887VA-W'),(17,2272,'yes','Cisco%GPASS%888'),(17,2271,'yes','Cisco%GPASS%891'),(17,2270,'yes','Cisco%GPASS%892'),(17,2574,'yes','Cisco%GPASS%ASR 920'),(17,2288,'yes','Cisco%GPASS%C881W'),(17,2287,'yes','Cisco%GPASS%C892FSP'),(17,309,'yes','Cisco%GPASS%OSR-7609'),(17,1609,'yes','Fortinet%GPASS%Fortigate 310B'),(17,311,'yes','Foundry%GPASS%BigIron 15000'),(17,262,'yes','Foundry%GPASS%BigIron 4000'),(17,310,'yes','Foundry%GPASS%BigIron 8000'),(17,298,'yes','Foundry%GPASS%BigIron RX-16'),(17,417,'yes','Foundry%GPASS%BigIron RX-32'),(17,296,'yes','Foundry%GPASS%BigIron RX-4'),(17,297,'yes','Foundry%GPASS%BigIron RX-8'),(17,290,'yes','Foundry%GPASS%NetIron MLX-16'),(17,291,'yes','Foundry%GPASS%NetIron MLX-32'),(17,288,'yes','Foundry%GPASS%NetIron MLX-4'),(17,289,'yes','Foundry%GPASS%NetIron MLX-8'),(17,294,'yes','Foundry%GPASS%NetIron XMR 16000'),(17,295,'yes','Foundry%GPASS%NetIron XMR 32000'),(17,292,'yes','Foundry%GPASS%NetIron XMR 4000'),(17,293,'yes','Foundry%GPASS%NetIron XMR 8000'),(17,2245,'yes','Huawei%GPASS%NE20E-S16'),(17,2243,'yes','Huawei%GPASS%NE20E-S4'),(17,2244,'yes','Huawei%GPASS%NE20E-S8'),(17,2248,'yes','Huawei%GPASS%NE40E-X16'),(17,2246,'yes','Huawei%GPASS%NE40E-X3'),(17,2247,'yes','Huawei%GPASS%NE40E-X8'),(17,2472,'yes','MikroTik%GPASS%3011UiAS-RM'),(17,2704,'yes','MikroTik%GPASS%CCR1009-7G-1C-1S+'),(17,2173,'yes','MikroTik%GPASS%CCR1009-8G-1S'),(17,2174,'yes','MikroTik%GPASS%CCR1009-8G-1S-1S+'),(17,2048,'yes','MikroTik%GPASS%CCR1016-12G'),(17,2175,'yes','MikroTik%GPASS%CCR1016-12S-1S+'),(17,2050,'yes','MikroTik%GPASS%CCR1036-12G-4S'),(17,2049,'yes','MikroTik%GPASS%CCR1036-8G-2S+'),(17,2471,'yes','MikroTik%GPASS%CCR1072-1G-8S+'),(17,2039,'yes','MikroTik%GPASS%RB1000U'),(17,2040,'yes','MikroTik%GPASS%RB1100'),(17,2042,'yes','MikroTik%GPASS%RB1100AH'),(17,2043,'yes','MikroTik%GPASS%RB1100AHx2'),(17,2041,'yes','MikroTik%GPASS%RB1100Hx2'),(17,2044,'yes','MikroTik%GPASS%RB1200'),(17,2046,'yes','MikroTik%GPASS%RB2011iL-RM'),(17,2045,'yes','MikroTik%GPASS%RB2011L-RM'),(17,2047,'yes','MikroTik%GPASS%RB2011UAS-RM'),(18,1878,'yes','[[Infortrend%GPASS%ES A04U-G2421 | http://www.infortrend.com/global/products/models/ES%20A04U-G2421]]'),(18,1865,'yes','[[Infortrend%GPASS%ES A08F-G2422 | http://www.infortrend.com/global/products/models/ES%20A08F-G2422]]'),(18,1868,'yes','[[Infortrend%GPASS%ES A08S-C2133 | http://www.infortrend.com/global/products/models/ES%20A08S-C2133]]'),(18,1869,'yes','[[Infortrend%GPASS%ES A08S-C2134 | http://www.infortrend.com/global/products/models/ES%20A08S-C2134]]'),(18,1871,'yes','[[Infortrend%GPASS%ES A08S-G2130 | http://www.infortrend.com/global/products/models/ES%20A08S-G2130]]'),(18,1876,'yes','[[Infortrend%GPASS%ES A08U-G2421 | http://www.infortrend.com/global/products/models/ES%20A08U-G2421]]'),(18,1867,'yes','[[Infortrend%GPASS%ES A12E-G2121 | http://www.infortrend.com/global/products/models/ES%20A12E-G2121]]'),(18,1866,'yes','[[Infortrend%GPASS%ES A12F-G2422 | http://www.infortrend.com/global/products/models/ES%20A12F-G2422]]'),(18,1872,'yes','[[Infortrend%GPASS%ES A12S-G2130 | http://www.infortrend.com/global/products/models/ES%20A12S-G2130]]'),(18,1877,'yes','[[Infortrend%GPASS%ES A12U-G2421 | http://www.infortrend.com/global/products/models/ES%20A12U-G2421]]'),(18,1882,'yes','[[Infortrend%GPASS%ES A16F-J2430-G | http://www.infortrend.com/global/products/models/ES%20A16F-J2430-G]]'),(18,1870,'yes','[[Infortrend%GPASS%ES A16S-G2130 | http://www.infortrend.com/global/products/models/ES%20A16S-G2130]]'),(18,1875,'yes','[[Infortrend%GPASS%ES A24U-G2421 | http://www.infortrend.com/global/products/models/ES%20A24U-G2421]]'),(18,1880,'yes','[[Infortrend%GPASS%ES B12S-J1000-R | http://www.infortrend.com/global/products/models/ES%20B12S-J1000-R]]'),(18,1881,'yes','[[Infortrend%GPASS%ES B12S-J1000-S | http://www.infortrend.com/global/products/models/ES%20B12S-J1000-S]]'),(18,1879,'yes','[[Infortrend%GPASS%ES F16F-J4000-R | http://www.infortrend.com/global/products/models/ES%20F16F-J4000-R]]'),(18,1853,'yes','[[Infortrend%GPASS%ES F16F-R4031 | http://www.infortrend.com/global/products/models/ES%20F16F-R4031]]'),(18,1854,'yes','[[Infortrend%GPASS%ES F16F-R4840 | http://www.infortrend.com/global/products/models/ES%20F16F-R4840]]'),(18,1855,'yes','[[Infortrend%GPASS%ES F16F-S4031 | http://www.infortrend.com/global/products/models/ES%20F16F-S4031]]'),(18,1856,'yes','[[Infortrend%GPASS%ES F16F-S4840 | http://www.infortrend.com/global/products/models/ES%20F16F-S4840]]'),(18,1863,'yes','[[Infortrend%GPASS%ES S12F-G1842 | http://www.infortrend.com/global/products/models/ES%20S12F-G1842]]'),(18,1864,'yes','[[Infortrend%GPASS%ES S12F-R1840 | http://www.infortrend.com/global/products/models/ES%20S12F-R1840]]'),(18,1885,'yes','[[Infortrend%GPASS%ES S12S-J1000-G | http://www.infortrend.com/global/products/models/ES%20S12S-J1000-G]]'),(18,1886,'yes','[[Infortrend%GPASS%ES S12S-J1002-R | http://www.infortrend.com/global/products/models/ES%20S12S-J1002-R]]'),(18,1874,'yes','[[Infortrend%GPASS%ES S12U-G1440 | http://www.infortrend.com/global/products/models/ES%20S12U-G1440]]'),(18,1861,'yes','[[Infortrend%GPASS%ES S16F-G1840 | http://www.infortrend.com/global/products/models/ES%20S16F-G1840]]'),(18,1862,'yes','[[Infortrend%GPASS%ES S16F-R1840 | http://www.infortrend.com/global/products/models/ES%20S16F-R1840]]'),(18,1883,'yes','[[Infortrend%GPASS%ES S16S-J1000-R1 | http://www.infortrend.com/global/products/models/ES%20S16S-J1000-R1]]'),(18,1884,'yes','[[Infortrend%GPASS%ES S16S-J1000-S1 | http://www.infortrend.com/global/products/models/ES%20S16S-J1000-S1]]'),(18,1873,'yes','[[Infortrend%GPASS%ES S16U-G1440 | http://www.infortrend.com/global/products/models/ES%20S16U-G1440]]'),(18,1857,'yes','[[Infortrend%GPASS%ES S24F-G1440 | http://www.infortrend.com/global/products/models/ES%20S24F-G1440]]'),(18,1858,'yes','[[Infortrend%GPASS%ES S24F-G1840 | http://www.infortrend.com/global/products/models/ES%20S24F-G1840]]'),(18,1859,'yes','[[Infortrend%GPASS%ES S24F-R1440 | http://www.infortrend.com/global/products/models/ES%20S24F-R1440]]'),(18,1860,'yes','[[Infortrend%GPASS%ES S24F-R1840 | http://www.infortrend.com/global/products/models/ES%20S24F-R1840]]'),(18,1088,'yes','[[NetApp%GPASS%FAS2020 | http://www.netapp.com/us/products/storage-systems/fas2000/]]'),(18,1089,'yes','[[NetApp%GPASS%FAS2050 | http://www.netapp.com/us/products/storage-systems/fas2000/]]'),(18,1094,'yes','[[NetApp%GPASS%FAS3140 | http://www.netapp.com/us/products/storage-systems/fas3100/]]'),(18,1095,'yes','[[NetApp%GPASS%FAS3160 | http://www.netapp.com/us/products/storage-systems/fas3100/]]'),(18,1096,'yes','[[NetApp%GPASS%FAS3170 | http://www.netapp.com/us/products/storage-systems/fas3100/]]'),(18,1098,'yes','[[NetApp%GPASS%FAS6040 | http://www.netapp.com/us/products/storage-systems/fas6000/]]'),(18,1100,'yes','[[NetApp%GPASS%FAS6080 | http://www.netapp.com/us/products/storage-systems/fas6000/]]'),(18,1101,'yes','[[NetApp%GPASS%V3140 | http://www.netapp.com/us/products/storage-systems/v3100/]]'),(18,1102,'yes','[[NetApp%GPASS%V3160 | http://www.netapp.com/us/products/storage-systems/v3100/]]'),(18,1103,'yes','[[NetApp%GPASS%V3170 | http://www.netapp.com/us/products/storage-systems/v3100/]]'),(18,1104,'yes','[[NetApp%GPASS%V6030 | http://www.netapp.com/us/products/storage-systems/v6000/]]'),(18,1105,'yes','[[NetApp%GPASS%V6040 | http://www.netapp.com/us/products/storage-systems/v6000/]]'),(18,1106,'yes','[[NetApp%GPASS%V6070 | http://www.netapp.com/us/products/storage-systems/v6000/]]'),(18,1107,'yes','[[NetApp%GPASS%V6080 | http://www.netapp.com/us/products/storage-systems/v6000/]]'),(18,3269,'yes','[[SuperMicro%GPASS%927R-E2CJB | http://www.supermicro.com/products/system/2U/927/SSG-927R-E2CJB.cfm]]'),(18,2994,'yes','[[SuperMicro%GPASS%937R-E2CJB | http://www.supermicro.com/products/system/3U/937/SSG-937R-E2CJB.cfm]]'),(18,3240,'yes','[[SuperMicro%GPASS%937R-E2JB | http://www.supermicro.com/products/system/3U/937/SYS-937R-E2JB.cfm]]'),(18,3086,'yes','[[SuperMicro%GPASS%947R-E2CJB | http://www.supermicro.com/products/system/4U/947/SSG-947R-E2CJB.cfm]]'),(18,3598,'yes','[[SuperMicro%GPASS%K1048-RT | http://www.supermicro.com/products/system/1u/k1048/ssg-k1048-rt.cfm]]'),(18,997,'yes','Dell EqualLogic PS5000'),(18,998,'yes','Dell EqualLogic PS6000'),(18,437,'yes','Dell PowerVault%GPASS%210S'),(18,323,'yes','Dell PowerVault%GPASS%220S'),(18,438,'yes','Dell PowerVault%GPASS%221S'),(18,995,'yes','Dell PowerVault%GPASS%MD1000'),(18,996,'yes','Dell PowerVault%GPASS%MD1120'),(18,1382,'yes','Dell PowerVault%GPASS%MD1220'),(18,324,'yes','Dell PowerVault%GPASS%MD3000'),(18,322,'yes','Dell PowerVault%GPASS%NX1950'),(18,313,'yes','Dell/EMC AX150'),(18,316,'yes','EMC CLARiiON CX300'),(18,1003,'yes','EMC CLARiiON CX4 DAE'),(18,999,'yes','EMC CLARiiON CX4-120 SPE'),(18,1000,'yes','EMC CLARiiON CX4-240 SPE'),(18,1001,'yes','EMC CLARiiON CX4-480 SPE'),(18,1002,'yes','EMC CLARiiON CX4-960 SPE'),(18,314,'yes','EMC CLARiiON CX600'),(18,3640,'yes','EMC Isilon NL410'),(18,3641,'yes','EMC Isilon S210'),(18,3642,'yes','EMC Isilon X410'),(18,3643,'yes','EMC RecoverPoint G5'),(18,3644,'yes','EMC RecoverPoint G6'),(18,3610,'yes','EMC Unity 300'),(18,3614,'yes','EMC Unity 350F'),(18,3611,'yes','EMC Unity 400'),(18,3615,'yes','EMC Unity 450F'),(18,3612,'yes','EMC Unity 500'),(18,3616,'yes','EMC Unity 550F'),(18,3613,'yes','EMC Unity 600'),(18,3617,'yes','EMC Unity 650F'),(18,3621,'yes','EMC VMAX 100K'),(18,3618,'yes','EMC VMAX 10K'),(18,3622,'yes','EMC VMAX 200K'),(18,3619,'yes','EMC VMAX 20K'),(18,3623,'yes','EMC VMAX 250F'),(18,3624,'yes','EMC VMAX 400K'),(18,3620,'yes','EMC VMAX 40K'),(18,3625,'yes','EMC VMAX 450F'),(18,3626,'yes','EMC VMAX 850F'),(18,3627,'yes','EMC VMAX 950F'),(18,3634,'yes','EMC VNX 5200'),(18,3630,'yes','EMC VNX 5300'),(18,3635,'yes','EMC VNX 5400'),(18,3631,'yes','EMC VNX 5500'),(18,3636,'yes','EMC VNX 5600'),(18,3632,'yes','EMC VNX 5700'),(18,3637,'yes','EMC VNX 5800'),(18,3633,'yes','EMC VNX 7500'),(18,3638,'yes','EMC VNX 7600'),(18,3639,'yes','EMC VNX 8000'),(18,3647,'yes','EMC VNXe 3150'),(18,3648,'yes','EMC VNXe 3300'),(18,2436,'yes','EMC VNXe1600'),(18,2437,'yes','EMC VNXe3200'),(18,3645,'yes','EMC VPLEX'),(18,3646,'yes','EMC VPLEX V6'),(18,3628,'yes','EMC XtremIO'),(18,3629,'yes','EMC XtremIO X2'),(18,2623,'yes','HP StorageWorks P6300'),(18,50005,'no','IBM Storwize V7000'),(18,1108,'yes','NetApp%GPASS%DS14mk2 AT'),(18,1109,'yes','NetApp%GPASS%DS14mk2 FC'),(18,1110,'yes','NetApp%GPASS%DS14mk4 FC'),(18,2456,'yes','NetApp%GPASS%FAS2220'),(18,2457,'yes','NetApp%GPASS%FAS2240-2'),(18,2458,'yes','NetApp%GPASS%FAS2240-4'),(18,2459,'yes','NetApp%GPASS%FAS2520'),(18,2460,'yes','NetApp%GPASS%FAS2552'),(18,2461,'yes','NetApp%GPASS%FAS2554'),(18,1090,'yes','NetApp%GPASS%FAS3020'),(18,1091,'yes','NetApp%GPASS%FAS3040'),(18,1092,'yes','NetApp%GPASS%FAS3050'),(18,1093,'yes','NetApp%GPASS%FAS3070'),(18,2391,'yes','NetApp%GPASS%FAS3210'),(18,2392,'yes','NetApp%GPASS%FAS3220'),(18,2393,'yes','NetApp%GPASS%FAS3240'),(18,2394,'yes','NetApp%GPASS%FAS3270'),(18,1097,'yes','NetApp%GPASS%FAS6030'),(18,1099,'yes','NetApp%GPASS%FAS6070'),(18,321,'yes','Sun%GPASS%StorageTek 3120'),(18,320,'yes','Sun%GPASS%StorageTek 3320'),(18,319,'yes','Sun%GPASS%StorageTek 3510'),(18,318,'yes','Sun%GPASS%StorageTek 3511'),(18,317,'yes','Sun%GPASS%StorageTek 6140'),(18,312,'yes','Sun%GPASS%StorEdge A1000'),(18,315,'yes','Sun%GPASS%StorEdge D240'),(19,1850,'yes','[[NEC%GPASS%LL009F | http://www.nec.com/en/global/prod/tapestorage/index_009.html]]'),(19,1851,'yes','[[NEC%GPASS%T30A | http://www.nec.com/en/global/prod/tapestorage/index_t30a.html]]'),(19,1852,'yes','[[NEC%GPASS%T60A | http://www.nec.com/en/global/prod/tapestorage/index_t60a.html]]'),(19,334,'yes','Dell PowerVault%GPASS%124T'),(19,331,'yes','Dell PowerVault%GPASS%132T'),(19,325,'yes','Dell PowerVault%GPASS%136T'),(19,330,'yes','Dell PowerVault%GPASS%ML6000'),(19,333,'yes','Dell PowerVault%GPASS%TL2000'),(19,332,'yes','Dell PowerVault%GPASS%TL4000'),(19,335,'yes','Sun%GPASS%StorageTek C2'),(19,329,'yes','Sun%GPASS%StorageTek C4'),(19,327,'yes','Sun%GPASS%StorageTek L1400'),(19,326,'yes','Sun%GPASS%StorageTek SL500'),(19,328,'yes','Sun%GPASS%StorageTek SL8500'),(21,1847,'yes','[[APC%GPASS%AP5201 | http://www.apc.com/products/resource/include/techspec_index.cfm?base_sku=AP5201]]'),(21,1848,'yes','[[APC%GPASS%AP5202 | http://www.apc.com/products/resource/include/techspec_index.cfm?base_sku=AP5202]]'),(21,492,'yes','[[Aten ACS1208A | http://www.aten.com/products/productItem.php?pcid=20070130111936003&psid=20070130133658002&pid=20050224111025006&layerid=subClass2]]'),(21,493,'yes','[[Aten ACS1216A | http://www.aten.com/products/productItem.php?pcid=20070130111936003&psid=20070130133658002&pid=20050224111953008&layerid=subClass2]]'),(21,500,'yes','[[Aten CS1004 | http://www.aten.com/products/productItem.php?pcid=20070130111936003&psid=20070130133658002&pid=20050224100546008&layerid=subClass2]]'),(21,503,'yes','[[Aten CS138A | http://www.aten.com/products/productItem.php?pcid=20070130111936003&psid=20070130133658002&pid=20050224111458007&layerid=subClass2]]'),(21,498,'yes','[[Aten CS1708 | http://www.aten.com/products/productItem.php?pcid=20070130111936003&psid=20070130133658002&pid=2005022410563008&layerid=subClass2]]'),(21,499,'yes','[[Aten CS1716 | http://www.aten.com/products/productItem.php?pcid=20070130111936003&psid=20070130133658002&pid=20050224110022008&layerid=subClass2]]'),(21,494,'yes','[[Aten CS1754 | http://www.aten.com/products/productItem.php?pcid=20070130111936003&psid=20070130133658002&pid=20050217161051008&layerid=subClass2]]'),(21,495,'yes','[[Aten CS1758 | http://www.aten.com/products/productItem.php?pcid=20070130111936003&psid=20070130133658002&pid=20050224093143008&layerid=subClass2]]'),(21,501,'yes','[[Aten CS228 | http://www.aten.com/products/productItem.php?pcid=20070130111936003&psid=20070130133658002&pid=20050224114323008&layerid=subClass2]]'),(21,502,'yes','[[Aten CS428 | http://www.aten.com/products/productItem.php?pcid=20070130111936003&psid=20070130133658002&pid=20050224114721008&layerid=subClass2]]'),(21,491,'yes','[[Aten CS78 | http://www.aten.com/products/productItem.php?pcid=20070130111936003&psid=20070130133658002&pid=20070319151852001&layerid=subClass2]]'),(21,504,'yes','[[Aten CS88A | http://www.aten.com/products/productItem.php?pcid=20070130111936003&psid=20070130133658002&pid=2005022411042006&layerid=subClass2]]'),(21,496,'yes','[[Aten CS9134 | http://www.aten.com/products/productItem.php?pcid=2005010513171002&psid=20070130133658002&pid=20050217172845005&layerid=subClass2]]'),(21,497,'yes','[[Aten CS9138 | http://www.aten.com/products/productItem.php?pcid=20070130111936003&psid=20070130133658002&pid=20050224094519006&layerid=subClass2]]'),(21,510,'yes','[[Aten KH0116 | http://www.aten.com/products/productItem.php?pcid=2006041110563001&psid=20060411130954001&pid=20060411145734003&layerid=subClass1]]'),(21,508,'yes','[[Aten KH1508 | http://www.aten.com/products/productItem.php?pcid=2006041110563001&psid=20060411130954001&pid=20061101174038001&layerid=subClass1]]'),(21,509,'yes','[[Aten KH1516 | http://www.aten.com/products/productItem.php?pcid=2006041110563001&psid=20060411130954001&pid=20061101175320001&layerid=subClass1]]'),(21,511,'yes','[[Aten KH98 | http://www.aten.com/products/productItem.php?pcid=2005010513171002&psid=2007012911116003&pid=20061221104352001&layerid=subClass1]]'),(21,506,'yes','[[Aten KM0216 | http://www.aten.com/products/productItem.php?pcid=2006041110563001&psid=20060411131626002&pid=20060417153950007&layerid=subClass1]]'),(21,507,'yes','[[Aten KM0432 | http://www.aten.com/products/productItem.php?pcid=2006041110563001&psid=20060411131626002&pid=2006041715359007&layerid=subClass1]]'),(21,505,'yes','[[Aten KM0832 | http://www.aten.com/products/productItem.php?pcid=2005010513171002&psid=20060411131626002&pid=20060628154826001&layerid=subClass1]]'),(21,468,'yes','[[Avocent AutoView 3200 | http://www.emersonnetworkpower.com/en-US/Products/InfrastructureManagement/DigitalKVMAppliances/Pages/AvocentAutoViewAppliances.aspx]]'),(21,456,'yes','[[Avocent DSR1030 | http://www.emersonnetworkpower.com/en-US/Products/InfrastructureManagement/DigitalKVMAppliances/Pages/AvocentDSRAppliances.aspx]]'),(21,451,'yes','[[Avocent DSR1031 | http://www.emersonnetworkpower.com/en-US/Products/InfrastructureManagement/DigitalKVMAppliances/Pages/AvocentDSRAppliances.aspx]]'),(21,457,'yes','[[Avocent DSR2030 | http://www.emersonnetworkpower.com/en-US/Products/InfrastructureManagement/DigitalKVMAppliances/Pages/AvocentDSRAppliances.aspx]]'),(21,458,'yes','[[Avocent DSR2035 | http://www.emersonnetworkpower.com/en-US/Products/InfrastructureManagement/DigitalKVMAppliances/Pages/AvocentDSRAppliances.aspx]]'),(21,459,'yes','[[Avocent DSR4030 | http://www.emersonnetworkpower.com/en-US/Products/InfrastructureManagement/DigitalKVMAppliances/Pages/AvocentDSRAppliances.aspx]]'),(21,460,'yes','[[Avocent DSR8030 | http://www.emersonnetworkpower.com/en-US/Products/InfrastructureManagement/DigitalKVMAppliances/Pages/AvocentDSRAppliances.aspx]]'),(21,461,'yes','[[Avocent DSR8035 | http://www.emersonnetworkpower.com/en-US/Products/InfrastructureManagement/DigitalKVMAppliances/Pages/AvocentDSRAppliances.aspx]]'),(21,1839,'yes','[[Avocent%GPASS%AutoView 3008 | http://www.emersonnetworkpower.com/en-US/Products/InfrastructureManagement/DigitalKVMAppliances/Pages/AvocentAutoViewAppliances.aspx]]'),(21,1840,'yes','[[Avocent%GPASS%AutoView 3016 | http://www.emersonnetworkpower.com/en-US/Products/InfrastructureManagement/DigitalKVMAppliances/Pages/AvocentAutoViewAppliances.aspx]]'),(21,636,'yes','[[D-Link%GPASS%DKVM-16 | http://www.dlink.com/products/?sec=0&pid=228]]'),(21,637,'yes','[[D-Link%GPASS%DKVM-8E | http://www.dlink.com/products/?sec=0&pid=161]]'),(21,462,'yes','Avocent AutoView 1415'),(21,463,'yes','Avocent AutoView 1515'),(21,464,'yes','Avocent AutoView 2015'),(21,465,'yes','Avocent AutoView 2020'),(21,466,'yes','Avocent AutoView 2030'),(21,467,'yes','Avocent AutoView 3100'),(21,452,'yes','Avocent DSR1020'),(21,448,'yes','Avocent DSR1021'),(21,449,'yes','Avocent DSR1022'),(21,450,'yes','Avocent DSR1024'),(21,453,'yes','Avocent DSR2020'),(21,454,'yes','Avocent DSR4020'),(21,455,'yes','Avocent DSR8020'),(21,471,'yes','Avocent SwitchView 1000 16-port'),(21,469,'yes','Avocent SwitchView 1000 4-port'),(21,470,'yes','Avocent SwitchView 1000 8-port'),(21,2198,'yes','Raritan%GPASS%Dominion KXII-108'),(21,2199,'yes','Raritan%GPASS%Dominion KXII-116'),(21,2200,'yes','Raritan%GPASS%Dominion KXII-132'),(21,2201,'yes','Raritan%GPASS%Dominion KXIII-108'),(21,2202,'yes','Raritan%GPASS%Dominion KXIII-116'),(21,2203,'yes','Raritan%GPASS%Dominion KXIII-132'),(21,2447,'yes','Raritan%GPASS%Dominion KXIII-216'),(21,2448,'yes','Raritan%GPASS%Dominion KXIII-232'),(21,2449,'yes','Raritan%GPASS%Dominion KXIII-416'),(21,2450,'yes','Raritan%GPASS%Dominion KXIII-432'),(21,2451,'yes','Raritan%GPASS%Dominion KXIII-464'),(21,2452,'yes','Raritan%GPASS%Dominion KXIII-808'),(21,2453,'yes','Raritan%GPASS%Dominion KXIII-832'),(21,2454,'yes','Raritan%GPASS%Dominion KXIII-864'),(21,2455,'yes','TrippLite%GPASS%B051-000'),(23,526,'yes','[[Aten ACS1208AL | http://www.aten.com/products/productItem.php?pcid=2005010513171002&psid=20060411131050002&pid=2005022413597003&layerid=subClass1]]'),(23,527,'yes','[[Aten ACS1216AL | http://www.aten.com/products/productItem.php?pcid=2005010513171002&psid=20060411131050002&pid=2005022413597003&layerid=subClass1]]'),(23,525,'yes','[[Aten CL1200 | http://www.aten.com/products/productItem.php?pcid=2005010513171002&psid=20060411131050002&pid=20050722165040002&layerid=subClass1]]'),(23,523,'yes','[[Aten CL1208 | http://www.aten.com/products/productItem.php?pcid=2005010513171002&psid=20060411131050002&pid=2005072215482&layerid=subClass1]]'),(23,524,'yes','[[Aten CL1216 | http://www.aten.com/products/productItem.php?pcid=2005010513171002&psid=20060411131050002&pid=2005072215482&layerid=subClass1]]'),(23,522,'yes','[[Aten CL1758 | http://www.aten.com/products/productItem.php?pcid=2005010513171002&psid=20060411131050002&pid=20051229164553003&layerid=subClass1]]'),(23,521,'yes','[[Aten CS1200L | http://www.aten.com/products/productItem.php?pcid=2005010513171002&psid=20060411131050002&pid=20050224140854008&layerid=subClass1]]'),(23,519,'yes','[[Aten CS1208DL | http://www.aten.com/products/productItem.php?pcid=2005010513171002&psid=20060411131050002&pid=2005022413505007&layerid=subClass1]]'),(23,520,'yes','[[Aten CS1216DL | http://www.aten.com/products/productItem.php?pcid=2005010513171002&psid=20060411131050002&pid=2005022413505007&layerid=subClass1]]'),(23,512,'yes','[[Aten KL1100 | http://www.aten.com/products/productItem.php?pcid=2005010513171002&psid=20060411131050002&pid=20071225113046001&layerid=subClass1]]'),(23,518,'yes','[[Aten KL1116 | http://www.aten.com/products/productItem.php?pcid=2006041110563001&psid=20060411131050002&pid=20060420101520005&layerid=subClass1]]'),(23,513,'yes','[[Aten KL1508 | http://www.aten.com/products/productItem.php?pcid=2006041110563001&psid=20060411131050002&pid=20070710020717009&layerid=subClass1]]'),(23,514,'yes','[[Aten KL1516 | http://www.aten.com/products/productItem.php?pcid=2006041110563001&psid=20060411131050002&pid=20070716232614001&layerid=subClass1]]'),(23,517,'yes','[[Aten KL3116 | http://www.aten.com/products/productItem.php?pcid=2005010513171002&psid=20060411131050002&pid=20060913162532009&layerid=subClass1]]'),(23,515,'yes','[[Aten KL9108 | http://www.aten.com/products/productItem.php?pcid=2005010513171002&psid=20060411131050002&pid=20060811153413009&layerid=subClass1]]'),(23,516,'yes','[[Aten KL9116 | http://www.aten.com/products/productItem.php?pcid=2006041110563001&psid=20060411131050002&pid=2006081115384001&layerid=subClass1]]'),(23,1845,'yes','[[Avocent%GPASS%AP17KMMP | http://www.emersonnetworkpower.com/en-US/Products/InfrastructureManagement/LCDConsoleTrays/Pages/AvocentLCDConsoleTray.aspx]]'),(23,1844,'yes','[[Avocent%GPASS%ECS17KMM | http://www.emersonnetworkpower.com/en-US/Products/InfrastructureManagement/LCDConsoleTrays/Pages/AvocentLCDConsoleTray.aspx]]'),(23,1843,'yes','[[Avocent%GPASS%ECS17KMMP | http://www.emersonnetworkpower.com/en-US/Products/InfrastructureManagement/LCDConsoleTrays/Pages/AvocentLCDConsoleTray.aspx]]'),(23,1841,'yes','[[Avocent%GPASS%ECS19PWRUSB | http://www.emersonnetworkpower.com/en-US/Products/InfrastructureManagement/LCDConsoleTrays/Pages/AvocentLCDConsoleTray.aspx]]'),(23,1842,'yes','[[Avocent%GPASS%ECS19UWRUSB | http://www.emersonnetworkpower.com/en-US/Products/InfrastructureManagement/LCDConsoleTrays/Pages/AvocentLCDConsoleTray.aspx]]'),(23,1846,'yes','[[Avocent%GPASS%LCD17 | http://www.emersonnetworkpower.com/en-US/Products/InfrastructureManagement/LCDConsoleTrays/Pages/AvocentLCDConsoleTray.aspx]]'),(23,2204,'yes','Dell%GPASS%18.5in LED KMM'),(24,717,'yes','[[Cisco%GPASS%ASR 1002 | http://cisco.com/en/US/products/ps9436/index.html]]'),(24,718,'yes','[[Cisco%GPASS%ASR 1004 | http://cisco.com/en/US/products/ps9437/index.html]]'),(24,719,'yes','[[Cisco%GPASS%ASR 1006 | http://cisco.com/en/US/products/ps9438/index.html]]'),(24,806,'yes','[[Cisco%GPASS%IDS 4215 | http://www.cisco.com/en/US/products/hw/vpndevc/ps4077/ps5367/index.html]]'),(24,807,'yes','[[Cisco%GPASS%IDS 4240 | http://www.cisco.com/en/US/products/ps5768/index.html]]'),(24,808,'yes','[[Cisco%GPASS%IDS 4255 | http://www.cisco.com/en/US/products/ps5769/index.html]]'),(24,809,'yes','[[Cisco%GPASS%IDS 4260 | http://www.cisco.com/en/US/products/ps6751/index.html]]'),(24,810,'yes','[[Cisco%GPASS%IDS 4270 | http://www.cisco.com/en/US/products/ps9157/index.html]]'),(24,818,'yes','[[D-Link%GPASS%DFL-1600 | http://www.dlink.com/products/?sec=0&pid=454]]'),(24,819,'yes','[[D-Link%GPASS%DFL-M510 | http://www.dlink.com/products/?sec=0&pid=455]]'),(24,820,'yes','[[Extreme Networks%GPASS%Sentriant AG200 | http://www.extremenetworks.com/products/sentriant-ag200.aspx]]'),(24,821,'yes','[[Extreme Networks%GPASS%Sentriant NG300 | http://www.extremenetworks.com/products/sentriant-ng300.aspx]]'),(24,951,'yes','[[F5%GPASS%FirePass 1200 | http://www.f5.com/pdf/products/firepass-hardware-ds.pdf]]'),(24,952,'yes','[[F5%GPASS%FirePass 4100 | http://www.f5.com/pdf/products/firepass-hardware-ds.pdf]]'),(24,953,'yes','[[F5%GPASS%FirePass 4300 | http://www.f5.com/pdf/products/firepass-hardware-ds.pdf]]'),(24,828,'yes','[[Juniper%GPASS%ISG 1000 | http://www.juniper.net/products_and_services/firewall_slash_ipsec_vpn/isg_series_slash_gprs/index.html]]'),(24,829,'yes','[[Juniper%GPASS%ISG 2000 | http://www.juniper.net/products_and_services/firewall_slash_ipsec_vpn/isg_series_slash_gprs/index.html]]'),(24,830,'yes','[[Juniper%GPASS%NetScreen 5200 | http://www.juniper.net/products_and_services/firewall_slash_ipsec_vpn/isg_series_slash_gprs/index.html]]'),(24,831,'yes','[[Juniper%GPASS%NetScreen 5400 | http://www.juniper.net/products_and_services/firewall_slash_ipsec_vpn/isg_series_slash_gprs/index.html]]'),(24,832,'yes','[[Juniper%GPASS%SRX 5600 | http://www.juniper.net/products_and_services/srx_series/index.html]]'),(24,833,'yes','[[Juniper%GPASS%SRX 5800 | http://www.juniper.net/products_and_services/srx_series/index.html]]'),(24,823,'yes','[[Juniper%GPASS%SSG 140 | http://www.juniper.net/products_and_services/firewall_slash_ipsec_vpn/ssg_140/index.html]]'),(24,824,'yes','[[Juniper%GPASS%SSG 320 | http://www.juniper.net/products_and_services/firewall_slash_ipsec_vpn/ssg_300_series/index.html]]'),(24,825,'yes','[[Juniper%GPASS%SSG 350 | http://www.juniper.net/products_and_services/firewall_slash_ipsec_vpn/ssg_300_series/index.html]]'),(24,826,'yes','[[Juniper%GPASS%SSG 520 | http://www.juniper.net/products_and_services/firewall_slash_ipsec_vpn/ssg_500_series/index.html]]'),(24,827,'yes','[[Juniper%GPASS%SSG 550 | http://www.juniper.net/products_and_services/firewall_slash_ipsec_vpn/ssg_500_series/index.html]]'),(24,840,'yes','[[SonicWall%GPASS%NSA 240 | http://www.sonicwall.com/us/products/NSA_240.html]]'),(24,841,'yes','[[SonicWall%GPASS%NSA 2400 | http://www.sonicwall.com/us/products/NSA_2400.html]]'),(24,842,'yes','[[SonicWall%GPASS%NSA 3500 | http://www.sonicwall.com/us/products/NSA_3500.html]]'),(24,843,'yes','[[SonicWall%GPASS%NSA 4500 | http://www.sonicwall.com/us/products/NSA_4500.html]]'),(24,844,'yes','[[SonicWall%GPASS%NSA 5000 | http://www.sonicwall.com/us/products/NSA_5000.html]]'),(24,845,'yes','[[SonicWall%GPASS%NSA E5500 | http://www.sonicwall.com/us/products/NSA_E5500.html]]'),(24,846,'yes','[[SonicWall%GPASS%NSA E6500 | http://www.sonicwall.com/us/products/NSA_E6500.html]]'),(24,847,'yes','[[SonicWall%GPASS%NSA E7500 | http://www.sonicwall.com/us/products/NSA_E7500.html]]'),(24,834,'yes','[[SonicWall%GPASS%PRO 1260 | http://www.sonicwall.com/us/products/PRO_1260.html]]'),(24,835,'yes','[[SonicWall%GPASS%PRO 2040 | http://www.sonicwall.com/us/products/PRO_2040.html]]'),(24,836,'yes','[[SonicWall%GPASS%PRO 3060 | http://www.sonicwall.com/us/products/PRO_3060.html]]'),(24,837,'yes','[[SonicWall%GPASS%PRO 4060 | http://www.sonicwall.com/us/products/PRO_4060.html]]'),(24,838,'yes','[[SonicWall%GPASS%PRO 4100 | http://www.sonicwall.com/us/products/PRO_4100.html]]'),(24,839,'yes','[[SonicWall%GPASS%PRO 5060 | http://www.sonicwall.com/us/products/PRO_5060.html]]'),(24,799,'yes','Cisco%GPASS%ASA 5505'),(24,800,'yes','Cisco%GPASS%ASA 5510'),(24,2183,'yes','Cisco%GPASS%ASA 5512-X'),(24,2184,'yes','Cisco%GPASS%ASA 5515-X'),(24,801,'yes','Cisco%GPASS%ASA 5520'),(24,2185,'yes','Cisco%GPASS%ASA 5525-X'),(24,802,'yes','Cisco%GPASS%ASA 5540'),(24,2186,'yes','Cisco%GPASS%ASA 5545-X'),(24,803,'yes','Cisco%GPASS%ASA 5550'),(24,2187,'yes','Cisco%GPASS%ASA 5555-X'),(24,804,'yes','Cisco%GPASS%ASA 5580-20'),(24,805,'yes','Cisco%GPASS%ASA 5580-40'),(24,2188,'yes','Cisco%GPASS%ASA 5585-X'),(24,822,'yes','Force10%GPASS%P-Series'),(24,811,'yes','Foundry%GPASS%SecureIron 100'),(24,812,'yes','Foundry%GPASS%SecureIron 100C'),(24,813,'yes','Foundry%GPASS%SecureIron 300'),(24,814,'yes','Foundry%GPASS%SecureIron 300C'),(24,815,'yes','Foundry%GPASS%SecureIronLS 100-4802'),(24,816,'yes','Foundry%GPASS%SecureIronLS 300-32GC02'),(24,817,'yes','Foundry%GPASS%SecureIronLS 300-32GC10G'),(24,287,'yes','Juniper%GPASS%NetScreen 100'),(24,2438,'yes','Palo Alto Networks%GPASS%PA-200'),(24,2440,'yes','Palo Alto Networks%GPASS%PA-3020'),(24,2441,'yes','Palo Alto Networks%GPASS%PA-3050'),(24,2442,'yes','Palo Alto Networks%GPASS%PA-3060'),(24,2439,'yes','Palo Alto Networks%GPASS%PA-500'),(24,2443,'yes','Palo Alto Networks%GPASS%PA-5020'),(24,2444,'yes','Palo Alto Networks%GPASS%PA-5050'),(24,2445,'yes','Palo Alto Networks%GPASS%PA-5060'),(25,971,'yes','[[Cisco%GPASS%Aironet 1140 | http://cisco.com/en/US/products/ps10092/index.html]]'),(25,972,'yes','[[Cisco%GPASS%Aironet 1200 | http://cisco.com/en/US/products/hw/wireless/ps430/ps4076/index.html]]'),(25,973,'yes','[[Cisco%GPASS%Aironet 1230 AG | http://cisco.com/en/US/products/ps6132/index.html]]'),(25,974,'yes','[[Cisco%GPASS%Aironet 1240 AG | http://cisco.com/en/US/products/ps6521/index.html]]'),(25,975,'yes','[[Cisco%GPASS%Aironet 1250 | http://cisco.com/en/US/products/ps8382/index.html]]'),(25,976,'yes','[[Cisco%GPASS%Aironet 1520 | http://cisco.com/en/US/products/ps8368/index.html]]'),(25,966,'yes','Cisco%GPASS%2106'),(25,967,'yes','Cisco%GPASS%2112'),(25,968,'yes','Cisco%GPASS%2125'),(25,969,'yes','Cisco%GPASS%4402'),(25,970,'yes','Cisco%GPASS%4404'),(25,2024,'yes','Cisco%GPASS%877'),(25,2025,'yes','Cisco%GPASS%878'),(25,1964,'yes','Cisco%GPASS%AIR-AP1041N'),(25,1965,'yes','Cisco%GPASS%AIR-AP1042N'),(25,1311,'yes','Cisco%GPASS%AIR-AP1121G'),(25,1309,'yes','Cisco%GPASS%AIR-AP1131AG'),(25,1310,'yes','Cisco%GPASS%AIR-AP1131G'),(25,1467,'yes','Cisco%GPASS%AIR-AP1141N'),(25,1307,'yes','Cisco%GPASS%AIR-AP1231G'),(25,1308,'yes','Cisco%GPASS%AIR-AP1232AG'),(25,1305,'yes','Cisco%GPASS%AIR-AP1242AG'),(25,1306,'yes','Cisco%GPASS%AIR-AP1242G'),(25,1303,'yes','Cisco%GPASS%AIR-AP1252AG'),(25,1304,'yes','Cisco%GPASS%AIR-AP1252G'),(25,1589,'yes','Cisco%GPASS%AIR-AP1261N'),(25,1468,'yes','Cisco%GPASS%AIR-AP1262N'),(25,1312,'yes','Cisco%GPASS%AIR-AP521G'),(25,1302,'yes','Cisco%GPASS%AIR-BR1310G'),(25,1301,'yes','Cisco%GPASS%AIR-BR1410A'),(25,2150,'yes','Cisco%GPASS%AIR-LAP1142N'),(25,1313,'yes','Cisco%GPASS%AIR-WLC2106'),(25,1315,'yes','Cisco%GPASS%AIR-WLC4402'),(25,1314,'yes','Cisco%GPASS%AIR-WLC526'),(25,977,'yes','Foundry%GPASS%AP150'),(25,979,'yes','Foundry%GPASS%AP201'),(25,980,'yes','Foundry%GPASS%AP208'),(25,981,'yes','Foundry%GPASS%AP250'),(25,982,'yes','Foundry%GPASS%AP300'),(25,985,'yes','Foundry%GPASS%MC1000'),(25,986,'yes','Foundry%GPASS%MC3000'),(25,987,'yes','Foundry%GPASS%MC4100'),(25,984,'yes','Foundry%GPASS%MC500'),(25,988,'yes','Foundry%GPASS%MC5000'),(25,978,'yes','Foundry%GPASS%OAP180'),(25,983,'yes','Foundry%GPASS%RS4000'),(25,1795,'yes','Motorola%GPASS%RFS 4000'),(26,1009,'yes','[[Cisco%GPASS%MDS 9124 | http://www.cisco.com/en/US/products/ps7079/index.html]]'),(26,1010,'yes','[[Cisco%GPASS%MDS 9134 | http://www.cisco.com/en/US/products/ps8414/index.html]]'),(26,3605,'yes','[[Cisco%GPASS%MDS 9148 | http://www.cisco.com/c/en/us/products/storage-networking/mds-9148-multilayer-fabric-switch/index.html]]'),(26,3606,'yes','[[Cisco%GPASS%MDS 9148S | http://www.cisco.com/c/en/us/products/storage-networking/mds-9148s-16g-multilayer-fabric-switch/index.html]]'),(26,3607,'yes','[[Cisco%GPASS%MDS 9396S | http://www.cisco.com/c/en/us/products/storage-networking/mds-9396s-16g-multilayer-fabric-switch/index.html]]'),(26,3608,'yes','[[Cisco%GPASS%MDS 9706 | http://www.cisco.com/c/en/us/products/storage-networking/mds-9706-multilayer-director/index.html]]'),(26,3609,'yes','[[Cisco%GPASS%MDS 9710 | http://www.cisco.com/c/en/us/products/storage-networking/mds-9710-multilayer-director/index.html]]'),(26,1529,'yes','Brocade (blade)%GPASS%M4424'),(26,1530,'yes','Brocade (blade)%GPASS%M5424'),(26,1526,'yes','Brocade (blade)%GPASS%McDATA 3014'),(26,1527,'yes','Brocade (blade)%GPASS%McDATA 4314'),(26,1528,'yes','Brocade (blade)%GPASS%McDATA 4416'),(26,1004,'yes','Brocade%GPASS%300'),(26,1005,'yes','Brocade%GPASS%4900'),(26,1006,'yes','Brocade%GPASS%5000'),(26,1007,'yes','Brocade%GPASS%5100'),(26,1008,'yes','Brocade%GPASS%5300'),(26,1071,'yes','Brocade%GPASS%Silkworm 2400'),(26,1072,'yes','Brocade%GPASS%Silkworm 2800'),(26,1073,'yes','Brocade%GPASS%Silkworm 3200'),(26,1074,'yes','Brocade%GPASS%Silkworm 3800'),(26,1075,'yes','Brocade%GPASS%Silkworm 3900'),(26,1076,'yes','Brocade%GPASS%Silkworm 4100'),(26,1011,'yes','QLogic%GPASS%1400'),(26,1012,'yes','QLogic%GPASS%3800'),(26,1013,'yes','QLogic%GPASS%5600Q'),(26,1014,'yes','QLogic%GPASS%5800V'),(26,1015,'yes','QLogic%GPASS%9000'),(27,1111,'yes','[[APC%GPASS%AP7152 | http://www.apc.com/products/resource/include/techspec_index.cfm?base_sku=AP7152]]'),(27,1112,'yes','[[APC%GPASS%AP7155 | http://www.apc.com/products/resource/include/techspec_index.cfm?base_sku=AP7155]]'),(27,1113,'yes','[[APC%GPASS%AP7175 | http://www.apc.com/products/resource/include/techspec_index.cfm?base_sku=AP7175]]'),(27,1114,'yes','[[APC%GPASS%AP7526 | http://www.apc.com/products/resource/include/techspec_index.cfm?base_sku=AP7526]]'),(27,1115,'yes','[[APC%GPASS%AP7551 | http://www.apc.com/products/resource/include/techspec_index.cfm?base_sku=AP7551]]'),(27,1116,'yes','[[APC%GPASS%AP7552 | http://www.apc.com/products/resource/include/techspec_index.cfm?base_sku=AP7552]]'),(27,1117,'yes','[[APC%GPASS%AP7553 | http://www.apc.com/products/resource/include/techspec_index.cfm?base_sku=AP7553]]'),(27,1118,'yes','[[APC%GPASS%AP7554 | http://www.apc.com/products/resource/include/techspec_index.cfm?base_sku=AP7554]]'),(27,1119,'yes','[[APC%GPASS%AP7555 | http://www.apc.com/products/resource/include/techspec_index.cfm?base_sku=AP7555]]'),(27,1120,'yes','[[APC%GPASS%AP7557 | http://www.apc.com/products/resource/include/techspec_index.cfm?base_sku=AP7557]]'),(27,1121,'yes','[[APC%GPASS%AP7585 | http://www.apc.com/products/resource/include/techspec_index.cfm?base_sku=AP7585]]'),(27,1122,'yes','[[APC%GPASS%AP7586 | http://www.apc.com/products/resource/include/techspec_index.cfm?base_sku=AP7586]]'),(27,1123,'yes','[[APC%GPASS%AP7611 | http://www.apc.com/products/resource/include/techspec_index.cfm?base_sku=AP7611]]'),(27,1124,'yes','[[APC%GPASS%AP7631 | http://www.apc.com/products/resource/include/techspec_index.cfm?base_sku=AP7631]]'),(27,1125,'yes','[[APC%GPASS%AP7820 | http://www.apc.com/products/resource/include/techspec_index.cfm?base_sku=AP7820]]'),(27,1126,'yes','[[APC%GPASS%AP7821 | http://www.apc.com/products/resource/include/techspec_index.cfm?base_sku=AP7821]]'),(27,1127,'yes','[[APC%GPASS%AP7822 | http://www.apc.com/products/resource/include/techspec_index.cfm?base_sku=AP7822]]'),(27,1128,'yes','[[APC%GPASS%AP7850 | http://www.apc.com/products/resource/include/techspec_index.cfm?base_sku=AP7850]]'),(27,1129,'yes','[[APC%GPASS%AP7851 | http://www.apc.com/products/resource/include/techspec_index.cfm?base_sku=AP7851]]'),(27,1130,'yes','[[APC%GPASS%AP7852 | http://www.apc.com/products/resource/include/techspec_index.cfm?base_sku=AP7852]]'),(27,1131,'yes','[[APC%GPASS%AP7853 | http://www.apc.com/products/resource/include/techspec_index.cfm?base_sku=AP7853]]'),(27,1132,'yes','[[APC%GPASS%AP7854 | http://www.apc.com/products/resource/include/techspec_index.cfm?base_sku=AP7854]]'),(27,1133,'yes','[[APC%GPASS%AP7855A | http://www.apc.com/products/resource/include/techspec_index.cfm?base_sku=AP7855A]]'),(27,1134,'yes','[[APC%GPASS%AP7856 | http://www.apc.com/products/resource/include/techspec_index.cfm?base_sku=AP7856]]'),(27,1135,'yes','[[APC%GPASS%AP7856A | http://www.apc.com/products/resource/include/techspec_index.cfm?base_sku=AP7856A]]'),(27,1136,'yes','[[APC%GPASS%AP7857 | http://www.apc.com/products/resource/include/techspec_index.cfm?base_sku=AP7857]]'),(27,1154,'yes','[[APC%GPASS%AP7900 | http://www.apc.com/products/resource/include/techspec_index.cfm?base_sku=AP7900]]'),(27,1155,'yes','[[APC%GPASS%AP7901 | http://www.apc.com/products/resource/include/techspec_index.cfm?base_sku=AP7901]]'),(27,1156,'yes','[[APC%GPASS%AP7902 | http://www.apc.com/products/resource/include/techspec_index.cfm?base_sku=AP7902]]'),(27,1151,'yes','[[APC%GPASS%AP7902J | http://www.apc.com/products/resource/include/techspec_index.cfm?base_sku=AP7902J]]'),(27,1160,'yes','[[APC%GPASS%AP7911 | http://www.apc.com/products/resource/include/techspec_index.cfm?base_sku=AP7911]]'),(27,1137,'yes','[[APC%GPASS%AP7920 | http://www.apc.com/products/resource/include/techspec_index.cfm?base_sku=AP7920]]'),(27,1138,'yes','[[APC%GPASS%AP7921 | http://www.apc.com/products/resource/include/techspec_index.cfm?base_sku=AP7921]]'),(27,1139,'yes','[[APC%GPASS%AP7922 | http://www.apc.com/products/resource/include/techspec_index.cfm?base_sku=AP7922]]'),(27,1157,'yes','[[APC%GPASS%AP7930 | http://www.apc.com/products/resource/include/techspec_index.cfm?base_sku=AP7930]]'),(27,1152,'yes','[[APC%GPASS%AP7930J | http://www.apc.com/products/resource/include/techspec_index.cfm?base_sku=AP7930J]]'),(27,1158,'yes','[[APC%GPASS%AP7931 | http://www.apc.com/products/resource/include/techspec_index.cfm?base_sku=AP7931]]'),(27,1159,'yes','[[APC%GPASS%AP7932 | http://www.apc.com/products/resource/include/techspec_index.cfm?base_sku=AP7932]]'),(27,1153,'yes','[[APC%GPASS%AP7932J | http://www.apc.com/products/resource/include/techspec_index.cfm?base_sku=AP7932J]]'),(27,1161,'yes','[[APC%GPASS%AP7940 | http://www.apc.com/products/resource/include/techspec_index.cfm?base_sku=AP7940]]'),(27,1162,'yes','[[APC%GPASS%AP7941 | http://www.apc.com/products/resource/include/techspec_index.cfm?base_sku=AP7941]]'),(27,1140,'yes','[[APC%GPASS%AP7950 | http://www.apc.com/products/resource/include/techspec_index.cfm?base_sku=AP7950]]'),(27,1141,'yes','[[APC%GPASS%AP7951 | http://www.apc.com/products/resource/include/techspec_index.cfm?base_sku=AP7951]]'),(27,1142,'yes','[[APC%GPASS%AP7952 | http://www.apc.com/products/resource/include/techspec_index.cfm?base_sku=AP7952]]'),(27,1143,'yes','[[APC%GPASS%AP7953 | http://www.apc.com/products/resource/include/techspec_index.cfm?base_sku=AP7953]]'),(27,1144,'yes','[[APC%GPASS%AP7954 | http://www.apc.com/products/resource/include/techspec_index.cfm?base_sku=AP7954]]'),(27,1145,'yes','[[APC%GPASS%AP7957 | http://www.apc.com/products/resource/include/techspec_index.cfm?base_sku=AP7957]]'),(27,1163,'yes','[[APC%GPASS%AP7960 | http://www.apc.com/products/resource/include/techspec_index.cfm?base_sku=AP7960]]'),(27,1164,'yes','[[APC%GPASS%AP7961 | http://www.apc.com/products/resource/include/techspec_index.cfm?base_sku=AP7961]]'),(27,1165,'yes','[[APC%GPASS%AP7968 | http://www.apc.com/products/resource/include/techspec_index.cfm?base_sku=AP7968]]'),(27,1166,'yes','[[APC%GPASS%AP7990 | http://www.apc.com/products/resource/include/techspec_index.cfm?base_sku=AP7990]]'),(27,1167,'yes','[[APC%GPASS%AP7991 | http://www.apc.com/products/resource/include/techspec_index.cfm?base_sku=AP7991]]'),(27,1168,'yes','[[APC%GPASS%AP7998 | http://www.apc.com/products/resource/include/techspec_index.cfm?base_sku=AP7998]]'),(27,2178,'yes','[[APC%GPASS%AP8941 | http://www.apc.com/products/resource/include/techspec_index.cfm?base_sku=AP8941]]'),(27,2179,'yes','[[APC%GPASS%AP8959EU3 | http://www.apc.com/products/resource/include/techspec_index.cfm?base_sku=AP8959EU3]]'),(27,1146,'yes','[[APC%GPASS%AP9559 | http://www.apc.com/products/resource/include/techspec_index.cfm?base_sku=AP9559]]'),(27,1147,'yes','[[APC%GPASS%AP9565 | http://www.apc.com/products/resource/include/techspec_index.cfm?base_sku=AP9565]]'),(27,1148,'yes','[[APC%GPASS%AP9568 | http://www.apc.com/products/resource/include/techspec_index.cfm?base_sku=AP9568]]'),(27,1149,'yes','[[APC%GPASS%AP9572 | http://www.apc.com/products/resource/include/techspec_index.cfm?base_sku=AP9572]]'),(28,1324,'yes','Cisco%GPASS%MCS 7816'),(28,1325,'yes','Cisco%GPASS%MCS 7825'),(28,1326,'yes','Cisco%GPASS%MCS 7835'),(29,1500,'yes','No'),(29,1501,'yes','Yes'),(30,1150,'yes','[[Cisco%GPASS%Catalyst 6509-V-E%L1,9V% | http://www.cisco.com/en/US/products/ps9306/index.html]]'),(30,156,'yes','Cisco%GPASS%Catalyst 4506%L6,1H%'),(30,157,'yes','Cisco%GPASS%Catalyst 4507R%L7,1H%'),(30,158,'yes','Cisco%GPASS%Catalyst 4510R%L10,1H%'),(30,152,'yes','Cisco%GPASS%Catalyst 6503-E%L3,1H%'),(30,153,'yes','Cisco%GPASS%Catalyst 6503%L3,1H%'),(30,151,'yes','Cisco%GPASS%Catalyst 6504-E%L4,1H%'),(30,150,'yes','Cisco%GPASS%Catalyst 6506-E%L6,1H%'),(30,154,'yes','Cisco%GPASS%Catalyst 6506%L6,1H%'),(30,148,'yes','Cisco%GPASS%Catalyst 6509-E%L9,1H%'),(30,149,'yes','Cisco%GPASS%Catalyst 6509-NEB-A%L9,1H%'),(30,155,'yes','Cisco%GPASS%Catalyst 6509-NEB%L9,1H%'),(30,369,'yes','Cisco%GPASS%Catalyst 6509%L9,1H%'),(30,2227,'yes','Cisco%GPASS%Catalyst 6807-XL%L7,1H%'),(30,1969,'yes','Enterasys%GPASS%K10%L5,2H%'),(30,1968,'yes','Enterasys%GPASS%K6%L3,2H%'),(30,2020,'yes','Enterasys%GPASS%N1%L1,1H%'),(30,2021,'yes','Enterasys%GPASS%N3%L3,1H%'),(30,2022,'yes','Enterasys%GPASS%N5%L5,1H%'),(30,2023,'yes','Enterasys%GPASS%N7%L1,7V%'),(30,1973,'yes','Enterasys%GPASS%S1%L1,1H%'),(30,1974,'yes','Enterasys%GPASS%S3%L3,1H%'),(30,1975,'yes','Enterasys%GPASS%S4%L4,1H%'),(30,1976,'yes','Enterasys%GPASS%S6%L6,1H%'),(30,1977,'yes','Enterasys%GPASS%S8%L8,1H%'),(30,935,'yes','F5%GPASS%VIPRION 2400%L2,2H%'),(30,2033,'yes','F5%GPASS%VIPRION 4480%L4,1H%'),(30,2034,'yes','F5%GPASS%VIPRION 4800%L1,8V%'),(30,888,'yes','HP ProCurve%GPASS%5406zl J8697A%L4,2H%'),(30,889,'yes','HP ProCurve%GPASS%5406zl-48G J8699A%L4,2H%'),(30,1625,'yes','HP ProCurve%GPASS%5406zl-48G PoE+ J9447A%L4,2H%'),(30,890,'yes','HP ProCurve%GPASS%5412zl J8698A%L7,2H%'),(30,891,'yes','HP ProCurve%GPASS%5412zl-96G J8700A%L7,2H%'),(30,1626,'yes','HP ProCurve%GPASS%5412zl-96G PoE+ J9448A%L7,2H%'),(30,2541,'yes','Ixia%GPASS%400Tv2'),(30,2537,'yes','Ixia%GPASS%XG12'),(30,2539,'yes','Ixia%GPASS%XGS12-HS'),(30,2540,'yes','Ixia%GPASS%XGS12-SD'),(30,2538,'yes','Ixia%GPASS%XGS2'),(30,2536,'yes','Ixia%GPASS%XM12'),(30,2535,'yes','Ixia%GPASS%XM2'),(31,1822,'yes','[[Fujitsu%GSKIP%PRIMERGY BX400 S1%L1,9V% | http://www.fujitsu.com/fts/products/computing/servers/primergy/blades/bx400/index.html]]'),(31,1823,'yes','[[Fujitsu%GSKIP%PRIMERGY BX900 S2%L2,9V% | http://www.fujitsu.com/fts/products/computing/servers/primergy/blades/bx900s2/index.html]]'),(31,2882,'yes','[[SuperMicro%GPASS%1028TP-DC0FR | http://www.supermicro.com/products/system/1U/1028/SYS-1028TP-DC0FR.cfm]]'),(31,3261,'yes','[[SuperMicro%GPASS%1028TP-DC0R | http://www.supermicro.com/products/system/1U/1028/SYS-1028TP-DC0R.cfm]]'),(31,2825,'yes','[[SuperMicro%GPASS%1028TP-DC0TR | http://www.supermicro.com/products/system/1U/1028/SYS-1028TP-DC0TR.cfm]]'),(31,3445,'yes','[[SuperMicro%GPASS%1028TP-DC1FR | http://www.supermicro.com/products/system/1U/1028/SYS-1028TP-DC1FR.cfm]]'),(31,3062,'yes','[[SuperMicro%GPASS%1028TP-DC1R | http://www.supermicro.com/products/system/1U/1028/SYS-1028TP-DC1R.cfm]]'),(31,3493,'yes','[[SuperMicro%GPASS%1028TP-DC1TR | http://www.supermicro.com/products/system/1U/1028/SYS-1028TP-DC1TR.cfm]]'),(31,3108,'yes','[[SuperMicro%GPASS%1028TP-DTFR | http://www.supermicro.com/products/system/1U/1028/SYS-1028TP-DTFR.cfm]]'),(31,2912,'yes','[[SuperMicro%GPASS%1028TP-DTR | http://www.supermicro.com/products/system/1U/1028/SYS-1028TP-DTR.cfm]]'),(31,3189,'yes','[[SuperMicro%GPASS%1028TP-DTTR | http://www.supermicro.com/products/system/1U/1028/SYS-1028TP-DTTR.cfm]]'),(31,3194,'yes','[[SuperMicro%GPASS%2028TP-DC0FR | http://www.supermicro.com/products/system/2u/2028/SYS-2028TP-DC0FR.cfm]]'),(31,2714,'yes','[[SuperMicro%GPASS%2028TP-DC0R | http://www.supermicro.com/products/system/2u/2028/SYS-2028TP-DC0R.cfm]]'),(31,3237,'yes','[[SuperMicro%GPASS%2028TP-DC0TR | http://www.supermicro.com/products/system/2u/2028/SYS-2028TP-DC0TR.cfm]]'),(31,3377,'yes','[[SuperMicro%GPASS%2028TP-DC1FR | http://www.supermicro.com/products/system/2u/2028/SYS-2028TP-DC1FR.cfm]]'),(31,3003,'yes','[[SuperMicro%GPASS%2028TP-DC1R | http://www.supermicro.com/products/system/2u/2028/SYS-2028TP-DC1R.cfm]]'),(31,3373,'yes','[[SuperMicro%GPASS%2028TP-DC1TR | http://www.supermicro.com/products/system/2u/2028/SYS-2028TP-DC1TR.cfm]]'),(31,3035,'yes','[[SuperMicro%GPASS%2028TP-DECFR | http://www.supermicro.com/products/system/2u/2028/SYS-2028TP-DECFR.cfm]]'),(31,2945,'yes','[[SuperMicro%GPASS%2028TP-DECR | http://www.supermicro.com/products/system/2u/2028/SYS-2028TP-DECR.cfm]]'),(31,3012,'yes','[[SuperMicro%GPASS%2028TP-DECTR | http://www.supermicro.com/products/system/2u/2028/SYS-2028TP-DECTR.cfm]]'),(31,3007,'yes','[[SuperMicro%GPASS%2028TP-DNCFR | http://www.supermicro.com/products/system/2u/2028/SYS-2028TP-DNCFR.cfm]]'),(31,2937,'yes','[[SuperMicro%GPASS%2028TP-DNCR | http://www.supermicro.com/products/system/2u/2028/SYS-2028TP-DNCR.cfm]]'),(31,2735,'yes','[[SuperMicro%GPASS%2028TP-DNCTR | http://www.supermicro.com/products/system/2u/2028/SYS-2028TP-DNCTR.cfm]]'),(31,3037,'yes','[[SuperMicro%GPASS%2028TP-DTFR | http://www.supermicro.com/products/system/2u/2028/SYS-2028TP-DTFR.cfm]]'),(31,2720,'yes','[[SuperMicro%GPASS%2028TP-DTR | http://www.supermicro.com/products/system/2u/2028/SYS-2028TP-DTR.cfm]]'),(31,3183,'yes','[[SuperMicro%GPASS%2028TP-DTTR | http://www.supermicro.com/products/system/2u/2028/SYS-2028TP-DTTR.cfm]]'),(31,2982,'yes','[[SuperMicro%GPASS%2028TP-HC0FR | http://www.supermicro.com/products/system/2u/2028/SYS-2028TP-HC0FR.cfm]]'),(31,3069,'yes','[[SuperMicro%GPASS%2028TP-HC0R | http://www.supermicro.com/products/system/2U/2028/SYS-2028TP-HC0R.cfm]]'),(31,2709,'yes','[[SuperMicro%GPASS%2028TP-HC0R-SIOM | https://www.supermicro.com/products/system/2U/2028/SYS-2028TP-HC0R-SIOM.cfm]]'),(31,3504,'yes','[[SuperMicro%GPASS%2028TP-HC0TR | http://www.supermicro.com/products/system/2U/2028/SYS-2028TP-HC0TR.cfm]]'),(31,3324,'yes','[[SuperMicro%GPASS%2028TP-HC1FR | http://www.supermicro.com/products/system/2u/2028/SYS-2028TP-HC1FR.cfm]]'),(31,3270,'yes','[[SuperMicro%GPASS%2028TP-HC1R | http://www.supermicro.com/products/system/2u/2028/SYS-2028TP-HC1R.cfm]]'),(31,3093,'yes','[[SuperMicro%GPASS%2028TP-HC1R-SIOM | http://www.supermicro.com/products/system/2U/2028/SYS-2028TP-HC1R-SIOM.cfm]]'),(31,3277,'yes','[[SuperMicro%GPASS%2028TP-HC1TR | http://www.supermicro.com/products/system/2u/2028/SYS-2028TP-HC1TR.cfm]]'),(31,2951,'yes','[[SuperMicro%GPASS%2028TP-HTFR | http://www.supermicro.com/products/system/2u/2028/SYS-2028TP-HTFR.cfm]]'),(31,2763,'yes','[[SuperMicro%GPASS%2028TP-HTR | http://www.supermicro.com/products/system/2u/2028/SYS-2028TP-HTR.cfm]]'),(31,3233,'yes','[[SuperMicro%GPASS%2028TP-HTR-SIOM | http://www.supermicro.com/products/system/2U/2028/SYS-2028TP-HTR-SIOM.cfm]]'),(31,2941,'yes','[[SuperMicro%GPASS%2028TP-HTTR | http://www.supermicro.com/products/system/2u/2028/SYS-2028TP-HTTR.cfm]]'),(31,3034,'yes','[[SuperMicro%GPASS%6028TP-DNCFR | http://www.supermicro.com/products/system/2u/6028/SYS-6028TP-DNCFR.cfm]]'),(31,3140,'yes','[[SuperMicro%GPASS%6028TP-DNCR | http://www.supermicro.com/products/system/2u/6028/SYS-6028TP-DNCR.cfm]]'),(31,3134,'yes','[[SuperMicro%GPASS%6028TP-DNCTR | http://www.supermicro.com/products/system/2u/6028/SYS-6028TP-DNCTR.cfm]]'),(31,3137,'yes','[[SuperMicro%GPASS%6028TP-HC0FR | http://www.supermicro.com/products/system/2u/6028/SYS-6028TP-HC0FR.cfm]]'),(31,3602,'yes','[[SuperMicro%GPASS%6028TP-HC0R | http://www.supermicro.com/products/system/2u/6028/SYS-6028TP-HC0R.cfm]]'),(31,2802,'yes','[[SuperMicro%GPASS%6028TP-HC0R-SIOM | http://www.supermicro.com/products/system/2U/6028/SYS-6028TP-HC0R-SIOM.cfm]]'),(31,3143,'yes','[[SuperMicro%GPASS%6028TP-HC0TR | http://www.supermicro.com/products/system/2u/6028/SYS-6028TP-HC0TR.cfm]]'),(31,2983,'yes','[[SuperMicro%GPASS%6028TP-HC1FR | http://www.supermicro.com/products/system/2u/6028/SYS-6028TP-HC1FR.cfm]]'),(31,3337,'yes','[[SuperMicro%GPASS%6028TP-HC1R | http://www.supermicro.com/products/system/2u/6028/SYS-6028TP-HC1R.cfm]]'),(31,3549,'yes','[[SuperMicro%GPASS%6028TP-HC1R-SIOM | http://www.supermicro.com/products/system/2U/6028/SYS-6028TP-HC1R-SIOM.cfm]]'),(31,2933,'yes','[[SuperMicro%GPASS%6028TP-HC1TR | http://www.supermicro.com/products/system/2u/6028/SYS-6028TP-HC1TR.cfm]]'),(31,2898,'yes','[[SuperMicro%GPASS%6028TP-HTFR | http://www.supermicro.com/products/system/2U/6028/sys-6028tp-htfr.cfm]]'),(31,3203,'yes','[[SuperMicro%GPASS%6028TP-HTR | http://www.supermicro.com/products/system/2u/6028/SYS-6028TP-HTR.cfm]]'),(31,3026,'yes','[[SuperMicro%GPASS%6028TP-HTR-SIOM | http://www.supermicro.com/products/system/2U/6028/SYS-6028TP-HTR-SIOM.cfm]]'),(31,2884,'yes','[[SuperMicro%GPASS%6028TP-HTTR | http://www.supermicro.com/products/system/2u/6028/SYS-6028TP-HTTR.cfm]]'),(31,3188,'yes','[[SuperMicro%GPASS%F517H6-FT | http://www.supermicro.com/products/system/4u/f517/SYS-F517H6-FT.cfm]]'),(31,2804,'yes','[[SuperMicro%GPASS%F617H6-FT+ | http://www.supermicro.com/products/system/4u/f617/SYS-F617H6-FT_.cfm]]'),(31,3103,'yes','[[SuperMicro%GPASS%F617H6-FTL+ | http://www.supermicro.com/products/system/4U/F617/SYS-F617H6-FTL_.cfm]]'),(31,3583,'yes','[[SuperMicro%GPASS%F617H6-FTPT+ | http://www.supermicro.com/products/system/4U/F617/SYS-F617H6-FTPT_.cfm]]'),(31,3239,'yes','[[SuperMicro%GPASS%F617H6-FTPTL+ | http://www.supermicro.com/products/system/4U/F617/SYS-F617H6-FTPTL_.cfm]]'),(31,3247,'yes','[[SuperMicro%GPASS%F617R2-F72+ | http://www.supermicro.com/products/system/4u/f617/SYS-F617R2-F72_.cfm]]'),(31,3451,'yes','[[SuperMicro%GPASS%F617R2-F73 | http://www.supermicro.com/products/system/4U/F617/SYS-F617R2-F73.cfm]]'),(31,2808,'yes','[[SuperMicro%GPASS%F617R2-FT | http://www.supermicro.com/products/system/4U/F617/SYS-F617R2-FT.cfm]]'),(31,3308,'yes','[[SuperMicro%GPASS%F617R2-FT+ | http://www.supermicro.com/products/system/4U/F617/SYS-F617R2-FT_.cfm]]'),(31,3501,'yes','[[SuperMicro%GPASS%F617R2-FTPT+ | http://www.supermicro.com/products/system/4U/F617/SYS-F617R2-FTPT_.cfm]]'),(31,2773,'yes','[[SuperMicro%GPASS%F617R2-R72+ | http://www.supermicro.com/products/system/4U/F617/SYS-F617R2-R72_.cfm]]'),(31,2962,'yes','[[SuperMicro%GPASS%F617R2-RT+ | http://www.supermicro.com/products/system/4U/F617/SYS-F617R2-RT_.cfm]]'),(31,2930,'yes','[[SuperMicro%GPASS%F617R3-FT | http://www.supermicro.com/products/system/4u/f617/SYS-F617R3-FT.cfm]]'),(31,3041,'yes','[[SuperMicro%GPASS%F617R3-FT+ | http://www.supermicro.com/products/system/4u/f617/SYS-F617R3-FT_.cfm]]'),(31,3210,'yes','[[SuperMicro%GPASS%F617R3-FTPT+ | http://www.supermicro.com/products/system/4U/F617/SYS-F617R3-FTPT_.cfm]]'),(31,2954,'yes','[[SuperMicro%GPASS%F618H6-FT+ | http://www.supermicro.com/products/system/4U/F618/SYS-F618H6-FT_.cfm]]'),(31,3192,'yes','[[SuperMicro%GPASS%F618H6-FTL+ | http://www.supermicro.com/products/system/4U/F618/SYS-F618H6-FTL_.cfm]]'),(31,3356,'yes','[[SuperMicro%GPASS%F618H6-FTPT+ | http://www.supermicro.com/products/system/4U/F618/SYS-F618H6-FTPT_.cfm]]'),(31,2890,'yes','[[SuperMicro%GPASS%F618H6-FTPTL+ | http://www.supermicro.com/products/system/4U/F618/SYS-F618H6-FTPTL_.cfm]]'),(31,2993,'yes','[[SuperMicro%GPASS%F618R2-FC0 | http://www.supermicro.com/products/system/4u/F618/SYS-F618R2-FC0.cfm]]'),(31,2856,'yes','[[SuperMicro%GPASS%F618R2-FT | http://www.supermicro.com/products/system/4u/F618/SYS-F618R2-FT.cfm]]'),(31,2872,'yes','[[SuperMicro%GPASS%F618R2-FT+ | http://www.supermicro.com/products/system/4U/F618/SYS-F618R2-FT_.cfm]]'),(31,3429,'yes','[[SuperMicro%GPASS%F618R2-FTPT+ | http://www.supermicro.com/products/system/4U/F618/SYS-F618R2-FTPT_.cfm]]'),(31,3147,'yes','[[SuperMicro%GPASS%F618R2-R72+ | http://www.supermicro.com/products/system/4u/F618/SYS-F618R2-R72_.cfm]]'),(31,3117,'yes','[[SuperMicro%GPASS%F618R2-R72PT+ | http://www.supermicro.com/products/system/4u/F618/SYS-F618R2-R72PT_.cfm]]'),(31,3091,'yes','[[SuperMicro%GPASS%F618R2-RC0+ | http://www.supermicro.com/products/system/4u/f618/SYS-F618R2-RC0_.cfm]]'),(31,2798,'yes','[[SuperMicro%GPASS%F618R2-RC0PT+ | http://www.supermicro.com/products/system/4u/f618/SYS-F618R2-RC0PT_.cfm]]'),(31,2841,'yes','[[SuperMicro%GPASS%F618R2-RC1+ | http://www.supermicro.com/products/system/4u/F618/SYS-F618R2-RC1_.cfm]]'),(31,2713,'yes','[[SuperMicro%GPASS%F618R2-RC1PT+ | http://www.supermicro.com/products/system/4u/F618/SYS-F618R2-RC1PT_.cfm]]'),(31,3131,'yes','[[SuperMicro%GPASS%F618R2-RT+ | http://www.supermicro.com/products/system/4u/f618/SYS-F618R2-RT_.cfm]]'),(31,3199,'yes','[[SuperMicro%GPASS%F618R2-RTN+ | http://www.supermicro.com/products/system/4u/F618/SYS-F618R2-RTN_.cfm]]'),(31,3446,'yes','[[SuperMicro%GPASS%F618R2-RTPT+ | http://www.supermicro.com/products/system/4u/F618/SYS-F618R2-RTPT_.cfm]]'),(31,3519,'yes','[[SuperMicro%GPASS%F618R2-RTPTN+ | http://www.supermicro.com/products/system/4u/F618/SYS-F618R2-RTPTN_.cfm]]'),(31,2897,'yes','[[SuperMicro%GPASS%F618R3-FT | http://www.supermicro.com/products/system/4u/F618/SYS-F618R3-FT.cfm]]'),(31,2977,'yes','[[SuperMicro%GPASS%F618R3-FT+ | http://www.supermicro.com/products/system/4U/F618/SYS-F618R3-FT_.cfm]]'),(31,3513,'yes','[[SuperMicro%GPASS%F618R3-FTPT+ | http://www.supermicro.com/products/system/4U/F618/SYS-F618R3-FTPT_.cfm]]'),(31,3327,'yes','[[SuperMicro%GPASS%F627G2-F73+ | http://www.supermicro.com/products/system/4U/F627/SYS-F627G2-F73_.cfm]]'),(31,3572,'yes','[[SuperMicro%GPASS%F627G2-F73PT+ | http://www.supermicro.com/products/system/4U/F627/SYS-F627G2-F73PT_.cfm]]'),(31,3568,'yes','[[SuperMicro%GPASS%F627G2-FT+ | http://www.supermicro.com/products/system/4u/f627/SYS-F627G2-FT_.cfm]]'),(31,3195,'yes','[[SuperMicro%GPASS%F627G2-FTPT+ | http://www.supermicro.com/products/system/4U/F627/SYS-F627G2-FTPT_.cfm]]'),(31,2811,'yes','[[SuperMicro%GPASS%F627G3-F73+ | http://www.supermicro.com/products/system/4U/F627/SYS-F627G3-F73_.cfm]]'),(31,3171,'yes','[[SuperMicro%GPASS%F627G3-F73PT+ | http://www.supermicro.com/products/system/4U/F627/SYS-F627G3-F73PT_.cfm]]'),(31,3397,'yes','[[SuperMicro%GPASS%F627G3-FT+ | http://www.supermicro.com/products/system/4u/f627/SYS-F627G3-FT_.cfm]]'),(31,3222,'yes','[[SuperMicro%GPASS%F627G3-FTPT+ | http://www.supermicro.com/products/system/4u/f627/SYS-F627G3-FTPT_.cfm]]'),(31,3234,'yes','[[SuperMicro%GPASS%F627R2-F72+ | http://www.supermicro.com/products/system/4U/F627/SYS-F627R2-F72_.cfm]]'),(31,3475,'yes','[[SuperMicro%GPASS%F627R2-F72PT+ | http://www.supermicro.com/products/system/4U/F627/SYS-F627R2-F72PT_.cfm]]'),(31,2820,'yes','[[SuperMicro%GPASS%F627R2-F73 | http://www.supermicro.com/products/system/4U/F627/SYS-F627R2-F73.cfm]]'),(31,2860,'yes','[[SuperMicro%GPASS%F627R2-FT+ | http://www.supermicro.com/products/system/4U/F627/SYS-F627R2-FT_.cfm]]'),(31,3051,'yes','[[SuperMicro%GPASS%F627R2-FTPT+ | http://www.supermicro.com/products/system/4U/F627/SYS-F627R2-FTPT_.cfm]]'),(31,3423,'yes','[[SuperMicro%GPASS%F627R2-RT+ | http://www.supermicro.com/products/system/4U/F627/SYS-F627R2-RT_.cfm]]'),(31,2985,'yes','[[SuperMicro%GPASS%F627R2-RTB+ | http://www.supermicro.com/products/system/4U/F627/SYS-F627R2-RTB_.cfm]]'),(31,2862,'yes','[[SuperMicro%GPASS%F627R3-F72+ | http://www.supermicro.com/products/system/4U/F627/SYS-F627R3-F72_.cfm]]'),(31,3580,'yes','[[SuperMicro%GPASS%F627R3-F72PT+ | http://www.supermicro.com/products/system/4U/F627/SYS-F627R3-F72PT_.cfm]]'),(31,3124,'yes','[[SuperMicro%GPASS%F627R3-F73 | http://www.supermicro.com/products/system/4U/F627/SYS-F627R3-F73.cfm]]'),(31,3462,'yes','[[SuperMicro%GPASS%F627R3-FT | http://www.supermicro.com/products/system/4U/F627/SYS-F627R3-FT.cfm]]'),(31,3048,'yes','[[SuperMicro%GPASS%F627R3-FT+ | http://www.supermicro.com/products/system/4U/F627/SYS-F627R3-FT_.cfm]]'),(31,3164,'yes','[[SuperMicro%GPASS%F627R3-FTPT+ | http://www.supermicro.com/products/system/4U/F627/SYS-F627R3-FTPT_.cfm]]'),(31,3460,'yes','[[SuperMicro%GPASS%F627R3-R72B+ | http://www.supermicro.com/products/system/4u/f627/SYS-F627R3-R72B_.cfm]]'),(31,3410,'yes','[[SuperMicro%GPASS%F627R3-RTB+ | http://www.supermicro.com/products/system/4u/f627/SYS-F627R3-RTB_.cfm]]'),(31,3353,'yes','[[SuperMicro%GPASS%F628G2-FC0+ | http://www.supermicro.com/products/system/4U/F628/SYS-F628G2-FC0_.cfm]]'),(31,3064,'yes','[[SuperMicro%GPASS%F628G2-FC0PT+ | http://www.supermicro.com/products/system/4U/F628/SYS-F628G2-FC0PT_.cfm]]'),(31,3100,'yes','[[SuperMicro%GPASS%F628G2-FT+ | http://www.supermicro.com/products/system/4U/F628/SYS-F628G2-FT_.cfm]]'),(31,3346,'yes','[[SuperMicro%GPASS%F628G2-FTPT+ | http://www.supermicro.com/products/system/4U/F628/SYS-F628G2-FTPT_.cfm]]'),(31,3168,'yes','[[SuperMicro%GPASS%F628G3-FC0+ | http://www.supermicro.com/products/system/4U/F628/SYS-F628G3-FC0_.cfm]]'),(31,3077,'yes','[[SuperMicro%GPASS%F628G3-FC0PT+ | http://www.supermicro.com/products/system/4U/F628/SYS-F628G3-FC0PT_.cfm]]'),(31,3552,'yes','[[SuperMicro%GPASS%F628G3-FT+ | http://www.supermicro.com/products/system/4U/F628/SYS-F628G3-FT_.cfm]]'),(31,3236,'yes','[[SuperMicro%GPASS%F628G3-FTPT+ | http://www.supermicro.com/products/system/4U/F628/SYS-F628G3-FTPT_.cfm]]'),(31,3024,'yes','[[SuperMicro%GPASS%F628R2-FC0 | http://www.supermicro.com/products/system/4u/F628/SYS-F628R2-FC0.cfm]]'),(31,3182,'yes','[[SuperMicro%GPASS%F628R2-FC0+ | http://www.supermicro.com/products/system/4U/F628/SYS-F628R2-FC0_.cfm]]'),(31,3413,'yes','[[SuperMicro%GPASS%F628R2-FC0PT+ | http://www.supermicro.com/products/system/4U/F628/SYS-F628R2-FC0PT_.cfm]]'),(31,3532,'yes','[[SuperMicro%GPASS%F628R2-FT+ | http://www.supermicro.com/products/system/4U/F628/SYS-F628R2-FT_.cfm]]'),(31,3571,'yes','[[SuperMicro%GPASS%F628R2-FTPT+ | http://www.supermicro.com/products/system/4U/F628/SYS-F628R2-FTPT_.cfm]]'),(31,3304,'yes','[[SuperMicro%GPASS%F628R3-FC0 | http://www.supermicro.com/products/system/4u/F628/SYS-F628R3-FC0.cfm]]'),(31,3461,'yes','[[SuperMicro%GPASS%F628R3-FC0+ | http://www.supermicro.com/products/system/4U/F628/SYS-F628R3-FC0_.cfm]]'),(31,2956,'yes','[[SuperMicro%GPASS%F628R3-FC0PT+ | http://www.supermicro.com/products/system/4U/F628/SYS-F628R3-FC0PT_.cfm]]'),(31,3567,'yes','[[SuperMicro%GPASS%F628R3-FT | http://www.supermicro.com/products/system/4u/f628/SYS-F628R3-FT.cfm]]'),(31,3177,'yes','[[SuperMicro%GPASS%F628R3-FT+ | http://www.supermicro.com/products/system/4U/F628/SYS-F628R3-FT_.cfm]]'),(31,2724,'yes','[[SuperMicro%GPASS%F628R3-FTPT+ | http://www.supermicro.com/products/system/4U/F628/SYS-F628R3-FTPT_.cfm]]'),(31,2754,'yes','[[SuperMicro%GPASS%F628R3-R72B+ | http://www.supermicro.com/products/system/4u/F628/SYS-F628R3-R72B_.cfm]]'),(31,3280,'yes','[[SuperMicro%GPASS%F628R3-R72BPT+ | http://www.supermicro.com/products/system/4u/F628/SYS-F628R3-R72BPT_.cfm]]'),(31,3595,'yes','[[SuperMicro%GPASS%F628R3-RC0B+ | http://www.supermicro.com/products/system/4u/f628/SYS-F628R3-RC0B_.cfm]]'),(31,3565,'yes','[[SuperMicro%GPASS%F628R3-RC0BPT+ | http://www.supermicro.com/products/system/4u/f628/SYS-F628R3-RC0BPT_.cfm]]'),(31,2989,'yes','[[SuperMicro%GPASS%F628R3-RC1B+ | http://www.supermicro.com/products/system/4u/F628/SYS-F628R3-RC1B_.cfm]]'),(31,3128,'yes','[[SuperMicro%GPASS%F628R3-RC1BPT+ | http://www.supermicro.com/products/system/4u/F628/SYS-F628R3-RC1BPT_.cfm]]'),(31,3033,'yes','[[SuperMicro%GPASS%F628R3-RTB+ | http://www.supermicro.com/products/system/4u/f628/SYS-F628R3-RTB_.cfm]]'),(31,3417,'yes','[[SuperMicro%GPASS%F628R3-RTBN+ | http://www.supermicro.com/products/system/4u/f628/SYS-F628R3-RTBN_.cfm]]'),(31,3129,'yes','[[SuperMicro%GPASS%F628R3-RTBPT+ | http://www.supermicro.com/products/system/4u/F628/SYS-F628R3-RTBPT_.cfm]]'),(31,2927,'yes','[[SuperMicro%GPASS%F628R3-RTBPTN+ | http://www.supermicro.com/products/system/4u/F628/SYS-F628R3-RTBPTN_.cfm]]'),(31,3409,'yes','[[SuperMicro%GPASS%F647G2-F73+ | http://www.supermicro.com/products/system/4U/F647/SYS-F647G2-F73_.cfm]]'),(31,3045,'yes','[[SuperMicro%GPASS%F647G2-F73PT+ | http://www.supermicro.com/products/system/4U/F647/SYS-F647G2-F73PT_.cfm]]'),(31,3299,'yes','[[SuperMicro%GPASS%F647G2-FT+ | http://www.supermicro.com/products/system/4u/f647/SYS-F647G2-FT_.cfm]]'),(31,3334,'yes','[[SuperMicro%GPASS%F647G2-FTPT+ | http://www.supermicro.com/products/system/4U/F647/SYS-F647G2-FTPT_.cfm]]'),(31,3355,'yes','[[SuperMicro%GPASS%F648G2-FC0+ | http://www.supermicro.com/products/system/4U/F648/SYS-F648G2-FC0_.cfm]]'),(31,3495,'yes','[[SuperMicro%GPASS%F648G2-FC0PT+ | http://www.supermicro.com/products/system/4U/F648/SYS-F648G2-FC0PT_.cfm]]'),(31,3058,'yes','[[SuperMicro%GPASS%F648G2-FT+ | http://www.supermicro.com/products/system/4U/F648/SYS-F648G2-FT_.cfm]]'),(31,3162,'yes','[[SuperMicro%GPASS%F648G2-FTPT+ | http://www.supermicro.com/products/system/4U/F648/SYS-F648G2-FTPT_.cfm]]'),(31,2220,'yes','Cisco%GPASS%UCS 5108 AC2 Blade Chassis%L4,2H%'),(31,1735,'yes','Cisco%GPASS%UCS 5108 Blade Chassis%L4,2H%'),(31,2221,'yes','Cisco%GPASS%UCS 5108 DC2 Blade Chassis%L4,2H%'),(31,2222,'yes','Cisco%GPASS%UCS 5108 HVDC Blade Chassis%L4,2H%'),(31,1684,'yes','Dell PowerEdge C%GPASS%C410x%L1,10V%'),(31,1685,'yes','Dell PowerEdge C%GPASS%C5000%L1,12V%'),(31,1517,'yes','Dell PowerEdge%GPASS%1855%L1,10V%'),(31,994,'yes','Dell PowerEdge%GPASS%M1000e%L2,8V%'),(31,1475,'yes','IBM%GPASS%BladeCenter E%L1,14V%'),(31,1474,'yes','IBM%GPASS%BladeCenter H%L1,14V%'),(31,1477,'yes','IBM%GPASS%BladeCenter HT'),(31,1473,'yes','IBM%GPASS%BladeCenter S'),(31,1476,'yes','IBM%GPASS%BladeCenter T'),(32,1558,'yes','Cisco%GPASS%Nexus 1000V'),(32,1557,'yes','VMware%GPASS%Distributed vSwitch'),(32,1556,'yes','VMware%GPASS%Standard vSwitch'),(33,1559,'yes','NS-OS 4.0'),(34,1400,'yes','Cisco%GPASS%RPS 2300'),(34,1401,'yes','D-Link%GPASS%DPS-800'),(34,1402,'yes','D-Link%GPASS%DPS-900'),(35,1849,'yes','[[Cisco%GPASS%RPS 2300 | http://www.cisco.com/en/US/products/ps7130/index.html]]'),(35,1405,'yes','Cisco%GPASS%C3K-PWR-1150WAC'),(35,1404,'yes','Cisco%GPASS%C3K-PWR-750WAC'),(35,1403,'yes','Cisco%GPASS%RPS 675'),(35,1406,'yes','D-Link%GPASS%DPS-200'),(35,1407,'yes','D-Link%GPASS%DPS-500'),(35,1408,'yes','D-Link%GPASS%DPS-510'),(35,1409,'yes','D-Link%GPASS%DPS-600'),(36,1653,'yes','[[Moxa%GPASS%CN2510-16 | http://www.moxa.com/product/CN2510.htm]]'),(36,1652,'yes','[[Moxa%GPASS%CN2510-8 | http://www.moxa.com/product/CN2510.htm]]'),(36,1655,'yes','[[Moxa%GPASS%CN2610-16 | http://www.moxa.com/product/CN2610.htm]]'),(36,1654,'yes','[[Moxa%GPASS%CN2610-8 | http://www.moxa.com/product/CN2610.htm]]'),(36,1657,'yes','[[Moxa%GPASS%CN2650-16 | http://www.moxa.com/product/CN2610.htm]]'),(36,1656,'yes','[[Moxa%GPASS%CN2650-8 | http://www.moxa.com/product/CN2610.htm]]'),(36,1645,'yes','[[Moxa%GPASS%NPort 6150 | http://www.moxa.com/product/NPort_6150.htm]]'),(36,1658,'yes','[[Moxa%GPASS%NPort 6250 | http://www.moxa.com/product/NPort_6250.htm]]'),(36,1659,'yes','[[Moxa%GPASS%NPort 6450 | http://www.moxa.com/product/NPort_6450.htm]]'),(36,1647,'yes','[[Moxa%GPASS%NPort 6610-16 | http://www.moxa.com/product/NPort_6650.htm]]'),(36,1648,'yes','[[Moxa%GPASS%NPort 6610-32 | http://www.moxa.com/product/NPort_6650.htm]]'),(36,1646,'yes','[[Moxa%GPASS%NPort 6610-8 | http://www.moxa.com/product/NPort_6650.htm]]'),(36,1650,'yes','[[Moxa%GPASS%NPort 6650-16 | http://www.moxa.com/product/NPort_6650.htm]]'),(36,1651,'yes','[[Moxa%GPASS%NPort 6650-32 | http://www.moxa.com/product/NPort_6650.htm]]'),(36,1649,'yes','[[Moxa%GPASS%NPort 6650-8 | http://www.moxa.com/product/NPort_6650.htm]]'),(36,1660,'yes','[[Moxa%GPASS%NPort S8458 | http://www.moxa.com/product/NPort_S8458_Series.htm]]'),(36,2205,'yes','Raritan%GPASS%Dominion SX4'),(36,2206,'yes','Raritan%GPASS%Dominion SX8'),(36,2208,'yes','Raritan%GPASS%Dominion SXA-16'),(36,2209,'yes','Raritan%GPASS%Dominion SXA-16-DL'),(36,2210,'yes','Raritan%GPASS%Dominion SXA-16-DLM'),(36,2207,'yes','Raritan%GPASS%Dominion SXA-8'),(37,1673,'yes','Cisco Aironet IOS 12.3'),(37,1674,'yes','Cisco Aironet IOS 12.4'),(37,2476,'yes','OpenWrt 14'),(37,2477,'yes','OpenWrt 15'),(37,2478,'yes','RouterOS 6'),(38,1788,'yes','Cisco%GPASS%UCS Domain'),(38,2144,'yes','Cisco%GPASS%Wireless Controller'),(38,1789,'yes','Generic%GPASS%Switch stack'),(38,50001,'no','HMC 7042-CR8'),(38,1790,'yes','VMware%GPASS%vSphere instance'),(9999,2153,'yes','[[Alcatel-Lucent%GPASS%1642 EMC | http://www.alcatel-lucent.com/products/1642-edge-multiplexer-compact]]'),(9999,482,'yes','[[Cronyx%GPASS%E1-DXC/S | http://www.cronyx.ru/hardware/e1dxc-s.html]]'),(9999,481,'yes','[[Cronyx%GPASS%E1-XL/S | http://www.cronyx.ru/hardware/e1xl-s.html]]'),(9999,486,'yes','[[Cronyx%GPASS%E1-XL/S-IP | http://www.cronyx.ru/hardware/e1xl-ip.html]]'),(9999,484,'yes','[[Cronyx%GPASS%FMUX-16-E3 | http://www.cronyx.ru/hardware/fmux16-e3.html]]'),(9999,483,'yes','[[Cronyx%GPASS%FMUX-4-E2 | http://www.cronyx.ru/hardware/fmux4-e2.html]]'),(9999,478,'yes','[[Cronyx%GPASS%FMUX/S-16E1 | http://www.cronyx.ru/hardware/fmux-ring.html]]'),(9999,479,'yes','[[Cronyx%GPASS%FMUX/S-16E1/ETS | http://www.cronyx.ru/hardware/fmux-ring.html]]'),(9999,480,'yes','[[Cronyx%GPASS%FMUX/S-16E1/M | http://www.cronyx.ru/hardware/fmux-ring.html]]'),(9999,472,'yes','[[Cronyx%GPASS%FMUX/S-4E1 | http://www.cronyx.ru/hardware/fmux-ring.html]]'),(9999,473,'yes','[[Cronyx%GPASS%FMUX/S-4E1/ETS | http://www.cronyx.ru/hardware/fmux-ring.html]]'),(9999,474,'yes','[[Cronyx%GPASS%FMUX/S-4E1/M | http://www.cronyx.ru/hardware/fmux-ring.html]]'),(9999,475,'yes','[[Cronyx%GPASS%FMUX/S-8E1 | http://www.cronyx.ru/hardware/fmux-ring.html]]'),(9999,476,'yes','[[Cronyx%GPASS%FMUX/S-8E1/ETS | http://www.cronyx.ru/hardware/fmux-ring.html]]'),(9999,477,'yes','[[Cronyx%GPASS%FMUX/S-8E1/M | http://www.cronyx.ru/hardware/fmux-ring.html]]'),(9999,485,'yes','[[Cronyx%GPASS%FMUX/SAT | http://www.cronyx.ru/hardware/fmux-sat.html]]'),(9999,490,'yes','[[RAD%GPASS%FCD-155E | http://www.rad.com/Article/0,6583,36276-Ethernet_over_SDH_SONET_ADM,00.html]]'),(9999,488,'yes','[[RAD%GPASS%FCD-E1M | http://www.rad.com/Article/0,6583,36723-E1_T1_Modular_Access_Multiplexer,00.html]]'),(9999,489,'yes','[[RAD%GPASS%FCD-T1M | http://www.rad.com/Article/0,6583,36723-E1_T1_Modular_Access_Multiplexer,00.html]]'),(9999,528,'yes','[[Tainet%GPASS%MUXpro 8216 | http://www.tainet.net/Product/muxpro820_8216.htm]]'),(9999,640,'yes','Raisecom%GPASS%ISCOM4300'),(9999,648,'yes','Raisecom%GPASS%OPCOM3100-155'),(9999,649,'yes','Raisecom%GPASS%OPCOM3101-155'),(9999,638,'yes','Raisecom%GPASS%RC702'),(9999,639,'yes','Raisecom%GPASS%RC702-GE'),(9999,672,'yes','Raisecom%GPASS%RC801-120B'),(9999,673,'yes','Raisecom%GPASS%RC801-240B'),(9999,674,'yes','Raisecom%GPASS%RC801-480B'),(9999,675,'yes','Raisecom%GPASS%RC803-120B'),(9999,676,'yes','Raisecom%GPASS%RC803-240B'),(9999,677,'yes','Raisecom%GPASS%RC803-480B'),(9999,678,'yes','Raisecom%GPASS%RC805-120B'),(9999,679,'yes','Raisecom%GPASS%RC805-240B'),(9999,680,'yes','Raisecom%GPASS%RC805-480B'),(9999,650,'yes','Raisecom%GPASS%RC831-120'),(9999,651,'yes','Raisecom%GPASS%RC831-120-BL'),(9999,652,'yes','Raisecom%GPASS%RC831-240'),(9999,653,'yes','Raisecom%GPASS%RC831-240E'),(9999,645,'yes','Raisecom%GPASS%RC953-8FE16E1'),(9999,641,'yes','Raisecom%GPASS%RC953-FE4E1'),(9999,643,'yes','Raisecom%GPASS%RC953-FE8E1'),(9999,642,'yes','Raisecom%GPASS%RC953-FX4E1'),(9999,644,'yes','Raisecom%GPASS%RC953-FX8E1'),(9999,647,'yes','Raisecom%GPASS%RC953-GESTM1'),(9999,646,'yes','Raisecom%GPASS%RC953E-3FE16E1'),(9999,666,'yes','Raisecom%GPASS%RCMS2104-120'),(9999,669,'yes','Raisecom%GPASS%RCMS2104-240'),(9999,667,'yes','Raisecom%GPASS%RCMS2304-120'),(9999,670,'yes','Raisecom%GPASS%RCMS2304-240'),(9999,668,'yes','Raisecom%GPASS%RCMS2504-120'),(9999,671,'yes','Raisecom%GPASS%RCMS2504-240'),(9999,655,'yes','Raisecom%GPASS%RCMS2801-120FE'),(9999,656,'yes','Raisecom%GPASS%RCMS2801-120FE-BL'),(9999,659,'yes','Raisecom%GPASS%RCMS2801-240EFE'),(9999,657,'yes','Raisecom%GPASS%RCMS2801-240FE'),(9999,658,'yes','Raisecom%GPASS%RCMS2801-240FE-BL'),(9999,654,'yes','Raisecom%GPASS%RCMS2801-480GE-BL'),(9999,660,'yes','Raisecom%GPASS%RCMS2811-120FE'),(9999,665,'yes','Raisecom%GPASS%RCMS2811-240EFE'),(9999,661,'yes','Raisecom%GPASS%RCMS2811-240FE'),(9999,662,'yes','Raisecom%GPASS%RCMS2811-240FE-BL'),(9999,663,'yes','Raisecom%GPASS%RCMS2811-480FE'),(9999,664,'yes','Raisecom%GPASS%RCMS2811-480FE-BL'),(9999,533,'yes','Tainet%GPASS%DSD-08A'),(9999,529,'yes','Tainet%GPASS%Mercury 3600+'),(9999,531,'yes','Tainet%GPASS%Mercury 3630'),(9999,532,'yes','Tainet%GPASS%Mercury 3630E'),(9999,530,'yes','Tainet%GPASS%Mercury 3820');
/*!40000 ALTER TABLE `Dictionary` ENABLE KEYS */;
UNLOCK TABLES;

--
-- Table structure for table `EntityLink`
--

DROP TABLE IF EXISTS `EntityLink`;
/*!40101 SET @saved_cs_client     = @@character_set_client */;
/*!40101 SET character_set_client = utf8 */;
CREATE TABLE `EntityLink` (
  `id` int(10) unsigned NOT NULL AUTO_INCREMENT,
  `parent_entity_type` enum('location','object','rack','row') COLLATE utf8_unicode_ci NOT NULL,
  `parent_entity_id` int(10) unsigned NOT NULL,
  `child_entity_type` enum('location','object','rack','row') COLLATE utf8_unicode_ci NOT NULL,
  `child_entity_id` int(10) unsigned NOT NULL,
  PRIMARY KEY (`id`),
  UNIQUE KEY `EntityLink-unique` (`parent_entity_type`,`parent_entity_id`,`child_entity_type`,`child_entity_id`),
  KEY `EntityLink-compound` (`parent_entity_type`,`child_entity_type`,`child_entity_id`)
) ENGINE=InnoDB AUTO_INCREMENT=31 DEFAULT CHARSET=utf8 COLLATE=utf8_unicode_ci;
/*!40101 SET character_set_client = @saved_cs_client */;

--
-- Dumping data for table `EntityLink`
--

LOCK TABLES `EntityLink` WRITE;
/*!40000 ALTER TABLE `EntityLink` DISABLE KEYS */;
INSERT INTO `EntityLink` VALUES (1,'location',2,'row',3),(14,'location',16,'row',17),(2,'row',3,'rack',4),(3,'row',3,'rack',5),(4,'row',3,'rack',6),(5,'row',3,'rack',7),(6,'row',3,'rack',8),(7,'row',3,'rack',9),(8,'row',3,'rack',10),(9,'row',3,'rack',11),(10,'row',3,'rack',12),(11,'row',3,'rack',13),(12,'row',3,'rack',14),(13,'row',3,'rack',15),(27,'row',3,'rack',550),(15,'row',17,'rack',18),(16,'row',17,'rack',19),(17,'row',17,'rack',20),(18,'row',17,'rack',21),(19,'row',17,'rack',22),(20,'row',17,'rack',23),(21,'row',17,'rack',24),(22,'row',17,'rack',25),(23,'row',17,'rack',26),(24,'row',17,'rack',27),(25,'row',17,'rack',28),(26,'row',17,'rack',29),(28,'row',17,'rack',567);
/*!40000 ALTER TABLE `EntityLink` ENABLE KEYS */;
UNLOCK TABLES;
/*!50003 SET @saved_cs_client      = @@character_set_client */ ;
/*!50003 SET @saved_cs_results     = @@character_set_results */ ;
/*!50003 SET @saved_col_connection = @@collation_connection */ ;
/*!50003 SET character_set_client  = utf8 */ ;
/*!50003 SET character_set_results = utf8 */ ;
/*!50003 SET collation_connection  = utf8_general_ci */ ;
/*!50003 SET @saved_sql_mode       = @@sql_mode */ ;
/*!50003 SET sql_mode              = 'ONLY_FULL_GROUP_BY,STRICT_TRANS_TABLES,NO_ZERO_IN_DATE,ERROR_FOR_DIVISION_BY_ZERO,NO_AUTO_CREATE_USER,NO_ENGINE_SUBSTITUTION' */ ;
DELIMITER ;;
/*!50003 CREATE*/ /*!50017 DEFINER=`rackuser`@`172.16.11.95`*/ /*!50003 TRIGGER `EntityLink-before-insert` BEFORE INSERT ON `EntityLink` FOR EACH ROW
EntityLinkTrigger:BEGIN
  DECLARE parent_objtype, child_objtype, count INTEGER;

  
  IF NEW.parent_entity_type = NEW.child_entity_type AND NEW.parent_entity_id = NEW.child_entity_id THEN
    SET NEW.parent_entity_id = NULL;
    LEAVE EntityLinkTrigger;
  END IF;

  
  CASE CONCAT(NEW.parent_entity_type, '.', NEW.child_entity_type)
    WHEN 'location.location' THEN
      SELECT COUNT(*) INTO count FROM EntityLink WHERE parent_entity_type = 'location' AND child_entity_type = 'location' AND child_entity_id = NEW.child_entity_id;
    WHEN 'location.row' THEN
      SELECT COUNT(*) INTO count FROM EntityLink WHERE parent_entity_type = 'location' AND child_entity_type = 'row' AND child_entity_id = NEW.child_entity_id;
    WHEN 'row.rack' THEN
      SELECT COUNT(*) INTO count FROM EntityLink WHERE parent_entity_type = 'row' AND child_entity_type = 'rack' AND child_entity_id = NEW.child_entity_id;
    ELSE
      
      SET count = 0;
  END CASE; 
  IF count > 0 THEN
    SET NEW.parent_entity_id = NULL;
    LEAVE EntityLinkTrigger;
  END IF;

  IF NEW.parent_entity_type = 'object' AND NEW.child_entity_type = 'object' THEN
    
    SELECT objtype_id INTO parent_objtype FROM Object WHERE id = NEW.parent_entity_id FOR UPDATE;
    SELECT objtype_id INTO child_objtype FROM Object WHERE id = NEW.child_entity_id FOR UPDATE;

    
    SELECT COUNT(*) INTO count FROM ObjectParentCompat WHERE parent_objtype_id = parent_objtype AND child_objtype_id = child_objtype;
    IF count = 0 THEN
      SET NEW.parent_entity_id = NULL;
    END IF;
  END IF;
END */;;
DELIMITER ;
/*!50003 SET sql_mode              = @saved_sql_mode */ ;
/*!50003 SET character_set_client  = @saved_cs_client */ ;
/*!50003 SET character_set_results = @saved_cs_results */ ;
/*!50003 SET collation_connection  = @saved_col_connection */ ;
/*!50003 SET @saved_cs_client      = @@character_set_client */ ;
/*!50003 SET @saved_cs_results     = @@character_set_results */ ;
/*!50003 SET @saved_col_connection = @@collation_connection */ ;
/*!50003 SET character_set_client  = utf8 */ ;
/*!50003 SET character_set_results = utf8 */ ;
/*!50003 SET collation_connection  = utf8_general_ci */ ;
/*!50003 SET @saved_sql_mode       = @@sql_mode */ ;
/*!50003 SET sql_mode              = 'ONLY_FULL_GROUP_BY,STRICT_TRANS_TABLES,NO_ZERO_IN_DATE,ERROR_FOR_DIVISION_BY_ZERO,NO_AUTO_CREATE_USER,NO_ENGINE_SUBSTITUTION' */ ;
DELIMITER ;;
/*!50003 CREATE*/ /*!50017 DEFINER=`rackuser`@`172.16.11.95`*/ /*!50003 TRIGGER `EntityLink-before-update` BEFORE UPDATE ON `EntityLink` FOR EACH ROW
EntityLinkTrigger:BEGIN
  DECLARE parent_objtype, child_objtype, count INTEGER;

  
  IF NEW.parent_entity_type = NEW.child_entity_type AND NEW.parent_entity_id = NEW.child_entity_id THEN
    SET NEW.parent_entity_id = NULL;
    LEAVE EntityLinkTrigger;
  END IF;

  
  CASE CONCAT(NEW.parent_entity_type, '.', NEW.child_entity_type)
    WHEN 'location.location' THEN
      SELECT COUNT(*) INTO count FROM EntityLink WHERE parent_entity_type = 'location' AND child_entity_type = 'location' AND child_entity_id = NEW.child_entity_id AND id != NEW.id;
    WHEN 'location.row' THEN
      SELECT COUNT(*) INTO count FROM EntityLink WHERE parent_entity_type = 'location' AND child_entity_type = 'row' AND child_entity_id = NEW.child_entity_id AND id != NEW.id;
    WHEN 'row.rack' THEN
      SELECT COUNT(*) INTO count FROM EntityLink WHERE parent_entity_type = 'row' AND child_entity_type = 'rack' AND child_entity_id = NEW.child_entity_id AND id != NEW.id;
    ELSE
      
      SET count = 0;
  END CASE; 
  IF count > 0 THEN
    SET NEW.parent_entity_id = NULL;
    LEAVE EntityLinkTrigger;
  END IF;

  IF NEW.parent_entity_type = 'object' AND NEW.child_entity_type = 'object' THEN
    
    SELECT objtype_id INTO parent_objtype FROM Object WHERE id = NEW.parent_entity_id FOR UPDATE;
    SELECT objtype_id INTO child_objtype FROM Object WHERE id = NEW.child_entity_id FOR UPDATE;

    
    SELECT COUNT(*) INTO count FROM ObjectParentCompat WHERE parent_objtype_id = parent_objtype AND child_objtype_id = child_objtype;
    IF count = 0 THEN
      SET NEW.parent_entity_id = NULL;
    END IF;
  END IF;
END */;;
DELIMITER ;
/*!50003 SET sql_mode              = @saved_sql_mode */ ;
/*!50003 SET character_set_client  = @saved_cs_client */ ;
/*!50003 SET character_set_results = @saved_cs_results */ ;
/*!50003 SET collation_connection  = @saved_col_connection */ ;

--
-- Table structure for table `File`
--

DROP TABLE IF EXISTS `File`;
/*!40101 SET @saved_cs_client     = @@character_set_client */;
/*!40101 SET character_set_client = utf8 */;
CREATE TABLE `File` (
  `id` int(10) unsigned NOT NULL AUTO_INCREMENT,
  `name` char(255) COLLATE utf8_unicode_ci NOT NULL,
  `type` char(255) COLLATE utf8_unicode_ci NOT NULL,
  `size` int(10) unsigned NOT NULL,
  `ctime` datetime NOT NULL,
  `mtime` datetime NOT NULL,
  `atime` datetime NOT NULL,
  `thumbnail` longblob,
  `contents` longblob NOT NULL,
  `comment` text COLLATE utf8_unicode_ci,
  PRIMARY KEY (`id`),
  UNIQUE KEY `name` (`name`)
) ENGINE=InnoDB AUTO_INCREMENT=3 DEFAULT CHARSET=utf8 COLLATE=utf8_unicode_ci;
/*!40101 SET character_set_client = @saved_cs_client */;

--
-- Dumping data for table `File`
--

LOCK TABLES `File` WRITE;
/*!40000 ALTER TABLE `File` DISABLE KEYS */;
INSERT INTO `File` VALUES (2,'Plan_IP_DMZ DCU.xlsx','application/vnd.openxmlformats-officedocument.spreadsheetml.sheet',118603,'2018-05-17 09:52:42','2018-05-17 09:52:42','2018-05-17 09:52:42',NULL,'PK\0\0\0\0\0!\0W\\0\0\0\0\0[Content_Types].xml (\0\0\0\0\0\0\0\0\0\0\0\0\0\0\0\0\0\0\0\0\0\0\0\0\0\0\0\0\0\0\0\0\0\0\0\0\0\0\0\0\0\0\0\0\0\0\0\0\0\0\0\0\0\0\0\0\0\0\0\0\0\0\0\0\0\0\0\0\0\0\0\0\0\0\0\0\0\0\0\0\0\0\0\0\0\0\0\0\0\0\0\0\0\0\0\0\0\0\0\0\0\0\0\0\0\0\0\0\0\0\0\0\0\0\0\0\0\0\0\0\0\0\0\0\0\0\0\0\0\0\0\0\0\0\0\0\0\0\0\0\0\0\0\0\0\0\0\0\0\0\0\0\0\0\0\0\0\0\0\0\0\0\0\0\0\0\0\0\0\0\0\0\0\0\0\0\0\0\0\0\0\0\0\0\0\0\0\0\0\0\0\0\0\0\0\0\0\0\0\0\0\0\0\0\0\0\0\0\0\0\0\0\0\0\0\0\0\0\0\0\0\0\0\0\0\0\0\0\0\0\0\0\0\0\0\0\0\0\0\0\0\0\0\0\0\0\0\0\0\0\0\0\0\0\0\0\0\0\0\0\0\0\0\0\0\0\0\0\0\0\0\0\0\0\0\0\0\0\0\0\0\0\0\0\0\0\0\0\0\0\0\0\0\0\0\0\0\0\0\0\0\0\0\0\0\0\0\0\0\0\0\0\0\0\0\0\0\0\0\0\0\0\0\0\0\0\0\0\0\0\0\0\0\0\0\0\0\0\0\0\0\0\0\0\0\0\0\0\0\0\0\0\0\0\0\0\0\0\0\0\0\0\0\0\0\0\0\0\0\0\0\0\0\0\0\0\0\0\0\0\0\0\0\0\0\0\0\0\0\0\0\0\0\0\0\0\0\0\0\0\0\0\0\0\0\0\0\0\0\0\0\0\0\0\0\0\0\0\0\0\0\0\0\0\0\0\0\0\0\0\0\0\0\0\0\0\0\0\0\0\0\0\0\0\0\0\0\0\0\0\0\0\0\0\0\0\0\0\0\0\0\0\0\0\0\0\0\0\0\0\0\0\0\0\0\0\0\0\0\0\0\0\0\0\0\0\0\0\0\0\0\0\0\0\0\0\0\0\0\0\0\0\0\0\0\0\0\0\0\0\0\0\0Mo1\H(\lRP6=8BkOV%{R\F	/\\3\\\\\zcM1i\Z\\SV^il+V%N	\l]\_\oV1|\<\H\\\\G+.\!Wb	b:\\;\5\|bm\;\Xu{jh)@SLb%(/\\":\0QcD\n,1~\3I\LieK\\rC\\}\ZAu+\"~b\\z~U\\n\\\ }|Yx \E!o\xW\B8.\P\U!\hRQRJjSJMmJ)M)U)6\"qeN4>	,z\R<;\\'80V\I\\\\k{}H\}/\\AD\r\P~a|\0Ld1/o\0M\c[z){G\ZCG}\\n\P\]F\\d<\\\0\0\0PK\0\0\0\0\0!\0^e\0\0\\0\0\0_rels/.rels (\0\0\0\0\0\0\0\0\0\0\0\0\0\0\0\0\0\0\0\0\0\0\0\0\0\0\0\0\0\0\0\0\0\0\0\0\0\0\0\0\0\0\0\0\0\0\0\0\0\0\0\0\0\0\0\0\0\0\0\0\0\0\0\0\0\0\0\0\0\0\0\0\0\0\0\0\0\0\0\0\0\0\0\0\0\0\0\0\0\0\0\0\0\0\0\0\0\0\0\0\0\0\0\0\0\0\0\0\0\0\0\0\0\0\0\0\0\0\0\0\0\0\0\0\0\0\0\0\0\0\0\0\0\0\0\0\0\0\0\0\0\0\0\0\0\0\0\0\0\0\0\0\0\0\0\0\0\0\0\0\0\0\0\0\0\0\0\0\0\0\0\0\0\0\0\0\0\0\0\0\0\0\0\0\0\0\0\0\0\0\0\0\0\0\0\0\0\0\0\0\0\0\0\0\0\0\0\0\0\0\0\0\0\0\0\0\0\0\0\0\0\0\0\0\0\0\0\0\0\0\0\0\0\0\0\0\0\0\0\0\0\0\0\0\0\0\0\0\0\0\0\0\0\0\0\0\0\0\0\0\0\0\0\0\0\0\0\0\0\0\0\0\0\0\0\0\0\0\0\0\0\0\0\0\0\0\0\0\0\0\0\0\0\0\0\0\0\0\0\0\0\0\0\0\0\0\0\0\0\0\0\0\0\0\0\0\0\0\0\0\0\0\0\0\0\0\0\0\0\0\0\0\0\0\0\0\0\0\0\0\0\0\0\0\0\0\0\0\0\0\0\0\0\0\0\0\0\0\0\0\0\0\0\0\0\0\0\0\0\0\0\0\0\0\0\0\0\0\0\0\0\0\0\0\0\0\0\0\0\0\0\0\0\0\0\0\0\0\0\0\0\0\0\0\0\0\0\0\0\0\0\0\0\0\0\0\0\0\0\0\0\0\0\0\0\0\0\0\0\0\0\0\0\0\0\0\0\0\0\0\0\0\0\0\0\0\0\0\0\0\0\0\0\0\0\0\0\0\0\0\0\0\0\0\0\0\0\0\0\0\0\0\0\0\0\0\0\0\0\0\0\0\0\0\0\0\0\0\0\0\0\0\0\0\0\0\0\0\0\0\0\0\0\0\0\0\0\0\0\0\0\0\0MK1\!;\*\"\l/E\Md1`7FAtzwyfx{vE	fV\KrF\H\"l\3*\\>.%uGV=\\i8XrZJ%\\\\\ZP\4\\H;s>67Mi\zo#+DY\B\5V$~\\\\"c\'Z\\k\RRF%\\8EsF|\02Xn/1=c\W\7\\0\0\0\0PK\0\0\0\0\0!\0\\\0\0\\r\0\0\Z\0xl/_rels/workbook.xml.rels (\0\0\0\0\0\0\0\0\0\0\0\0\0\0\0\0\0\0\0\0\0\0\0\0\0\0\0\0\0\0\0\0\0\0\0\0\0\0\0\0\0\0\0\0\0\0\0\0\0\0\0\0\0\0\0\0\0\0\0\0\0\0\0\0\0\0\0\0\0\0\0\0\0\0\0\0\0\0\0\0\0\0\0\0\0\0\0\0\0\0\0\0\0\0\0\0\0\0\0\0\0\0\0\0\0\0\0\0\0\0\0\0\0\0\0\0\0\0\0\0\0\0\0\0\0\0\0\0\0\0\0\0\0\0\0\0\0\0\0\0\0\0\0\0\0\0\0\0\0\0\0\0\0\0\0\0\0\0\0\0\0\0\0\0\0\0\0\0\0\0\0\0\0\0\0\0\0\0\0\0\0\0\0\0\0\0\0\0\0\0\0\0\0\0\0\0\0\0\0\0\0\0\0\0\0\0\0\0\0\0\0\0\0\0\0\0\0\0\0\0\0\0\0\0\0\0\0\0\0\0\0\0\0\0\0\0\0\0\0\0\0\0\0\0\0\0\0\0\0\0\0\0\0\0\0\0\0W\j\0FZ.qrh)\7-Ii0\i l}$\\afc\m|V9aiFPR*syX\:\n\h99%\\\\Z\K;*\\r{\\\nZaS\'mZ\(J<\\\A6W5]+|Z~isE)\d?Y1Id4l\	J~I\'\@eI\J\\\Q\jyl\TA\k+axs\G\\m\8\\nz#2Ag\:\~L\";MYd\\P\F\P8<hx R\/\c\kts\?\~zF1\\bLlj\\r1\\Z\r^m~\0\0\0\0PK\0\0\0\0\0!\0\]\0\0T\0\0\0\0\0xl/workbook.xmlV\n\6}/\P&\&i\r[c&}%:\"B*I\{X76m\rC9gF}\{a\p%^\c2S9O	x\RS$K\+3\\\fWJ={\0&!\\MVU1\%X\\'\T\\\RQrIZ^].-fZo\n^Z}\\Is]g\0\\\xe6]<I\J \m8:c\VF\\6\w9i?B|\^#.\"\\DK \\\<!,\O\\O5\\r/ \b\\<Ni-\=\\hEc\]	}T7/1\r\BA\gg\5@j+te\^EBKd\q\ZT;|tI]o\yw\x)\f\kji$N{\Z\E/T@3W)j\i.\|\\\\\\\mPa}\-c,6\\#\m8\~a	MP2\\\g\<	C4\\UB\SGCos\%8\n\\t:n\lWg)n\n,\ ;C/F{}\_>E\\\\\"w\v|g?8a\\1\:\	{\G\'\Q\\>\\7r$~\\gr1\\\	e\\\\-\Q\	\A%HC{~Q\4Oh\)<\sDRJ:\tD\_\\ \~}\>G\|\q\Z\]\'a\r\r7\W\[w}\\nY^|\nQq\s\^d\6\gWg\\\,\Zg~3\P e[0\ w\\0\0\0\0PK\0\0\0\0\0!\0\N\0\0\\0\0\0\0\0xl/worksheets/sheet4.xml\o9\\\\{\\"\n\-\X\\\>+m[^I\`eH[i\'\e\"YtIwtm{8\/wf:<\w/\&\,\'7\\\\q\\M~n?\y}e=^w/\\\\\\\\f}I\\9>\_\\c.z~\\y{-=\\\\\\v}9\rOS\{=\i\ys\\/\\\\\\\\37:y~x\\a)67?\>\q:\\\?\?o\|\\\\\\Up{\~\xi\s\\4\\\uxux7K\Mvo]\'yIq\4_wOar\\.~\7\\\g\\oN\>mNMn\qO-rB\\\\\>=\M~u!]\0\9\|\xO?n\\\O_\At}\\\\\\m\*R4?\\\C\I4<\\owu\\\pj\\\\ixsE}7\\,t\\\\W1yz<\\y\M}[I?k+\7~9s|R\\$ro7\wtc_7IK\S\\r2\\9z\^\\o$&7\,i|nF\d\\YAf\\\5Yd-Ir>\\p>l~\s\\!\s\	+)\VIpJgo\sOW>{Ao$e\\y\+)\\@\_B4mD\/f\\\\'\M:1<\\WFk-\d\\t\\2\\px*FJV:n0\\\\T\%x\iTHl#\H\t0auNM8p\zdxV\Js|\.Yi8.X`\2\T^*}2\nLWd\5d\K\\\'DK\R\@\\\T	K\,*\{\\\TB]\FJX@\\4W)`KZiJ*e\\r\n++K\9,\\\{\v-\[!g\\V&,\9\	]\`Yh\\[\rWJqYz98\}Y4$,\0/qWn9\\X~\<99u5K?\Zs\\W\PN\\\v\\.\'\qis\m\"R\eFeYCJ\!U\\\"/D\\"Be\\/0L\\JZs)]#S[\q=jcg\'sY9Zl\q\*im-[l]hXW\~87@5\\(\\ZI\\"${\\0]reki\]6R\nu)|Y\>,-;\\@\\=:/y>\\\u\aQ.\U]\\\:MJ{W *mD*2@AE\Pal#Ri@*\nc%g\|K\\"BHEE^\'\}\"\\00t*\ncL+Aw\rv_\"h\6\"~R\"=\ncLI*{\\mSR\K\ef7\TTd\<D0\\\yv\"l*mD*2yvG]\"=\ncs\AE\\TTd\@]\"=\ncLKgSal#Ryvz6\6\"<;g*B\\F\"g\AE\\TTd\@]\">\\\6%<;g*B\\F\"g\AE\\TTd\1\r\FJgSal#B\\\\9[xv\"l*mD*2y<DPz6\6\"<{F]\"=\ncL=#\.(}>\\F\"g\KgSal#Rg\\%0\\\]H\"l*mD*2yv\rTD\\)\\\\\VH\M0\\\3\>B\\Fs\AE\\TTd\9yv\"l*mD*2y<DPz6\6\"<{N]\"gSal#R\\\%0\\\s\AE\\TTd\9yv\"l*mD*2y<DPz6\6\"<{N]\"=\ncL=\'\.TME\R\7z\\\0\\\\>B\\F\"g/KgSal#R\\%<z6\6\"<{A]\"=\ncL\}Z\yl*mD*2yv}jP\\\<z6\6\"<{A]\"8j\\TTd\yv\"l*mD*2y<DPz6\6\"-Mg*\}6\6\"<{I]\"=\ncL$\.TMHE&\^g(\0\\\K\AE\\TTd\%yv\"l*mD*2y<DPz6\6\"<{I]\"=\ncL$\.TD_\\\6%<{I]\"=\ncV&\\\KgSal#RW\\%0\\\+\AE\\TTd\yvMHE&\^g*B\\F\"gKgSal#RW\\%0\\\+\AE\\TTd\yv\"l*mD*2y<DPOX\"75.\\P3L\m\\WA]NY,4L\\\5\\\$i\rd<\Ml\R{\	N\5!ImB \d\nZ\]H%Tb\\5 ]~T\)\~\r,4`\\Z\2Y\\\"JJ5e7PFTd5,\\"\n\\\"J5eZ	\ZBYDQi&e]\\ti%h5\6\;a\f\\\0IVYh\$kt\-Z\r\r,\j@i5\7\bpU!W\9?I\`\(\\^AU\<Iz\TMmC \\gV\pWB\[\T\90WB(\\JQ\t\E_lQ\nq;4\"hsy?\\ptu6ttH.r\\AQ\\k^?g2\K{\\JkC \\o\;\y\q{~\\LT\'KSo\\m+tx\ry*MF4\-\\@\\*p![6oA\b%\\4\g|\\[W\\nA.\\e7]f(\rx/\\oW\Ud\ *\IJ3;\"$\\r\t\q\\-ry&9Ek g4g g2\2Wy 2\9@_Z\^\Z\\\t*\\\Y\ShF]>{N;%<T\-\^O]Xl\=\M5\J$\s8RU\"W\\rNe=%<TD\\=\n|vKry&>k&g\\g<cTe?FW5s\\\O[~\3\T}Q\0Zo\:\\L\RM\\u*	\	ZZeA]f2\r\.\\\W\ bi\2i\{y	\Vt_P7JLg\Zd`h<!F\4\J\\\P<NED\vID]5\r\{y\yvI\\GIQgCEty\FE;|N\K\A\\\\S\nE{yFFkb\4\\OiUl\\'\\\\[wl2iE_q*;\Zy.SY\*@\Zgt8\\4\bW)\0\GF^~#M57}B\$\\\4pHsk\\3\i\-v\m`\^H\$k|&;\rMaCQ\\*uX\xAJ\c\-Ny\\\.!\-\\3_*Z.A\\{S2yft\2dZKA\n\\U(j\2i\.h\\HQ\\e\\ ]^EN#g\t8>\mwl;u*w\Z<T[6gip$`vQ\e\0\*\Z<#\A\\Bu*\Z<sTD\FQG.\0j-Ud\pT\<j\r\\\\h\sTR\^\Z\\rNES;6\RM\\r\N\S5\.AdW!\\\\R\ZD\E\rx/_SD:FUEHnl23j\wl\nu\\Wu\\A\On\\d{L\Zd^^W$g\\\!D\3\Tz5xry\Wkb6\1ZC8h/\hMVID\XO.\ k-\z\\:f\r\\i\Z<\uc#5uQ\e\0\*\\Z:ry\Z.S,vym\r\\nutA\n\\	\\\zo\>}e\k\\\s\\tu*\\Z:~!]]N\r\wlT\5t\W:f^k\\#g\U&]>\\N%_CG.\\k-U\VfP\r\\W7\n\Zd\r\GwlF)XiT,vy\r\\I\\\a4l\\\Rmn\\\0\T$6\[\5]GX\T\ ^^\bC g0v8>6g6pl\n\b\c]\T\r\.!{\\QF6\.>}!p\U\"FV&\\\\\!dil\"%fdEk \\\&Y\\Z\2\\=A5\\(B \DEyX,\a.I\\\}\Ot[\Z\}\\d>\YZO_\5qyA4\\=5s]KSo?5Z\\1ZKy?5\\"Z`Y\#f_k\"\{\r%H.O!92~z}o1\U5Z\)?\Zd\^~h\\\\Z\r\\}*\Z}y/\^D\\-Po\[Zk5\ZEwlb_k5\?5\-vy}\rsz~}6uH\Z\ F]\zf_ke\3*Z\2\\\"gU&e_J\0\W\\@\k\k[Rm\gh/\\h\rzg\kP^yJ\\z\\W\\=U\{:z\O}Z \'5\6\*5e_}\Owyf_\\}\\\k \+-o}KU5Q l.Te_\\^y\\L}\\R\4,h/\\hMV&Rz}\r\ F\e\m\\=\&Ql{yf_b_k\}^\\Z\W.M5\?5\-\\k \3*B0\pZC\[\S\\Z<^e_5O|&R\r\wlT5\}!\-\3\U5ZDo5,\}![\\@\	\\\ZBYgUl{yf_b_k^;@?~\3:@\@b_k5\6\PkqE\]5D_ZC(?}\\(B \\NT\\'q6uH}\r+/\\h\rz\\gp\\r5esy~EW\\@\k\8\6\{Rk{\\*Zec_=5\\},\Sb_k^;CUuF\+F}\\N*:#\\\Z\\\\W\/P!9fri\\6\3ZC(\`m{y~W\\5O\\^\\x\?\7g\pa\z{|\Mg]f\\=\k\K-S6}go_\\zs=|\\o7@?Go\Ow{]\\\%\\\\ow/\|n\_\O\{l\\z\\v=K[O%o/\\\als\\_\&\\\\\\&\M\\\0\0\0\0PK\0\0\0\0\0!\0*<\0\0\0\0\0\0\0xl/worksheets/sheet3.xml]\oIr \k?G|Xq`d$r\3-\6aITH\\E=5=\R\{\9\\\\\W\\\\\x\o\'\\tr{?<\N\oYON\\\;M\\\\\\\nw\\\\\tu=;\\\|>g\\\\\q}HAO\q:]^?m1\\pi|w\?}JK\=mrxz)\\\\\/\\\\a(YdOz\\\\;\|=b\\\\k&qc?\T\A\n\\\-\\O&[&\x}p;i\/go\T\B[w;>;^\d\\I\\\\lr\\^\p\W\\\\oR\\w?O\\}>ov\XL\\p6&\\'\w\D\\?v\})Cq\\\!R|\\4\\i9<\\U,\\\\~\n\\Y%?\\^&y\\\%\\~X2)?9wq_}\C\\\\T>9\\Z\,g\V\\|\\!3\?Uv\\@\9Y\/\ql\\\\\\+YBr\@H\F2Q~\${\eI\\\pdj\z\\ug{\VK+j>{\KyaU\\A.\pA\\k2E\~~I\d^k7\p	q\5\VE&\\?\4\\Z\0.t0W7|\.S]\\/ap\.\\\mO|\^\>l.Y_\\\.a=\Yb8`-}\r2\/v2[&\f\\h\8\9\5jN\\\zp\`Fyw\\ao`*#{9Y-\0n\&\n\r4\[\l8osb\k\\r)g=^\:\\\0\\r\\j\\\a\>3)c6F.j~_6\0}\IC\a&\D`\\US#r\6_7>T\w\I\VEHe\\LJ\\4\Ve\Z\V\"!F7Up\\\\\.\\ N\\7e^<5sp7\*E3+\VF\\\.y\!\g%\\L\h!4[`+2\H_\\--K|\Z\&3x\%2\e,qgz<\\D%]E9y\e\\>jR-q[p\ZK<W\}\\	\ncE_-D\\J\X\\\z<j5-\\ZO)aV<{\T\\Te]<y\\Zv\\9\5{W\fQ}q3S\2S&G.:\\\nXV*j\T+z	F\Iv2\'\\!Pbj\\ZT\f*Z\h-{Wu=\Z\h|/\\T\\Te/\\>y\]b\eoj\Zl\n&\\n\]\n7{3U\;\%\+y\]YcqgS5\U\7\\JG\\yWo\b7S\\NzTw\\\\Z8\~8{\s5Nq\Z\\U\g\>sj\P\@V*Z\fsh-{WMZ\2v2;\R\3chM0Wq\'\w\`F*#\\8sU\?d\Z1J4m\m\TV\T\3.:\:c3\\Yc\]\>y\]\8;d536S:\\'o\\TX\"\T9wU\\rBqvB\n\N\`\\'o\\T\\Te?lT{\SJ\g/U\W\\Te\sD+kl\\\TtWjn\W%\\%;\K\q1S\]}+j?7JtG\+X#2\T)=`M\~\\~\\\\l\W\TD\FM[d\s3j\'4S\~\j\'j\\$c\p Uc\/\\\>yP\Sf\eoj,\\'o\\\	.z03U[}K,;\K\L\\N\XWO\p)e\'})p\\Z=\\23\RJh\\feq\\vvwU\X}iEu5\o\\y0\n-5\IOj\n\T\CV\^x\U\Im\\]\M=Lzt]w1\\v\qMP\\_[&oxYAh@:\\0\\\ErUX<\]?\\+\\\\0\_uXc\X^5~\Z|t\3\Eq}m\\\*K\\\Sz\\'h@\KD\0aBq}m\\%bI%\"[4 |jCq}m\\%b9Rv=B^:h@._\g=\Er\h>[\0\=P\\_[Z\\)-\Z\WD\\)-\Z\W\\yx\h@.^\}+@SW!\Er1:[\!SS\\_[4 S\'\\\0!SS\\_[4 S\+\0dl\\r\Er1:[UR\9q}Ir1:[\025\Er1:[\0\`03)@kS\'o\\\)-\Z\\\\)-\Z\\\\)-\Z\\\\p#\zML-\0\zML-\0\zML-\Zn|l(-\Z\\\\h@.^Sg\0Bh@.^Sg\0B(@b\l@\\\\\r\\\1u\0 dj\k\b:[\0I)13i@.\0!SS\\_[4 Sw\\\)-\Z;b\l@\\\\\r\\\1uh@\\\#\\0LMq}m\\L\Sg\0Bh@.\0!SS\\_[0u\_w\Yx[l9}v6*_)v1H!csd\E\aJ]L\ni#UP;L	P#UeT.S\\bTHAU%T.S\"bTHAU%T.\"Sbba\'Yc2*)\y1*:o\"ed\E\aJ^L\nI#UPx]\]\bT\\)d\Z\!DN\lT\	P\2NP\\\&@E\N2VMnOK8P1\\)\0q{9>T\\\S,X\r\)R\\\l\X1[GP\	J\\\TMnw0O}P\[\>)\0\&X>n\=(T\/]h><\"e\\<!PO{v( \\<\!Pt$\n)\\;!\jT\!\n*\6)T_\n\\)q;E\n&\NY>U\lT\\)\\;\n!\	\Xcv4G\n&N5,\\nJ\N\\=+P\rwvTMnOj~*\\0:TW\\ZdnM}uj,n\'5gH&\'!co]=\\&+_\j,nRU\}|9{\\\wM\0W&=VI\~z,|GZ9%\|{2YPt\"e\\DW,n\y^QjrO\\\u\2p7GP5=i\vK}\9dj\+LVvV\X1\&@\\\V,n\e^+N|{2YPY};\ndoM\\\YpPY\N@2\\Sa\1\\\RC#\|\f\\Tp\\=w\ySy^Qj\>mt\be\\H\N\\>sc\\H{2)\\S,,!V,nSjr{\\0_\\Y2PY}{\"UoOr^*\\-\p*CY\\IU:P~{	\\8j	P=kr\}F};E\l\\$cx\\\v\\0RP5\rY[\L\rG\O>Udf\'C\\>%l\\T\\v<]Q&+\oYePY\>#nH&!F*\dqTMnIMC\~*T\\)3\F\\,\\,S\oO5VV\NjV9;\&@\\vK\\\oM\4d\A-%2\rF\S\RY*\o	\r(K\uU%\\Z+LVi=`oH95r&}\&@E\\O\\9VyK\\\q\Vw}MgH\\Yc85S\\b\i\+\=%\HY\\X5=i/c\}{Vo\y\\34u!	0x~v\\Y9~\\_Ra:Pq\n\?q;@CS\Z|\\]?\'c@;<d2ifHz\\RvHc\r&Qe0\Y\ZT\\Y\	\Y:~9<B\\7!i4x\Rv>\nm\Y!\ZI\A\"bnt\D\\OG7!I6\-h\')\rI\@\\n)F;:ih O4*vx#{e\KG\'\\\ip{q:P1[\nI\\\n\\tbnTe =:T\[\~;kI\\6Y4:\-=i(\rI\\@\#Q\Ap}{\w:P1[\N\\n,-U&`K%/\Y\+\4$c\-iWOXd:~9\}2\:\b\=dXi\;4M6\V\\,7-\'\s%9\V\\U\CSt\Z\vx\f \M\iHP*\vK|\\F\MiH:P*\vK\Y:~}};P%C\HZ\)D\rI\+\vK\Ul\|\b\\q;\Q%H\|nW\\MIjH\P\X1[\?\`o>]\\dIs;\R9W&\\1iC/\PYV#U\TyG\5*\T|#Uk]\d\CE\>f=dzmQqA\\\M;}`^a\2V\Rc:\q\\nj\Z\\1\"]jqSZ}{L\P*\1W_.Dr6d\\n\Z\s21iC\\\nB\\a\8\,\5_e^M\^43$\\cTy\\@}{q\\0VwsU\}\H\b;\)Z\\D.ut7m]`^\r\W\\.#]jd]2*W\YZL\\).,zR\0\Ay\Z\lBX\\LU\\0s71,\)H-wl\0\a,\wl\Z\\M6U`\\L)N\78u:)X\\\fo:UF(\%\hho\fy\"Z|;\S\)	T\\\'P,P-&\-\\YJ<\L\\\)IT\Zf\|5KT\)iT\FFut\R\)T9T|OB\\\lE*\\F\\TL*>\$S\\^\T#\T	Gxl\0G\:\hyyJB\\W\PU^\jNY:fHJ\\`5;yR5R&\6\rKUU6Vws\U-FMLz\\	\z\9G<UK\\X5ZoX\\SD\}o\'V-&[$W\P\d$u\D\\\hQ/\z\\z]z\1	V_MMj	VGw]-<+VU6M>\jd\j1\^%*<KV\\-\\YZB\riV#kV	GXE*\Y\Z\\hjZ\\\I{z-\I,\j<O!mX\[-,\r\VZE;6,\\-,M5M\h;6\\-~NO\ZYZLI2\F\\"g\\|<kWU[\,^-\\5xp\YhvlX\Z7\h|Z\cyF\mX%\cyFK*G\"Z|,\\h\T`Z\\Q\p|\\;$e\0\\\<\\NgM\\>SE\*c\\r\&	_\\\"\!$\)\>}\\\iw\\OW\\ ^W\\\\\&\!x\\t.N\\|x.yd|:eh\?}\mv\C|8\?\!\_w\\/W\^m{\o\'/\\n\o#\tE\0\0\0PK\0\0\0\0\0!\02+I3\0\0|\0\0\0\0xl/sharedStrings.xml\rG\\w)U\0ADIf\\)X \n4s9<\\U U\\n7kg\\\>r;K\\jZ\zb>)\yz(Y\?=Z\Za}\\{x5XWrQ\Ur].o\k\\\\\bYVb};{\\Q2)7OY(\n\\\??My-w\.yy-(\%fs9NB+PeX.\zA/\~\=|`\\A\\0Pv\0e#(;#(;&\\\\\iv\z+\\'0Y@:2UA\5\+lj\;2U\F\rHUQ[I6\<\Z\ZzM\rz\jfx\:J[\\\rzVTZyN4Y,\Uo]\\g\Iq\Z\E\hVT\\\W\\\Uq*/\u1Y\\b;k\'6\+\\)\\\\^W\\\\{z}Q|Y/E3(O=\v\\\6\-H/\UYN\.noUo\"c\]/M#U\Q]o9\9Yz\'\\M\x\/t\k\[z\Kjz3]gUq^\"\tc1\M&\'r\,YpK\\\0jzBV*\%X\q?\S)\\8J\\U\\\Z}(8\\j3Y<\j\v\'o,^t\\\\~vyd\SK\!\GV\\\V\zR\E\LDYZ1g5\ZZ=}\Z[&\G:.SpiHf\uB&\\T\\`\B[\'b\ht\16\P\=,\\0c}\\3-~\]vk,PCKd~\\\\qB\\Z\V\"\d|\\\;\,\;kj2G8\:Z k; vk\+\0O\\ZZ= {;@{\m\@\z=VU\\f\m>:>6Y\mHol\\0mk\\5\Z\ZK6u\\*K\'E>j>sbz\\\k,_\;A]r\Cz+^]V?\q\\\\/B\[mG\z6p\i/C6z6:VAC\x@:\"T\Zq\l\\@zl\Pb1\\\\I\u\tpu!\=g\ZJ\7p\.n%z\Z*L\wF}wv8\d{\'.n-!ci\:\\&\~;M\L\Z\Nq(\j\'\\=\\I\\f9MWT\p5\>\\\0\ON(Xbs~>\\\Q\\/\"-\\xm7ZB\+lD@{M=\ha\V}/u\$\:.\\P-\j\;\J\vddd\\"/B\FsZ\'\IhiK\[-\'|\ts\d{\v\kcskx^\S}3\\\Zhvk\`5\7g,_\}X}\[W\\\(I\o*\\\\\Kp5EQe\\\rt0\\\\G\1#kK6\M6vGh^g\BX\OK>l_\\Z\Hkcpby\'[#:|\f}cY?m\h\;\C1k\Wlu}:WG\\r\\\r\\2\{BcN\+h_\[\zA\~\n=B\V\"i\\V;\Rv3\3>ro=Sv|b\dZM\cuFz\\Pi#r3\V\2\a/\t#Br}\ ZZ=!{y@*\wwD\|G#\\W\\\\CBstR\We:)\0br\[-\'kz\hr9|\Z/\\\\qo\\,\\\B#\:z\\r\[Djh\\\F~\ 66VWCGdaBw\\k`YV=\#,Vk6*>\\7_\\Z\\\a\Z-ucl#\}\KhxW\6\\xm8{ZZ\';|Y`KwC_73O/\fN\Se1uBG\W\\Z	G\h\0\\Z\v=\"\UStU.\%D\"\8>\\vD\"*Z} |D6x?7\8^O\\OJ&=n\\`--wxvACAd\j=\\c\\f6X\\\|z.\unR\n>>\iPC\F\z\*[}$\};\\A/\\\JOe~?&_!wxPg@W=\\\`\z\rV1^9=?&{\L\ShJ\Z!\~}X]sGo4$\h\Bx{_\mnb\\{H1*LXU_Ed\;lVFGb::{@xw\{\.>@knY\1I>z\;pi\N%\Kkk\q,<}v\oH\vf}.%\ld}>mkY6\Au\iY*\ \r\\CD~K\74 ?7SeGuHkO][{]V\\Cr\+\^\@tn8lvCvF\\0V\\	\v/p\'b*\\\L\m\vqP\\6,\n j\\e\nw7\X\\\{Sd\-&47\Uk#\tKf[\Ne\zL\F\j\\}9+Tz\uJ3h\\J\F\(VL\wZO\Wo\\\ezR\!v28\i.\\lW[\ZT8gq\\\AT9\\r\\\/\z7OJ*\\z]yR\D_-vadz{3Y*f\BvB6\+@{!\F^mo+\T6\\vyUG\\\\\r.\]\(Ebdk8\]\g\4n\\Ag\=E1\\\Z;\\\\9a\\N\-Do!v&|r.[\![)4\Z\m\zg!u\|POR1C\3,\\n;,(t|\\hN[8X!\BE]H/fE]\\\\\5J\vRN\Km\0^\U7\8z\nHF]gX\\\Sdli:d\?\\\h\r,\\nXei%WQO4+F\\r4+3Ev%ku\3\r,\\\\ZX4+_;3,=t*ty\\9\s?/\h2p\p\O\1ccN(\U\T94r\\\\1s\\w\\\\Z\CoZ8X\U\k#<tw\'\\C^\5~{\HF].8X\\9\y\@^\\9d*t\Bg\,\\n\\X\r\yNpxx\^_xq,Qz\g\A~dY&\\\Zab.Kc2\<\\bS\\\EL\\\6P\\SR:y.\8Bt\XX#:xT\)u\w\I2^I?:t\\\\vu\\io>\*te\i\\\*\$\vWQ/A\`$n\\}\r\\N)\5\7;q^\v\&\\ms(n\\RQ/\+l\?\\3	C[\F6hTXT\\\E\\'\\ZZ\8&Cg\(5Yk\Q:\iF\W#7\8	2z\\\f1G\3&OTC\^p\\3_\E\\bF\\&\\Z\ah 4{\974b]664Z\=\\\g\\g\\g\\g\\g\g\g\g\g\\:g:\Zs\GxH;W8Pv#<DBC\\Z\"\\\4k\\s d(<\@\\n\cf#C \%D\\y=\s-D\h>)A\\	\+/\y=\C\#{\=W8kc \\\ \h\\Z\A\s-Hh\\Z2}\\>W8Q\\ \\ \Hsl\\\Jslsld\c \\n\AAAsAA\0t\\\\ \\ \\ \\ \\ 6{\rr\rr\rr\r$q<(\z0RzEq\z08AY6X}\?aF\Wg\\n$;DaWWU\nJ!R1*\)C+ZE]IOT+ZE]\\",/\\\'cI2q^Q|%,\+\5HTJ[\+Z\yET8j\Q-\\\\\{\0Z*^\w\F!\peDFTYkNFTYk\.pJjb\\ZSf\j1eNW(k&\O H\ZZ\Z\\jp~aC\\\Ggj1\5~\\\+_CE\,ZR-f\bhk\#\\"\DX1zgHp\\\r$;{H\\0ddddd#\\r\\0Z\oj14\kd \bu\@3\\TjQ\8&\\Q\$\ \@wpX8k#Ca\\'\16@\5ZZ\n:oQ\h\rjI\\A.F\ZM\q!~slTYk \b\R-&\`\rjYk \\"\DX1\5Z\ZcX\R-R-\R-&R-&cZ\j14kcZL8T6+)0	D{ \R20z\B\r\))\"E\"a^oW).7\\ZQ)\)l=\"6TcDaH\rRP#,/\H2\\1W\baq^Q$#,\\Z8(JQW\FX\(z\UQ\{W`\F}!ah\fz\\7k\r\M\\ah2\"6X\aU\tT7/V\sC\\#b\\<\(x14\5\"6\sbk{$6L8k`	G\N$6\Z\\Bkx\\\\$\	\o\ ah\\Z{\Hlpk$6L8\5:\$4\rC\\\Gb\\\\Gb\\\}\$6$\0$6\+c\0$6L8Pp\04\5\0\<\8\8@b\\\\!\A\\qAA\4\\Z%\_Cb\\\!ahkHl\ZW(fqlwH$cCbhkw\vA&\}-\\\0\r\scCb\\@bCh\r\04kc\r\Z\\\0\r\Z;$BslYk a\YkY`$6L8k\sN\rC5\:\PR\f\{0Gr`\u@\,a\Ja-\\"JkdQW\uEVJX\\(aQWuEG\I\8	JQWdE]\.,R\#R\$aQW\ #a_T)\l6P\\d\uEfHQWuE\)aq\r\+JM	\"FZX\E]#-,\RR2+JH	t+bE]Q*JX\%(\r%,\iaQWuE\'kE]QIO($,\Ou-d\rBF\\\\U;CO\\\\:/\\;Og_imXk\\##m\9apk\\##-\\\##mW(\H[\4w	\\>2\\.>jhhk\\##m\yyQ\\\\	\##mus}~d\n?^3\5	\\\?2\\\?2\\\02\&\\Z\Hpk #-\	 #mh #m\\\Zp<	gk!2\\A2\\q2\&W(\H[ #m\q!#mh\\\H\Z9c2\2\5\\Hp\\Z\\H[\ZWSdG#\\\Hs\i)s\HW(\\Hp&I86@F\n\\\0icxqi\\ZS\0\Hp&@FZ@F\\<\86@FzHx\!\Cz,qH\!#=$FzHi)6_BRX*qU)+\ZP)l *[RX*\CsuEvJX\Y)aQWdE]uEIKuE\IX\\&aQW\H\"$,v\1\\\"	\"{$,\2U\iE]%uEvHX\1\uE\)\\E]#-,\R(+%,\iW\1\(%,QuE(y+\C	,+bE]QJX\\\|uE+\<	+b\egNfwNfNfNfN\w\\w8^|\\\w8|+<2\\tD><\GF\\\\]zdM8\5=>j\yo	\{d%|d\r\s}|dM8\5v6\<\\\GFZ\\\GF\`w\Hp\##m\1G\\\iC\\\;\&?6\5vp\0y_\\0\Hp\\8;\\02\}c#m\y_\p\0\Hp\\8\"\_%cd\r\+\|\n\\\0\H\+\'_96@F\5d\rs\riC\\nEF\5\rp\r6496@F\86@F\r<2\\\w$;\|GcdT\r64P\r6\Lpl	\2\\\\\\\0i\\Z\\Hp&86@FZ\96@F\\<\86@FOt\>1\}b\H\#\\'FOti)6_BAT\n\R0W*R\@T\nJT\n\\+R\F	\"%,\+M(k%,\+J\1PW\H\"$,\+bE]-\\"K$,\+bE]Q~JX\edOPWuE)aQW\H+\IuE+\F	\\+b\muEY(aQWuE+\?\B]QIX\E]#-,\N(\d(;u24u24;u24u24;u2g\\;\?\\;\\y#\\<2\V7G?\\##m\yW|5v6\BGFs\\\=2\\>2\\>>2\&\\Z\Hpk\\##-\\\##mh\N	gk?2\&s\H\^?2f	g	gs\0y_\\0i\\Z\HK8\H56q8	\}#d%cd\r\+\dM8P6\WNrl%vQk\H\Z\\Z2\Yk #-\ #mhN[sl	gql\\yue9\\\Hwd;\?\\HK #mh^ #m$\\\0i\+cd\2\&5\r6\L.qlslyql\1\#bG\H#=\"FzD\1\Rl*Ja9\U`T\nkAlJa!v\	\\)aQWdE]uEJX\\\'-\Y\'aQWdE]Q\JX\\%aQWdcuEIX\\#aQW\H\"[\ruEHX\\!aQW\H+\N(7%,\2SuEY)aQWyE]#-,\iaQWuE(aQW\H\\@]#-,P(%,\iaQW+\=	\"FZX\E]Q\\|QvF)\dhvG)\dhvH)\dhvI)\dhvJ)\d>z\>|\\\w~|#O!\v\RlwH\!\v\RlwH\!\v\I	01T\nBT\nJa)b;\%\_X{a!jT),P\\n\3\\b\C5I\#5\%\\X_\\\2^\?\\\tN7\x\\ofdM\'\O>\\\gO\bY,\U\,IY~\]//S\Yy3]n\n\\\gF{\\E\\oX\Y\ob*e\k[s\(\\\40:$?_\cRW_\\\"\\	|mO\U+4Z`sH\'\\mR5\Y9bM}T\\M]J\>m\ X\~P\\|[\?\R<\r\aP\}?,yv\iz<\o\|=j\"\g\wo\\\\I\\(^/\_\rc7x><-\\\\l--\\\O\\\\\\[\\\_;<?59\\\\\\w\\m;\\lZ\\nP\\Fstp8\\\\AT=s\k:mLVQq\lr\g$\_NXY~| \"GNN\P\\\.]\?\e\\rJ?\_3*=vF\K\mU:fij;\<\u\\\\qQ\\z\oj5F\Sp\7&>\p*\W\\x>)\~\\\|:iKzvM\\]^u2\b9\0\\\rJ~\/\\og\\\\St!{\\v\s,\\\$\'r`_\)JN&bJr\4)u\/xu._v~%i\rj7EO\\J5ItfeA\j\iuq=tR\\\ATA@\X\{\\\\\^|U+*F\]_\\_\\\\zYp\\'M/\UYqU\\7V=\rpT45t\\x^/ZG{\\r+^=m\\n*(\\\r:\U\oPV1w\v)3bJ\r4$\s\J\7s\{\\=^\9Z\\u\uu7\.\7sM\eY(\h\	\\u\\z\'\fUU6VF\\2\RdI[u-r;\nQg\_C\rUptGU\"&\j:O\y\\\/o7e\.n\>~\F\-\q\\~\Jt>^o\\t[]g\H\t6^u\\QRg\yQeftT\Y@ZmNmctm\\aL\+\\\/0k\\c:N\0\\,\z\\\=J\\\\rV\\}\[v	\\Zngqn/\t/QO\C%0y*Y\\\3\\xiXT>l|k:Y]7\\\/\\~=QW\\"Rwk\+mn\{C\z\rZ\d\\U\'\ntO[\_\Sg(b\t\o\'\?\EGq5r]Hi?>F\":a\Z4P~\<O\^.\\n\\rk\f\Zn\0n+\\6,O?\GoE\\'Q=o\=m/;;\\;?~\o\'\"99fp\\JK6T3-^/\?{peO^EtzP\\\-&a?y6,\\Je.\>*\"\\\\x~SN\Sk.\b)\d\\\\d-G\Z`\`u>C\\\\\q\?\f\\0{\H\\<X\\\\'\_\HO\\'\`|l7-\\\-:~\Z\\\\x\E9\\\?g-ov9O\\\R_!/k5=%\\?\$g#\q/\A(g&Au\\ux\!|Ax~+Rz5o\#\\g\"\W\\"\\1S]![ 5\Z~v\\G1cq!rX\h\\\r\\|..\rs\6^\\\?.Ko/\n!\j\C\\\bQ&o_<{.p:-t~rfT_\ro*\U+E)\\XK\\\H58\\\av~\@0=\I<\"Gt\\k\q\#\\\A?{|S\n\<d7\B\My\r	\eg	Ym\WQ\M`S\'6{	xc\\\a1:\jL{o\h\\"tkj-p\GxfT\\\\$}\`mD\I\}\\m\;\??Hua\_,Nv\\3Y\\\\,PFg\\z}\%\\y:]p\DJ\I3%\yv\e	\$\-??~\{q{\\']~: j;\\\xj!TQ&*o\\v[n\IC?\^j~\5+0d\<vf>\\n\Pzr\YR\s\t\ %\sOF~\v%0 \2\'C\_~w\\\=M\\\i}ZgR68;\\\i\\2Zo\'+\Fx\2;O&T\\+{ZqVu\&v>?\n<}vu>\`}r/B90\5\n.\v\\y\\0\\o|\C}9!p>\\K\Zj-\0~T]\6(\\\x\b]_\R\)\\o2,7{7\d*x\FuOW<]aXta\\\\n\+l\k\y\\\n.u\o\\\7+\yOW\\\3,\+x\\\na\ks\y\\\n0,\+x8\t+\n0,\+x8\\\na\\\n+\yOW\<]aXWtaq^\\yOWOWX)\+x8\\\n\+\nRWtaq^\\yOW\P\E\V\QxBG\nOWThI\\\n\Z\r\\p\;7\p\;<W}y\yBU7\5v\\c\np)p\3v\\c\np\3\\c\np^\\\\L8;1\n&3c>P	\\n>}L\s=}	g_>P\\ZOS\OS5`>`\\)Th^\c\\*\B\)pv\k	\';nV>}-B\\\>}-\J8o\\\\\L8;\n\s~ZB%7.v\k	pr\\O\\\\*4jPq\\*4\'Y\%pv\k	\\\\*\5v\k	p\\CwdRd~G6#\\H\wd\%R\%Th^%T\\>}-\\Z;\ZB%W(;J8Pv\k	&ZB\\\?}-A\k</d,<\n}:Agj\L\c[\\^\\\9$\r#\p^\?ng\dW><\\\\J\I\\)\\\':u=\g\X\\[\b\\:J\\0v}`\\\n\o:\|w^*~zJ\NON#G\/U\ZysR\V\8=j\\\~\tOmva_l\9i\nU\ZF*\\;\+z_Xw\*J\a\\+\T\-|\\:\y\wNt+y}\\Q:?uBi\\n\>~]M\y\'{\o7\+~\\!b\"2\\\KP?$\7\'v^v{\\\Mo{\,/\0\\_Pi\\|F\\XEr=\\\d1^&\'z#v6-\o\\%\"\\\\&8}\\w!\\M\a0$>\n\\\y\\Br\aU08;\g^vm!m\\\Gd@\O? \\\x\\\\Wu\F\=|1<\\\v[\\\c\WGGy\Z\O%\Q-<t\'\\6\@\+#\\U{/\T;]0-\C\|;8	\\\RX`R\\}\^\\\5\*^\C7\\~ fN~Tozr#Ggy\\~u0\q\\FC\\T\?,_Yix[\#q1\\hhV]xxzdXwU5Ob=\\\Pv@rl7\O\\\j\0\0\0PK\0\0\0\0\0!\0\ \0\0\0\0\r\0\0\0xl/styles.xml\]\n\F}_`GY\M\rod\\+-Q6wxHjb\'\5\V5)[\\"\\"\lfW[7Wb7\b<P`\\y>\b8(qb+\g>xs\\\Uy\\\I \Kl.Gx\v|n\0~#\N\k<7cbl\{#m<|\\r)KI!\\\fO\&o\@\=ad?y\0U5\N\"Myv\2\n\p\\\0\Q^K\5F\QR\\X\\Zd\"\\\_\ e\rY\^~	D\v}|=F\W\\#%\\;\s\"o[5\\|8B )\yB41\\~L>\#c2\:B_l\%C\\1\\,:\LfYwc\&fg#\b*ud.r;\2YY\\\fz\;\wV6\w5p\\\\\\C=.=\Gb{TooyG\w	\\~tw\&\\u!A*,j4t\,}\\@I\\)\\T\?\Hg1(Y\\H9k\,e\R3]j&0Urt$\hK	\Z:\\*\\ih{Wb6=\/O7d\L!\P1Nj{s,k\Ny\\&9*\APM\\AC7L2GC	\\"OWv8Q/Jm\0#M5C\]!\;Vp\4n{`r(J.w\3}\\#I\HoL>|4fs2%eY3u2\,CW\r1)\h7X9\j>Hc\!Xh\0dl\XW\"\\4gjie\d4O\z*\'rz*\\0}\L\\!\I:lKCT9=IE\\*,\\*\'rz\3V\R\$UAOReLvh-\nqkfL\0IY\\(\rB@.\t8g.\WZ\j\!#\n\7\\RQg\r<g\"O\\r(Ls}r\\0=\\w--alUw:\.\\Cn\TG}t\xRf\P,\P~-\r@\'v*Al!c\\\1r\rc\ZHUs^,f\1\o\\q\ms\\\&G8Z\F\\j\&:qnp-hz\5 \\r\xB\\\\'\\&aevr\'(S\e~:KQ#\0\\}k\Z{M4\\Q]8\:\!h-\Y+gA3\\K\>cTu\F\\l||Hkp\#,e;5F\xo-\7v\o,[(\x\s\;	\?Da\,\0K\\%x\)%\8s\w\ZB\W\*~\\Hf\@\0P\>@h\0@\0p*y\0\.A.su	6f7J\3\BLw\\\\\fb21\a,/U2\0+\\e67pF03Vr6\\\qJo\0 \c\\\\!>\JI\'\\C\'\H/\\K/\c\\FrJ_&\%\1e#9Qe\"9}YH^}HCQ\(R\\DrE=ITTGG\\,\rt\|X\\Q\[M#\\\\\Wp\JZ\\Cyw o:\\/G\\Z_f\\Uu\I\$vq\r{\y\\\\t-[\\\\\\~=lui[\=I\]\+]-/]A\B\'-&$F\rtUXDT\V\8\\nP4>t \\\'\W/a\Q#npQ\6M8\\|UF\0+\0W\Nzg0[R+j3uvPA3]x\Zx\\g?!\\yj\\^\F|^\\f\*q\-z\'_\\D\\'R\ka{\\"<kEp\fn\\t+\A4P%6Z1\%5)\pD\U*t,vEK\\\r\\\Teg\.u\S4]BGV\^q\\z@y\"{b>\\\)\R\\5O\n?*tX*|\\	\%n=\Q\(\c\wR\1\Mbi\\k\<\T\JHJ){l\0|$.3%\\\uc\iHE8^\!\j>},\r\^\\\X^\?Zi~ZS!yR\J\:_\"q:+\U@5*66.;TWq\k`Sr\nB\4\/\\&(Z)\\I\y{Z,\pvmc>~\\|Er>_[y^\\"oG\;nu3*hZ\;\s*\[K?!\-am[L<2QVC~;\S?*5\\\\'$\\?	\n_5|\xdE[.%}e\x<&\>\~+{Y\\86\or\[\\t|\Ync86\NGX-S\}Os\@S$j7e\>\Zx\\D)\e\N\\`2E\\Q4V\O\S+dOsRnS+dK@5P\\rb)Q\nBsoD\2\m{\+R+d*j/\7Z!SmNhC\U6V\TI\\\0lS0T\nNBR\L\u-\rMt*-kP\8v \\\r\<W;W[/\'\"*\rkRu|\9\\\'\CDq\0.\\\.B\{\	xgFAG\ZN\nv\E\Z\\rv\o%ue\|FM%\\\\#\>\\g \\g#Cz\'gD\\;	gP\H40\\"\=\$L\\p\0\BT%\G!\?\Q\f\\(*7\\\d\\{Jz9U\Ifw\R{ \\(\G\P4\y)fRv\Z\Z*.*?t^L4C41\@S5C7(_\y86Z5`sy\\,\\26\r@w:\\ `s\F\Tp\$`Zu Xa\,vl%	x\Y_\\CEmM\RgQmy\"QR\G1y\\'IB8#Bpr\u\p\34IL\].`F\FB$-/\"nh@%\b5n@B\<0[\\?pJ.|\\=r\L\a\y\\c)\F\\x\b\\\\/B\A_0\a\H\\\\ uX{\0U>@\\6ra\\vj\?,\l|;\Zc-~h\Zwk\~q^_\|$\\(^8_\2\n\p\\,\=\\Zx\\M\\q\A\dozJ r\\\ql\\go\\<vKoLu<\\\cuhL\\p6\\\\Tq`.L\:jL\\\\`\' $Z1\N#\\\\0\0\0PK\0\0\0\0\0!\05O\0\0\"\0\0\0\0\0xl/theme/theme1.xml\Z[oE~G\?\ib\n\\\-\\x=dvg53N\7\>\"!!\n\7Px)O@33k{\71-\Tj=\7$!)OkAj)@$\ryQ-\n]Y	T8\b\SRD7\\}\:^S1IT\Z+-,\cyg$w=.\VD]Oo\K\\4@)Nm;+`\\\C\M\"R%C\$lr L\j\\6yT\O~}\DL-\ONtLuFB\\\`j\Z\l6\\0Z]<+r}\0j\\t^\\\\\\\\ee\nRZl,:x\R\h4Yumu\\\r(f4=BkZ9\R \ZFExf\Zh@V4Ej!8\\KxPZ,JKW1W-\\B9Hkd(hjm\\Z \S\\\~\\\\\,/pQ\_|/\>!\\\_=y~\\SiB$\%\\'6cWs\QcL\no\\\03N\\\\PZ|#G\\XH\'psV\\k;ZV\\~\Z~wOvkj*\\1q\\g8U8\")QH\x\\S\\uK\S\>EuL&iHc-_>mv\:gUo		G6ao\e\'hmbqM\a5DJ~C5}\r)=\\$\L%!D1\\\\\n\{Ng%\/wi\4/<I\\\We6D\\\r\\#\'	aw	Awoy4X\\1T-\\U}Iif\tJ\'dI\g\3(<&X\\^wB6o)\c\qK\x\ZeOBp7gqk\{\pw<7/\Mic\LS\+@\LUC\\!\IhQp\D\S\xl\6\,[}\,\\t2].\\&\77rli.[\Z\G\_\hp\3\If{zC5`d[nQG\Yz= E\Z$z0\\f\u$Q\%\c3G%\`\H\\8ze\\'\\]x8\1ZEf:\\T\7VZ\4Q\t\\FK\&Z4x8&|1#\+/Y\s4h\\\GCh\o\E2o\\Gz\\>*\'\rcej!z6\jo \\"N*\7xi8{I\\D:,E`X\rPZ-\\&x]\\\\"8\an2p{s\e[O-j\y\0K\8\\Xx\XZ`\0;%	U\\'fn\0y)\}E\a\=E\C\&\\"\8\\6\\\'](\\\s\\V\0-\\\jkyu7)&\\\Ra?[\O`\\\PR`3pbU(i\p cjD,\k*8\Z59m\Y&aBhH}(K&\aV\.\l1VWfV\9!k\\\Cj?>Nj\cy\`Z\"B\/l\Tr}\V/V/\fp@\\nb\"\"Ai}\m~\0mD\x ] my\@\d\`l\wo\,3\\5g8\'_\}\g\\\)q\P\8zLI{\0\+\wC[\\Z\?\0\0\0\0PK\0\0\0\0\0!\0\\\\0\0\0\0\0\0\0xl/worksheets/sheet2.xml[o#;v\\?z?mvM4r\\YmWwI}9	\\b6Zf\`/YK,\*O|O\?<\\\|\?\\_n\t\\{~\=iO\yzx>\\/\WW\\\\?|8>\\\\/Wc{\EOW~\\\=\\\\%}>\\p\>\\9?}joOt;\\\\K\\\q#w:=\_\p\}zL[\\g?\>Yu:\\x8>F\\U\n\\\\\\'+Yr\[g\\kg\p\n\(~w\/_n\\\\y\\Y\\9\\?tW<;o\\\\/\l-X0mf\|L\X\\\\\\\k\kO>?\N\\\\JJ\Cy\&\;Zl|:D8~\\9U$5\?bO\;}\Z\'\t\\i?\\iz\~\\\[n\n\\a\O\q?>\;O\_\u\/KU\\\k\xf\\y\cfo:\\e7dN\}\Z\0\6Ln\\\,\g\)\\W#Vzlu7\nd_+\*V\|\Ky}=iT\\}\\V8p4&o:8.\:I+\r\\\U\|\Zpc\\\i&\\q-\I\v\j*__Fl\!$.v84K~c+tc}Wzs\\a\Z\\!\\\na\n\6p8\Z\'\o\FmN^\a#\\\\<4\^oGG\\FfR ^nfh,|e\\\\\NQ\O\+\n>\&3f~srN\\"4{+\"nC#cPal\ng\x\j+!\\_\VV\]kG\\kIS>`@)\M\-`X\a~m.J+<\xx\\5ZE4\\\\f\\r0\nK+t\\\\\N\	\V[\8aSal9n\wEAGT[E:2\\03z\\-\ncG\\>\,\|M\M4kU#\M4\~\\&\\i\;Ci\\ln2\\\\X\n9\u\\v\\\\\|.\f\4kq\F\M7\ZFQ\\=\nc\k\'\5ZtO\\\[W)=\o0\0td\z#\z*\"\S\a\Sal\(\\ncGKS\\\\Z+\n:\\*)\/\n8\%\\VLQ\&8\VL	l6?-\n:\';X#Sf/q9~[tMU#Sf/)00td\\afSal\\K\#\l*\"2{I]tMU#Sf/)00p2evn-2(\3\ncHG\^QfE:\\\*)W\EAG\T[E:2e2(\3\ncHG\\+\\{g\}\\{~\7(s=\\-0K\gVcd\\evQafSal\\+\#\l*\"2{E]tMU#Sf(00p6evn-2(\3\ncHG\^Sf9\l*\"2{M]tMU#Sf)00td\\5evQ\f6\VloRfG;G\S\Fo\Rf\z\#Sf\\(x\00td\\t\9\l*\"2{M]#\l*\"mL[\.\n:\\\*)7\EG3\ncHG\\PfafSal\\\#\l*\"2{C]tMU#Sfo(00td\\\revQ\}?\2\\.;MU\2{C]#\l*\"2{C]tMU)skq00td\\-evQ\3\ncHG\\RfafSal\\[\#\l*\"2{K]tMU#Sf\*\5dQ\f6\VL=|Z\n:\\\*)\.\n:\ZbalL\.\n:\\\*)\EAG\T[E8\L[\d@AG\T[E:2evG]p\\\*);\#\l*\"2\.\n:\\\*)>>\^afSal\\evQp00td\\2(\3\ncHG\\(00td\\2(\>!\J:2evG]tMU`\\\Z~n]\\f6\VL(c\\\*)evQ\f6\VL(00td\\@]tMU#Sf\#\l*\"2;PfafSal\2(\3\ncHG\\EAG\T[E:2ev\.\n:\"cp`\\\Px|\Z	l\-(c!J7eo\\"J7e\p!.>x[U\}^{?Z	\\-(\\4S2qS\\2P\\na9\Rl\\G[S\cs>	\'|K\Iln0L\UE(&[Mo`nA_%E<&[Mo\\\\\I,\\RN&f,/#HJ`K;lM&-\r8U\R+\4\YK-Z;\\KK\-[\\itBRJ\ILN\ZFN6-mNs4S1\t\N!Ij	Db5Xs\\a8\U`\R\+\\4\I-N_\hQ\+\\$\l\\\\\nv[Jyf7Eorne\\"\fGfm\\\mo`oq[*\\4\{L57\-\"24\jFLe:\\:Jy\2k\g@\08\U6\(\\tt\nhv\\^k8gHf\Q\3YKh[\3\TT\(\-\ZqM~\]m\'rkr-oC63UgjS&\V\\'/n:\\\\wL\3Ci\ky\\\3\B=\agZx-?IqLS\ZF g(\\\VF*\r8\UsI\e\`S^E:@)\L\xp}l)\XS\.P\3\YK8ax-]g\M\.c[W	\.\Z\\\IA\\\'\{aT\y\dne\\b\g kS~t4\\W\'6L|\O-\t*}\R\J\\a8\U3\J;q\'\\\OGg20\| K`\\3\T4\W\\vb&\g\p\MXaA)\(h-\\m-\4SqgjlkyFB<CTe\BsUkg2T&|F4/[:\rD\v\C]\4\r8\UD48JyfD)aM-~.rQ\3(\&IQM-Ny\r\L\G\\kC\&S\@\hm\'\\6h4}7Tl46QHp%\\:\rR\\Z\-\uE\\"\'q\r\Z<\U48Jy\H\$G\l \\\\>WQ\\(\%\\GqRx\=D\d\nO)\T\xp52\i\)S\3Z\&\RO-Ny/\rR\\h\RS2\Lk[5\n\_\\*\\g\\	\h\\N\\\aOkyfN\$t\2i\)rS\3x:\\6\1{Z%<L\\\\\\\\0S	\@jm\I5\aDSc5aI)\j-U\"\\WYg\M.S[*\ZL-\Ju*\Z\R\$\06\\{\R-\Ou*\Z}\\Rm-S!\\v\" &\5LyNyT\rKJyFU\$\l\\\\\usRyUL^>Z:Y\r\v\IV]G\rx-aE)\\\xp52Bj\)aE)\\W]\H\r8\\ns\H\LL>\0raE)\ $Y]&J\rx-aE)\4\xp}n\RVaE)\Hk-UR>\o}A\\[]L\r8\U5(\nD\\o^L\d\g\\b\k kS~su75\\WQg\u<~m\2\\T\5)\x\S\hq\kX\ZW7\Zlq\kXS\3:\\?<N\_R\ZD[\3\T6)\-\Z9Xw}\D@L\3j[*\r\m>I6*6m\<\\= kFKH\"\}FR/Jp!KgJh2bVL)\	`M\Ui\)\\$R=\Mk;1\\\an!K\hM\m\\\lOl}\\dk\36\\b_4z.\3~j[{\E[1ZK\\3~jE)?0\k;1\\'S>\\\\I,\\=F!\\\*-b_4csqy(\}h\R\0\[\\[mo`\DEyf_ky.M\'q2\m\\'5ri56\l)O\+&[)o4mZO\\k\\\u\`n\*\-Jyf_Eo`\IJ\V	mQ\3*zz\U5Z1q}V	F)U)d_}\O/\'2:@je[R|%b_qgRf_\\\FlG:z*\Z}$\	\\WlK\W.M\'q2\m\W&U\\@\+&[)T\W\\@\W(4[W\\@\W)4[W\\@\W6+\\\\\\\\hc_=U\'K\\r\\\\U5Z\\\K}\O/[=P\Z\	[Oll\\=L\'\\\$\R72*\Z}\\hM}iphjf_Eo0Z\\\*-Z\3*z[<\k\U5Z8\\\\\9\\8ZgU&G\zf_(\}-\Tzf_$l7{*4mM?\\z\\Jh\0*z=a\k\k\Z-Z\3ZK6\z[%-Jyf_Eo0Zg\k\k\Z-|kbrS\\\o\=:\Pkvm)z}M(\}-[\3\55\'6\R\\r^c_-Jyf_kb\zf_W\"<7y%\\W\\k\\\Zlky\\k\kzR\\ZD[\^c_-Jyf_kf\\\I\ZlQ\3ZK5[g\k\kE)OinM\m\gJ8\)\y\T\Ly[\3\55<T;i\\p|2t\\?\\I[K\>\_\0lz`\\5~;\\k\\k\\\\7s7H\8W}\\\OK.^\|3s\\\\;~\?f\\\_\?/\KOs\Z\?K\p8?{\^\\\\\\\p!\\\x>\\t\\\\\\\\{~}\0\0\0PK\0\0\0\0\0!\0;m2K\0\0\0B\0\0#\0\0\0xl/worksheets/_rels/sheet1.xml.rels\0ECx{CS7\"U\b\{e\\p\\6<f,\ch{\-A8\\	-<a\.NNJXQ$\~\	>\\Iy0\jm_/N\,\}W:=RY\}<n\HI9`>H9\E\bA\wk}m\\	\0\0\0PK\0\0\0\0\0!\0\,\\0\0\0B\0\0#\0\0\0xl/worksheets/_rels/sheet2.xml.relsj\0D\\{$;P%_J!\&\0E^Jh%\B\c\0]Yc\"n@!4D,|>X<\r~I\\KZ\9fV\Bla\o\pqSFdLeRcL\\OhvM7\S\0N\\\\8\)H\%`9H=\U\bA\Gw	\\\sw\0\0\0PK\0\0\0\0\0!\0LZ*z\\0\0\0B\0\0$\0\0\0xl/worksheets/_rels/sheet17.xml.relsj\0D\\{$S\\\J \&\0U^Jh7!\XB\c\0\1OC$]B4XoXund8\\'\'\cH\\(a?\\XTH\\<\VUmo+:w;.,\}<~D\	r |Ar\\\[m\\y\0\0\0PK\0\0\0\0\0!\0d4\"\\0\0\0B\0\0#\0\0\0xl/worksheets/_rels/sheet7.xml.relsj\0D\\{$\'\R\\\B \6\0U^\\"Jh\XB\c\0\\{\,\u\n>R~\^@8\-<\\m7\+NNjYUQ$a?\\XT\\\Lv\C\<\\r\n\\wa\\\H\%`yCzbA\5[\\'	L\\\0\0\0PK\0\0\0\0\0!\0C\\0\0\0B\0\0#\0\0\0xl/worksheets/_rels/sheet4.xml.relsj\0D\\{$\'R\\\B \6\0U^\\"Jh\XB\c\0\\{\,\u\n>R~\^@8\-<\\m7\+NNjYUQ$a?\\XT\\\Lv\C\<\\r\n\\wa\\\H\%`yCzbA\5[\\'	L\\\0\0\0PK\0\0\0\0\0!\04	\\0\0\0B\0\0#\0\0\0xl/worksheets/_rels/sheet3.xml.relsj\0D\\{$\'R\\\B \6\0U^\\"Jh\XB\c\0\\{\,\u\n>R~\^@8\-<\\m7\+NNjYUQ$a?\\XT\\\Lv\C\<\\r\n\\wa\\\H\%`yCzbA\5[\\'	L\\\0\0\0PK\0\0\0\0\0!\0!A\0\0\0\0\0\0\0xl/worksheets/sheet17.xmlX]o\8}_iC8|pu	Z\\	&q\\ju\\Np\[	LO\xf<v_\;3!3^.}2})\e\a\\\\dM\\y;?,.\\\#c\\\A \#+d\EAk*;5(\'AA\\s\Y\6<=5`9A<fl]A\\zJyQ\6]^\_%t\odDS\Mo\\5\~\"K|_9o-h\(\a\0T\I\"\+\rl\t)\-Cw\Z<Ux\Z@\)\I\\.`\7d2v\gu\+>x!6%,i&!a\2grK%KxwPGPF;\Z\I4n\/?\paXU.\w\&SHn9\00hHy/WdXM\/}\`\)ArYc|/=&9 c2\X[-@\\t\AYQ~2O\Q\_8\!8!\Wd[1D\0|`>x<]g`Pk\\X6\BT\0Ak+F\\:b\@HD]\\d\B[?35\$\\\<\@ 39\p\+S>S)i!8\Z5jwP\'BAM\t\F\\Z\\\8uC\\nt4B}`3N\\AY\ZmKG#0\[kr4^De_bPF\\FA9\Z\J\\h[:\Z\\ytOr46(Km\h\N\_B+nL$fijCt22&GI3\eF*SW\C`2&G\i2#\r\Z\Y\mQ\\r;10[m\\\C\\k\m\r\H[\7h$Y\b@>\\v\N\]cwoF>\\a\L\%\Z$i\\\\0\r\a\\n\nz\\{7X`\a\x\6Y\l@\dc\u\$z\'^0qPg	\'\Z\[u>R\+|\L\!+:pBH\\4Ct\D\\'y;p\0e\nn\\\\":/Z7\$(^vz\+a\0\0\0\0PK\0\0\0\0\0!\0\G@(\0\0\\0\0\0\0xl/worksheets/sheet1.xml]\n$9r}7\>\[\\bJ%/`o\Zu0\d1\9\]\\3\"A2x2\d|\??_z|y}:}./_O|{_y\\\\\\\\\\\?\o_^?o\\\\^???;}=~xzf\\\\\\Wj\\\\\\\/og%/\\7kK\}~x\\\\O\pJ//>?\_N/?=W\\\\\/3<\\\I_No\L\l\\\\\\_j^>T\Xn\Ue\?l=*\\\\?\\~\n\\\\\>[d\[|rx{c^\_\\\\/\\KFL/?rvo\s\\\^<<=zAo/:>\\C#w\{HKm1\0F\\9dn\\;=\O6q=\\9>:{?p\c|}c\)^|~\y\k\\S\\\{\p\^\5NwuWuk{\R-\\\kishKnSn)\]c\\\?z\\\w\\?=\\\6,V\M\g\\clg]j\\Wdvv\ZU(|DOl\uQM:\\')\^uegtzy\&%u\zH\`h\\iWn\3;\W$\Z\\\"gHkm5<\StP\\\;\\\>v\\68\p\8W\\0Qd#\G7:B4\8\\"\rG`pD`;b\H?K\`\IX.\r#f$$$\},IlPz0\\0Sj;bFH?KbHr_\\`qt\h\m \,m ~uK,/\r\#f$$$\},Il\\_\\h.hNfh\E!,:\QjK~6W\"ml!\[Ht`](fTgT\0Pe\ \{Tb\\r\J\QjK\\QW\U\0\{Y\\m\@:X\M-fU\ph5\Ew`\N\B\A~\ZtM\\"\"\b\E\\l\AO\\0n)\u\"\\0\Z\\e;\.z\Iw\\'fIAHaQ:R%RC1T\~|a`n\=hb0\\nYU,o)\\n*fi;s{\'#;\	\M4O<*\"r~+	_x.#O#`\OM\,WC\d+Hd`F`\=(?`\S6W:4(\\\F2W(\\^\'WL\O1cNsie\4M\^c*R\O#P^9r\OMBh<1\Z0hw2\w\'u\J\A\iL\M\;\&S\K\SEl\\2C\ \4`\O\th\"\o5 \V\O\.\\<hb<9\yA6t-k\d~\E	4A|\"\Z.Tv-H\d\8\vRix\\x\Z\\,#C\\n\'\\\\4.\#\wS&D=L,#C\El;w\n\\\`:>-c\M8\\"F\\\\'|sQ q\\\0~\m\"^`\\">\5\q2?!0{q\&S7E|a<\`W\ 0{F\>=\&\ZOe\\\\\\\6J\q\\\\\D0SoV\\r@\AZ\\m\o\'/.M!wh[Q$\\N+P>2\5jz\ZRvSD\<E\\r\rrr\\ZK\Z)Oe	g\nNn[U\%\`\=\Z\^Q8YwnL-\\i\SYZ\\r&\(K^#OVUo\\\\\{|	R@/\"\7>|B]\\r2s6s=j\"/K1M\icc\`\\:R\\\1Qb1Ek_\jC\\\\2\\\+\Q1\0S7=\\P\\:4+X\`D1%	:%t\S\fAoh\W\\Z\r;#GMe)s\(T6e\O\1(:\;<+XE\\51qt\(TE1N\\\\f2\scQ\,Go8C\\\\\2\ssf\SQ\,Go8C\VlL!G\\(\qtf\S\R\Q\8zh5\*y\n9VF}{5|jG\"OqVqt\U(rtA=jb\[\\uxe9zW\\\Zg\*y\n9Vk_\0Ln\\\F\TW\\<]\S\2\S0\)\}Q\\"\uQAaD1\F\r;4)Ll\<Yt#GMe]7=\\]Gwh\*y\n9TF51$G>\(TwE\S\\\<]+>\9\r;4y\"\7\2\s\2\ZE\SvE\\rt\"Gjf=F8z8:\*y\n9VF}{5Z\\C\SESr\\ZSvF=jb\u8Ne9;4fhgT\\\ZFt}0\<u\Scj]\\<]j-;	<\B,A7=/9OFO\Dq\\0{qt\(T8CpgT\he\=j\S\8|\ZD`48Z\Qj0\$g\H3y5skn:,G_qt\\\\\!;\":rt\mjf=\yh\"\\c\N+C\Qy\0\k\2\ZE*\\kEtigTV6aZv\E>M\YuGwh}3QHv\ZF9:L\;fv-\\Q48Zqt\fo3\Z=jb\[GOc*\\7EqL\D5+\q\\0{T>NdOcOMGwhrtjV6aD\niO-F8FQjVaD11\\\&\\w)94)\/\ie\=jbL-\\i\S\<;4zvF%;	QS\\i\SY\\sYp\"3\tp\A\;GM\Oe=4\TG\(KJT)VF}\<W3\\u\qt\\B_JTS!G\\(\qtf\S\\Q48F]\O\2\s\2\ZE*\\\\igT\c}S\hg&\"<|}Y~]\\\Zg!\JT\\2\\\0\\\\Sc;4y\n9D5rt	\\{<|T6~]\\\Z=E;\`6saD	O-\\i\SY~]Gwh\\%1aD|\n\\\'?c\ph\"~-\ \*T\\x*H\hg&\\2.&\T_qt1\\Bke\\x5hY6Jx*{\;4y\"bM2\\51F?z8`48 U(S\2\sg]\1F8 D\ne\SAZE.^\Go<U\GPU(rtvF=jb\[G\r\"\\\Q2Oa]+\Q8\0,A6=`8n8C0+y\n9Vc*\0=,\ZE*\\7\"\\B0aD1\F1\\7EqL\B\M]+\QZG\\\o8ChgT\S\2f&<\F	Oe9MGwhuQ(rt\"Gj\XlT\qt&OQD\\N+>wc\iE\"~8:\*)\\ZE9\\\zjG\"Oq\\igT\S\2\s}\\Q\\"~8:\*y\n9TF;5qt\(\\=T\47z\J\\'v\\\\\0\/b\\"-\c6Gz\\C.q\r\i\y\ZE@L\`tyjUD\\p\\\riT\lB\"m\(?\\2\<\\\\1KX\p]KtR\~PbbfV.KG,\"\Je\i\T\\cH\:\=`SLraje|*\"g8\n\C0E\qLTics>B\eGc\"xju\\c\\\JX1&\nA1kY)dh*\zE4Z\.\\I\v*T\Ut\rGB|/b\\\\_x\V_\M:.\=?RP3>\m=\w[\2s\`<\^&0\y*=\N8<<f=?fOx\w\"rELW\\ray\P\1\n\0xe<s\^J(\\\~.)|\\Uo	1BOS)\Hp{?d}W.2Gv9D%\jT\y*S\\G\1\;W23jQ$3H@cQ5xjQ$3\nd\\(\\V%UA\?3b4E23j$iQ$3\fTB=%M_Qqr0df\\"HfF\ol*J-x\"23j\rFFdh[X\S\"\\"s3Q$3\a%HN\"r\e$GX$`CQD@\(\"*wBfF	\2\"+\"\"\`F\ZII4HfF	\ZrY\N\kJ\@2<`\BUrUVd`p\\23J0\nQQ$2*\\ru\\S\\n\((XfF	F\Wx\\N\r?(XfF	F23J0D=U?RZ/zJ0P)/SQ>SyF\Jbd=%``\"v\_>%6\\*\\$\rW!{z!s\rm@x^\Q\\ov,\nv\xy\Z\g\4e\*UO#Xd0^]awAaTQ%\/I!2	\njE=%(\gR\JUdZK\,TRF\\B`\B\}*K{\,[nU}v\,p_dHkQDk\(AaUFaT6~,\dNif0gU\S\")\wR9l0J$EBADR\\\'E\\\X\X4	\\\"a}fTTA,2J$EB\(a}fT>)RVRZR`Q9%\",9%\"EPeZ,(eF\\(a%\"*KbZ-}\\%@!E\r?\l\wt\\5@1.H\zJ$EXf=%\",\nUD{.\\TR\3P]*\B\}*YTIQQl?\\7\n/\o\}Tj\\"K\ro%+\51\\\I\~1i;\{8,R4a?\>a\j\c|}<~1;+UPu\\0N\ZTD7\=x\]\d9\\Ky/\\\)T\{fh\Y^\\{#m\zoD\x\\f\'`eu*UmF\2u\Zg\\c[yQea(\0q*`qvYJ\xj`\ \/\*[\i\\\Q\\+Rrv\U\nVwpO!\P\\Z/VI\\'$_	r1_)	}73\\\\|\1I\P|q\=*0\	x:Y\K)\\"Ft6NOQ$X(\4\la\\'\\n6UO=p\t(e\n\04\(z0>_\}\x>K`f<-\\ng\\WR\V\^&8\^\n\>\\|R\\r-8Q\l\Z\\\*uk<\\K\4daq\\0Z\"\\\ \nZT38LlN\\Ld)(TC`<m\(\B\l\\l\\h=Oe`|\\\nzLxX\lX\\g\s\\P(\nb3T?\a_\%}\0?\\Z}iDC\e\W\![)\y\8\O\\jI^S0\G\%\P\GY te6\\\	\\\\\6fgpDBE\'O\jT4g{\nf\\\\(>x\%t/_*+\s3\V\\xb<\\y\ndOd\C\r5{B\\'4U\|0o\\\&KY(\P\'2>,+S\5>W\\r\Z8Z\\vLX\\r\\e\Z\\L>W\$j\\\P3@Fr\.BD\D/{\\a\J\\\ds ,)\_^N\\n\,_-U\D<kD\)3\\%832C(N3K\\x/S\0L*tiH\\04D<.B7Q\6*EC/hf\!\~\J\D=/4C\]\\f\X\Zg4\b;\\m\3*\B/h[	3\$*uf<\C\,;D\\r\>_N*\'sCfEk!qn?\9\OaS\)*\R64lw~\ 3,\YJoT&J55GwQ\](\\rSq{\\8*_\Q\\*\"e=%\l,\+QeLK\5\R1\)QA*_\\2ECU\,\)q\.\"`F_>-VVy\X\8h\2\)qe\S\]FH\bD?Ae:,\`FQz8h\n|D=%\z*\d\\\nf8h\2\)PXf=%J\"KEY\J\+,?h\fb\A\Oe`T\n5AL\Xp	e1\Qve-*U\\D,\)aVQtRY\J\`,|,\\'2C*<Pb\0\ef`\TPu:<aF	F23J0\nQQ$20Q0\2,3\\}Q\\~LB\\?\(`,3`%EA\n/0J1\nXef\@c%6\~.0J1\n\QQef`,5P@\\+\}?X\%o?,\)\\\\*0J|\\/\Bg\V\\O]b\Def\Q$2\~.0J\<ux|zJ0\nQQ\"Qe9\nu5|\X\S\"Gn3J0DF1\nu{\``,3Hd`TPw|ICr\(D\"\\\Q>`N)Fg``,\"z\./0J1\nqdcwBfF	F23J0UB(\(`,3`%E\"K\T]v	tGH\Y\(\ ~{\\"FQ\\";<`Q\(\\j,\\?J\K\\gFesu\\g8%\0\\\?\!&wg\ZFU2s\5{qd:\x\Y\\\+%{gG\3\\_:\n/j\\\I\Z\\mxZ\\M\n$\\\de\3\o[U\#]K\'\\RtBn\\$1>=IK\\{\\~tz7\3Q6e\:\h\6\\\gYT`+_\\\Q\l\1a23	c*bF)_xQf\$\04\G^q#bf\\\nq\Z\ZE9\\q0\"\\f8\"f(5q9/\]^\;F,\W\\\B\E\cM\Oe\sy/`\\Z=\5\BfF\e\\\Z\_3\\N\\(N	\IT=Ud\\\\b-]\du1xG\\\nfS?38\a.a.V\tps\'c@6V\\\pw\Y\\M\\O`\\<\	\[Vq\\rIQV7w\\4^\\\\c\-;4F\\\\\re$c@vhp\x<4Z\fH\\8G\T6 \v\\\"tSdd7/N8\&^m\3^\\Hy/Cu{A\f4.\.\\.SY\Z\\\z\Z\\\.dA4q\}*\R\rv7kJ\(\\ZJ\#\E\a\md`h-tk.\kZ\\\H\?f*O\R\\\By1-VW\w\c\\C\1S\o!\r7\f\S\rk2X3hV\+)!f+1&xy,	\p\TI\;[s\:\#m\L \\eN\\j`\"\5\)}\'L;DD7xEY\;l,f\kw7~\n\c+	sb\jJv.fo\)\\Mqr\;E}\n\\\\:\rh*\yMsU$ajqrU\IfsV\:b\\&kC0Y\r\2*\0{?$\'-\\h\PSa\6\I\\:T=nnF\lC\# f\&eo\5E\p(^NP\V\P\"\\dab,j\\.oVVq\\p\n%\\\\5x;\~P75\w/	/j\\eo\'Di+Pl,\v;\\\>\3\HHYM\r\j,\ETf^5$\kJAb{\ HY[gq]!3/\]!;\R^@`7\1Q\c%\GQ\C\3\(0J1{f\[\,\Z){\S$\"}fT,*#rF\n0N-x%\'\SxGgBO\".~\w\2\ZxtT\E<l?\R]Q\#\FgRE0:c\R3!3\!\o\b1sBRU\\\G(\"\_	\_2\2\\\'_-^ms*Nuef\HBcEI*7\m\$E\\KuSfPp\n\bT\!\G,\zJ0\nQ[3*t\nR\\\ca\'dfI\\(b(fTQ\lCh*<,\)bf`\gF\EY-:6\\z\\((Xf=%\5rK\:\n\F\Q,\ /\MeiH/PBQx+x\\ZQ\ 20Q,2X%\DF{5\0\\\.Vp\\((D9\z*G\\V\n\\	Fm\3J0\nYO	F`w;\\"F\\\?\n(T\9\3J0|\0,)FAEV\Z\/V\zJ0\nQQ$2\~]^\(QOQ\\	%\\((s\O\(cS\"G!p	\}(\:/)\Th\pK:OqK \n\5t(vu?>I.\/(\\uLF?\\X\;,|A\\\Qv_.\vX\0\qK|\)?jI8\;\\\\m\\\N\\\\\\\\\{[z\o+\\\\\\^~~z|Z|y?Uzgv\\\\\\_/\x:Y{\\\\\\\>=\^~=<<\\\r}o\\o_??\0\0\0\0PK\0\0\0\0\0!\0zgR\0\0n	\0\0\0\0\0xl/worksheets/sheet15.xml[o0\\'\? \0\$JR9h\4M;\\;\$V3\9T\>@EU\@^\&SY*$\\a\E-b;E?CdIEdSJ%z}09r\"w*R\\qd96/i\lKud)(I\Cy\x99acqo6,\sZ\n\"hF\/w5-On\D\\A\k1j\\3\X\'4\r.F\@v?rFI\Z\\o\\t/(p50].1t\\\0F\]\C\\&\\'_f_H=X\=\p\$e\~%\fx\e\\\^]sx\\Mk,\iM\bvmp\n@!\k\\I\<\Re(\\7~D\v\nU\6\Z*/b{&g\03\d\c\#njX\T\ld%{x^Gcoh\KCLcw\\clo\\;!Ac\S<\/]\U\B0^3K,\"\G4EDoxK=ExKe\tP35d`M\\f^\s\3UOJw^?7\~nQbE;\Y5\5\C	8\dr%I)\\Hv`Nq}|\\#\>\\\#p8Qi\\\k\\fT~\E:pKt5;X\\\amOw\\#\\ET\^m\\\\{c7X[-\\lR-L\\\\\\\cQm\rz\\+\m\\\\Z\\\\A\/\?\0\0\0\0PK\0\0\0\0\0!\0\0\0\0\0\0\0\0xl/worksheets/sheet11.xmlV]o8}i{|(d\U33\Zvw\$VZ\{\r!\D\Z\p9>\_/>w\JY&\2[Q\_\S\i\\-\e\\5\\\,>pn<`(uB\Ts\\Ld\Kx`\\\lk\'A\Lf!rOev,xij\sf@>J_l]\z\dQ\F\YR\\mrX+\{U\\\3\~BdJj3#`k3e-\\\I`\0T\\$\\nd$[2t\6!\\F\!x\K\?Y.lP$#\\n3?R\/[\\%{\D\)\r\g0Y7R\ \"@~\\c0\yB\x~\?\Z\?\\|Sp?F\-\:10\\d2RzZdv<\xN#\Z6\\g\\\\f\X\ZQ4\,?\_a\MGwl(Rf\r\\\\D\@|\V\>!8!q\Z\`\ YZ\\';o}cIMFz0}\ApBW\\\]}Hz\Bz!\\#Ch9vy\\A[\*\Zz!\\\"8!1Dp\ZM(\ZG[Vc3/D7	kD0h{]zbGO_}|G!W\Ucq3q\\K`\Z\4G\\\s3/\Zzz3hlrUr4\-WS]KO#l\5\"V\\\<kP}\vnZ]KO#vw\\h\he9M&w:\\3\:\^^7\\Z\G\\:Bk\,l}_\\E\S{Qj/\;\\\=*+l\\J\t30.\\\\0\0\0\0PK\0\0\0\0\0!\0KIS\~\n\0\0XB\0\0\0\0\0xl/worksheets/sheet10.xml\n\\\\ER\\\\${ kZma$\!e\{ENyV]\s\\\D\\~7zv[\Iv&\u\>Z&X\]}\\M~n\#7]\'/\\\x\n^}\^\\n\\yMU>n\|/d\iz\nGW}m\K\Oz\x\\\\a\d\\\|a\\-\\'M\\i\4u[?\\\fj\Za$E\d\qSo<\r\0V~\Zl\j\\^3%\\\M\\'hFn3V/\|,M7[wGMN~,[\\V}?\HA6~J^\W\:K\f\\'\wC1\w>mu_\}<SI\S;\|rM\y>~\\_\\\e85l\\\E\n\v^`W\9Cu\\\\[x\M\D\\4=T\\6o\\e\`\0na*\dE&Wy8w\pj9L\<F\h[\,<	Yt\4,\8\0\s\\hi\#wZEl_K\\^\bw\\!\W;\~\*\\:6f\\ Qw]\2\wOJ!J6u(\oaU]\\\\I\&6\s&$\z\\R	!c]\@g<Z\\\[a^\hCOm\?Vp;.^n+\(FV:-\\9\P\\!\\3\d6b\S\g\&Iaa\0\\\vq5>xF\%\\n%@1K1>E2qZ(\_]2>\[i]P\\\2*j8\'\0:\]^\<b\}?\P@N}y!\a\m\|\5\4|iE\\	2z1<p\V_{\nr\P4t7d\\(\n\ANC\\w\\\Yw\n\AEt7AQE+?qP\\\b\r$>vu\Z\O\}@\8\\\DP+\nwNCwZ{d\^$}\\Mqww!\]\\(A!&\]N\NAV\\`\'\n\ANCw\\3.|Iw	v]O9Q`\;\&\\r;\n	vct\B+\n]NV`\\\`\'\n\t\Z`\Ww;]\"\4t7.\'\\:\\B4N\NAV\\	Np\'\\4t7nB\\\Nub(\N\i\nbX\'\nNCw\&\:Q.\t\ZXn.\\;\n*\&\Muu:\r\M\DwbNCw\&\:QX\}jb]\.vB+\nbX\'\n\t\ZX7%\\:\&\Mu;N\\$n\\u\"kZuSb(0wbNCw\t]\'\n\uNCw\\:QX\\\)Np\'\\4t7nJu:\r\u\=l\r9N$}\Zu\\y\\)z\Th\Msw-bwe{@AV\\N;Nu3b(\N\u:\r\M\DwbNCw\f\:QX\\\Np\'\\4t7nFu:\r\M\DwbNu!\ZE\aLSPt7nN\\Nusb(\N\u:\r\M\DwbNCw\\\:QX\\\9Np\'\\4t7nNu:\r\M\DwbNCw\\\:QX\\\9Np\'\\4p_X7\:\n*\&\-u\SPt7nAu:\r\M[\DwbNCw\\:QX\\\\:\ZAw\\:Q`\\:\&\-u;Nub(\N\i\nb/zSX\\=\0hy>|+t7nIE\nuKb(\N\i\nbX\'\n\t\ZX\m\]\'\n\t\ZX\:Q\t\ZX$\\:\&\-u;NuKb(\N\i\nbX\'\n\t\ZL\+vB+\nbX\'\n\gX\&u;Nu+b(\N\i\nbX\'\n\t\ZX\"\\:\&u;Nu+b(\N\i\nbX\'\n\t\ZX\"\\:\Yj|\\ZEex]8\0\Zp+Aq0Z\KX2L\\R_/a	?J00K%!3*D,%@ \nX\KX\2L<\Rb/a	DJ0A1K%!3*DF\-HO}%!K0dP\]&p\\6:\\\\f\z.>ch\';\vq\\\\ft lt\MHx _\\*0K`:~#%0\K`:~$%0\K`:~:%%0\5dP*36:R\BGB\\J\QwXg\\\x\'RWB&\\9CgxPU_|\>\\\\\\y{hG\)to6\}_}P]x/8T6rS]\\?\0\0\0\0PK\0\0\0\0\0!\0p\@\0\0\0\0\0\0\0xl/worksheets/sheet9.xml]\6\+?D_A`\&Z\\~\\` \$q]UC\'h\x<\\'\NQ\:\%\\_f\S-7HP\\\\gj}\\Zl*\\\f\C#F;UxQ3a\\CnE.2+Q&H#J\\uV\xv<<\:@uQ\*_|\\\~c{\\rE?F\3UE\H%\\"y<\#\r+L8x\C\n\'}\\Zl}0\\fq,6	\'\^Op-x\nffe_Q\+\Xs>f\5b\\"gvge}V\R\!9V\\p(DX\\B}L%o\\s%RYUl\=l$\G\\x\4&\?boT]L\G&T\\r#0\\pBx)T\'\t<w6\6\\Yg<{PlE8n\pQ\8e^~TLV\D\t\0\rX\+FK\y@>\xOlygbfN\nuJo!8<a&\\r\5\n{\\]@<u\ya\\+&y\0\\[a}\\l\\\*\s@SJ]tNnk\g\h\}d\By\O\	s	VSceZC{\~B4N\5\(Ye\#_J\2Kp`\\]]h\\\}L\2Kp`\\(\)u\,@\hkS(=\}3[q\M\V]\]ND\\V\\\\nx? D]v;Q<!h\KD\\^>Lh\\c+.\C\roJdnv\v\cf+.\C\rg#Bt;\q#8f\=\A\ZE3[q\\\Mw\n!\>=p\l\%\"\Z8\L\z%\\9:	[6k~q$\ofx3V\\i_\\\^(\0z5_-|\'~\W\!\Lgy\s-[/\\+`\\nFR/\?L\0\0\0PK\0\0\0\0\0!\0\\R\Z\r\0\0aW\0\0\0\0\0xl/worksheets/sheet8.xmlYo\\\\?zov\`\U\C \i[h\r$\S$/{[n\n~Yjr\~|YnV/OY?,^\\Ky\Q\\O7/\<R/\\z=\\\f/\/\\fqH\\]x6\Aefz\7=\\\.\cZa|/]^R\u\Y^\\fa.>\~o\\e[|^q\Ge\.W\\iZ\\\\*<h2\`<\|4_W\<uUH\Wq\l;;6\\mp\_&>\y%M/\\\8\oM\\z\\\<\F\_\Y\\^\\\\\Y\.\a\[o_\rN\\\\\\\\\S}~\\\t\"=\\U>\&\l\\==RE\t#e:S\8eXn\\\\\fU\\\|k\~TG\\\\\VU\\m\n\t\g\[\\uo\\\[HQ\]\\\\d6M`g2M1h6FW\\m\F]TJq\O6\nR\\\U\N;!m_\n\tKpb:\\`)>[U\'DM)qiW\!tmmH\0xMr\Ia&C\$vRd\(\\\0vTA{\:I;4m\\\G0&E\`[0\r)&@V5N;LQCK\.\\ZZ\`ZXI\\4:\9]0\1\$id\[|/V#\MW\\[5;J#/\\\x/j;b;gUc\Z/^!.1\\\x/j;bx\Uc\Z/\\N>J#/\\\x/j;b;\jvsx\4^}F0^\K3U\\xy\\[\m+2\\\\\fg\|Y\\tteEN^\>Q\\\mvn\?o\\\k\tm+5\\\\\f\F-yn\]F\r+9\ZgNms\<7\\h=\]jzW\"|\W\Q_6\\\\%\Zg\Vv_q\6;7jy\s+Z]\\3B\\5\)\"Q{<&Ny3E\;IC&Qa 5]VS!Nm0	Jb\m_gq:BH\\>Iw\)\\R\Y2\n\\TDMlF\hl3\@$jb3^\h3&!#\@$jb3\Z\R\\\"5&\@$jb3\\X^;7D\Qa 5]\^!\"Gh)*D&6\3\\ \\\~D/aa&6\3yF\\{F\*D&6\3yFfD\Pa 5])\Z\kOgF\*D&&\\\*D&6\3C\@$jb3<3$\\*D&6\3C\Huca&6\3C\@$jb3<3$\c\"Q\\!yFfD\Pa 5]g`F\"Q\\!yFfD\Pa 5]g`F\"Qq\L\\xFfD\Pa 5]g`F\"Q\\yFfD\Pa 5]g`F\"Q\*yf\|fLoba\\4/jb3<3\"\\8A\Pa 5]g`F\"Q\\yFfD\Pa 5]g`F\"Q\\yFfD\Pa 51\.\g`F\"Q\\1yFfD\Pa 5]g`F\"Q\\q\[?9?M\=\\tD&6\=\r|7m\G\L\FCE\\\vhL>\>.\GB0#\n\\|$30.\GB0#\n\\|$30\\\GB0#\n\\|$30.M\GB0#\n\\\*D&6\=z\#3g0.\L\3B \=CH\\ftyfB\#>u5]g`F\"Q\\	yFfD\Pa 5]g`F\"Qq\L\\xFfD\Pa 5]g`F\"Q\\)yFfD\Pa 5]g`F\"Q\\)yFfD\Pa 5]o:\L\\\\*D&6\3Ss\"Q\\)yFf\ca&6\3\Y!B0#z\n\\<#3g03g\\\\3TDMlFgf\!=CH\\ftyfF\3TDMlFgf\!=CH\\fty\B0#z\n\\\su\\sS(\"Q\\yFfD\Pa 5]g`F\"Q\\yFf[0PWQ\\yFfD\Pa 51\.\g`F\"Q\\9yFfD\Pa 5]g`F\"Q\\9yFfD\Pa 5]g`F\"Q\\9yFd\\"Q\\9yFfD\Pa 5]g`F\"Q\\9yFfD\Pa 5]g`F\u51\4\w.\i\7\9-U2tg\\\k4%\\\\\\nARt\\"LJ\RiJ\nARz\\\"LJRiJ\nAR\\"LJRiJJ04g\ARZKSR\-mS KFyF6j&\>4%\\RR KIyFNj&?4%\\RR KLyFfj&[@4%\\RR KOyF~j&A4%\\RRlR\cs9 GQi\	\ \QI\X)/BJI\Q\ZARd\n&%GQiJ\%&\7 GQiJ\%\a7HJ$9J&0I\\yI*MI\Q\ZAR:V&\\\ \	:\&\X\\	\5._8c}ApF+t,Q\Z\\0\(Y[\0:\)\X\\n\I\Q\\0&%GuV\\\TKc{i\\\p\&-\s\9ul\!L\.H\\Sza\z?^$g\\=w\\RoyZH\\n\}\w7\\\e\[zi\9aZ\Yy{H+h=lHv\\Z18\\\0\0\0PK\0\0\0\0\0!\0$X\0\0\\\0\0\0\0\0xl/worksheets/sheet7.xml]\9r \D\\\2<>^\`yFc;3\.\fz$7\\\wR&d>\_w\\r7q\\\a\n\];9/\\\n\4\\_N_w\rex9\MnoO_w\\\\\\\\y{=~=wt\\\\v22|8\\ns{9I\\?}r\?\y{\\\\+I\'7\~r8n??\\\|{\\1Oz\\\\=ejF\\\~P\Z7=\~\xI\\V[%\\cr?|\?\Mgt?\\\?;174w}>qm\Ln?}|\S\o\\\O~\O\\|x\\vOO\\\\_?Q]\#wO~$\l\_w\?}(OBs;~{\\?oOpx\\+M/]\yL\brs\t><]~}x};\\@\S;\\}\n\y\\X\Z\\\S\t\)\\{?v\ow\g\R\!uz\Fl\}Ytt\b:3s\lgzMqD(G\\\\}p];\ZSCO,g\D\\\i\~\0\r\f{\~x<|{\0\\u\\Q\M<\ra\*)\Z}$\l5>?\\'\V\\\'V\?\*[\d\p\y;\*N\[\"<X\5\\taWON2^j5Ku5V[CS\D]\\r5\U\\;l,w<,\\\Xg\Bt.Y\rcAFzQtb\\\{Ux\ZN\\Du\9z}.^Y\Zy\nC#INOh$\\0A>-%a\\;\*$=u6)\e`2@\kL\Y\R+\\ZIzuI. \k\f%\\#\\;UfZI*I.T P,w\W\\Wh6fZ\\n\\\\~uh13},5[N[\}ML+Z)\SpjnXK\\\g=\"|X\L\TC`\;H:j\V:irQ\~%\\\\n\sX\\_Yt\4w\3,xs=\\\\&S\B&K<\\]$mDqye1\*G%\W-s-]\\\GF6m.\)\i\r/K$\Bt`L\\^N\\:L,0\G\;=~\\.\c\\{\\~\V~\\{7a ~\n\]\<($.*\DY2\\w\NcE]\\\^OWld\]J[\\Z\\\	3\V<^n\T\V|\^r\\f\?Qwa\R#-\ZQ\m\Wn\q=\\u\\ou\"}\rysP\a\j\~X4^*(z)4>{\R+Ax$aevL|	#\)\\R_oDi\\|c^\\C.!\mVzafWa7\Ujkh$g6lVz[v6\\pjZjFpr:4\fG\0%bHF\F\RXi\,<,FW\nO\sF0JF\j\f3\|\Fi${%NL#faa\\\1\r>o,6RcK\Ssfi\\uUR+q:\	VLs7\aZ.5S>M>\\8GdO\3</\]\"FvxW:l.O\$G\r\3\\>^D/*\a0V\M5VJ\\\'oQb\Qu\zKwPU+5[T/x\]x\6\38-$D\\\H\ZjF(R\r\n?e\A1q/9|B\=t\0|7_\=tve=\\+H\)&\HK\eM\\n~V=\rP\\K)}\\F\rR\K+Cng\	S?W	\"`\[5!5\b!_\C~h$.\lUsz;\FNd\|j$Y\1_\|jXW\/`&e_zF\\\3\A\Z\A\#\/`g\0O!~	OF\e\Hf\H\\Z\k}+X\CuL\7OaD5Z!KHaC?Y\4j9\V\B,!|.~a]\\M\\f\\E\\Z\\5O$\i\;Z\"K\\!\,\f\\A\\8@BBd\\<u\,W\\\4RQ:<DGd\0_f\|\w^FBj#K\\*H\qD9zi\4$$D7\qDns\0		\[:Q\\\m,\%!@BBd\Z \,\\apJY]j%)\\k\daL(\\<$\Vz9ZIZ\Tm\0-		ku#r\0\<\Y:\"K\\aGd\6q\:CX\Y:Wg\7\\Q:<#tu^:\"K\\aGD\Kui:\"K\\aGd\6\u$$D\\:\\m\y	\HH,\0o\DtuS45M		k#t\]2\^$$D\\:\\m\t	j\nHH,])u\\YVS\8\"KQ\%) !!t\qDnKPS@BBD\\ru\\YVS\8\"Jol\4j\nHH,])uij\nHH,])uij\nHH,])uij\nHH,\u<,\FMPS@BBd\ZM!\,\FME`>k5DGd\6j\m^\"K\j\naGd\6j\"K\j\naGd\6j\"Jn \,\FMPS@BBd\ZM!\(QFLS@BBd\ZM!\,\FM[PS@BBd\ZM!\,\FM[PS@BBd\ZM!\,\FM[PS@BBd\ZM!\,\FM{#y_$$D\\:\\m) !!t\qDn-) !!t\qDn-) !!t\qDn-) !!t\\:\\m5$$D\\:\W6j\Z\5$$D\\:\\m\tj\nHH,])u\\n\YVS\8\"KQ\) !!t\qDn+PS@BBd\ZM!\,\FMW\\v\j\d\6j5$$D\\:\\m\tj\nHH,])u\\n\Q~-{aGd\6j5$$D\\:\\\FN<BO\n\kE\N@)*BD`h%	\\",\"`#n:hk\w\\\\\5~U(7L_]l*R\<\\FJ_\l\D\\$Q-dh\(2y\q\(i[yF\ZN\\6*?\\fYS\\\Dt\zzApIE\Z6k7Eb\;}\L#$\Ow\=4v\4L7\\\f^X\\\cE\':-9Q\\5 w i>\\r(QW\7h\r$@\"\KZ^w1\\\0r+I\0#HcA\\\oK^\rD\\\'#o- \F\\0\"E\02 z$(F\(|2\0 I\0VTW\b\%CMIzD*\` PP\@U\T\)(dC *{t \0.	C+I\0@U8p\G\z@QTb\'<q\\L\nJ%\\\U%6r\#WOXJ\0DfC+1\7\xJ]\Pr\=\0((1|y=\\"\#gA\0\]`v\\C *KtPwK!o	HN\hMg\\\N@a%@G\9\\\N((\n@UT\d\"\'xJD\\7\0*q\nJ%@\"PU\\\ngA\08\	6IJ\!58*qcJld\F?w4@\#J\`N@l\\"\` *qtG3\-\D\0!:TX8\\\0j\\3lN0T\\\Z\\\\nk\@U\B%F5WQk\Xr+\Z\\$6:Ovd6\n\T\dJ,B\Y)\EJ,*q\nJ@t:\Z|YKw!TX\mT+P\ncPL~\~.$\\$_\\\W\\4\\\\\B\0QXt@%\\"`t:T\W?5\\pJ,B\h\\n[\ro\VbTXm]C\0\\rq\'@\\8zZ\F\v\V\\\\`O\[\"6o94\B&1\{b\+\'\S\f\D\nJ?.\\\"\"`\'F#.\\F(\FQf\\\k\#Wn%\\\rNG\+I\\]2$	kkH{\\{eA\0O\\Z\\4\9},\,\w\9q\~\(NenXk\\\D.E8@%Fw-W\j<(1k\\2\\zlF=P\{Pbt\T)1\Zm9t\)1\m9\ \0[H\\8:ZY\\\+\n5nI\P\[\\yk\#r+\\orEw+@.\\@K\R\h\\+C\0(1iVOE+\q57\RV\r\\ {b\\Z>M7\E=P\G\+\\\\\n\\\\r[n%z\'\W91sAW3%FXXJD,x:.]`\\KQ\%FJV]2$\B`4J,z\0\\\[\=`\\\!\\\\%rI!\X=\]2$	)1Zx9$\0J.^\"\"`t:F^2$	\H]=^YC\\r`i\\\\DxT\\'F_/K\r!=1Z{9$\0J\^\"\"`\'F/_`O_\"\"`\h\\\+C\0}a M\G\'-IJn_`\,@\\+&\C\/Bd\\%Pt\2\4r\!I\0D.EH\W$Pbt\0#%F0.`@\L\RN\\nX$Pbt#%FC0`@\L\RmeH\0%Fg0K0Rb4s\!I\0D.EH\\"GX0	\N@@:JNa`M\Jl\\\.!\\\&r\\\=a]\2$	o)1Z9$\0J\a\"\"`\h \\A,C\0(1z\\CI\\$&r)FJfb\\2$	C`\'r)FJb=\2$	)1\Z9t$\0J\b\"\"`\h/\\_,C\0a \r\8:xY\\0*1\X\}\r *72\Z\\\\J\\\(\\[IZ1\1xckH\9Q_\@\"P{N\\xN<V\nol5Z1\N/G\r!}`M=Pxc0=\'F~_CE@?:&\i\~\\D\G3,!\j\\jc }\G-xHnc }\G*-!\"Pxw\Z<0\G*\CjE`h%t\JDBf\E\\!I\0=D.E\\0*qc-\\	H\K \@A[\'\\\D\\`%F-K\\Z!\"PP\V\1z\F[|\0*q\$\{b$U%6\\E\\\I\\%r!d\'\E8\*(qJ[\"\"`\'\E8\\*q4U((1xl\V\E\0\P#%F-[`OD\'6\\Fz\D\F[=\"%-$\=_,\\\'H!Pb\\9\EP$	N{\\"\	@\cK\R|\0*q$Pb\#%_,\"J N-I\\U\h^e\\\*q[H{b#-[\=1\\D.9<<zl!D\c-$U%6\@%nc@U<<zl!DP[\\@\"PUb#-Xk\0\[\\@\"P\yly0\\"\<0T\\\6[=2$\B\\%r\0*qc-Nyly\\"\	=\0[HJl\\\m2M\\yly\B(dH\0(1\\D.9<<b\"%-$U%\Uw\JG\\\V[H\\r,HeoOy*(6xqa *\-\\;Z\\@\"PUl#/.YD\0\\byqy\B>On@yr<,\0b\[3TK\n\\\\+CB/M,z@\3\T\W^\\Hm\\\xkP\Pl\\\ryqy\B\\)6zq\\\d@u.xq\\Uu6\\E\^\%/.$U%W<zqeH\8\F/.K\r!Sl@%.xq\\U%W=ov/xq\[q!\T\W\Sl\I\\\|xp|\&\\\\>hk\.h\ 2nc][\?r {{7\\\\\\.N7o/Co\\}\b\>n\u{9\<\)t\_\5F\.a\\\\z<\_\>\\\\^o\\\=\/w\\|\\\	w\OCM\\_\"O\0\0\0PK\0\0\0\0\0!\0Hb^\\0\0\0\0\0\0\0xl/worksheets/sheet6.xml[o;\`\\\"%$#q\a\Z\\2rCcX[s\\f-UO|\OW\a{0q\~}a_\\\p<lv/0\\\/}J=>L_o_\\\\\k\q\\__\!\'=?]\4\\?o/%}\}\\{\_c\'isL__\K{\\\\\\\+w:z\\\~\)\?\|ss\\g09Gz\\\w\\]\z?\zu??E&+\IrS_\?\Y8u6\\\\\\\\\o\w72m~9\&\:\*-\\4o0}M?\W\\wwb9K\\m\p\a~\\\/I\t\\\esI}\\.-\\N]^<s\c^\I\\=\\%I\Dz\7A?{\\\\?\\_)#Ejy\}Z\I\\8i\=_\y\\g\x\]Yz9\rKv\M>\\\\\\\\{Jci\\l9\\>\\v9&K\7\WiCu3II\x\qrSo\\$%4Q\o[\_\\Zi\T+\;\k\dXZ\d\$\r\?\\Iw8;&M;\\+\\\\\\\|4\\\IR8\\\MFi:k\&\\\!|X<g\\W\*\\\$\\\c\zT\Z;\5G\\DX\\\Dk\\8Z*Ku<\"4\xq\(N\\JkT\\\\G\\Rk\ZF5\\9:i<\zh\Z:\c+Q\\V\\\Z\Yc\w=F\=w\#B\P/[KE%%3IQDR4VtJb!\Q\\\\,3e3n!%j!dF\?\y\t];Z)qW\;`\0r^X\\\:_fz\\r\\\!)\T1`#.kk\koBU\FnGk+P]8^{{\,\T;rk,j\\%\\Z5.!-J\"$b8,%EQ(o\Z\Z%EQ(S\\WJ\Z^W\r\"$ENjxZ5\Ze\ZUn4\S/^{;Y;l\9RxTXfFLEc>f;*gIQ\\b`]BZ.EH2.!%j3IQ&\h%EmPIQ&\h%Ei\\\(BB\\d\cf!)\d3\\(!-J?fFL\?C\/!-J?fFL\?;4?)!-\nn\"AfIQ&G3IQ&G3IQ&G3IQ&G5Q(\\\KHQ(\\\KHQ\\sk\\%EiG\\(BR\\\\\%EiG\\(BR\\\\\%EiG\\(BR\\\\\%EiG\\(BR\\\0:>\s\0 $`nr\Z-tz\329iG\\(BR\\\\\%D-cf!)\\\stcf!)\\\stcf!!jar\Z.cf!)\\\tcf!)\\\tcf!)\\\tcf!)\\\tcf!)\p?//\Q.y\09zn\>\v329\\\EH29zzqH\4+!-J;:fFL@G/!-J;:fF\\skJHQ(tcf!)\\\(\\EH29z@G/!-J;:fFL\\KHQ(tcf!)\~~F\\C^\i>T\r&G%\\o:\\EH\\:z	\cf!)\\\(\\EH\L[\\+!-J;:fFL3IQ&G\\\KHQ(w\\%EiG\\(BR\\;tcf!)\\\h\\gN;:fFL)\\EH29z\KHZ\\\\+\\sk5}\kQ\\13)w\\%EiG\\(BB\\\cf!)\\\Ktcf!)\\\b^(!-J;:fFLDG/!-J;:fFL>0!z\}vt\"$E}@K(\\K\\EH29hQ3Z\03er\gt\g03er(\03er\:\wEH\Z(Ck\\$m\'\\-\w\{\"$E}@Y(\J;:fFL>~EW\\13er:z	\\Q(\\KHQ(\\KHQ(\\KH\13er:z	IQa?cf!)\\\+tgt\"$E}^BZNEgB\Zi\'m\a\&\\<|\M\\kL@O\\M\\kL+	s2)Z|ie\\InRvRfy7E1\&\M/\\\\SMie\03\C\\MM?6\\0z)J+k\jwS\2I>\0\Jr5\\\\Z80KPz\\k:L>Zg%\McvTf$^J\\0\-\\V^];\nBH\kd\0b\1\lB\r]2jPFj\0\]w1\l5\0!\4\MpP\\1S\~G\\0U\\j\0bi\h\rpP\*bJ\tD\'EV\"v\r\\a6\jPQ2R(\Z<\\0FUg\W\\nR5xa\uI\\P\\Z\	~\r\Z\\0/Zo@\\\ZQ2R(\Z<\\zM[\r jPZs\V\l\YuY\rj\0Vk.Uf[u\\\rj\0!Wk.Uf^u^\r@\v\lL\Z\\0R(\\ZfP~M\f: eP5IVgCY\\P5\/J_B\qV\\\0cpj\Zs\\R2R(\\ZfP\\\`\xAm\r3\\uuHAD\0\Z@W\F\\]M\r\\u\0\\\\\N0\1\\0B:\\0\\\z\j\0]\]~v\r\a6I\r\kC\r kc.eP5u<<_g65}+(k\u\0\_e\52z\Q6\3 eP6QXT2R(\r\dRwC\<\<A\r\\\\lT#Xl\M\bIn1u\j\0acc\j\0ck.=l5\0\\N6#\2jXgPL6,Nv<|\im\*\(+P,[s\l\p\X(0P1+g@W/M\:J\\0\\\\:fgu\rT\0g\g\Nm\e\0P6,\:P\\1X2r@I\\0$+\	\`ZGh\\ZS\	pZeL\Z@ZG\\0Lmm\'}\V\l\Z@\\\\\\B\\V\'g\\:B\Zgj\0aleJ\0l\lC\Z@@63\\:\n\055*\\0\:J\0r[s2\\0B\:\05p5*= \mp/5*]\\-\0\\N8\O\Z@ \\Wb\5v\r\4\\$5P\\GX\\Scf\u\\r\\0\\\\\lH#Ln\\Z@\\\^>\u\\r\\0\\\\:f\\0B\:\j\0\sk.Uf\u\\r\\0\\\\\V\(:TX>\\\Re\Z@]G\\ \\\\\\V\(\D\r)J\]Wbj6p@\K\\V\(P\[s2\\\[czW\'g3\\0:\%\\0\\\:f\Z@x^G\Z@K\j\0zz\j\0zk.Uf\u%\\\0\\\\\V\\JL+\Z@\0K\j\0a|]ieP\[s2[\r +1w\#o\l52\\!&\N\\\^PieP07)k6\\!1j\0!ed\0\Z@\_WbZ\\0\\\\R\2\\`nnhFq\rcF	S8I`y\\2<\a5\\\\\Z\+	vm&\e2\x3\l]m\'>m`\\{7lplx(M\\\Z{A\P!<\l5@R\\j\0\&\h\\\\\\\jLY0\M[\\59aAgslo\\e:\\Z\{Ac\\v\)e\\0O8\\Z	[an\&\'\3k3c8f\vr\y\'<6\\}\O7=\',Si\kL\&llE8aRf\k@)e	\\\dp0\M\>3\0\\r3\08\\N\\Z`\=\kL\&\rH8a\\g|\\'\)\'\\'\\1ks\\\	\\:p\NX\\V]{\	w	\vr\\53\'p\u5p?5f{AY\4f\0\'Lr\m\^g\&IY\"mV6M\InR6N\mkL+m	\',S\\t\\5\\\0]n)\'\\'\\Vo\uk\=\\r\nw\}k\[ kL\&\\0\m^q\csunRNN\Fg@w/\lW[\	w	{\\fx\y\	w	\vnmw\r\^ppm\'k@|\r\^pmn\\\\\	{\-\;\In:\\6N\n)\'\\'Lrv\rq\y[c\&Qk\8aO8\\Z\\\^\eJ\o=\;\k;qn9ao\\\PNN\\l_\8aO1=p@8aM\u\0\\SNN\\\NK8aO9\8\\N*k\Z\Z@9\8aO615g\[cj\'Lr\6N\rrkL+\\0\	\\\8aO8\\Z\\\^\eJ1j\0\eJr=\;\k;qn9ao\\\PNN\FScfz/\&\\^M\8aO8\\Z\\\y\0\@W\\<pr\p\\g\\ZA\\k\0\=\;\k;}/\\	{n\N\u\5y@9\8aO8a\\\	{\	3)e\Z@8aO9\8\\N>\&\\.\\pTA]2|/\SNN\\\6NvkL3uf@\w\)\'\\'\\\\1k_\8aO8\\Z\c?5fg\\k-9R-v8\?\iIrny\}b\w\\\\w_yO,\Ti\\O{t\-&\\Q\\\>|\c\7\\z:\\\\\r\n]w^\\;w\\\k\_7\\?o_WOc\\?w_y\0V>\ih\~?-e8\,\0\0\0PK\0\0\0\0\0!\0?9 \0\0)\0\0\0\0\0xl/worksheets/sheet5.xml]]o}Ak\r9\\j\Z\\\&<Zp%vf }I\:x=H,TUs\&O9}\\\\k8\&\\tr\?\\o\>]M\~YO.\\\\a\_M~\\\\\}\~;~\dx:^M>N\o//7\\\\\\\|\w)\\2N\\\\\$gx{8\'\\\\7_SNr\v\'||=\qw\\/7\gI\#%\\<aA\=\w7\(\I7qwz#/3fn\rsy\\\?+M_\|M5Ha+&/\:r{5\\_\\NK\_vr\r>_\\\n\\\-8wW_\\..\\oR\\\o\\\\`\6\Ob*wOzK~5\Le\\\\\\\\kW|N\!}N\\/GD\4\LM0\\\Gv\\\\oOef\n\n\\o\\,$O#\?\\snTx\\\[o\,\\x0\|9JK\ $Q\$t\\!r\\ g`9\EX\2wI\nww\y\'>\uo%\I>vWK9~\F\\\(#\\\\w_\:\k\k\k\+^4)/\\\V93\\\L-Kd(_u\j\r1\^\\.\$\4\Psh\\":`\5atEb~\yhT8,]-\\\rm\j\"\pe\7\\'\`|\ZM\_\d|}.`\dYb\4*\\\|5y\z\rC\3\-FuAa\(\Zl\0,0)\UE8|,\r\nK\uA&y+8xp\P`W[4\"w?k\Tg`@k\"*\j\*\O\zQ#*QY\no\\\Q\\ZQhv0-\Z \^3\\n\P::h\\\Jwf\\\rfpaXA^`j,1\5T\J~-1\2O.>04e\\DU7\UBB&\Z\Ze&VV\$O\r6\Z\\nXpa&j7G\\Z\F1\\7\5pt~3x4vE\r\x\[#2+\P`W[4\"WLK4X|>\Da<he\n\KY\\\nH\"x3\Vk[t*\B;U\TGS\H)\'\BF\Z8\\8\Z\u6\7\nmt\oBVL\[B\&o\\!\d\uTSL\\\6D-V-zLH#!\R\\03S\\|f\Uq\We\\L\N\*X\\9qu9\'R\Z6s\\\\rs\uq\We\\L\\N\\\s\Y.\j-p\\'h\nN{+\j3WO\pU8n\\n1\gz)tZtS\F\L\\N3WO\5N\io\iojM{W%n\n\h\[Mk\(\V\\T%5\\S[k\\'o=\"\'|>M{qJ\qj?\ji\RtSh\b\TKtKqO31Q\\`sWO\0h\RtSh\bBS5l\\BB32`sWO\\d\MAR\\\L\ZOA)p)N)p1S\&{\\6\U\74.\I7.f*vwU9WH\\	B\HE\\f\>\U\7\\z8\Kpin\r0W%on\n\hY\~\\Z`j?\j?M2\\\LEuin\n\~\\[}g*h8ASp\[h\L\\[}\r8\\r\L\\NWO\\ZN\'\ZNp\\Z\~\\[\zrRO\z\\\8\/]74&\[05m\'7\wDn94As! +\lCC-/9\\\\P5zt\`\#\XL`\N\.G7h>deOi\\U4\aj\\\X\h\=gSt\\\H\\j<zi\0T7su\C7df\\r\H\Pm\.8\jCw1f*\0;U5@\)N\,V*1S\b5@\!F[\\Km/Wp.]\\r\n\pmfj5@\I-w\_\Tcd\r@O\\^?\[Y\\ I$r\{x<z|]1yz<\"O\>\\QJ2\\\b~\s\n\jF\\\kD\\S$-vE#r\e.c5\"\\V\1vu*\UboX\\h\*a\[?>\\\nf~>*.\Kz:F\*(+z X)-\Z*\njcV\\,vE#r\n\X\)-\Z\m\jE=\\8{U9R\hD.\^g^5X&l)-\ZW\\)-\ZW\\\V(_(Dkg\'o\19{w\\\\\k\\b>BhD.\^g\"BhD.\^g\"\"]vu*\\\k\\bAD\\\\\\\k\\bADhD.\^g\"\u6vE#rq8Xr6vE#rq8Xr6vE#rq8X\0nKl)-\n\\\\\[\ M@:8{C],\G\\\\\\\\\bAD\\\\\\\\\bAD$_%SiD.\\g\"BhD.\\g\"BhD.\\g\"BhD.\\g\"BhD.\\g\"BhD.\\g \\'i\\H\X>x\\Zx2\k_-M\0\\\\"\\}\c,}ae\B\PUeX.S\"\9T`U\\0\E\ej\XPJ-!Ot3G>Ao(]\\P\*rz&[\\*l\0\E\aJ\>\;\n*r1|&\r4[XU6\rk\\z\'w}(H1!,RSh\'\\n|,O|\\\Z\\'\rB[\\|,_E,O\[MO\'u]>=qaJ<8%}LH:\Y\:\CF\rP\/MOk8`1\[\s,b\`5Y>\\,o!p\\dt|9<|S,\<g}QN\0\)Tfb\\f$wS\[NRoaXM!\rZA\'a\C\`&\\|\Z\hh-\\al\\rH:\Z\\\"RV\}\[r\e| P\\\\\\\Z@,O\S\'\\cX QVm\[#$ToYk\)Tz\\|g/\'D`o\?\[MOg\'8`Z\<}Af\"=\JhB\n/\4h<*B\\"6Y\w\B(G \S)(Tk|:\X3P|$P\\\\n\XBV\}\Zre|$P\dy\	`,\)T`5Y>c\\\tO\|,^\[\~$/~5\&\[S\0BQh=(LIBz\IX\\-fyK/E,_To5\I$\\;6_VK(~\nV\}J{9\\Z^`\S\dyj>{=,e\"P\dy^NO\\2Y~F,O\>5{(\Zt\[&o\>ez(Rq\dyRrj|\q?\[g3Z\SjO1\Z\\2\\e_BVs-D\%H,_jM$A%\X\\Oj|G;`1\[\"\ L5)XM)C<\c\RA,by\n,\SK\"_V<u\dMzlH,\I\[MC+X&\\*,\\#\"!VL\ZBV\}\P\n\|<\n&\\'\Q$\n\Bx ,\\\"\UXBVs-\\\\"\U2U\FXBV\}\\P\ncC/sjOCe\\\e\XB\p&\T,\P\\\\HM,\P\dyJ5evl(T`5Y8\rEK`,ORXM)LB\\&CV|gMi0E\f4$y\@\\",4X/*QE,O\T\d$t\|,*^du	a\TeXglXl\ZL0%y\n\\\D7\0\\r+N)9$X\#,\-bH,\\\1\\-=\rTz\j|:z{vlX*g%+KZP,/jRE,\:\\\AX3\[g1\j-G\r U\$\ru\\DfyS*LI.5\]?S0H2i:M\"\{\\nSbo@u5\VR:`)R$X\MjHrQ,~^\T\nS,=\/C.\Y\ZL**^odl5Y>	G\,ojV)\jU^u\S\Dx\\$\^\\o_tX7%B\Y)b\rIL\\,o\X)	|S\\Z|R\\YhR\I\2iH\{T<rj;\\-ub7exY?\$0ub7Yn\rIexkMkyVFNRS,fyS\Jo$\,\7u)u\,\$:ub7B\Yx\rIy\\,o^	|S\Z\Y\T\nS,fU^\YAdwxqud\'\Pyudk_^\\\E\\~\+*>1\O\z\ ./Z$Vk\&&|\,?\j\\\$?u\"\\`\}\\p\}y<Y\2\r\\-E\hi_9T\V\\H,3ED\El\\|A,30,d\Oj\\|\sE\E,Lzl\rC\b\\/\X~	W\-\n\6Y>)R\[}Uk_\P^\$?u|\\_=\\\fwB\[W\`lvl\"	XG\-aJE*\Z\qi-M\+n;\>\kvh=c#\IEky\rz//\cj_\x\[W&\cyFSZqo\-ZAX`\\[o\\\\|xS*Lc\x\r|=\o/&\-by\]2x	aUe\C\nwF\t\\\\|O;k_s}j:mj_\$`\\~\nV\oOg\8\C.\"|S\Z}\\}$X\\kj>k$\W!O\,\\$?=\\i_G?5ZORF5\hj_#i_9S&}}\\\\\\tJ\WX\')O!Y[}U\=l5o\$X\Md\wl\7hy,^\7}\\pz=Cel5Y}$`M8\\Y\\Y*>i_G\\\fw\YAo\$`h=//LIC\u6\r}}M\[}\\N\0o_\\nSbou5n\|\\\\\E,\\W\rz\\}\\Zby\n\i_#k_G<\nO\ZY:\YE\5Z/GH,\\\1\\Z>\'\u44y-\F5k7B\.\I*e<i_G&\\4,5u4\'\+v\|,\\\h\W\"g\\jy5u4ao\SV\W5u4!,by\nXMi_#k_G\\"g\\c/\\\XLXc5|,\\\XLXc\\}\Y:Z`\F7_\\q\'\V?x\?mFv\K6\\"bW1/6\/^P	1\bZ\d\\\O\\{\?|\\\\fe\0\\\]M\m\\\=\>\>\?/\6\\\\\O\F\\$=3\s\d\\|\~K\\0\0\0\0PK\0\0\0\0\0!\0k8\0\0D\0\0\0\0\0xl/worksheets/sheet12.xml]o\H\\`c%QRg0.Wc\b\~\\+m[Y\\tc1}E\y\4f\\7u_I=*|\/<>\\~x~?>]_w\\\\\\\\_\^^\>\O\\?/\\\o\\txz\\\\\\\\I\\q*\\a9=>\\uE;>\\\\\\\\ul|xo\_nw\{\?\/w\\\\\\\\\\\\}}:>\?=\vV?\9\7=\\=__^\I\\37w\:q\jVW\\\,W\l6\O\z~\\-\?\\0k\\fW\\/?~\\?_\x\_?\Bwy\\{\\&_<\\_5O\z;M.\\\\\\\xm\\\p}y#s\\\\\\\|\OC<>\\\or*e\\f\q/\^D\|<\\\\NpqN\F\\p\#9\\\\\C\/\\\Ui56}\\\dy	\r#V\l\"67\\dU\\\\]X-a\4\"#Yzn\3\\\u\2/\\\\x?d\c:\9\~\WsWF5*Gu\\8j\\\TFm\,v\:\\o\0rn\\\5F-\b~R\r<\\v\\$}2Tz\\\ZG\W\;Ur,\2oz]k\rgbd_oN\JP!\1\FYiG\8\l\\\i#*AmY\o\0X6\"Sc<x\Q1\^);\\0XG\\3\\m){W	\\_=\8*\\\\\^%({\\|{\\\\\\\Jeom(K_\M>\h\07PR,W*\r>F0z{aT\NVFU/5yG9^4\)E\\%@;[\ (G__\\'LOcG*N(-.\\\=Z\\\RQZ]	 \G\\\\ZRQZ] 	%\<Z%\(\\\I^\\r\(\<Z.\2\\\jE\.s8Z%i@FT\4v.\\OJ\qTF]*J)\n\Av3\xRc,B\Z`\l\\U*d+f#-FT/X\_oT\\\\NP\IQ-P\\SgQt%\\\	u(-.8\r:xRG\'\\\\pOhTG:	J<)\RQZ]p%\\V1:<\NP\IQ-P\t\)V Ne\xu\jE_Nri9Bd\_+JXA\QU_?:i.\,]\\2\X9:]Xzs}]\nr}cQGZ\\\\0+I((L|R6\\\xn9vR&kItqf	\@\'~\	3KEi8g<Z.\\%8%\\ru(-.\\jF)\4,LEj\\\PGMeR,\Y0eU!BmR,M\JEj\tgUR\(c\2RZ6]\Yam%\,tP\\\YY%\L\R\\\\Y9PbQE\Z\]\Y\\n|\Ep\-y{%\XA]m\\v%\XA]mU\\{]((\r\R(kjh-.-hPjE[tafm07PbQEZ\]Y\s((\Rh.b,Z.\\\Ztb,Z.\\\Ztb,Z.\\\Ztb,Z.1tb,\\\n\Pw\]t;E|S\.\jE[t\e;*\\r\	J,hT+\b\K\%E[\\Y.\K@E1-]PjE[t].K-\.PbQEKZ\]t\A((\Rh.Xc\\uVE]z\J,hT+.=\%\XtA]m\Etb,\\=Vw\]t\A((\R(]hE((\\\\uVE]6Xc\\uVE]6Xc\\uVE]6Xc\\uVE]6Xc\\uVE]-E((\Rh.Veh\NVE]6Xc\\uVE]6Xc\\uVE]6Xc\N\,n]t]h=\op>K;i.lA((\Rh.lA((\Rh.lA((\Rh.lA((\Rh.lA((\Rh.lA((\Rh.lA((\Rh.lA((\Rh.lA((\R(;]hE((\\\\uVE]vXcO!\N\-\].K-\].K-\].K-\].K-\].K-\].K-\].K-\].K,L\;{X\'I\\ZR.(CI$Gxn\\h\\u&,F\\.\\\D\I9:e\afl%lQ%-r),F4\r\[dfUhB\\"@4\l\n=u;:M!,\\ \rs3Fh(*e\+R\Z.xFIq1\C\LVQ\\b|zlc\\d\)QT\\nma1\M>\\Az\Q3VhV?^Kqa1BN>MY5cv\jQc\\:	\\WdL\(xtSNf3\}	\[\(RXdt\0IcRV1\#^#W\\+X\\02T,Tr\\!N7X\7O3\0bZ(:\;	\\\,rdcF:\4Z|O|Xu<\Y<R\\)8b\J2\pBc\F$9Zh\M<@#\Q!y%Z\J\Y2b\rB\\zH\ Sd6\X\8FK2j\"Fd\ \/ <e\.\hc\/\%V\_L9%1J\@}\"VN%S\np\5P\\\_Ld\y$SIPFd\ *\\,rh\(\Tb\J1:K\0J2\eA~2R)\8\\`(\hLdB]4\Q(5S\0P)Fg\\4\4$i_-2!5K/p\"\&@-2\~D*Tz\02Rftv\\8H&m7[)Fg\3J21\ \02R)G8L;>Ld\1$S	*P\hL\<d\Y$SI+PF[d\n *\\,r\\(\T\"\J1:K9\0J2M9|r\@&T\Y2$I$\E&D <)\?SpAu}mP)Fg\L9xad\]A\;	btL9}ak_PL(QbtL9adbBh\!Hm31:KD\0J21!R$\3aG{\q$B+\fB\\,r(\(\\JH\;	SekF}W0I\hLJP\P\Qa	\w \\(IoL\L`d)?\MN$\ T3\sd\(\\\\O\ \\0I235cT330I\(\\0\\\<@I2Fm1\'\'\\)G8Q\n/%k_LV*[\6f++LQ	2kk\Q 5\db\\TQ0IfFA&F-fd--P<JIt%S:8\3s!0ta\.X)Fg\L9\adbBhe/+\Se\\\31!z=\\\)G8r\\\\a\W \\\,0I2\(\\8\;\\0I\(\bNv\)!8v=\Lfd~21al\z\ftC2Rftj^Fp\(\Li~21al/!0|GL\j`|\,rH\3I\\'\\Zk&F6f\Q	$cB+_Ln*[fbvC`x\$\'\c|jfffbC`\$]\CT3c\G&\89L1\n2\A53F}dbC$g}kB53C&\\(\X\\\\dwPQdJ\F}!)dB\LiL9`\|f==LQRRr\(\\\\|\{ SeL9lak&?VC\~*[F}dbC`\$]21\0B53\'L$cdbjf\\$(I2FA&AfL$cdb$jf\\TXI2FA&CfL$cdb<j\"\"(\W\LPQ\L$=`|\,rD\/L$cdb`jfffbfD`h\$ c#T3c\G&&GFGL1\n21<B53F}db~D`\$ #$T3c\G&H\HL1\n21HB53F}dbD`\$ \$T3c\G&&JFJL1\n21TB53F}dbD`\$ %T3eeK\\S\Z[d\X2Run\\\0_\\\(gF\E\92u9ak\-$cbt\.18b\4v0F[wo-X)F\>g\|I\p\\4\\(+I9\\d\AIN\L\oY)3:wDw@o]\\Z2R\}\\\\Q|\4v0F[wo-X)F\\\r\(\;; \N\\\\\L]\ap@fN&+\1:J\ddU.+IL\[dLh&_=K\p2c\$\EX+\\,r\\(\\\#b\ZV\\1\\(3 QfFA&f@\u:f@Pc-\*X)~\173j\-2!\\\,|bn(\VJ1:K&_D\1ja%F[dLP\\1\Z3u$F[dBX+eFg\\\\ 3J22 zURV\2 :f@Pd^@&4K1\1m<AX+\\,|3 (\F\ak&_DJbf\ btv\\\\ Ff*:F7`%/Cl%dyde@tmv%A\r\*X)Fg\\\\ FI\"\'\ F\\GfA\r\*X)3:K&_D\1J2\\(\LP\2 :f@PdLhT3c\G&f@t$made@tm$3\\"\*X)Fg\\\AI\nV\Y22 :\6L\r\*X)Fg\\\\ FIV\ade@tm$S\yP\\Y\Cl%dLPQ\ FI\"s&V%/Cl%ZUR|3 (\I23\n2YR\e@t$F[k&UR\!m	ade@tm\'1\\"\*X)Fg\\\ FIV\ade@tm$S+b\nV\Y22 :\6QAX+\\\\!AL\r\*X)Fg?g\9\_\gD\I`%S\ap%ZUR\1R$3 %\L\1m	ade@tm$F[dBX+\\,r\\(3 :f@L\`%S\ap3 &\\P\\1\3 &\\\<T\!AQYb\\\\o\\dfk&f@fo\Tb\[xZw\\"4\-/#r\if\:\n@R:\\\\\v\/w\O\<\\V\\\\\mx\?|\=\\\\\\.\\~{m\{V\t|}=>N\|xK\\:\`\l\\0\0\0PK\0\0\0\0\0!\0<\>!V\0\0{	\0\0\0\0\0xl/worksheets/sheet16.xml0\+\SJ\M6j/ZUU\\Z\vN\@V\D	2f\{`p\3kOd!lE\Vlf\\\`,HtNT\\/rKP\\*UNG\[iO\EN\\#KAIb&\\n\\\"L\-,K\rZ\n\"hF\/5-o\D\\A\k1u2Pd\\\3\[G_~~\\\\)g\\S\:3vH^\{xAy\]`\\Kf\{`\\>>\|jtMX F\PGO\\)[3\'\<\E_|\\j,.h\\brcp\n\>\+nrM$]\7K\d\\V\VA\hT_\B\\'\@\h\LoD\9P1\a\E kMZ1MGV\ugjj\Zgv\p\48k\\d;\08kQ\\ %?.FBp8^A-F8K\|*\\r%%OBV)\\k\ZfcdA\%y?:{\l\Xii\yyee5[z>[Uk2y3|;mK\0+z\N&=V\\w\\I\N;KP}\\\!PGX\&N1=&5VZz\0\Zr{jag{ptw\\igm\u\1\-\W~]m\\\";\m1\\n\XN1OK_BZMM\Z6+^\+h\^r(l9Bym\0\0\0PK\0\0\0\0\0!\0:\\n9I\0\0p	\0\0\0\0\0xl/worksheets/sheet14.xml\:\\w|?I2 jaFM0`Mm\dq\\\nU\\B\SB.\J)\\z\JY)ygr\Ao971\8t\lx\'k*fp6ng+7*$Q\DM<aa\Z|!]\k\!\>\\Z\\\\)d\\00OJ\\Rei\Q\\78-\\XZMr\}~(\ZEhI/\\nC\H<Da7-Kwb5%\\\\rFjM\o28|Q\\?\n5\;QD\J6\@|\&/\\'[</yaU0{>\e9%w	\9=2j\\'\7\\\2\\)Vf}\k+\Wy\\\n<X!WO(If\)d	(A%\Vi\ks/,\NYV><UtG\n\,z9GzO\#\	B\\6\`=\\n\3\\x\"aW\3l6Q`\7\0:c:dB`6\"!,Fh\G-7\yo/\i?;Z\N\\D22@\@f0\"|\	v\\[k5.l;\\nO{4\1IhuBklkt}s:j\\B\\9^=F>_\\ZOIgnR{hvo\~OW\\m\\3\xs\l\]X\}\\|6i\\F\:(\f(E\87\=i\uOW[\\\q4[\\\\0\0\0\0PK\0\0\0\0\0!\0e L\0\0A	\0\0\0\0\0xl/worksheets/sheet13.xmlV0}\$\BVIR\\\X\\eU\;6%3s<g&T\\&+bb\?)FJ\\"(X\w\\G!1\0P\i]\rD\\n&2\Zn\\Ud4Ny\7vs\\\!<f+\sV\\nDj\_\xj<.q_b\0\\O<?m!\&\\'21:Ix\a\grKD@v3\\r\s7+^D\r\6n\q\p\\\4\\^NIbd_i5X=\\y2,=	\c\:\\Z{d\\|	r<\XlT(,dY\\C\XPHl\k\7-E\'z}\3]?2\ix\Z9!\\8~`\\\"PV]?uF~0GL\\\"#*`cQ`=\	&\5 P=k\r2vi@I\\'\'iy\Hb\^Pn$\V\jk.\R\Z*\\$\>\>\R\\\d0\\r\0J(P\a\g{\0\g\\T\-\~\j\]\G\\\\\jb\n\\ZF\\$h0\dEp\I\\\r\cB:tbuM\!O&e`@p\\rQWOC2&H\\j3\\(\m\cD\!Ykn:Zy9k:\t4\1\"A\atWt[k\\\Ng?{31	4ZX\Z_\n\*P(cYMc3R1Z\\\\n^(^*oL\\\\?\0\0\0\0PK\0\0\0\0\0!\0\\YtH\0\0.\0\0\0(\0customXml/item1.xml $\0( \0\0\0\0\0\0\0\0\0\0\0\0\0\0\0\0\0\0\0\0\0\0\0\0\0\0\0\0\0\0\0\0\0Y\n\8}/\ .\)Z\&X\[ASD$8CR%-9\Ca33G\\O4AT*&\CQND\v\\:0>]$:$k\sF\\M1?R\\[;\'N\\[`fO]/\n\\\f:[^N\h2\|1\A\2Z\y]SE$\e%)\a\\8m;\"2\>.\`b.hD\\&E4,FxBfsi0n\\D/\\ZHDDcF5NjaZqI^jFuYk\6~\\NE\ni,TH{\l9cFH\xn\\0S2\\8L\\lsUf\Ua<==\rF!R\od\\\.,M.\\\\,;3U\\\\Q;\xkW}:\\'o\\\yuF\.?\\#\\\0u 2\Z~AR/.\:rorMc\'\0\9N\0(.\8M\"\Rm\\e!q1\\uD*,dDJ\?L\AMuR\0\N6\'\DY	\\0WbsM\h (\$6}(C0\#8W~DPi\b\@(\\z\CsnM\Z?*_z/j\Z\\\\\\#i\"e/Br	KoW~\ne+C.mRB\#\{\vY\[O\\6\\$\\	dhhf:1\x\v(nu\Z\[\*\G5\;F{\+\/$d^\\aV$os\>\\\2+\\8U\\[5m9|Rn\!:\)\"3%RH?P\tC%1R	\ \\0\\	e18\WlP\\GV]ctD1y\r;\,\S\.`\[\\_.\~\\m/8:n\\\\f^0Q	\v\EXdX?m8`9H \1\)1PEg(6M\6\\7\\0gp_-h\\\[W	9\U\\.&6d\~$VG<K[\\k6vv7^}VJ}{|\oT\@\0R\R+\\&w\J\\M\R8fg`\r})\\+!\\r\\\@<M\X:\M\\KUQ\o\ZSi~X\A}\VW\P_i\]`ky\'lt;mmuoW\\\\\\\O*V\b&WU*\n\sf\>\`\1\}\'-m\o\0\0\0PK\0\0\0\0\0!\0x]h\0\0(!\0\0\'\0\0\0xl/printerSettings/printerSettings2.bin\WpW	A(B\rHA;I\A\Z#\\\q\n	c\n\uTphj\v-3VAqFRT)*RA,me,HLKm$\K v\g\}\~\\^qELZ\jL=o9A*#\zT}\(R\qE\\sg\xR\\\c\\E5\s)c1\\\u\j	\Gs&P\;7\\\Z\M&4A%\\S{\~@L[e*\Q\OFwO}R~\rT\n[>ECA6\\D\@\0\D\"()6\]c0\0\\\o\:1,,ql\jYW@\\LEU\Pf\\"\&9P3D\B#\\B\@\jU#\\Ubl,8Q\\\[XVD!\CB`*(\"6X\\-xK\UEK\0\3(w*x%Gt[w\+y5\:L\.\kTQ\\#XYQ7ylY P\r\v,hb\n\\r\r\\86BX\0h&\GL\^!\r\(,\PsM\~\C\6-e\"c\\\\\V5\\\'=\<\rH\@N3DDWy\5D}3`E*VnA\0n3&=n9\4!aFD\_[%\ \\\gE\r\B\IG\i\eadEu0;\6\.4\YM\"Es\`KTn1\zF\\G\2\\"#\\T:tSNq\OFY&@8ecG\\TK$ID\r0\BDl\)9xf}^_H:cLH:&B/\nl\'6\\\\h%t\\!nq4TT0!\,3*jPn1t\\Y\\hF\LzmU\\8K+F0Tp/\.\9o</N4M(eb3C;\*91!Q\YYe0|3%\pl9\#\`G&WE\#\\D gC\ n\#VTKyF\\\1H*RA\0-?C	#!p3.	IV1\vwjX\J\g\Jj\\m\@\\0T	6\s8&&&fp]V\^UIkY8+NvCv{\0?8\\"D5\"M@06!pq)yXxM6?1d\'.\H\\B\%	Rn\\\\CJ;\+H;4\mRF\iM8,;\\rk.jC\;\\gC\P\J\\\'}0\zj!\&v{8\:T>bhtO+\\248sisgP\\\\\/	2s.)\Z\K\}0$bI\0	Q|\\gpJU\C\)\pp\\0/R$T>3u\\\2xKpY\\_7\(N\;Z\%kO.\R93i\L-=\?\6k\Ng\\\/xj\\\uMmbwFl<\k=^\DR\7]I\\cgQ\\m\\\\\\\N\7#pqKh\g2\\>\|eW|\\8rn4q\|:82\]\\\*\:]|\\^~=\\\[\W\\\;=w\Or7s\\=\\\\|\\o}\v]v5v_0\x\\U\'&\\v\b_nm\\1xb=->\Z\"\\>)\m\M3{\'3S\\\GO;=\WT\o<\;c\S\#ll[c\\K#O\1\\!\Y\\a\\\w\/&??x~\\\./uLZyR*}k\l\svW\v\\+zr\sz/}\'n\^\g7L\k.2B\sgc>o\OeSg\x7\7/k\wt\7N\\r\rGMs\L\3j\n( P@@\n( P@@c	\0\0\0PK\0\0\0\0\0!\0\]w\0\0\\0\0\'\0\0\0xl/printerSettings/printerSettings3.bin\WgTS\4\Z2(*\ZNBPCPCaHQ\AQ4tD\"\"4QQ@y\\~?u\>g\ww\\\0\0:.`\/g]\\\\' pn0LP ~ p|\0?\n\M	`S\\\\\\=sg[Q;([\r/<\\\1\\e|G\r\\[\rQ`\\0\"@(v\0\\(.\aN;;D#\lhj`o=\uG#\0\\\DlhM!G HhjD`\x\eD\-X3\\3@\@\"lx,\Zhkk\0N!Qh;\)dLp\\[\\b\\NH\\nic\V Qh5WY%\7]%-\\i\\\|%o-\\'\W\w8DS\A\"`\b\0M\"#7\\`1X\0C\<\\0\\ \"\0\Z \T@bpK;\`a\Eap)7\}\Z2>H*Rua\;Wi%\4>\&ZLe\c\\\\d_J(\\p&A\\\sc\\ Zn!$Mf\^\5!\I\r]\9203KRQ@-:!z8,	\_\<Y$-\r.:YM \,&6\Zc\N>i1\\|G\X\*\DqC4)d_\vao+}v\\X	*u\vfs\s\i\dva\N\;\	nt*fT+@DD\\vV\$.N\+x1\'\\Jk\\'b{Tmf\\+j\Mng&\uM\%qH\!\\":\CaMC\5]5=\\_m\\u\\)nGt\\\\'|v\\\\\Z39\#=9\OU)w\\*\0\%3\[Br~BL\\Hm\nRn\;h1YaAo\_*,\\(\+G!Ow\\X|c\lxT\tlG[I=e21Zhzm+[>\\ZZ\%\ri\\:\\"\7\?p\'\\j\\\S0W\Q5}i\?\N\\g\\qq@jb\\\e^!wf5++Oj\AJ&E8np5t{a\\&fyEv.)\\^H\\=EK1)K\\NE\"\2\\EKc\\\$wm<\<\F>\\Cr\"p\Zs6Hn8$7z\H\:\\\Eg\\0;K\\b\uh&1Yf%\R\\q	\l\TqNk{^R+\\\\zU\\\G*W4p\?\^yL;\)FE\5\~y\w!Rkb,Z\\>}\`#T\\\nk1\(+=\rQEb\Mv\\Gz\r\M\\n)]Hh\p\\\\c1yMO\BDC2\1\0z\l6&a\:(,^\\\\'\r]4\G\GwT4STy`l\\\->&6\(Dg\&o\lT@\\\H}x\\,.Ji\3]tC\0Xg_:\ C=\\[\J\R]i\E]j\hsnUGn{Gr\\|\{d)\R#e\\\*eA\\.\j]#T\\\"\\\o_SV\Z neI}\\U\Lb\'U\bh\\\^=|Gi\+I%	==z\nb\.\\lx\\Gk.Ee6f.sEnh?\\2f\\\@e\Zj 	)<W\\nF\\C\4_]\"\7\nO+\niH6\y%U\\9\!=\O;]O\\\\\0PJD7GJU|\:^F\\\TD`\\\\P;#2DJ\^\\-i\\\W:)\gLo\\{v3h8\\((\\\d1-Vz\~Lu9k7)\CD\\r\r6!Ms2\\[\gY7\"V$|ieFRXz\8t\\\r\Y:0\c8YZ\C\=xh7\1Qz\\E_\0\}v\\t -\\\\\s[\N?Np\:\V{\t\\{_\hPzv`\\*\w=3062\\?>\W\ZN\\9#LcFJ:eVnO#t(wP\3^\Nxw\"\_}\.+N\\\>\.fI\\"\CU^.\x\'o\mSk9\B\`^n\\(\[\1;\_\^\VM\DN\X&\sS\\	Z$\\\#B9	\\\[\i;\b\\Rp\\*Q>;P\h\S-\)E\\e\^\2\':\zu\\\	!\Xe#Z\\\'\n\c\re\",(\\y~^\\'heVs\\Z6 \4\Q5FBa\i{1i\\L!\Y\G\\VK\\\'\i\'%\\\\t=#\\&V\:\\\\=sJ<\Hz\;A8\[o\$@\'`NrSj\\!\rz8w0i;C^\ldA9\\1x6F\0\\\'\\'\\[\\Zk!\Zk!\Zk!\0\0\0\0PK\0\0\0\0\0!\0&\r\\0\0\0\0\'\0\0\0xl/printerSettings/printerSettings1.bin\Xy8]-,R%a\\h3e\Z\dk$C\3RhI=Rf\"\ndI}!\<y{\\~s_\s9\\q\0\08`\5L+\0CT\uc\8$f\\0;\\`XYVg%-@\\0$T\k,?#+H:\~\\n3Y \3,e3\?u\\[\\Ggc2\\\H\0\0\\nG\\\Z<\\r<{Mpo\\\#p`\}\\a|H(<*7\"x<Do\02\\h+>oE!m\S\\0E\\8\E!#\\0$x|,	x@\\\"q\\\\`io5A8!6p5\\0nlj\Z\\0K\rC3yZ\Ke\Xadjejc!?L[C67u\_,?\@\{l~k\7Em@\\\V\0\\'vp$\\P\@\}	\ UQ!X>6\/\8\nGW	\0U+$fvy@?mjk_.\\a8imich1pK\GJ6;\0hu\,\}>ee[oV/\U\\\\W\"Sa\5~+\\Z,l3a\8\<Y-DIG8k\nF\N\C3\2=\k\\\\xJg\-6+R\3.,\']v\IO\rUL9[Q6Y\\_QV/\|\nb\VD/\5E\'\o(\y\C\\rRO=\#P\4-X\\w`Ztnh\|Z/\3\%tN\/\zN:CB#\tG\Xx\\\\=N*{r&U]mIa{_a?wZ$\~J\4+7(\\v}&\:TV3v\'#\gXn\\D,\\n\\y\2\6\;\B:/:\\\\\\<\"\\oxz/Ezi\r\\a^\vD\Uw[_\r_)<i\\\Z(A&\e\5\\Z~Pq\ Vv6\c7\$WLf\\Q]3:S(YP9\A2\}Z\9Bb\$\\(t|\\9\Psn[RQ\x\rE\\4\az\\\4{e]\\I\i\\aiv\\8{;Z\)8\pb\\qOU(f6\f~\\?ZWAA\!\	TK )<@\~1xz5[\\\i\{\Du\\\\5G2\cb.\n<6}-E7\\7ZtQ*\\j6\Vf\)\\\\\BQ\\\\\L\\K47zLWC\\\>\\I[AI{RYedvx\C\^.w\\ok(\'\5\|`{AW\C!\\*vGIGGfti\Mp\J0SQ-\xO\\\\\S\\/>RY\\|KZ\\9\\\\\]}v\\b\S\\wT\ZKb\\\2s^.\b3wa\c\;Qw6(\"\'#`1\\M\_\7\o}J)9\(UeLIA\s\Ri]W\f^2\\Q\\%}\\<\s\\=\\]\\" F\0+\7	\1d\`/fL$]8>L5k:jVk!Mx\\~.\:\	0\~\Uy\6\]\\2[=r>\\O$&p-\7\\\\F\kUD\\r$L\h}\;~\r\r%wuUm4w}GK64\\^}jG,1w\\'B%__\\n=g.pI\*3\nwm`}(\\\Bx\C\c#]\c\JV0=y4Y\Z6\3Ga\t\\L\\lSJ\n\\\[NU\W;P\\\uFm9G]l\\5\\\L\yo+zP\\e\"\\o\;\B]\j)q\\1\nwre<N\L	.\wmr;p\\/\\C\?\Kw9CH\Z(\\\\v\0\\{R?\Z\^5|H\'c^:gs\0\t\\"5?;$H\a\'\n/pM/i=.\0>[\{:\+I_\ZM?;\\~\a\D\m\\E\	>\d$x|\uH\\[eQ\nZKD]2l\7\L\s(G^V\vF\\={hsJH\'S\=\u]\05\qTQ\A\L\n>J\6\\7t\\\\%ZI*\%\"^\:+\NjMf	_Yyw\\\\t\\X\\")\\\"Z\G9;\OeN\{A\&Ok\\\'\;$GXYsP$P\t\X(O\=exN\kcY\\\n[cZzv\nm_\jZ\g\\\\v#YgD\F\fjp{:%b\E&gS{B\%|Kkl\\\n}13\"b#HR4\"9Y\'\V;\*;2s3--\~$\+@O Ih\g\\\rEO\r\aK#g\\V\\n`*\{n\zR+r*\\V\'n_{ c\Z\=\)w_\\q\|d\K9Sl\I\\kG\0\?Cv\c%\4\+\\\yJ1\@jnJ.L\kP[\/DOH\}t\\\"QLP\qUW\UEUv\\oIp>gVEU\r{}&\\\~*zdMv\R\r\*\vUNS[d|Ua[\z(\\1F\|w\\'\\']0\\LQ\\\a\Zw\"\y~Sbye@O\\`\N\\\\rV\\nB.\\0\5A\5\\?P6@\${6\~f\r!N\l\EYK\\A[M#fL+\\Fy\)O.\\g\%\\LK%m7y\q&w\\\\2\?x\\\tO/#v|Z2Xshm\-\m&\SFm8x\bU2Q[S,]4\\r\"}\\_x\"\r9P\O5=O4\\\`\n\YX)y\\\\5*I\ZrS!-WuJV\\x\\\yV\:\\f\P+\bf\\Z#\rO\]\)o\WE_O\}	\\Z\\j}%4\Lw\o?6#Ec~k\%9=eY}G\$\\\\_)U\Z\C\\Z\I^\R\co\\I1\\?\'B\0AO\\\o*} :X0-\",5XAJp`\	(mx<\W\]W\01\nz	>\MI\r \DA&Z7tJ]8j!`\r\\\\r<\B`-\B`-\0\0\0\0PK\0\0\0\0\0!\04\0\0\\0\0\'\0\0\0xl/printerSettings/printerSettings4.bin\Wy8\\\\"22)eDQucC2f\\Ri\ %\)RZlY8:BbS\F\\\\8\\9\?\sw\w{\\;\\s.\0P\06\6\:LCH,\\019?j\b\0\B@ZA@0\r!\\\\\\W-q+~(i\'7Bz\K\g|1Pb\\!J#\0@_\`;pE\ \X@yP;\07\\\6t\n3\\\\\\ Sa~3:-M\y\i@0#qX	lbO&\\E@\06	8\"JXN\[Q=\4\np\;mqx,\01x#\\ngJ\vdS-@EE)`\\v&Pd\u\fc\\\/|\D\,O}o$_\s\{S\0C `\0\M-!;7$\0<%N\r^\A[Au\0-@Q)\'XLqmw\QN 7A\b\\\0l\Qf\&{P\_b[&$\\0@_\\\$\\\~P~R<4\nAn@Z0C@Y|r\R\ZO\4\,N}3\=\\U\i\X?ENQkwmcU\oZ}Kt~#A\rl*\2Y,_U\\\$$|\\\\Zyud\\SVX\\=F\yUz%Hb8lw3?\ZgMH)*GL\6\\b\,lUa\n\*B\\t5+*!5!W#\~4|4w\\\t<;=O/\=1_\nc\a3aM%s;\\\\:\:.IOwr\N\J=e}`\\>\"9}1d\sn_8\2\\\c#Xx\\HZ|=N5<\+\\\\\n\Z\re\\r~R;3xF\\\bZ\r\\Jr;>J\V=EMyUs\-W2>\.i:4\\\\7U\M\\\\k>3\\\I\f\\\r\6p\\O+JO+[iT[\t_\>[vzFD^9[UwV4C-6\\W\@\M*^Ms\m\\HyRG0\xBaHk\\Y5q.\\\\4WkO>zc9\BcC\Gu0[\x\j\G\H\\R&\\\.y\r!\\\\IgV\>[S\%v<V\\XpG}hJ\_\\|\\-\\M\\EQO\\a\r\|\\\k12\uHB=,~PU`\v\YAI\\}iU\T_\\\\-em }_#\\\`\\[\\\M\\)?\\\_e\j\\U\=\/h8\c\ \2d(+B\\G\=\#e\\T\PA,\ZQhw+\Z;6U\\\<\\s\'KI`%\Em\:mB\D4m<,\\\j.\>AfuKeCk{\_\\"\\}\E!\Fr\Ayv\u\f\Mw\0O\\Z\ZS7\	iue2:nk`\\0\}A$\9xh\\TU\!B;5\\\\f\g\ojZ\9\\f\W\ir@IT@\;y\;3+\*<{?e8mh?1\n_F\f=\r=f\Xm\\\\\Zj\D\\\\4 8^$6QU]o2\?-\~nw\\\Y{=|f\uD*GnE&+a/,z\'Srf\aL\G\eJ()\`\P\R!|N	8[|eCd/\\'\C\cF\o\"\\G\LQm~\\\;XS%6AiXeJT,.U\\g)G!\i\H\\\;S\D[S\\\_Mi\&G\Z\\dZj\\\5?sbd\ZB\Z	\n_`TOo>\\\C?Vx5adN\\r\\nK$F4K\D\FNbm\Hs\\\%\\\./.\\m\*]\wj+~G\"$sNRW\FYFF\'G~>0g^\C[Q\\8{\\yS6N{\R\vmn}4Q\Ws8-M\\\#8*\d,H3\r!\7\U?\\$7@\V4\7t\~i;:p\\\.\\\\\U36\rk0l\~/\\.\}JmqI\x[\NKuam!\\\\\Up){+huS\r\5HlY:\G{\g\\w}gX\\r(.\RBbngfn$\\\G\\\-\"B\\\\\I:\\i\\{|A\\^Z&\	r\\nQ\\\.7&\"\\r8^\N\"&P/r\5\DI\hT\*1I\x\0\(<`9Id.\$U\,\kZ!{Z\c\sd\\@\\\I=\d[\"Mu\\!c\/;^\\^~W]|]\l\\HV \\\\	Pc\\0\\J\=@M85\b\\\n\@$t\^\\-Z@\Z\BrMx*y!y<6~iK,!K,!K,!?D\\0\0\0\0PK\0\0\0\0\0!\0\\\'\"\\0\0\0(\0\0\0customXml/_rels/item2.xml.rels (\0\0\0\0\0\0\0\0\0\0\0\0\0\0\0\0\0\0\0\0\0\0\0\0\0\0\0\0\0\0\0\0\0\0\0\0\0\0\0\0\0\0\0\0\0\0\0\0\0\0\0\0\0\0\0\0\0\0\0\0\0\0\0\0\0\0\0\0\0\0\0\0\0\0\0\0\0\0\0\0\0\0\0\0\0\0\0\0\0\0\0\0\0\0\0\0\0\0\0\0\0\0\0\0\0\0\0\0\0\0\0\0\0\0\0\0\0\0\0\0\0\0\0\0\0\0\0\0\0\0\0\0\0\0\0\0\0\0\0\0\0\0\0\0\0\0\0\0\0\0\0\0\0\0\0\0\0\0\0\0\0\0\0\0\0\0\0\0\0\0\0\0\0\0\0\0\0\0\0\0\0\0\0\0\0\0\0\0\0\0\0\0\0\0\0\0\0\0\0\0\0\0\0\0\0\0\0\0\0\0\0\0\0\0\0\0\0\0\0\0\0\0\0\0\0\0\0\0\0\0\0\0\0\0\0\0\0\0\0\0\0\0\0\0\0\0\0\0\0\0\0\0\0\0\0\0\0\j\0\{\`t_0J\K\6F\ZGILc\XJi\~;JB\/5{\\r3{6U\r\n\\\\bcogh\vj~pRxUQ\"D\^kv\%e2PVJG\?u~5}3U\\]uzM\\\-\\B\\\Llbgk[{A~\0\0\0PK\0\0\0\0\0!\0{\\0\0\0(\0\0\0customXml/_rels/item3.xml.rels (\0\0\0\0\0\0\0\0\0\0\0\0\0\0\0\0\0\0\0\0\0\0\0\0\0\0\0\0\0\0\0\0\0\0\0\0\0\0\0\0\0\0\0\0\0\0\0\0\0\0\0\0\0\0\0\0\0\0\0\0\0\0\0\0\0\0\0\0\0\0\0\0\0\0\0\0\0\0\0\0\0\0\0\0\0\0\0\0\0\0\0\0\0\0\0\0\0\0\0\0\0\0\0\0\0\0\0\0\0\0\0\0\0\0\0\0\0\0\0\0\0\0\0\0\0\0\0\0\0\0\0\0\0\0\0\0\0\0\0\0\0\0\0\0\0\0\0\0\0\0\0\0\0\0\0\0\0\0\0\0\0\0\0\0\0\0\0\0\0\0\0\0\0\0\0\0\0\0\0\0\0\0\0\0\0\0\0\0\0\0\0\0\0\0\0\0\0\0\0\0\0\0\0\0\0\0\0\0\0\0\0\0\0\0\0\0\0\0\0\0\0\0\0\0\0\0\0\0\0\0\0\0\0\0\0\0\0\0\0\0\0\0\0\0\0\0\0\0\0\0\0\0\0\0\0\0\0\j\0\{a\`t_t0J\\(\6F\ZGq\b\X\X\~=JB\/,(\&GSH\\\\b\dWJh\\i\\j.2$6\\\\dxm_u5`3\8(\:]rM~l\<o\\\W\\\e-\@\\KS\=\\\0\0\0PK\0\0\0\0\0!\0t?9z\\0\0\0(\0\0\0customXml/_rels/item1.xml.rels (\0\0\0\0\0\0\0\0\0\0\0\0\0\0\0\0\0\0\0\0\0\0\0\0\0\0\0\0\0\0\0\0\0\0\0\0\0\0\0\0\0\0\0\0\0\0\0\0\0\0\0\0\0\0\0\0\0\0\0\0\0\0\0\0\0\0\0\0\0\0\0\0\0\0\0\0\0\0\0\0\0\0\0\0\0\0\0\0\0\0\0\0\0\0\0\0\0\0\0\0\0\0\0\0\0\0\0\0\0\0\0\0\0\0\0\0\0\0\0\0\0\0\0\0\0\0\0\0\0\0\0\0\0\0\0\0\0\0\0\0\0\0\0\0\0\0\0\0\0\0\0\0\0\0\0\0\0\0\0\0\0\0\0\0\0\0\0\0\0\0\0\0\0\0\0\0\0\0\0\0\0\0\0\0\0\0\0\0\0\0\0\0\0\0\0\0\0\0\0\0\0\0\0\0\0\0\0\0\0\0\0\0\0\0\0\0\0\0\0\0\0\0\0\0\0\0\0\0\0\0\0\0\0\0\0\0\0\0\0\0\0\0\0\0\0\0\0\0\0\0\0\0\0\0\0\0\0\1\\;\x\xY\t23\iS(O+,\1	\?\\S4\T5(zG?\\\)\'2\\=\l,\D60\\&+J\d2:Yw#\u]otm@aCo \J6\rwE\0\\\X(\\\|\6(`x\k\\\0\0\0PK\0\0\0\0\0!\0Y{\0\0\\0\0\'\0\0\0xl/printerSettings/printerSettings5.bin\W{<Y-Q\is1f\\f\$Fd\\~m-BZ;n\$\uKrr	>f\\\\9\w\\v~\=\;3\\0\\04H?\0=@ #?\0J\9\'x\0`+H#/2\@o@\5\| }c\\"\viHBCO<}\kl!yN`K\l(@H\0\\\^\r\]@w4A=<\i\\\\\\\\{P\0+-H!D@\n1AA\i*\MD\":\\`\dsGp\\\q\n1H%LBp:\\\Norz\i\'\x[s !X D{\i\ \f#?kn~wM9\]&\nm&Xy\G\_\\FX_\x\/[|&A\'xQ\0$\Xo\n-pX<o&x\nN\r\f\7>\-`\\0D J	x\"\Znn_g:<\\\7)bt x2\npOHb\7%Q\\A}g\\0#0\\`\54\i\t_\L:\-MCXPw\L\\\~\\'v$FSWI-b\d^[]9P@1\f8-v.V\\\\\W\)f\U\t_6C&<uh\xop@\W?0\U\`|s\`5qux8\/i\O0\\oXTgv.\g\!\\\Zg6\v\\jL\\\\l\n\"C_\V\U>\4[p\C\?J]p.G-M^v\_\I3	f\:.\'QJ\9aTBihV\B\\1\se~lHsxR\\\D\\'a$\h\dlvF	\h<vp]z5|/(TU\J}\\&5\r}%\G^s*#VAf\{_I(i5\~TF\\Z\\\^KdB\l0s\@Hf\l9\\\\L\k\RWu!2V\q/\N\\%\+tK\zj\\t\	/\\R\~,\"4\V$Hr@\T8M\rz\V7si|Is\\r;^I\\z\"L2sP\P>f$h]F]\\Zd_\St\\nh\\\Id7\\\\nPQTvw\j\1\\jd\Z/\G\'yeKclJZQFrp#\a>mX\KTA+\Z3*F?Sy#{\{	AC*)\UN5\|o|\Z\n%+>;cDChM!3o|\0\\\\r5L\\\G/3\CL`B/k\\'z\2\\bt\He\gc[.e\W\*qp~\t\^)*\nZnz>kp:\X\\\lh\\;8\B\U;-\X\*UArmp=\\\v.18\\ewKs{7cVc}?W\=m\\\C=2\\hFI\407\Lq4Iq\8\\a\Zv82X(ZR\+&,\xG7\xKdA\p\\'|}\eF\\\p\G65\\bZ\z\\nJ\\i\\\>\w>/F\s\0	BRJ\yEL\|c<\\\D\"z\Z<MJ^lU\sZ\\d<\L\xauD-;et%\\W]M\\JD~^^\\\\	Y9o\<$\Z\\\6%\Kz\{G}\~:>S\\"IMxV\i-{\/~#@=\b\1x%\r\T|aWt\r\%<=\'\^C\\rDL\\NE,(^QQ\\\#\\Lmu\e\\Qr\"Nn\}\\\\<wB\\-\W~i>\-B\\9\p=\)c\8]\q\ar^66\,UE\\\\*3`q\\}=\Y\"\,9a9Yi\FT^\y\\@\`\\\n{^\\I>\\Q\\+9\,jlavK*+75!\xD\0g(A/,ZG2L.\Kk.z\~\2_9\b\.^Mf\t\\V&\\R\\)\^7BVG\\d\1Ck\[C\"*TP6\=A\ti\js##\\a[p\\w&fG&%/g\]C\58m/\o!k\5hl$jRw4W\L\\'2mY\\\\\\2K\"ap<r\r\oFp\\-V\Z\'W\\(&6\D\dw\\+\4\D\ZA!\[\\Twr\!TgJ r\\;G%%B;\\J\\\5\'Ugi:ux~\L{\\}\!orrw@8\Ssc;\"Y\=\\\D	]+\\X\V/tNQ/\\F\\\j]D),=\\ZP-z\q8\V\\\0;\0|`\Nt7dgc \n41@\Zj`\\\0\qxM@\\\\rm\^[u\0	\\sv3\Xm6\D`M6\D`M6\D`M\0\0\0PK\0\0\0\0\0!\0DkX\\0\0\0\0\'\0\0\0xl/printerSettings/printerSettings6.bin\S\n\0=	Bb;TtTI9\rR%+b\Q&#V,\rK)N\LXP`#\\k\p\bp 6k1$f8\x&x\r7\\C<^)2m\f\\\741mz3m_QWq\V\\Z[\$_\2\O\:;BG\?D\>\\|\0		UU7y}Y_z\q\E\tY+VZR-t!<I\y0H\'T]~TB#(S)f\ypu!F+\\/C+g2b<t\(g<c3P\rF\~wv`	\\{\_<c\d6*c9dx~\\'ec:\g5\\O<\lb\yP!(k\nUB1\;\0W+]\,O\\!U`.U\u{Ww\0\0\0\0PK\0\0\0\0\0!\0g\m\0\0\0\0\0(\0customXml/itemProps1.xml $\0( \0\0\0\0\0\0\0\0\0\0\0\0\0\0\0\0\0\0\0\0\0\0\0\0\0\0\0\0\0\0\0\0\0S\J\0}6\\mu\n0P\,MR[n)2\'LQ\M\\s\\`(K\Z$\nB\\:j\OgZAJ&\\\ !\r\\.;gYJ\\\\?n%\~{8Oz\\r06%kO\k\\m$CW\E!8d\\Vv)\\yv\7P\6\E\nn\\\\7d:BG7\?ChP\r\e`ql6`\\\\\\vk]\/g+8p!~Ur5\Jhr4\n\"F#\\\_	\\7T/_9,T+\f[F\\\m\\5|\0\0\0PK\0\0\0\0\0!\0b#\0\0\0\\0\0\0\0(\0customXml/item2.xml $\0( \0\0\0\0\0\0\0\0\0\0\0\0\0\0\0\0\0\0\0\0\0\0\0\0\0\0\0\0\0\0\0\0\0l;\0-\\\4\nQ\\8\.\Azfv$u\GJg\Z<\(fRM{\0q\'+-Yx\\1L6\!*<viX]\\T_1=;\\9\\\eI! oA\\'\\\@;n\\0\0\0\0PK\0\0\0\0\0!\0;V?\0\0\0O\0\0\0(\0customXml/itemProps2.xml $\0( \0\0\0\0\0\0\0\0\0\0\0\0\0\0\0\0\0\0\0\0\0\0\0\0\0\0\0\0\0\0\0\0\0dAK\0\\\&].mJ](x\r\dh2%.\Mz\Z\<\}inoYY\8Zi\\\)YFQQ\\ekF:**\eia\<-\E%\NV~,e^We?\\y\{yfYBC-b\\)*pLdp4\jP|\;!$\kw7n\{n\Vm\r\Y\\B\4\0\~}\\Z}L\0\j\]\@6}\\0\0\0PK\0\0\0\0\0!\0\\a\0\0\0\\0\0\0\0(\0customXml/item3.xml $\0( \0\0\0\0\0\0\0\0\0\0\0\0\0\0\0\0\0\0\0\0\0\0\0\0\0\0\0\0\0\0\0\0\0L\A0\\&R. +7n2@\i\A8b{\S\\\\SvZQ\J,\r.LXx,\*61Q\\s*Bnb+f\\\0d;7Yzge\ZYZ@\\,N\\`\Of\\\*4\Y\rr}M(\Z\.&	ZA\0\0\0PK\0\0\0\0\0!\0\hc\0\0@\0\0\0(\0customXml/itemProps3.xml $\0( \0\0\0\0\0\0\0\0\0\0\0\0\0\0\0\0\0\0\0\0\0\0\0\0\0\0\0\0\0\0\0\0\0_K\0\\C\{unlv6IIn\"~w\n>s\\\;[<\\{cV		@q	uH\\gZAB&\,!\rl\.;Q7?&8lU8Y\0^Vt9Z\Z+\'crD,Z~\lKP\1\F2t9P\\ZJB\\W\\?\w\V.%\\\0\'y	\\ZF\_\Z\\0K\\ee\s\)v\mu\|wL9mRv{\V`ht2~M\0P.&T`R\\sPu]\~wC\8b[hfFmUS_l\0\0\0PK\0\0\0\0\0!\0$b(T\0\0g\0\0\0docProps/core.xml (\0\0\0\0\0\0\0\0\0\0\0\0\0\0\0\0\0\0\0\0\0\0\0\0\0\0\0\0\0\0\0\0\0\0\0\0\0\0\0\0\0\0\0\0\0\0\0\0\0\0\0\0\0\0\0\0\0\0\0\0\0\0\0\0\0\0\0\0\0\0\0\0\0\0\0\0\0\0\0\0\0\0\0\0\0\0\0\0\0\0\0\0\0\0\0\0\0\0\0\0\0\0\0\0\0\0\0\0\0\0\0\0\0\0\0\0\0\0\0\0\0\0\0\0\0\0\0\0\0\0\0\0\0\0\0\0\0\0\0\0\0\0\0\0\0\0\0\0\0\0\0\0\0\0\0\0\0\0\0\0\0\0\0\0\0\0\0\0\0\0\0\0\0\0\0\0\0\0\0\0\0\0\0\0\0\0\0\0\0\0\0\0\0\0\0\0\0\0\0\0\0\0\0\0\0\0\0\0\0\0\0\0\0\0\0\0\0\0\0\0\0\0\0\0\0\0\0\0\0\0\0\0\0\0\0\0\0\0\0\0\0\0\0\0\0\0\0\0\0\0\0\0\0\0\0\0\0|QO\ \M\r\-usK\\\%&\h|C-%\[\\\U|V9\"QPRmrZ3X`e Gh^\\^d\\S^x4\$\\\\h[\\;G\W\`\H\nDx\9\)#g%\ANc\8Vi&\b.T\8\"r\x\\Rj\r}A\d\-\\\\\\\\Lk\\ %N\KzwZ\"\4IOW3:zk>oc\1\\$aBV\rM:IF\\r\\0\0\0PK\0\0\0\0\0!\0Rb\\0\0\0\0\0docProps/app.xml (\0\0\0\0\0\0\0\0\0\0\0\0\0\0\0\0\0\0\0\0\0\0\0\0\0\0\0\0\0\0\0\0\0\0\0\0\0\0\0\0\0\0\0\0\0\0\0\0\0\0\0\0\0\0\0\0\0\0\0\0\0\0\0\0\0\0\0\0\0\0\0\0\0\0\0\0\0\0\0\0\0\0\0\0\0\0\0\0\0\0\0\0\0\0\0\0\0\0\0\0\0\0\0\0\0\0\0\0\0\0\0\0\0\0\0\0\0\0\0\0\0\0\0\0\0\0\0\0\0\0\0\0\0\0\0\0\0\0\0\0\0\0\0\0\0\0\0\0\0\0\0\0\0\0\0\0\0\0\0\0\0\0\0\0\0\0\0\0\0\0\0\0\0\0\0\0\0\0\0\0\0\0\0\0\0\0\0\0\0\0\0\0\0\0\0\0\0\0\0\0\0\0\0\0\0\0\0\0\0\0\0\0\0\0\0\0\0\0\0\0\0\0\0\0\0\0\0\0\0\0\0\0\0\0\0\0\0\0\0\0\0\0\0\0\0\0\0\0\0\0\0\0\0\0\0\0\0As\0\\lC\n1#+9-3M\d\wm	o\\kr\JcV\rB\\u*\:\7wgS)ZA\\\27:\X-Ms4,\\\\nL-s5\@g\y\a\9P)7\\oiy\gW\}<\9%)\Vg\{\q$h\#$ho3	34Hp*`Uhs&t\\\/\6wf\IC\\k[g\3BJ\5\\"bc#\\3\UrhP\.\\~gsf\h\f)\Zh^cm\#\\\\0\Zc\'s1\}\O\\>	8\\\\'K\\Nz\uq|\v\mQ(\Zw\\t\>\\L\\\\wj\U?-_\G\\02\\"Yl\8R\yi12mZCz\(Tjb4\ZB`=\Z	N+\0\0\0PK\0\0\0\0\0!\0\0\0\0\0\0docProps/custom.xml (\0\0\0\0\0\0\0\0\0\0\0\0\0\0\0\0\0\0\0\0\0\0\0\0\0\0\0\0\0\0\0\0\0\0\0\0\0\0\0\0\0\0\0\0\0\0\0\0\0\0\0\0\0\0\0\0\0\0\0\0\0\0\0\0\0\0\0\0\0\0\0\0\0\0\0\0\0\0\0\0\0\0\0\0\0\0\0\0\0\0\0\0\0\0\0\0\0\0\0\0\0\0\0\0\0\0\0\0\0\0\0\0\0\0\0\0\0\0\0\0\0\0\0\0\0\0\0\0\0\0\0\0\0\0\0\0\0\0\0\0\0\0\0\0\0\0\0\0\0\0\0\0\0\0\0\0\0\0\0\0\0\0\0\0\0\0\0\0\0\0\0\0\0\0\0\0\0\0\0\0\0\0\0\0\0\0\0\0\0\0\0\0\0\0\0\0\0\0\0\0\0\0\0\0\0\0\0\0\0\0\0\0\0\0\0\0\0\0\0\0\0\0\0\0\0\0\0\0\0\0\0\0\0\0\0\0\0\0\0\0\0\0\0\0\0\0\0\0\0\0\0\0\0\0\0\0\0\Kk0{\!\M|Q\Zz\ah\\+>\\03?3&f\LJ\;\\0\s_O-J!0C7+\q\\C(\;q!M/\\c\_\\\ju\r\j\n.-	q5V	8\e/9~Og\Nvq\\(\4X]G$B~CW!\Z\YKO>\C ;\NgJZ{G6KIn\\6NX\=\ZJ\ m4\\\}\'\Y~\0\0\0PK\0\0\0\0\0!\0\!\\0\0\0\0\0\0\0\0xl/calcChain.xmld\\n\0Efo\\nV__	\Q2A\\\Vp\\,{`$(W7~p^V;`\\rkFIZ\Z\0F\'#\d\g8eO\Z19\\eYs\6E\fl\<>SO\9/iy\0\0\0PK-\0\0\0\0\0\0!\0W\\0\0\0\0\0\0\0\0\0\0\0\0\0\0\0\0\0\0\0\0\0[Content_Types].xmlPK-\0\0\0\0\0\0!\0^e\0\0\\0\0\0\0\0\0\0\0\0\0\0\0\0\0\0$\0\0_rels/.relsPK-\0\0\0\0\0\0!\0\\\0\0\\r\0\0\Z\0\0\0\0\0\0\0\0\0\0\0\0\0W\0\0xl/_rels/workbook.xml.relsPK-\0\0\0\0\0\0!\0\]\0\0T\0\0\0\0\0\0\0\0\0\0\0\0\0\0\05\n\0\0xl/workbook.xmlPK-\0\0\0\0\0\0!\0\N\0\0\\0\0\0\0\0\0\0\0\0\0\0\0\0\0\0\r\0\0xl/worksheets/sheet4.xmlPK-\0\0\0\0\0\0!\0*<\0\0\0\0\0\0\0\0\0\0\0\0\0\0\0\0\0%\0\0xl/worksheets/sheet3.xmlPK-\0\0\0\0\0\0!\02+I3\0\0|\0\0\0\0\0\0\0\0\0\0\0\0\0\0?\0\0xl/sharedStrings.xmlPK-\0\0\0\0\0\0!\0\ \0\0\0\0\r\0\0\0\0\0\0\0\0\0\0\0\0\0r\0\0xl/styles.xmlPK-\0\0\0\0\0\0!\05O\0\0\"\0\0\0\0\0\0\0\0\0\0\0\0\0\0\0\0\0xl/theme/theme1.xmlPK-\0\0\0\0\0\0!\0\\\\0\0\0\0\0\0\0\0\0\0\0\0\0\0\0\0\0]\0\0xl/worksheets/sheet2.xmlPK-\0\0\0\0\0\0!\0;m2K\0\0\0B\0\0#\0\0\0\0\0\0\0\0\0\0\0\0\0\0\0xl/worksheets/_rels/sheet1.xml.relsPK-\0\0\0\0\0\0!\0\,\\0\0\0B\0\0#\0\0\0\0\0\0\0\0\0\0\0\0\0\0\0xl/worksheets/_rels/sheet2.xml.relsPK-\0\0\0\0\0\0!\0LZ*z\\0\0\0B\0\0$\0\0\0\0\0\0\0\0\0\0\0\0\0\0\0xl/worksheets/_rels/sheet17.xml.relsPK-\0\0\0\0\0\0!\0d4\"\\0\0\0B\0\0#\0\0\0\0\0\0\0\0\0\0\0\0\0\0\0xl/worksheets/_rels/sheet7.xml.relsPK-\0\0\0\0\0\0!\0C\\0\0\0B\0\0#\0\0\0\0\0\0\0\0\0\0\0\0\0\0\0xl/worksheets/_rels/sheet4.xml.relsPK-\0\0\0\0\0\0!\04	\\0\0\0B\0\0#\0\0\0\0\0\0\0\0\0\0\0\0\0\0\0xl/worksheets/_rels/sheet3.xml.relsPK-\0\0\0\0\0\0!\0!A\0\0\0\0\0\0\0\0\0\0\0\0\0\0\0\0\0\0\0xl/worksheets/sheet17.xmlPK-\0\0\0\0\0\0!\0\G@(\0\0\\0\0\0\0\0\0\0\0\0\0\0\0\0\0w\0\0xl/worksheets/sheet1.xmlPK-\0\0\0\0\0\0!\0zgR\0\0n	\0\0\0\0\0\0\0\0\0\0\0\0\0\0\0\\\0\0xl/worksheets/sheet15.xmlPK-\0\0\0\0\0\0!\0\0\0\0\0\0\0\0\0\0\0\0\0\0\0\0\0\0v\\0\0xl/worksheets/sheet11.xmlPK-\0\0\0\0\0\0!\0KIS\~\n\0\0XB\0\0\0\0\0\0\0\0\0\0\0\0\0\0\0V\\0\0xl/worksheets/sheet10.xmlPK-\0\0\0\0\0\0!\0p\@\0\0\0\0\0\0\0\0\0\0\0\0\0\0\0\0\0\\0\0xl/worksheets/sheet9.xmlPK-\0\0\0\0\0\0!\0\\R\Z\r\0\0aW\0\0\0\0\0\0\0\0\0\0\0\0\0\0\0\\0\0xl/worksheets/sheet8.xmlPK-\0\0\0\0\0\0!\0$X\0\0\\\0\0\0\0\0\0\0\0\0\0\0\0\0\0\0\\0\0xl/worksheets/sheet7.xmlPK-\0\0\0\0\0\0!\0Hb^\\0\0\0\0\0\0\0\0\0\0\0\0\0\0\0\0\0\0xl/worksheets/sheet6.xmlPK-\0\0\0\0\0\0!\0?9 \0\0)\0\0\0\0\0\0\0\0\0\0\0\0\0\0\0+\0xl/worksheets/sheet5.xmlPK-\0\0\0\0\0\0!\0k8\0\0D\0\0\0\0\0\0\0\0\0\0\0\0\0\0\0\0E\0xl/worksheets/sheet12.xmlPK-\0\0\0\0\0\0!\0<\>!V\0\0{	\0\0\0\0\0\0\0\0\0\0\0\0\0\0\0o^\0xl/worksheets/sheet16.xmlPK-\0\0\0\0\0\0!\0:\\n9I\0\0p	\0\0\0\0\0\0\0\0\0\0\0\0\0\0\0a\0xl/worksheets/sheet14.xmlPK-\0\0\0\0\0\0!\0e L\0\0A	\0\0\0\0\0\0\0\0\0\0\0\0\0\0\0|e\0xl/worksheets/sheet13.xmlPK-\0\0\0\0\0\0!\0\\YtH\0\0.\0\0\0\0\0\0\0\0\0\0\0\0\0\0\0h\0customXml/item1.xmlPK-\0\0\0\0\0\0!\0x]h\0\0(!\0\0\'\0\0\0\0\0\0\0\0\0\0\0\0\0\n\0xl/printerSettings/printerSettings2.binPK-\0\0\0\0\0\0!\0\]w\0\0\\0\0\'\0\0\0\0\0\0\0\0\0\0\0\0\0w\0xl/printerSettings/printerSettings3.binPK-\0\0\0\0\0\0!\0&\r\\0\0\0\0\'\0\0\0\0\0\0\0\0\0\0\0\0\0S\0xl/printerSettings/printerSettings1.binPK-\0\0\0\0\0\0!\04\0\0\\0\0\'\0\0\0\0\0\0\0\0\0\0\0\0\0<\0xl/printerSettings/printerSettings4.binPK-\0\0\0\0\0\0!\0\\\'\"\\0\0\0(\0\0\0\0\0\0\0\0\0\0\0\0\0\0\0\n\0customXml/_rels/item2.xml.relsPK-\0\0\0\0\0\0!\0{\\0\0\0(\0\0\0\0\0\0\0\0\0\0\0\0\0\0\0\0customXml/_rels/item3.xml.relsPK-\0\0\0\0\0\0!\0t?9z\\0\0\0(\0\0\0\0\0\0\0\0\0\0\0\0\0\0\0\0customXml/_rels/item1.xml.relsPK-\0\0\0\0\0\0!\0Y{\0\0\\0\0\'\0\0\0\0\0\0\0\0\0\0\0\0\0\0xl/printerSettings/printerSettings5.binPK-\0\0\0\0\0\0!\0DkX\\0\0\0\0\'\0\0\0\0\0\0\0\0\0\0\0\0\0\0xl/printerSettings/printerSettings6.binPK-\0\0\0\0\0\0!\0g\m\0\0\0\0\0\0\0\0\0\0\0\0\0\0\0\0\0\\0customXml/itemProps1.xmlPK-\0\0\0\0\0\0!\0b#\0\0\0\\0\0\0\0\0\0\0\0\0\0\0\0\0\0\0\0\0customXml/item2.xmlPK-\0\0\0\0\0\0!\0;V?\0\0\0O\0\0\0\0\0\0\0\0\0\0\0\0\0\0\0\0customXml/itemProps2.xmlPK-\0\0\0\0\0\0!\0\\a\0\0\0\\0\0\0\0\0\0\0\0\0\0\0\0\0\0\0\0\\0customXml/item3.xmlPK-\0\0\0\0\0\0!\0\hc\0\0@\0\0\0\0\0\0\0\0\0\0\0\0\0\0\0\\0customXml/itemProps3.xmlPK-\0\0\0\0\0\0!\0$b(T\0\0g\0\0\0\0\0\0\0\0\0\0\0\0\0\0\0\0docProps/core.xmlPK-\0\0\0\0\0\0!\0Rb\\0\0\0\0\0\0\0\0\0\0\0\0\0\0\0\0\01\0docProps/app.xmlPK-\0\0\0\0\0\0!\0\0\0\0\0\0\0\0\0\0\0\0\0\0\0\0\0\0P\0docProps/custom.xmlPK-\0\0\0\0\0\0!\0\!\\0\0\0\0\0\0\0\0\0\0\0\0\0\0\0\0\0\0\0xl/calcChain.xmlPK\0\0\0\01\01\0\\r\0\0p\0\0\0','Le plan IP DMZ\n');
/*!40000 ALTER TABLE `File` ENABLE KEYS */;
UNLOCK TABLES;

--
-- Table structure for table `FileLink`
--

DROP TABLE IF EXISTS `FileLink`;
/*!40101 SET @saved_cs_client     = @@character_set_client */;
/*!40101 SET character_set_client = utf8 */;
CREATE TABLE `FileLink` (
  `id` int(10) unsigned NOT NULL AUTO_INCREMENT,
  `file_id` int(10) unsigned NOT NULL,
  `entity_type` enum('ipv4net','ipv4rspool','ipv4vs','ipvs','ipv6net','location','object','rack','row','user') COLLATE utf8_unicode_ci NOT NULL DEFAULT 'object',
  `entity_id` int(10) NOT NULL,
  PRIMARY KEY (`id`),
  UNIQUE KEY `FileLink-unique` (`file_id`,`entity_type`,`entity_id`),
  KEY `FileLink-file_id` (`file_id`),
  CONSTRAINT `FileLink-File_fkey` FOREIGN KEY (`file_id`) REFERENCES `File` (`id`) ON DELETE CASCADE ON UPDATE CASCADE
) ENGINE=InnoDB AUTO_INCREMENT=3 DEFAULT CHARSET=utf8 COLLATE=utf8_unicode_ci;
/*!40101 SET character_set_client = @saved_cs_client */;

--
-- Dumping data for table `FileLink`
--

LOCK TABLES `FileLink` WRITE;
/*!40000 ALTER TABLE `FileLink` DISABLE KEYS */;
/*!40000 ALTER TABLE `FileLink` ENABLE KEYS */;
UNLOCK TABLES;

--
-- Table structure for table `IPv4Address`
--

DROP TABLE IF EXISTS `IPv4Address`;
/*!40101 SET @saved_cs_client     = @@character_set_client */;
/*!40101 SET character_set_client = utf8 */;
CREATE TABLE `IPv4Address` (
  `ip` int(10) unsigned NOT NULL DEFAULT '0',
  `name` char(255) COLLATE utf8_unicode_ci NOT NULL DEFAULT '',
  `comment` char(255) COLLATE utf8_unicode_ci NOT NULL DEFAULT '',
  `reserved` enum('yes','no') COLLATE utf8_unicode_ci DEFAULT NULL,
  PRIMARY KEY (`ip`)
) ENGINE=InnoDB DEFAULT CHARSET=utf8 COLLATE=utf8_unicode_ci;
/*!40101 SET character_set_client = @saved_cs_client */;

--
-- Dumping data for table `IPv4Address`
--

LOCK TABLES `IPv4Address` WRITE;
/*!40000 ALTER TABLE `IPv4Address` DISABLE KEYS */;
INSERT INTO `IPv4Address` VALUES (2886729728,'network','','yes'),(2886729729,'ntpsource.seb.com','','no'),(2886729730,'dc301rt.seb.com','','no'),(2886729731,'dc401rt.seb.com','','no'),(2886729734,'dc301ip.seb.com','','no'),(2886729735,'dc401ip.seb.com','','no'),(2886729740,'dc402rt.seb.com','','no'),(2886729741,'dc302rt.seb.com','','no'),(2886729745,'dc303fw.seb.com','','no'),(2886729746,'dc403fw.seb.com','','no'),(2886729761,'dc301fw-edge.seb.com','','no'),(2886729762,'dc401fw-edge.seb.com','','no'),(2886729772,'dc302rt-fw.seb.com','','no'),(2886729773,'dc402rt-fw.seb.com','','no'),(2886729983,'broadcast','','yes'),(2886729984,'network','','yes'),(2886730239,'broadcast','','yes'),(2886730240,'network','','yes'),(2886730495,'broadcast','','yes'),(2886730496,'network','','yes'),(2886730751,'broadcast','','yes'),(2886730753,'exaadb01.seb.com','','no'),(2886730754,'exaadb01-vip.seb.com','','no'),(2886730755,'exaadb02.seb.com','','no'),(2886730756,'exaadb02-vip.seb.com','','no'),(2886730757,'exaadb03.seb.com','','no'),(2886730758,'exaadb03-vip.seb.com','','no'),(2886730759,'exaa-scan.seb.com','','no'),(2886730760,'exaa-scan.seb.com','','no'),(2886730761,'exaa-scan.seb.com','','no'),(2886730762,'exabdb01.seb.com','','no'),(2886730763,'exabdb01-vip.seb.com','','no'),(2886730764,'exabdb02.seb.com','','no'),(2886730765,'exabdb02-vip.seb.com','','no'),(2886730766,'exabdb03.seb.com','','no'),(2886730767,'exabdb03-vip.seb.com','','no'),(2886730768,'exab-scan.seb.com','','no'),(2886730769,'exab-scan.seb.com','','no'),(2886730770,'exab-scan.seb.com','','no'),(2886731264,'network','','yes'),(2886731364,'lil122ux.eu.seb.com','','no'),(2886731370,'sp05t843.seb.com','','no'),(2886731377,'sp03p834.seb.com','','no'),(2886731379,'sel09ux.eu.seb.com','','no'),(2886731380,'lil131ux.eu.seb.com','','no'),(2886731381,'erb31ux.eu.seb.com','','no'),(2886731382,'off07ux.eu.seb.com','','no'),(2886731383,'lyo235ux.eu.seb.com','','no'),(2886731384,'ecu50ux.eu.seb.com','','no'),(2886731385,'lyo234ux.eu.seb.com','','no'),(2886731386,'eme76ux.eu.seb.com','','no'),(2886731387,'lil26ux.eu.seb.com','','no'),(2886731388,'eme217ux.eu.seb.com','','no'),(2886731389,'eme196ux.eu.seb.com','','no'),(2886731390,'eme188ux.eu.seb.com','','no'),(2886731391,'eme186ux.eu.seb.com','','no'),(2886731392,'lil132ux.eu.seb.com','','no'),(2886731393,'lil140ux.eu.seb.com','','no'),(2886731394,'eme251ux.eu.seb.com','','no'),(2886731395,'lil120ux.eu.seb.com','','no'),(2886731396,'eme62ux.eu.seb.com','','no'),(2886731397,'eme82ux.eu.seb.com','','no'),(2886731398,'eme153ux.eu.seb.com','','no'),(2886731399,'eme154ux.eu.seb.com','','no'),(2886731400,'eme53ux.eu.seb.com','','no'),(2886731401,'lil213ux.eu.seb.com','','no'),(2886731402,'eme27ux.eu.seb.com','','no'),(2886731403,'lil146ux.eu.seb.com','','no'),(2886731404,'lil147ux.eu.seb.com','','no'),(2886731405,'lil133ux.eu.seb.com','','no'),(2886731406,'lil144ux.eu.seb.com','','no'),(2886731407,'lil134ux.eu.seb.com','','no'),(2886731408,'lil145ux.eu.seb.com','','no'),(2886731409,'lil135ux.eu.seb.com','','no'),(2886731410,'lil124ux.eu.seb.com','','no'),(2886731411,'sel12ux.eu.seb.com','','no'),(2886731412,'derofdba.eu.seb.com','','no'),(2886731413,'off02ux.eu.seb.com','','no'),(2886731414,'off03ux.eu.seb.com','','no'),(2886731415,'lyo51ux.eu.seb.com','','no'),(2886731416,'lyo52ux.eu.seb.com','','no'),(2886731417,'lyo54ux.eu.seb.com','','no'),(2886731418,'lyo55ux.eu.seb.com','','no'),(2886731420,'lil29ux.eu.seb.com','','no'),(2886731421,'lil185ux.eu.seb.com','','no'),(2886731422,'lil187ux.eu.seb.com','','no'),(2886731423,'lil166ux.eu.seb.com','','no'),(2886731424,'lil09ux.eu.seb.com','','no'),(2886731425,'lil16ux.eu.seb.com','','no'),(2886731426,'lil87ux.eu.seb.com','','no'),(2886731427,'lil86ux.eu.seb.com','','no'),(2886731428,'lil151ux.eu.seb.com','','no'),(2886731429,'lil152ux.eu.seb.com','','no'),(2886731430,'lil123ux.eu.seb.com','','no'),(2886731431,'lil30ux.eu.seb.com','','no'),(2886731432,'lil13ux.eu.seb.com','','no'),(2886731433,'imgcrm.seb.com','','no'),(2886731434,'lil172ux.eu.seb.com','','no'),(2886731435,'lil162ux.eu.seb.com','','no'),(2886731436,'lil102ux.eu.seb.com','','no'),(2886731437,'lil163ux.eu.seb.com','','no'),(2886731438,'lil22ux.eu.seb.com','','no'),(2886731439,'lil157ux.eu.seb.com','','no'),(2886731440,'lil136ux.eu.seb.com','','no'),(2886731441,'lil158ux.eu.seb.com','','no'),(2886731442,'lil137ux.eu.seb.com','','no'),(2886731444,'lil177ux.eu.seb.com','','no'),(2886731445,'lil178ux.eu.seb.com','','no'),(2886731446,'eme111ux.eu.seb.com','','no'),(2886731447,'sel14ux.eu.seb.com','','no'),(2886731448,'off11ux.eu.seb.com','','no'),(2886731449,'lil175ux.eu.seb.com','','no'),(2886731450,'lil206ux.eu.seb.com','','no'),(2886731451,'lil06ux.eu.seb.com','','no'),(2886731452,'lil183ux.eu.seb.com','','no'),(2886731453,'lil184ux.eu.seb.com','','no'),(2886731454,'lil142ux.eu.seb.com','','no'),(2886731455,'lil15ux.eu.seb.com','','no'),(2886731456,'lil155ux.eu.seb.com','','no'),(2886731457,'lil58ux.eu.seb.com','','no'),(2886731458,'lil78ux.eu.seb.com','','no'),(2886731459,'lil20ux.eu.seb.com','','no'),(2886731460,'lil23ux.eu.seb.com','','no'),(2886731461,'lil121ux.eu.seb.com','','no'),(2886731462,'lil138ux.eu.seb.com','','no'),(2886731464,'lil180ux.eu.seb.com','','no'),(2886731465,'lil200ux.eu.seb.com','','no'),(2886731466,'lil202ux.eu.seb.com','','no'),(2886731467,'lil203ux.eu.seb.com','','no'),(2886731468,'lil204ux.eu.seb.com','','no'),(2886731469,'lil205ux.eu.seb.com','','no'),(2886731470,'lil207ux.eu.seb.com','','no'),(2886731471,'lil208ux.eu.seb.com','','no'),(2886731477,'lil218ux.eu.seb.com','','no'),(2886731478,'lil214ux.eu.seb.com','','no'),(2886731479,'lil215ux.eu.seb.com','','no'),(2886731480,'lil216ux.eu.seb.com','','no'),(2886731483,'sp00b314.eu.seb.com','','no'),(2886731484,'sp00p718.eu.seb.com','','no'),(2886731485,'sp09e012.eu.seb.com','','no'),(2886731519,'broadcast','','yes'),(2886731520,'network','','yes'),(2886731620,'lil176nt.eu.seb.com','','no'),(2886731621,'sw03e482.eu.seb.com','','no'),(2886731775,'broadcast','','yes'),(2886731776,'network','','yes'),(2886731777,'sw07s681.seb.com','','no'),(2886731778,'cse04nt.eu.seb.com','','no'),(2886731782,'lil02cl-ora03.eu.seb.com','','no'),(2886731783,'lil69nt.eu.seb.com','','no'),(2886731785,'lil18nt.eu.seb.com','','no'),(2886731786,'sw05z159.seb.com','','no'),(2886731787,'pdrv-seb-share-bdd1.seb.com','','no'),(2886731788,'edrv-seb-share-bdd1.seb.com','','no'),(2886731789,'lil232nt.eu.seb.com','','no'),(2886731790,'sw09d216.seb.com','','no'),(2886731791,'sw00s819.seb.com','','no'),(2886731792,'sw00q539.seb.com','','no'),(2886731794,'sw02d762.seb.com','','no'),(2886731795,'sl03e219.seb.com','','no'),(2886731796,'sl09c397.seb.com','','no'),(2886732031,'broadcast','','yes'),(2886732032,'network','','yes'),(2886732036,'lil41nt.eu.seb.com','','no'),(2886732037,'sw04l947.seb.com','','no'),(2886732044,'sw07w943.seb.com','','no'),(2886732045,'sw07x691.seb.com','','no'),(2886732047,'sw08s057.eu.seb.com','','no'),(2886732050,'sw09r675.seb.com','','no'),(2886732051,'sw06g991.seb.com','','no'),(2886732287,'broadcast','','yes'),(2886732288,'','','yes'),(2886732289,'sw01a748.seb.com','','no'),(2886732290,'sw09q304.seb.com','','no'),(2886732291,'sl06h936.seb.com','','no'),(2886732293,'sw09v355.seb.com','','no'),(2886732295,'sw08l200.seb.com','','no'),(2886732296,'lil275nt.eu.seb.com','','no'),(2886732300,'lil145nt.eu.seb.com','','no'),(2886732301,'lil52nt.eu.seb.com','','no'),(2886732302,'sw01h835.seb.com','','no'),(2886732305,'sw03w661.seb.com','','no'),(2886732306,'lil279nt.eu.seb.com','','no'),(2886732308,'lil229nt.eu.seb.com','','no'),(2886732309,'lil231nt.eu.seb.com','','no'),(2886732311,'lil249nt.eu.seb.com','','no'),(2886732312,'lil144nt.eu.seb.com','','no'),(2886732313,'lil154nt.eu.seb.com','','no'),(2886732315,'lil129nt.eu.seb.com','','no'),(2886732316,'lil258nt.eu.seb.com','','no'),(2886732317,'lil68nt.eu.seb.com','','no'),(2886732319,'lil280nt.eu.seb.com','','no'),(2886732320,'lil281nt.eu.seb.com','','no'),(2886732321,'lil282nt.eu.seb.com','','no'),(2886732322,'lil283nt.eu.seb.com','','no'),(2886732323,'lil284nt.eu.seb.com','','no'),(2886732324,'lil285nt.eu.seb.com','','no'),(2886732325,'lil286nt.eu.seb.com','','no'),(2886732326,'lil222nt.eu.seb.com','','no'),(2886732327,'lil61nt.eu.seb.com','','no'),(2886732329,'lil63nt.eu.seb.com','','no'),(2886732330,'lil64nt.eu.seb.com','','no'),(2886732331,'lil166nt.eu.seb.com','','no'),(2886732332,'lil40nt.eu.seb.com','','no'),(2886732333,'lil42nt.eu.seb.com','','no'),(2886732336,'lil242nt.eu.seb.com','','no'),(2886732339,'lil239nt.eu.seb.com','','no'),(2886732340,'sel28nt.eu.seb.com','','no'),(2886732342,'lil257nt.eu.seb.com','','no'),(2886732344,'lil278nt.eu.seb.com','','no'),(2886732345,'lil02nt.eu.seb.com','','no'),(2886732346,'lil177nt.eu.seb.com','','no'),(2886732348,'lil155nt.eu.seb.com','','no'),(2886732349,'sw02v061.eu.seb.com','','no'),(2886732350,'lil45nt.eu.seb.com','','no'),(2886732351,'lil194nt.eu.seb.com','','no'),(2886732352,'lil29nt.eu.seb.com','','no'),(2886732353,'lil47nt.eu.seb.com','','no'),(2886732354,'lil150nt.eu.seb.com','','no'),(2886732355,'lil236nt.eu.seb.com','','no'),(2886732357,'lil246nt.eu.seb.com','','no'),(2886732358,'lil152nt.eu.seb.com','','no'),(2886732359,'lil151nt.eu.seb.com','','no'),(2886732360,'lil197nt.eu.seb.com','','no'),(2886732361,'lil198nt.eu.seb.com','','no'),(2886732362,'lil196nt.eu.seb.com','','no'),(2886732363,'sw09g501.seb.com','','no'),(2886732364,'lil210nt.eu.seb.com','','no'),(2886732365,'sw08b045.seb.com','','no'),(2886732366,'sw02y495.seb.com','','no'),(2886732367,'lil228nt.eu.seb.com','','no'),(2886732368,'lil230nt.eu.seb.com','','no'),(2886732369,'sw04x800.seb.com','','no'),(2886732370,'lil261nt.eu.seb.com','','no'),(2886732371,'lil140nt.eu.seb.com','','no'),(2886732373,'lil07nt.eu.seb.com','','no'),(2886732374,'lil276nt.eu.seb.com','','no'),(2886732375,'sw09w549.seb.com','','no'),(2886732378,'lil167nt.eu.seb.com','','no'),(2886732379,'lil193nt.eu.seb.com','','no'),(2886732380,'lil71nt.eu.seb.com','','no'),(2886732381,'lil72nt.eu.seb.com','','no'),(2886732382,'lil73nt.eu.seb.com','','no'),(2886732383,'lil127nt.eu.seb.com','','no'),(2886732384,'lil74nt.eu.seb.com','','no'),(2886732385,'lil44nt.eu.seb.com','','no'),(2886732386,'lil273nt.eu.seb.com','','no'),(2886732387,'lil270nt.eu.seb.com','','no'),(2886732388,'lil266nt.eu.seb.com','','no'),(2886732390,'lil274nt.eu.seb.com','','no'),(2886732391,'lil271nt.eu.seb.com','','no'),(2886732392,'lil268nt.eu.seb.com','','no'),(2886732393,'lil215nt.eu.seb.com','','no'),(2886732394,'lil185nt.eu.seb.com','','no'),(2886732395,'lil272nt.eu.seb.com','','no'),(2886732396,'lil269nt.eu.seb.com','','no'),(2886732397,'lil252nt.eu.seb.com','','no'),(2886732398,'lil204nt.eu.seb.com','','no'),(2886732399,'lil186nt.eu.seb.com','','no'),(2886732400,'lil214nt.eu.seb.com','','no'),(2886732402,'lil223nt.eu.seb.com','','no'),(2886732403,'lil277nt.eu.seb.com','','no'),(2886732404,'sw05s722.seb.com','','no'),(2886732405,'lil70nt.eu.seb.com','','no'),(2886732406,'sl01x621.seb.com','','no'),(2886732407,'lil205nt.eu.seb.com','','no'),(2886732408,'lil206nt.eu.seb.com','','no'),(2886732409,'lil237nt.eu.seb.com','','no'),(2886732410,'lil207nt.eu.seb.com','','no'),(2886732411,'lil238nt.eu.seb.com','','no'),(2886732412,'lil172nt.eu.seb.com','','no'),(2886732413,'lil59nt.eu.seb.com','','no'),(2886732414,'sel26nt.eu.seb.com','','no'),(2886732415,'lil25nt.eu.seb.com','','no'),(2886732416,'lil33nt.eu.seb.com','','no'),(2886732422,'sel53nt.eu.seb.com','','no'),(2886732425,'lil157nt.eu.seb.com','','no'),(2886732426,'lil158nt.eu.seb.com','','no'),(2886732427,'lil202nt.eu.seb.com','','no'),(2886732428,'lil203nt.eu.seb.com','','no'),(2886732429,'lil159nt.eu.seb.com','','no'),(2886732430,'lil160nt.eu.seb.com','','no'),(2886732431,'sel43nt.eu.seb.com','','no'),(2886732432,'eme36nt.eu.seb.com','','no'),(2886732433,'lil97nt.eu.seb.com','','no'),(2886732434,'lil56nt.eu.seb.com','','no'),(2886732435,'sw02f744.eu.seb.com','','no'),(2886732436,'sw04w891.eu.seb.com','','no'),(2886732437,'sw07l878.eu.seb.com','','no'),(2886732438,'sw09k804.eu.seb.com','','no'),(2886732439,'lil03nt.eu.seb.com','','no'),(2886732440,'lil90nt.eu.seb.com','','no'),(2886732441,'lil91nt.eu.seb.com','','no'),(2886732442,'lil130nt.eu.seb.com','','no'),(2886732443,'lil132nt.eu.seb.com','','no'),(2886732444,'lil60nt.eu.seb.com','','no'),(2886732445,'lil11nt.eu.seb.com','','no'),(2886732446,'lil05nt.eu.seb.com','','no'),(2886732447,'lil216nt.eu.seb.com','','no'),(2886732448,'lil217nt.eu.seb.com','','no'),(2886732449,'lil226nt.eu.seb.com','','no'),(2886732450,'lil77nt.eu.seb.com','','no'),(2886732451,'lil86nt.eu.seb.com','','no'),(2886732452,'sw09l430.seb.com','','no'),(2886732454,'lil182nt.eu.seb.com','','no'),(2886732455,'lil139nt.eu.seb.com','','no'),(2886732456,'lil211nt.eu.seb.com','','no'),(2886732457,'sw04s533.eu.seb.com','','no'),(2886732458,'ecu10nt.eu.seb.com','','no'),(2886732459,'sel25nt.eu.seb.com','','no'),(2886732463,'sw03w823.seb.com','','no'),(2886732464,'sw04z241.eu.seb.com','','no'),(2886732465,'lil264nt.eu.seb.com','','no'),(2886732466,'sw03w823.seb.com','','no'),(2886732467,'lil110nt.eu.seb.com','','no'),(2886732468,'pimprep.seb.com','','no'),(2886732469,'pdrv-seb-share-app1.seb.com','','no'),(2886732470,'eaipimprep.seb.com','','no'),(2886732471,'pim.groupeseb.com','','no'),(2886732472,'edrv-seb-share-app1.seb.com','','no'),(2886732473,'edrv-seb-share-be1.seb.com','','no'),(2886732474,'sw02k618.seb.com','','no'),(2886732476,'sw05b859.seb.com','','no'),(2886732477,'sw05z390.seb.com','','no'),(2886732480,'lil12nt.eu.seb.com','','no'),(2886732481,'lil17nt.eu.seb.com','','no'),(2886732482,'lil10nt.eu.seb.com','','no'),(2886732483,'lil169nt.eu.seb.com','','no'),(2886732484,'eme23nt.eu.seb.com','','no'),(2886732485,'lil119nt.eu.seb.com','','no'),(2886732486,'lil96nt.eu.seb.com','','no'),(2886732487,'lil14nt.eu.seb.com','','no'),(2886732488,'lil26nt.eu.seb.com','','no'),(2886732489,'lil02ux.eu.seb.com','','no'),(2886732490,'lil95nt.eu.seb.com','','no'),(2886732492,'lil251nt.eu.seb.com','','no'),(2886732493,'sw01c148.eu.seb.com','','no'),(2886732494,'sw01s047.seb.com','','no'),(2886732495,'sw06s099.eu.seb.com','','no'),(2886732499,'sw03c106.seb.com','','no'),(2886732500,'lil145nt.eu.seb.com','','no'),(2886732502,'sw07p106.eu.seb.com','','no'),(2886732503,'sw09f673.eu.seb.com','','no'),(2886732504,'sw01d735.eu.seb.com','','no'),(2886732505,'sw01b333.eu.seb.com','','no'),(2886732506,'sw06z565.eu.seb.com','','no'),(2886732507,'sw09i389.eu.seb.com','','no'),(2886732508,'lil110nt-bis.eu.seb.com','','no'),(2886732509,'sw09h195.eu.seb.com','','no'),(2886732510,'sw06y831.eu.seb.com','','no'),(2886732511,'sw00w852.seb.com','','no'),(2886732512,'sw06m517.seb.com','','no'),(2886732513,'sw02s439.seb.com','','no'),(2886732514,'sw07u189.eu.seb.com','','no'),(2886732515,'lil241nt.eu.seb.com','','no'),(2886732517,'lil240nt.eu.seb.com','','no'),(2886732518,'sw09f578.seb.com','','no'),(2886732519,'sw02d301.eu.seb.com','','no'),(2886732520,'sw06b723.eu.seb.com','','no'),(2886732521,'sw01j452.eu.seb.com','','no'),(2886732522,'sw00w270.eu.seb.com','','no'),(2886732523,'sw04s235.eu.seb.com','','no'),(2886732524,'lil173nt.eu.seb.com','','no'),(2886732525,'lil256nt.eu.seb.com','','no'),(2886732528,'sw00q093.seb.com','','no'),(2886732529,'sw04g978.seb.com','','no'),(2886732530,'sw07u622.seb.com','','no'),(2886732531,'sw03k889.eu.seb.com','','no'),(2886732532,'sw01t810.seb.com','','no'),(2886732534,'sw02v481.eu.seb.com','','no'),(2886732535,'sw02a057.eu.seb.com','','no'),(2886732536,'sw08f646.eu.seb.com','','no'),(2886732537,'sw00w459.eu.seb.com','','no'),(2886732543,'broadcast','','yes'),(2886732544,'network','','yes'),(2886732545,'sel52nt.eu.seb.com','','no'),(2886732546,'sel42nt.eu.seb.com','','no'),(2886732547,'sw03y020.eu.seb.com','','no'),(2886732548,'lil180nt.eu.seb.com','','no'),(2886732549,'sw09f077.eu.seb.com','','no'),(2886732550,'sw02m357.eu.seb.com','','no'),(2886732551,'sw01n078.eu.seb.com','','no'),(2886732552,'sw09y721.eu.seb.com','','no'),(2886732553,'sw05q902.eu.seb.com','','no'),(2886732554,'sw06s437.eu.seb.com','','no'),(2886732555,'sw03p867.eu.seb.com','','no'),(2886732556,'sw07r811.eu.seb.com','','no'),(2886732557,'sw04p230.eu.seb.com','','no'),(2886732558,'sw03z594.eu.seb.com','','no'),(2886732559,'sl01c455.seb.com','','no'),(2886732560,'sl03p497.seb.com','','no'),(2886732561,'sl01z603.seb.com','','no'),(2886732562,'sl01l226.seb.com','','no'),(2886732563,'sl04g364.seb.com','','no'),(2886732564,'sl06f196.seb.com','','no'),(2886732565,'sl08d916.seb.com','','no'),(2886732566,'sl08f994.seb.com','','no'),(2886732567,'sl09r128.seb.com','','no'),(2886732568,'sl01n141.seb.com','','no'),(2886732569,'sl01g054.seb.com','','no'),(2886732570,'sw01p453.seb.com','','no'),(2886732573,'sw03b075.eu.seb.com','','no'),(2886732574,'sl06i088.seb.com','','no'),(2886732575,'sl02q601.seb.com','','no'),(2886732576,'sl06c520.seb.com','','no'),(2886732577,'sw03n592.eu.seb.com','','no'),(2886732578,'sw07i105.eu.seb.com','','no'),(2886732579,'sw02g911.eu.seb.com','','no'),(2886732580,'sl03p551.seb.com','','no'),(2886732581,'sl06q085.seb.com','','no'),(2886732582,'sl06a429.seb.com','','no'),(2886732583,'sl03b828.seb.com','','no'),(2886732584,'sl03b287.seb.com','','no'),(2886732585,'sl07g836.seb.com','','no'),(2886732586,'sl05k491.seb.com','','no'),(2886732587,'sl07m133.seb.com','','no'),(2886732589,'sl07c371.seb.com','','no'),(2886732590,'sl05n667.seb.com','','no'),(2886732591,'nt06prod.eu.seb.com','','no'),(2886732592,'lil225nt.eu.seb.com','','no'),(2886732593,'sw01w283.eu.seb.com','','no'),(2886732594,'sw07q861.eu.seb.com','','no'),(2886732595,'sw04u556.eu.seb.com','','no'),(2886732596,'sw05n211.eu.seb.com','','no'),(2886732597,'sl09b148.seb.com','','no'),(2886732598,'jiraqual.seb.com','','no'),(2886732599,'sw05s749.eu.seb.com','','no'),(2886732601,'sw06l269.eu.seb.com','','no'),(2886732602,'sl01r566.eu.seb.com','','no'),(2886732603,'sw01d153.eu.seb.com','','no'),(2886732604,'sw06n346.eu.seb.com','','no'),(2886732605,'sw00u694.eu.seb.com','','no'),(2886732606,'sw05y561.eu.seb.com','','no'),(2886732607,'sw06q617.eu.seb.com','','no'),(2886732608,'sw03y169.eu.seb.com','','no'),(2886732609,'sw06y736.eu.seb.com','','no'),(2886732610,'sw05a922.eu.seb.com','','no'),(2886732611,'sw00l665.seb.com','','no'),(2886732612,'sw06r785.seb.com','','no'),(2886732614,'sl06z939.seb.com','','no'),(2886732615,'sl02s069.seb.com','','no'),(2886732617,'sl08l439.seb.com','','no'),(2886732618,'sw04m518.eu.seb.com','','no'),(2886732619,'sl05d986.eu.seb.com','','no'),(2886732620,'sw05x177.eu.seb.com','','no'),(2886732621,'sw05j734.seb.com','','no'),(2886732622,'sw01i041.eu.seb.com','','no'),(2886732623,'sw00n363.eu.seb.com','','no'),(2886732627,'sw09b139.seb.com','','no'),(2886732629,'sl01d703.seb.com','','no'),(2886732630,'sw07l810.eu.seb.com','','no'),(2886732631,'sl06q789.seb.com','','no'),(2886732632,'sw02t580.eu.seb.com','','no'),(2886732633,'sl07a578.seb.com','','no'),(2886732634,'sl05k910.seb.com','','no'),(2886732635,'sl09d523.seb.com','','no'),(2886732636,'sw09d555.eu.seb.com','','no'),(2886732638,'sw03g884.eu.seb.com','','no'),(2886732641,'sw03h116.seb.com','','no'),(2886732648,'sw06e751.seb.com','','no'),(2886732649,'sw01q701.seb.com','','no'),(2886732650,'sl09q896.seb.com','','no'),(2886732651,'sw03p777.seb.com','','no'),(2886732652,'sw01q200.seb.com','','no'),(2886732653,'sw07q441.seb.com','','no'),(2886732654,'sw02a396.seb.com','','no'),(2886732655,'sw05f336.eu.seb.com','','no'),(2886732656,'sw06f864.eu.seb.com','','no'),(2886732658,'sw06p681.eu.seb.com','','no'),(2886732659,'sw08w753.seb.com','','no'),(2886732661,'sw09y301.seb.com','','no'),(2886732681,'sw03s222.seb.com','','no'),(2886732682,'sl02k384.seb.com','','no'),(2886732683,'sl08q002.seb.com','','no'),(2886732714,'tmp-w2k16.seb.com','','no'),(2886732799,'','','yes'),(2886732800,'network','','yes'),(2886733055,'broadcast','','yes'),(2886733056,'network','','yes'),(2886733311,'broadcast','','yes'),(2886733312,'network','','yes'),(2886733567,'broadcast','','yes'),(2886733568,'network','','yes'),(2886733823,'broadcast','','yes'),(2886733824,'network','','yes'),(2886734079,'broadcast','','yes'),(2886734336,'network','','yes'),(2886734343,'dd45-pa3.seb.com','','no'),(2886734345,'dd45-pa3-failover.seb.com','','no'),(2886734349,'dd45-pa4.seb.com','','no'),(2886734351,'dd45-pa4-failover.seb.com','','no'),(2886734355,'dd25-pa3.seb.com','','no'),(2886734357,'dd25-pa3-failover.seb.com','','no'),(2886734359,'dd25-pa4.seb.com','','no'),(2886734361,'dd25-pa4-failover.seb.com','','no'),(2886734364,'dd25-v.seb.com','','no'),(2886734365,'dd25-v-failover.seb.com','','no'),(2886734368,'sl00j055.seb.com','','no'),(2886734369,'sl08q883.seb.com','','no'),(2886734370,'sl07c276.seb.com','','no'),(2886734371,'sl06r293.seb.com','','no'),(2886734372,'sl08i926.seb.com','','no'),(2886734373,'sa02j658.seb.com','','no'),(2886734374,'sl06c926.seb.com','','no'),(2886734377,'se02p745.seb.com','','no'),(2886734378,'se06j259.seb.com','','no'),(2886734379,'se01f081.seb.com','','no'),(2886734380,'se04v032.seb.com','','no'),(2886734381,'sa06m846.seb.com','','no'),(2886734382,'sw08m774.seb.com','','no'),(2886734383,'sw06l364.seb.com','','no'),(2886734384,'sw08p973.seb.com','','no'),(2886734385,'sw09b993.seb.com','','no'),(2886734388,'sw00w676.seb.com','','no'),(2886734389,'sw05c282.seb.com','','no'),(2886734390,'sw04k631.seb.com','','no'),(2886734391,'sw09k588.seb.com','','no'),(2886734392,'sw08h425.seb.com','','no'),(2886734393,'sw08w374.seb.com','','no'),(2886734394,'sw05p162.seb.com','','no'),(2886734395,'sw00e592.seb.com','','no'),(2886734396,'sw08a555.seb.com','','no'),(2886734397,'sw00g736.seb.com','','no'),(2886734398,'sw08w252.seb.com','','no'),(2886734399,'sw00h484.seb.com','','no'),(2886734400,'sw07x338.seb.com','','no'),(2886734401,'sw06x203.seb.com','','no'),(2886734402,'sw09x838.seb.com','','no'),(2886734403,'sw06j449.seb.com','','no'),(2886734404,'sw08w211.seb.com','','no'),(2886734405,'sw09y464.seb.com','','no'),(2886734406,'sw00a857.seb.com','','no'),(2886734407,'sw00c677.seb.com','','no'),(2886734408,'sw09p611.seb.com','','no'),(2886734409,'sw00r205.seb.com','','no'),(2886734410,'sw07s247.seb.com','','no'),(2886734411,'sw00i353.seb.com','','no'),(2886734412,'sw04u976.seb.com','','no'),(2886734413,'sw03v114.seb.com','','no'),(2886734414,'sw09u946.seb.com','','no'),(2886734415,'se03u312.seb.com','','no'),(2886734416,'se08l633.seb.com','','no'),(2886734417,'sw09f835.seb.com','','no'),(2886734423,'se04w646.seb.com','','no'),(2886734424,'se09g812.seb.com','','no'),(2886734426,'sw00a654.seb.com','','no'),(2886734427,'sw02p339.seb.com','','no'),(2886734428,'sw09m584.seb.com','','no'),(2886734429,'sw01p028.seb.com','','no'),(2886734430,'sw05x678.seb.com','','no'),(2886734431,'sw02a992.seb.com','','no'),(2886734432,'sw01r395.seb.com','','no'),(2886734433,'sw06g476.seb.com','','no'),(2886734435,'sw00b686.eu.seb.com','','no'),(2886734576,'se09z400.seb.com','','no'),(2886734577,'se06b438.seb.com','','no'),(2886734581,'se09r485.seb.com','','no'),(2886734582,'se09b748.seb.com','','no'),(2886734583,'se05r107.seb.com','','no'),(2886734584,'se01b603.seb.com','','no'),(2886734586,'sw08d027.as.seb.com','','no'),(2886734587,'sw00v806.as.seb.com','','no'),(2886734847,'broadcast','','yes'),(2886734848,'network','','yes'),(2886734849,'exaadbadm01.seb.com','','no'),(2886734850,'exaadbadm02.seb.com','','no'),(2886734851,'exaadbadm03.seb.com','','no'),(2886734852,'exaaceladm01.seb.com','','no'),(2886734853,'exaaceladm02.seb.com','','no'),(2886734854,'exaaceladm03.seb.com','','no'),(2886734855,'exaaceladm04.seb.com','','no'),(2886734856,'exaadbadm01-ilom.seb.com','','no'),(2886734857,'exaadbadm02-ilom.seb.com','','no'),(2886734858,'exaadbadm03-ilom.seb.com','','no'),(2886734859,'exaaceladm01-ilom.seb.com','','no'),(2886734860,'exaaceladm02-ilom.seb.com','','no'),(2886734861,'exaaceladm03-ilom.seb.com','','no'),(2886734862,'exaaceladm04-ilom.seb.com','','no'),(2886734863,'exaasw-adm01.seb.com','','no'),(2886734864,'exaasw-iba01.seb.com','','no'),(2886734865,'exaasw-ibb01.seb.com','','no'),(2886734866,'exaasw-pdua01.seb.com','','no'),(2886734867,'exaasw-pdub01.seb.com','','no'),(2886734868,'exabdbadm01.seb.com','','no'),(2886734869,'exabdbadm02.seb.com','','no'),(2886734870,'exabdbadm03.seb.com','','no'),(2886734871,'exabceladm01.seb.com','','no'),(2886734872,'exabceladm02.seb.com','','no'),(2886734873,'exabceladm03.seb.com','','no'),(2886734874,'exabceladm04.seb.com','','no'),(2886734875,'exabdbadm01-ilom.seb.com','','no'),(2886734876,'exabdbadm02-ilom.seb.com','','no'),(2886734877,'exabdbadm03-ilom.seb.com','','no'),(2886734878,'exabceladm01-ilom.seb.com','','no'),(2886734879,'exabceladm02-ilom.seb.com','','no'),(2886734880,'exabceladm03-ilom.seb.com','','no'),(2886734881,'exabceladm04-ilom.seb.com','','no'),(2886734882,'exabsw-adm01.seb.com','','no'),(2886734883,'exabsw-iba01.seb.com','','no'),(2886734884,'exabsw-ibb01.seb.com','','no'),(2886734885,'exabsw-pdua01.seb.com','','no'),(2886734886,'exabsw-pdub01.seb.com','','no'),(2886734974,'ml00j055.seb.com','','no'),(2886734975,'ml08q883.seb.com','','no'),(2886735007,'exaaceladm05.seb.com','','no'),(2886735008,'exaaceladm06.seb.com','','no'),(2886735009,'exaaceladm05-ilom.seb.com','','no'),(2886735010,'exaaceladm06-ilom.seb.com','','no'),(2886735011,'exabceladm05.seb.com','','no'),(2886735012,'exabceladm06.seb.com','','no'),(2886735013,'exabceladm05-ilom.seb.com','','no'),(2886735014,'exabceladm06-ilom.seb.com','','no'),(2886735348,'dc301fw.seb.com','','no'),(2886735359,'broadcast','','yes'),(2886735360,'','','yes'),(2886735361,'lil188nt.eu.seb.com','','no'),(2886735362,'org30nt.seb.com','','no'),(2886735363,'org34nt.seb.com','','no'),(2886735364,'lil191nt.seb.com','','no'),(2886735365,'sw05j179.seb.com','','no'),(2886735366,'lil188nt-r.eu.seb.com','','no'),(2886735367,'sw00h768.seb.com','','no'),(2886735368,'sw00f068.seb.com','','no'),(2886735369,'goprebond.seb.com','','no'),(2886735370,'goprebond.seb.com','','no'),(2886735615,'','','yes'),(2886735616,'','','yes'),(2886735871,'','','yes'),(2886735872,'network','','yes'),(2886736127,'broadcast','','yes'),(2886736128,'network','','yes'),(2886736383,'broadcast','','yes'),(2886736384,'network','','yes'),(2886736639,'broadcast','','yes'),(2886736640,'network','','yes'),(2886736895,'broadcast','','yes'),(2886736896,'','','yes'),(2886736897,'pdrv-seb-hybris-bdd1.seb.com','','no'),(2886736898,'pdrv-seb-hybris-bdd2.seb.com','','no'),(2886736907,'sl01x228.seb.com','','no'),(2886736908,'sl08f872.seb.com','','no'),(2886737151,'','','yes'),(2886737152,'network','','yes'),(2886737153,'pdrv-seb-hybris-app1.seb.com','','no'),(2886737154,'pdrv-seb-hybris-app2.seb.com','','no'),(2886737155,'pdrv-seb-hybris-be1.seb.com','','no'),(2886737156,'pdrv-seb-hybris-be2.seb.com','','no'),(2886737157,'eai.preproddcu.seb.com.seb.com','','no'),(2886737158,'pdrv-seb-hybris-solr1.seb.com','','no'),(2886737162,'dddv-seb-hybris-sftp.seb.com','','no'),(2886737163,'sl06q640.seb.com','','no'),(2886737164,'sl01z468.seb.com','','no'),(2886737165,'sl06j959.seb.com','','no'),(2886737166,'sl00g325.seb.com','','no'),(2886737168,'sl08s702.seb.com','','no'),(2886737407,'broadcast','','yes'),(2886737408,'network','','yes'),(2886737663,'broadcast','','yes'),(2886737664,'network','','yes'),(2886737919,'broadcast','','yes'),(2886737920,'network','','yes'),(2886738175,'broadcast','','yes'),(2886738176,'network','','yes'),(2886738431,'broadcast','','yes'),(2886738432,'','','yes'),(2886738433,'edrv-seb-hybris-bdd1.seb.com','','no'),(2886738434,'edrv-seb-hybris-bdd2.seb.com','','no'),(2886738443,'sl05q139.seb.com','','no'),(2886738444,'sl08b812.seb.com','','no'),(2886738687,'','','yes'),(2886738688,'','','yes'),(2886738689,'edrv-seb-hybris-app1.seb.com','','no'),(2886738690,'edrv-seb-hybris-app2.seb.com','','no'),(2886738691,'edrv-seb-hybris-be1.seb.com','','no'),(2886738692,'edrv-seb-hybris-be2.seb.com','','no'),(2886738694,'sl04y502.seb.com','','no'),(2886738695,'sl01y734.seb.com','','no'),(2886738696,'edrv-seb-hybris-solr1.seb.com','','no'),(2886738699,'sl06r997.seb.com','','no'),(2886738700,'sl02k329.seb.com','','no'),(2886738701,'sl09f682.seb.com','','no'),(2886738702,'sl05n545.seb.com','','no'),(2886738706,'sl03v868.seb.com','','no'),(2886738943,'','','yes'),(2886738944,'network','','yes'),(2886739199,'broadcast','','yes'),(2886739456,'network','','yes'),(2886739457,'se04e440.seb.com','','no'),(2886739458,'se04t077.seb.com','','no'),(2886739459,'se06y803.seb.com','','no'),(2886739460,'se07v166.seb.com','','no'),(2886739461,'se00v332.seb.com','','no'),(2886739462,'se00s562.seb.com','','no'),(2886739463,'se04a407.seb.com','','no'),(2886739464,'se05a854.seb.com','','no'),(2886739465,'se06q143.seb.com','','no'),(2886739466,'se06s085.seb.com','','no'),(2886739467,'se00g627.seb.com','','no'),(2886739468,'se00p908.seb.com','','no'),(2886739469,'se01j248.seb.com','','no'),(2886739470,'se02x977.seb.com','','no'),(2886739471,'se08k683.seb.com','','no'),(2886739472,'se03g978.seb.com','','no'),(2886739473,'se03h888.seb.com','','no'),(2886739474,'se07k778.seb.com','','no'),(2886739475,'se08l917.seb.com','','no'),(2886739476,'se07q955.seb.com','','no'),(2886739506,'se00f717.seb.com','','no'),(2886739552,'sw08m273_bkp.seb.com','','no'),(2886739553,'sw03p452.seb.com','','no'),(2886739554,'sw09s706_bkp.seb.com','','no'),(2886739555,'sw03m248_bkp.seb.com','','no'),(2886739558,'sw05q686_bkp.seb.com','','no'),(2886739559,'sw00w676_bkp.seb.com','','no'),(2886739560,'sw08m774_bkp.seb.com','','no'),(2886739561,'sw06l364_bkp.seb.com','','no'),(2886739562,'sw08p973_bkp.seb.com','','no'),(2886739563,'sw09b993_bkp.seb.com','','no'),(2886739564,'sw08b424.seb.com','','no'),(2886739565,'sw04c417.seb.com','','no'),(2886739566,'sw09l511.seb.com','','no'),(2886739571,'sw01s006.eu.seb.com','','no'),(2886739583,'broadcast','','yes'),(2886739712,'network','','yes'),(2886739967,'broadcast','','yes'),(2886739968,'network','','yes'),(2886740095,'broadcast','','yes'),(2886740096,'network','','yes'),(2886740223,'broadcast','','yes'),(2886740224,'network','','yes'),(2886740231,'broadcast','','yes'),(2886740480,'network','','yes'),(2886740487,'broadcast','','yes'),(3232276480,'network','','yes'),(3232276481,'ddrv-seb-hybris-2.seb.com','','no'),(3232276482,'ddrv-seb-training.seb.com','','no'),(3232276483,'ddrv-seb-hybris-sqli.seb.com','','no'),(3232276484,'ddrv-seb-share.seb.com','','no'),(3232276491,'sl06w343.seb.com','','no'),(3232276492,'sl02v137.seb.com','','no'),(3232276493,'sl03p501.seb.com','','no'),(3232276498,'sw08y397.seb.com','','no'),(3232276735,'','','yes'),(3232276736,'network','','yes'),(3232276746,'sl06a822.seb.com','','no'),(3232276991,'broadcast','','yes'),(3232276992,'network','','yes'),(3232276993,'pdrv-seb-hybris-web1.seb.com','','no'),(3232276994,'pdrv-seb-hybris-web2.seb.com','','no'),(3232276997,'sl04h450.seb.com','','no'),(3232276998,'sl07l887.seb.com','','no'),(3232277247,'broadcast','','yes'),(3232277248,'network','','yes'),(3232277251,'sw04b805.seb.com','','no'),(3232277310,'sw02v440.seb.com','','no'),(3232277503,'broadcast','','yes'),(3232277504,'network','','yes'),(3232277505,'edrv-seb-hybris-web1.seb.com','','no'),(3232277506,'edrv-seb-hybris-web2.seb.com','','no'),(3232277507,'sl05t925.seb.com','','no'),(3232277508,'sl08p128.seb.com','','no'),(3232277759,'broadcast','','yes'),(3232277760,'network','','yes'),(3232277763,'sl00x838.seb.com','','no'),(3232277764,'sl04d675.seb.com','','no'),(3232277765,'sl09n624.seb.com','','no'),(3232277766,'wp.seb.com','','no'),(3232277768,'wamdir.seb.com','','no'),(3232277775,'sw03y805.seb.com','','no'),(3232277787,'sw08g272.seb.com','','no'),(3232277788,'sw08z740.seb.com','','no'),(3232277800,'','','yes'),(3232277803,'','','yes'),(3232277804,'','','yes'),(3232277807,'','','yes'),(3232277810,'sl01q412.seb.com','','no'),(3232277859,'sa00q543.seb.com','','no'),(3232277860,'sa02e106.seb.com','','no'),(3232277861,'sw08e953.seb.com','','no'),(3232277862,'sw00u572.seb.com','','no'),(3232277864,'sa08z716.seb.com','','no'),(3232277865,'sa09e672.seb.com','','no'),(3232277999,'sl03m731.seb.com','','no'),(3232278015,'broadcast','','yes'),(3232278016,'network','','yes'),(3232278017,'se00e821.seb.com','','no'),(3232278018,'se07r689.seb.com','','no'),(3232278019,'se02w444.seb.com','','no'),(3232278020,'se03c255.seb.com','','no'),(3232278021,'se09p421.seb.com','','no'),(3232278022,'se05z023.seb.com','','no'),(3232278143,'broadcast','','yes'),(3232278144,'network','','yes'),(3232278271,'broadcast','','yes'),(3232278272,'network','','yes'),(3232278287,'broadcast','','yes'),(3232278288,'network','','yes'),(3232278303,'broadcast','','yes'),(3232278304,'network','','yes'),(3232278307,'broadcast','','yes'),(3232278308,'network','','yes'),(3232278311,'broadcast','','yes');
/*!40000 ALTER TABLE `IPv4Address` ENABLE KEYS */;
UNLOCK TABLES;

--
-- Table structure for table `IPv4Allocation`
--

DROP TABLE IF EXISTS `IPv4Allocation`;
/*!40101 SET @saved_cs_client     = @@character_set_client */;
/*!40101 SET character_set_client = utf8 */;
CREATE TABLE `IPv4Allocation` (
  `object_id` int(10) unsigned NOT NULL DEFAULT '0',
  `ip` int(10) unsigned NOT NULL DEFAULT '0',
  `name` char(255) COLLATE utf8_unicode_ci NOT NULL DEFAULT '',
  `type` enum('regular','shared','virtual','router','point2point') COLLATE utf8_unicode_ci NOT NULL DEFAULT 'regular',
  PRIMARY KEY (`object_id`,`ip`),
  KEY `ip` (`ip`),
  CONSTRAINT `IPv4Allocation-FK-object_id` FOREIGN KEY (`object_id`) REFERENCES `Object` (`id`) ON DELETE CASCADE
) ENGINE=InnoDB DEFAULT CHARSET=utf8 COLLATE=utf8_unicode_ci;
/*!40101 SET character_set_client = @saved_cs_client */;

--
-- Dumping data for table `IPv4Allocation`
--

LOCK TABLES `IPv4Allocation` WRITE;
/*!40000 ALTER TABLE `IPv4Allocation` DISABLE KEYS */;
INSERT INTO `IPv4Allocation` VALUES (156,2886734951,'IP operations','regular'),(159,2886735001,'IP opration','regular'),(159,2886739461,'IP production	','regular'),(244,2886735354,'','regular'),(245,2886735355,'','regular'),(246,2886735354,'','regular'),(247,2886735355,'','regular'),(248,2886735336,'','regular'),(249,2886735336,'','regular'),(250,2886735346,'','regular'),(251,2886735346,'','regular'),(252,2886735354,'','regular'),(253,2886735355,'','regular'),(254,2886735354,'','regular'),(255,2886735355,'','regular'),(257,2886734618,'IP Production','regular'),(257,2886735110,'IP operations','regular'),(258,2886735015,'IP operations','regular'),(273,2886735356,'','regular'),(274,2886735357,'','regular'),(275,2886735356,'','regular'),(276,2886735357,'','regular'),(277,2886735337,'','regular'),(278,2886735337,'','regular'),(309,2886735344,'','regular'),(320,2886735347,'','regular'),(321,2886735347,'','regular'),(322,2886735356,'','regular'),(323,2886735357,'','regular'),(324,2886735356,'','regular'),(325,2886735357,'','regular'),(330,2886735349,'','regular'),(559,2886735114,'','regular'),(560,2886735115,'','regular'),(561,2886735114,'','regular'),(562,2886735115,'','regular'),(563,2886735114,'','regular'),(564,2886735115,'','regular'),(565,2886735112,'','regular'),(576,2886735116,'','regular'),(577,2886735117,'','regular'),(578,2886735116,'','regular'),(579,2886735117,'','regular'),(580,2886735116,'','regular'),(581,2886735117,'','regular'),(582,2886735113,'','regular');
/*!40000 ALTER TABLE `IPv4Allocation` ENABLE KEYS */;
UNLOCK TABLES;

--
-- Table structure for table `IPv4LB`
--

DROP TABLE IF EXISTS `IPv4LB`;
/*!40101 SET @saved_cs_client     = @@character_set_client */;
/*!40101 SET character_set_client = utf8 */;
CREATE TABLE `IPv4LB` (
  `object_id` int(10) unsigned DEFAULT NULL,
  `rspool_id` int(10) unsigned DEFAULT NULL,
  `vs_id` int(10) unsigned DEFAULT NULL,
  `prio` varchar(255) COLLATE utf8_unicode_ci DEFAULT NULL,
  `vsconfig` text COLLATE utf8_unicode_ci,
  `rsconfig` text COLLATE utf8_unicode_ci,
  UNIQUE KEY `LB-VS` (`object_id`,`vs_id`),
  KEY `IPv4LB-FK-rspool_id` (`rspool_id`),
  KEY `IPv4LB-FK-vs_id` (`vs_id`),
  CONSTRAINT `IPv4LB-FK-object_id` FOREIGN KEY (`object_id`) REFERENCES `Object` (`id`),
  CONSTRAINT `IPv4LB-FK-rspool_id` FOREIGN KEY (`rspool_id`) REFERENCES `IPv4RSPool` (`id`),
  CONSTRAINT `IPv4LB-FK-vs_id` FOREIGN KEY (`vs_id`) REFERENCES `IPv4VS` (`id`)
) ENGINE=InnoDB DEFAULT CHARSET=utf8 COLLATE=utf8_unicode_ci;
/*!40101 SET character_set_client = @saved_cs_client */;

--
-- Dumping data for table `IPv4LB`
--

LOCK TABLES `IPv4LB` WRITE;
/*!40000 ALTER TABLE `IPv4LB` DISABLE KEYS */;
/*!40000 ALTER TABLE `IPv4LB` ENABLE KEYS */;
UNLOCK TABLES;

--
-- Table structure for table `IPv4Log`
--

DROP TABLE IF EXISTS `IPv4Log`;
/*!40101 SET @saved_cs_client     = @@character_set_client */;
/*!40101 SET character_set_client = utf8 */;
CREATE TABLE `IPv4Log` (
  `id` int(10) NOT NULL AUTO_INCREMENT,
  `ip` int(10) unsigned NOT NULL,
  `date` datetime NOT NULL,
  `user` varchar(64) COLLATE utf8_unicode_ci NOT NULL,
  `message` text COLLATE utf8_unicode_ci NOT NULL,
  PRIMARY KEY (`id`),
  KEY `ip-date` (`ip`,`date`)
) ENGINE=InnoDB AUTO_INCREMENT=874 DEFAULT CHARSET=utf8 COLLATE=utf8_unicode_ci;
/*!40101 SET character_set_client = @saved_cs_client */;

--
-- Dumping data for table `IPv4Log`
--

LOCK TABLES `IPv4Log` WRITE;
/*!40000 ALTER TABLE `IPv4Log` DISABLE KEYS */;
INSERT INTO `IPv4Log` VALUES (1,2886735354,'2018-04-18 14:53:35','RTadmin','Binded with DC301NX, ifname='),(2,2886735354,'2018-04-20 11:08:03','RTadmin','Binded with DC301NX-FEX101, ifname='),(3,2886735354,'2018-04-20 11:08:19','RTadmin','Binded with DC301NX-FEX103, ifname='),(4,2886735354,'2018-04-20 11:09:05','RTadmin','Binded with DC301NX-FEX105, ifname='),(5,2886735355,'2018-04-20 11:10:09','RTadmin','Binded with DC302NX, ifname='),(6,2886735355,'2018-04-20 11:10:27','RTadmin','Binded with DC302NX-FEX102, ifname='),(7,2886735355,'2018-04-20 11:10:39','RTadmin','Binded with DC302NX-FEX104, ifname='),(8,2886735355,'2018-04-20 11:10:53','RTadmin','Binded with DC302NX-FEX106, ifname='),(9,2886735356,'2018-04-20 11:11:36','RTadmin','Binded with DC401NX, ifname='),(10,2886735356,'2018-04-20 11:11:53','RTadmin','Binded with DC401NX-FEX103, ifname='),(11,2886735356,'2018-04-20 11:12:08','RTadmin','Binded with DC401NX-FEX101, ifname='),(12,2886735356,'2018-04-20 11:12:35','RTadmin','Binded with DC401NX-FEX105, ifname='),(13,2886735357,'2018-04-20 11:14:18','RTadmin','Binded with DC402NX, ifname='),(14,2886735357,'2018-04-20 11:14:44','RTadmin','Binded with DC402NX-FEX102, ifname='),(15,2886735357,'2018-04-20 11:15:02','RTadmin','Binded with DC402NX-FEX104, ifname='),(16,2886735357,'2018-04-20 11:15:14','RTadmin','Binded with DC402NX-FEX106, ifname='),(17,2886735346,'2018-04-26 13:45:25','RTadmin','Binded with DC302SW-1 (OOB), ifname='),(18,2886735346,'2018-04-26 13:54:06','RTadmin','Binded with DC302SW-2 (OOB), ifname='),(19,2886735347,'2018-04-26 13:58:24','RTadmin','Binded with DC402SW-1 (OOB), ifname='),(20,2886735347,'2018-04-26 14:00:49','RTadmin','Binded with DC402SW-2 (OOB), ifname='),(21,2886735336,'2018-04-26 14:02:14','RTadmin','Binded with DC304SW-1, ifname='),(22,2886735336,'2018-04-26 14:04:10','RTadmin','Binded with DC304SW-2, ifname='),(23,2886735337,'2018-04-26 14:05:38','RTadmin','Binded with DC404SW-1, ifname='),(24,2886735337,'2018-04-26 14:06:35','RTadmin','Binded with DC404SW-2, ifname='),(25,2886735114,'2018-04-26 15:42:26','RTadmin','Binded with DC303NX, ifname='),(26,2886735115,'2018-04-26 15:43:23','RTadmin','Binded with DC304NX, ifname='),(27,2886735114,'2018-04-26 15:44:16','RTadmin','Binded with DC303NX-FEX121, ifname='),(28,2886735115,'2018-04-26 15:44:28','RTadmin','Binded with DC304NX-FEX122, ifname='),(29,2886735114,'2018-04-26 15:44:39','RTadmin','Binded with DC303NX-FEX123, ifname='),(30,2886735115,'2018-04-26 15:44:48','RTadmin','Binded with DC304NX-FEX124, ifname='),(31,2886735112,'2018-04-26 15:45:29','RTadmin','Binded with DC302SW-3 (OOB), ifname='),(32,2886735116,'2018-04-26 15:52:19','RTadmin','Binded with DC403NX, ifname='),(33,2886735117,'2018-04-26 15:52:37','RTadmin','Binded with DC404NX, ifname='),(34,2886735116,'2018-04-26 15:52:49','RTadmin','Binded with DC403NX-FEX121, ifname='),(35,2886735117,'2018-04-26 15:52:59','RTadmin','Binded with DC404NX-FEX122, ifname='),(36,2886735116,'2018-04-26 15:53:17','RTadmin','Binded with DC403NX-FEX123, ifname='),(37,2886735117,'2018-04-26 15:53:28','RTadmin','Binded with DC404NX-FEX124, ifname='),(38,2886735113,'2018-04-26 15:53:49','RTadmin','Binded with DC402SW-3 (OOB), ifname='),(39,2886735344,'2018-04-30 09:55:35','RTadmin','Binded with WAN2960 Accueil DC301SW, ifname='),(40,2886735349,'2018-04-30 09:58:24','RTadmin','Binded with Asa5585 - DCU DC401FW, ifname='),(41,2886730753,'2018-04-30 15:55:01','RTadmin','Name set to \'exaadb01.seb.com\''),(42,2886730754,'2018-04-30 15:55:01','RTadmin','Name set to \'exaadb01-vip.seb.com\''),(43,2886730755,'2018-04-30 15:55:01','RTadmin','Name set to \'exaadb02.seb.com\''),(44,2886730756,'2018-04-30 15:55:02','RTadmin','Name set to \'exaadb02-vip.seb.com\''),(45,2886730757,'2018-04-30 15:55:02','RTadmin','Name set to \'exaadb03.seb.com\''),(46,2886730758,'2018-04-30 15:55:02','RTadmin','Name set to \'exaadb03-vip.seb.com\''),(47,2886730759,'2018-04-30 15:55:02','RTadmin','Name set to \'exaa-scan.seb.com\''),(48,2886730760,'2018-04-30 15:55:02','RTadmin','Name set to \'exaa-scan.seb.com\''),(49,2886730761,'2018-04-30 15:55:02','RTadmin','Name set to \'exaa-scan.seb.com\''),(50,2886730762,'2018-04-30 15:55:02','RTadmin','Name set to \'exabdb01.seb.com\''),(51,2886730763,'2018-04-30 15:55:02','RTadmin','Name set to \'exabdb01-vip.seb.com\''),(52,2886730764,'2018-04-30 15:55:02','RTadmin','Name set to \'exabdb02.seb.com\''),(53,2886730765,'2018-04-30 15:55:02','RTadmin','Name set to \'exabdb02-vip.seb.com\''),(54,2886730766,'2018-04-30 15:55:02','RTadmin','Name set to \'exabdb03.seb.com\''),(55,2886730767,'2018-04-30 15:55:02','RTadmin','Name set to \'exabdb03-vip.seb.com\''),(56,2886730768,'2018-04-30 15:55:02','RTadmin','Name set to \'exab-scan.seb.com\''),(57,2886730769,'2018-04-30 15:55:02','RTadmin','Name set to \'exab-scan.seb.com\''),(58,2886730770,'2018-04-30 15:55:02','RTadmin','Name set to \'exab-scan.seb.com\''),(59,2886735348,'2018-04-30 15:55:32','RTadmin','Name set to \'dc301fw.seb.com\''),(60,2886729728,'2018-04-30 16:46:14','RTadmin','Name set to \'network\''),(61,2886729983,'2018-04-30 16:46:14','RTadmin','Name set to \'broadcast\''),(62,2886729984,'2018-04-30 16:46:14','RTadmin','Name set to \'network\''),(63,2886730239,'2018-04-30 16:46:14','RTadmin','Name set to \'broadcast\''),(64,2886730240,'2018-04-30 16:46:14','RTadmin','Name set to \'network\''),(65,2886730495,'2018-04-30 16:46:14','RTadmin','Name set to \'broadcast\''),(66,2886730496,'2018-04-30 16:46:14','RTadmin','Name set to \'network\''),(67,2886730751,'2018-04-30 16:46:14','RTadmin','Name set to \'broadcast\''),(68,2886731264,'2018-04-30 16:46:14','RTadmin','Name set to \'network\''),(69,2886731519,'2018-04-30 16:46:14','RTadmin','Name set to \'broadcast\''),(70,2886731520,'2018-04-30 16:46:14','RTadmin','Name set to \'network\''),(71,2886731775,'2018-04-30 16:46:14','RTadmin','Name set to \'broadcast\''),(72,2886731776,'2018-04-30 16:46:14','RTadmin','Name set to \'network\''),(73,2886732031,'2018-04-30 16:46:14','RTadmin','Name set to \'broadcast\''),(74,2886732032,'2018-04-30 16:46:14','RTadmin','Name set to \'network\''),(75,2886732287,'2018-04-30 16:46:14','RTadmin','Name set to \'broadcast\''),(76,2886732288,'2018-04-30 16:46:14','RTadmin','Name set to \'network\''),(77,2886732543,'2018-04-30 16:46:14','RTadmin','Name set to \'broadcast\''),(78,2886732544,'2018-04-30 16:46:14','RTadmin','Name set to \'network\''),(79,2886732799,'2018-04-30 16:46:14','RTadmin','Name set to \'broadcast\''),(80,2886732800,'2018-04-30 16:46:14','RTadmin','Name set to \'network\''),(81,2886733055,'2018-04-30 16:46:14','RTadmin','Name set to \'broadcast\''),(82,2886733056,'2018-04-30 16:46:14','RTadmin','Name set to \'network\''),(83,2886733311,'2018-04-30 16:46:14','RTadmin','Name set to \'broadcast\''),(84,2886733312,'2018-04-30 16:46:14','RTadmin','Name set to \'network\''),(85,2886733567,'2018-04-30 16:46:14','RTadmin','Name set to \'broadcast\''),(86,2886733568,'2018-04-30 16:46:14','RTadmin','Name set to \'network\''),(87,2886733823,'2018-04-30 16:46:14','RTadmin','Name set to \'broadcast\''),(88,2886733824,'2018-04-30 16:46:14','RTadmin','Name set to \'network\''),(89,2886734079,'2018-04-30 16:46:14','RTadmin','Name set to \'broadcast\''),(90,2886734336,'2018-04-30 16:46:14','RTadmin','Name set to \'network\''),(91,2886734847,'2018-04-30 16:46:14','RTadmin','Name set to \'broadcast\''),(92,2886734848,'2018-04-30 16:46:14','RTadmin','Name set to \'network\''),(93,2886735359,'2018-04-30 16:46:14','RTadmin','Name set to \'broadcast\''),(94,2886735360,'2018-04-30 16:46:14','RTadmin','Name set to \'network\''),(95,2886735615,'2018-04-30 16:46:14','RTadmin','Name set to \'broadcast\''),(96,2886735616,'2018-04-30 16:46:14','RTadmin','Name set to \'network\''),(97,2886735871,'2018-04-30 16:46:14','RTadmin','Name set to \'broadcast\''),(98,2886735872,'2018-04-30 16:46:14','RTadmin','Name set to \'network\''),(99,2886736127,'2018-04-30 16:46:14','RTadmin','Name set to \'broadcast\''),(100,3232276480,'2018-04-30 16:46:14','RTadmin','Name set to \'network\''),(101,3232276735,'2018-04-30 16:46:14','RTadmin','Name set to \'broadcast\''),(102,2886736128,'2018-04-30 16:46:14','RTadmin','Name set to \'network\''),(103,2886736383,'2018-04-30 16:46:14','RTadmin','Name set to \'broadcast\''),(104,2886736384,'2018-04-30 16:46:14','RTadmin','Name set to \'network\''),(105,2886736639,'2018-04-30 16:46:14','RTadmin','Name set to \'broadcast\''),(106,2886736640,'2018-04-30 16:46:14','RTadmin','Name set to \'network\''),(107,2886736895,'2018-04-30 16:46:14','RTadmin','Name set to \'broadcast\''),(108,3232276736,'2018-04-30 16:46:14','RTadmin','Name set to \'network\''),(109,3232276991,'2018-04-30 16:46:14','RTadmin','Name set to \'broadcast\''),(110,2886736896,'2018-04-30 16:46:14','RTadmin','Name set to \'network\''),(111,2886737151,'2018-04-30 16:46:14','RTadmin','Name set to \'broadcast\''),(112,2886737152,'2018-04-30 16:46:14','RTadmin','Name set to \'network\''),(113,2886737407,'2018-04-30 16:46:15','RTadmin','Name set to \'broadcast\''),(114,2886737408,'2018-04-30 16:46:15','RTadmin','Name set to \'network\''),(115,2886737663,'2018-04-30 16:46:15','RTadmin','Name set to \'broadcast\''),(116,3232276992,'2018-04-30 16:46:15','RTadmin','Name set to \'network\''),(117,3232277247,'2018-04-30 16:46:15','RTadmin','Name set to \'broadcast\''),(118,2886737664,'2018-04-30 16:46:15','RTadmin','Name set to \'network\''),(119,2886737919,'2018-04-30 16:46:15','RTadmin','Name set to \'broadcast\''),(120,2886737920,'2018-04-30 16:46:15','RTadmin','Name set to \'network\''),(121,2886738175,'2018-04-30 16:46:15','RTadmin','Name set to \'broadcast\''),(122,2886738176,'2018-04-30 16:46:15','RTadmin','Name set to \'network\''),(123,2886738431,'2018-04-30 16:46:15','RTadmin','Name set to \'broadcast\''),(124,3232277248,'2018-04-30 16:46:15','RTadmin','Name set to \'network\''),(125,3232277503,'2018-04-30 16:46:15','RTadmin','Name set to \'broadcast\''),(126,2886738432,'2018-04-30 16:46:15','RTadmin','Name set to \'network\''),(127,2886738687,'2018-04-30 16:46:15','RTadmin','Name set to \'broadcast\''),(128,2886738688,'2018-04-30 16:46:15','RTadmin','Name set to \'network\''),(129,2886738943,'2018-04-30 16:46:15','RTadmin','Name set to \'broadcast\''),(130,2886738944,'2018-04-30 16:46:15','RTadmin','Name set to \'network\''),(131,2886739199,'2018-04-30 16:46:15','RTadmin','Name set to \'broadcast\''),(132,3232277504,'2018-04-30 16:46:15','RTadmin','Name set to \'network\''),(133,3232277759,'2018-04-30 16:46:15','RTadmin','Name set to \'broadcast\''),(134,3232277760,'2018-04-30 16:46:15','RTadmin','Name set to \'network\''),(135,3232278015,'2018-04-30 16:46:15','RTadmin','Name set to \'broadcast\''),(136,2886739456,'2018-04-30 16:46:15','RTadmin','Name set to \'network\''),(137,2886739583,'2018-04-30 16:46:15','RTadmin','Name set to \'broadcast\''),(138,2886739712,'2018-04-30 16:46:15','RTadmin','Name set to \'network\''),(139,2886739967,'2018-04-30 16:46:15','RTadmin','Name set to \'broadcast\''),(140,2886739968,'2018-04-30 16:46:15','RTadmin','Name set to \'network\''),(141,2886740095,'2018-04-30 16:46:15','RTadmin','Name set to \'broadcast\''),(142,2886740096,'2018-04-30 16:46:15','RTadmin','Name set to \'network\''),(143,2886740223,'2018-04-30 16:46:15','RTadmin','Name set to \'broadcast\''),(144,3232278016,'2018-04-30 16:46:15','RTadmin','Name set to \'network\''),(145,3232278143,'2018-04-30 16:46:15','RTadmin','Name set to \'broadcast\''),(146,3232278144,'2018-04-30 16:46:15','RTadmin','Name set to \'network\''),(147,3232278271,'2018-04-30 16:46:15','RTadmin','Name set to \'broadcast\''),(148,3232278272,'2018-04-30 16:46:15','RTadmin','Name set to \'network\''),(149,3232278287,'2018-04-30 16:46:15','RTadmin','Name set to \'broadcast\''),(150,3232278288,'2018-04-30 16:46:15','RTadmin','Name set to \'network\''),(151,3232278303,'2018-04-30 16:46:15','RTadmin','Name set to \'broadcast\''),(152,3232278304,'2018-04-30 16:46:15','RTadmin','Name set to \'network\''),(153,3232278307,'2018-04-30 16:46:15','RTadmin','Name set to \'broadcast\''),(154,3232278308,'2018-04-30 16:46:16','RTadmin','Name set to \'network\''),(155,3232278311,'2018-04-30 16:46:16','RTadmin','Name set to \'broadcast\''),(156,3232277800,'2018-04-30 16:46:16','RTadmin','Name set to \'network\''),(157,3232277803,'2018-04-30 16:46:16','RTadmin','Name set to \'broadcast\''),(158,3232277804,'2018-04-30 16:46:16','RTadmin','Name set to \'network\''),(159,3232277807,'2018-04-30 16:46:16','RTadmin','Name set to \'broadcast\''),(160,2886740224,'2018-04-30 16:46:16','RTadmin','Name set to \'network\''),(161,2886740231,'2018-04-30 16:46:16','RTadmin','Name set to \'broadcast\''),(162,2886740480,'2018-04-30 16:46:16','RTadmin','Name set to \'network\''),(163,2886740487,'2018-04-30 16:46:16','RTadmin','Name set to \'broadcast\''),(164,2886729729,'2018-04-30 16:55:36','RTadmin','Name set to \'ntpsource.seb.com\''),(165,2886729730,'2018-04-30 16:55:36','RTadmin','Name set to \'dc301rt.seb.com\''),(166,2886729731,'2018-04-30 16:55:36','RTadmin','Name set to \'dc401rt.seb.com\''),(167,2886729734,'2018-04-30 16:55:36','RTadmin','Name set to \'dc301ip.seb.com\''),(168,2886729735,'2018-04-30 16:55:36','RTadmin','Name set to \'dc401ip.seb.com\''),(169,2886729740,'2018-04-30 16:55:36','RTadmin','Name set to \'dc402rt.seb.com\''),(170,2886729741,'2018-04-30 16:55:36','RTadmin','Name set to \'dc302rt.seb.com\''),(171,2886729745,'2018-04-30 16:55:36','RTadmin','Name set to \'dc303fw.seb.com\''),(172,2886729746,'2018-04-30 16:55:36','RTadmin','Name set to \'dc403fw.seb.com\''),(173,2886729761,'2018-04-30 16:55:36','RTadmin','Name set to \'dc301fw-edge.seb.com\''),(174,2886729762,'2018-04-30 16:55:36','RTadmin','Name set to \'dc401fw-edge.seb.com\''),(175,2886729772,'2018-04-30 16:55:37','RTadmin','Name set to \'dc302rt-fw.seb.com\''),(176,2886729773,'2018-04-30 16:55:37','RTadmin','Name set to \'dc402rt-fw.seb.com\''),(177,2886731364,'2018-04-30 16:58:24','RTadmin','Name set to \'lil122ux.eu.seb.com\''),(178,2886731370,'2018-04-30 16:58:24','RTadmin','Name set to \'sp05t843.seb.com\''),(179,2886731377,'2018-04-30 16:58:24','RTadmin','Name set to \'sp03p834.seb.com\''),(180,2886731379,'2018-04-30 16:58:24','RTadmin','Name set to \'sel09ux.eu.seb.com\''),(181,2886731380,'2018-04-30 16:58:24','RTadmin','Name set to \'lil131ux.eu.seb.com\''),(182,2886731381,'2018-04-30 16:58:24','RTadmin','Name set to \'erb31ux.eu.seb.com\''),(183,2886731382,'2018-04-30 16:58:24','RTadmin','Name set to \'off07ux.eu.seb.com\''),(184,2886731383,'2018-04-30 16:58:24','RTadmin','Name set to \'lyo235ux.eu.seb.com\''),(185,2886731384,'2018-04-30 16:58:24','RTadmin','Name set to \'ecu50ux.eu.seb.com\''),(186,2886731385,'2018-04-30 16:58:24','RTadmin','Name set to \'lyo234ux.eu.seb.com\''),(187,2886731386,'2018-04-30 16:58:24','RTadmin','Name set to \'eme76ux.eu.seb.com\''),(188,2886731387,'2018-04-30 16:58:24','RTadmin','Name set to \'lil26ux.eu.seb.com\''),(189,2886731388,'2018-04-30 16:58:24','RTadmin','Name set to \'eme217ux.eu.seb.com\''),(190,2886731389,'2018-04-30 16:58:24','RTadmin','Name set to \'eme196ux.eu.seb.com\''),(191,2886731390,'2018-04-30 16:58:24','RTadmin','Name set to \'eme188ux.eu.seb.com\''),(192,2886731391,'2018-04-30 16:58:24','RTadmin','Name set to \'eme186ux.eu.seb.com\''),(193,2886731392,'2018-04-30 16:58:24','RTadmin','Name set to \'lil132ux.eu.seb.com\''),(194,2886731393,'2018-04-30 16:58:24','RTadmin','Name set to \'lil140ux.eu.seb.com\''),(195,2886731394,'2018-04-30 16:58:24','RTadmin','Name set to \'eme251ux.eu.seb.com\''),(196,2886731395,'2018-04-30 16:58:24','RTadmin','Name set to \'lil120ux.eu.seb.com\''),(197,2886731396,'2018-04-30 16:58:24','RTadmin','Name set to \'eme62ux.eu.seb.com\''),(198,2886731397,'2018-04-30 16:58:24','RTadmin','Name set to \'eme82ux.eu.seb.com\''),(199,2886731398,'2018-04-30 16:58:24','RTadmin','Name set to \'eme153ux.eu.seb.com\''),(200,2886731399,'2018-04-30 16:58:24','RTadmin','Name set to \'eme154ux.eu.seb.com\''),(201,2886731400,'2018-04-30 16:58:24','RTadmin','Name set to \'eme53ux.eu.seb.com\''),(202,2886731401,'2018-04-30 16:58:24','RTadmin','Name set to \'lil213ux.eu.seb.com\''),(203,2886731402,'2018-04-30 16:58:24','RTadmin','Name set to \'eme27ux.eu.seb.com\''),(204,2886731403,'2018-04-30 16:58:24','RTadmin','Name set to \'lil146ux.eu.seb.com\''),(205,2886731404,'2018-04-30 16:58:24','RTadmin','Name set to \'lil147ux.eu.seb.com\''),(206,2886731405,'2018-04-30 16:58:24','RTadmin','Name set to \'lil133ux.eu.seb.com\''),(207,2886731406,'2018-04-30 16:58:24','RTadmin','Name set to \'lil144ux.eu.seb.com\''),(208,2886731407,'2018-04-30 16:58:24','RTadmin','Name set to \'lil134ux.eu.seb.com\''),(209,2886731408,'2018-04-30 16:58:24','RTadmin','Name set to \'lil145ux.eu.seb.com\''),(210,2886731409,'2018-04-30 16:58:24','RTadmin','Name set to \'lil135ux.eu.seb.com\''),(211,2886731410,'2018-04-30 16:58:24','RTadmin','Name set to \'lil124ux.eu.seb.com\''),(212,2886731411,'2018-04-30 16:58:24','RTadmin','Name set to \'sel12ux.eu.seb.com\''),(213,2886731412,'2018-04-30 16:58:24','RTadmin','Name set to \'derofdba.eu.seb.com\''),(214,2886731413,'2018-04-30 16:58:24','RTadmin','Name set to \'off02ux.eu.seb.com\''),(215,2886731414,'2018-04-30 16:58:24','RTadmin','Name set to \'off03ux.eu.seb.com\''),(216,2886731415,'2018-04-30 16:58:24','RTadmin','Name set to \'lyo51ux.eu.seb.com\''),(217,2886731416,'2018-04-30 16:58:25','RTadmin','Name set to \'lyo52ux.eu.seb.com\''),(218,2886731417,'2018-04-30 16:58:25','RTadmin','Name set to \'lyo54ux.eu.seb.com\''),(219,2886731418,'2018-04-30 16:58:25','RTadmin','Name set to \'lyo55ux.eu.seb.com\''),(220,2886731420,'2018-04-30 16:58:25','RTadmin','Name set to \'lil29ux.eu.seb.com\''),(221,2886731421,'2018-04-30 16:58:25','RTadmin','Name set to \'lil185ux.eu.seb.com\''),(222,2886731422,'2018-04-30 16:58:25','RTadmin','Name set to \'lil187ux.eu.seb.com\''),(223,2886731423,'2018-04-30 16:58:25','RTadmin','Name set to \'lil166ux.eu.seb.com\''),(224,2886731424,'2018-04-30 16:58:25','RTadmin','Name set to \'lil09ux.eu.seb.com\''),(225,2886731425,'2018-04-30 16:58:25','RTadmin','Name set to \'lil16ux.eu.seb.com\''),(226,2886731426,'2018-04-30 16:58:25','RTadmin','Name set to \'lil87ux.eu.seb.com\''),(227,2886731427,'2018-04-30 16:58:25','RTadmin','Name set to \'lil86ux.eu.seb.com\''),(228,2886731428,'2018-04-30 16:58:25','RTadmin','Name set to \'lil151ux.eu.seb.com\''),(229,2886731429,'2018-04-30 16:58:25','RTadmin','Name set to \'lil152ux.eu.seb.com\''),(230,2886731430,'2018-04-30 16:58:25','RTadmin','Name set to \'lil123ux.eu.seb.com\''),(231,2886731431,'2018-04-30 16:58:25','RTadmin','Name set to \'lil30ux.eu.seb.com\''),(232,2886731432,'2018-04-30 16:58:25','RTadmin','Name set to \'lil13ux.eu.seb.com\''),(233,2886731433,'2018-04-30 16:58:25','RTadmin','Name set to \'imgcrm.seb.com\''),(234,2886731434,'2018-04-30 16:58:25','RTadmin','Name set to \'lil172ux.eu.seb.com\''),(235,2886731435,'2018-04-30 16:58:25','RTadmin','Name set to \'lil162ux.eu.seb.com\''),(236,2886731436,'2018-04-30 16:58:25','RTadmin','Name set to \'lil102ux.eu.seb.com\''),(237,2886731437,'2018-04-30 16:58:25','RTadmin','Name set to \'lil163ux.eu.seb.com\''),(238,2886731438,'2018-04-30 16:58:25','RTadmin','Name set to \'lil22ux.eu.seb.com\''),(239,2886731439,'2018-04-30 16:58:25','RTadmin','Name set to \'lil157ux.eu.seb.com\''),(240,2886731440,'2018-04-30 16:58:25','RTadmin','Name set to \'lil136ux.eu.seb.com\''),(241,2886731441,'2018-04-30 16:58:25','RTadmin','Name set to \'lil158ux.eu.seb.com\''),(242,2886731442,'2018-04-30 16:58:25','RTadmin','Name set to \'lil137ux.eu.seb.com\''),(243,2886731444,'2018-04-30 16:58:25','RTadmin','Name set to \'lil177ux.eu.seb.com\''),(244,2886731445,'2018-04-30 16:58:25','RTadmin','Name set to \'lil178ux.eu.seb.com\''),(245,2886731446,'2018-04-30 16:58:25','RTadmin','Name set to \'eme111ux.eu.seb.com\''),(246,2886731447,'2018-04-30 16:58:25','RTadmin','Name set to \'sel14ux.eu.seb.com\''),(247,2886731448,'2018-04-30 16:58:25','RTadmin','Name set to \'off11ux.eu.seb.com\''),(248,2886731449,'2018-04-30 16:58:25','RTadmin','Name set to \'lil175ux.eu.seb.com\''),(249,2886731450,'2018-04-30 16:58:25','RTadmin','Name set to \'lil206ux.eu.seb.com\''),(250,2886731451,'2018-04-30 16:58:25','RTadmin','Name set to \'lil06ux.eu.seb.com\''),(251,2886731452,'2018-04-30 16:58:25','RTadmin','Name set to \'lil183ux.eu.seb.com\''),(252,2886731453,'2018-04-30 16:58:25','RTadmin','Name set to \'lil184ux.eu.seb.com\''),(253,2886731454,'2018-04-30 16:58:25','RTadmin','Name set to \'lil142ux.eu.seb.com\''),(254,2886731455,'2018-04-30 16:58:25','RTadmin','Name set to \'lil15ux.eu.seb.com\''),(255,2886731456,'2018-04-30 16:58:25','RTadmin','Name set to \'lil155ux.eu.seb.com\''),(256,2886731457,'2018-04-30 16:58:25','RTadmin','Name set to \'lil58ux.eu.seb.com\''),(257,2886731458,'2018-04-30 16:58:25','RTadmin','Name set to \'lil78ux.eu.seb.com\''),(258,2886731459,'2018-04-30 16:58:25','RTadmin','Name set to \'lil20ux.eu.seb.com\''),(259,2886731460,'2018-04-30 16:58:25','RTadmin','Name set to \'lil23ux.eu.seb.com\''),(260,2886731461,'2018-04-30 16:58:25','RTadmin','Name set to \'lil121ux.eu.seb.com\''),(261,2886731462,'2018-04-30 16:58:25','RTadmin','Name set to \'lil138ux.eu.seb.com\''),(262,2886731464,'2018-04-30 16:58:25','RTadmin','Name set to \'lil180ux.eu.seb.com\''),(263,2886731465,'2018-04-30 16:58:25','RTadmin','Name set to \'lil200ux.eu.seb.com\''),(264,2886731466,'2018-04-30 16:58:25','RTadmin','Name set to \'lil202ux.eu.seb.com\''),(265,2886731467,'2018-04-30 16:58:25','RTadmin','Name set to \'lil203ux.eu.seb.com\''),(266,2886731468,'2018-04-30 16:58:25','RTadmin','Name set to \'lil204ux.eu.seb.com\''),(267,2886731469,'2018-04-30 16:58:25','RTadmin','Name set to \'lil205ux.eu.seb.com\''),(268,2886731470,'2018-04-30 16:58:25','RTadmin','Name set to \'lil207ux.eu.seb.com\''),(269,2886731471,'2018-04-30 16:58:25','RTadmin','Name set to \'lil208ux.eu.seb.com\''),(270,2886731477,'2018-04-30 16:58:25','RTadmin','Name set to \'lil218ux.eu.seb.com\''),(271,2886731478,'2018-04-30 16:58:25','RTadmin','Name set to \'lil214ux.eu.seb.com\''),(272,2886731479,'2018-04-30 16:58:25','RTadmin','Name set to \'lil215ux.eu.seb.com\''),(273,2886731480,'2018-04-30 16:58:25','RTadmin','Name set to \'lil216ux.eu.seb.com\''),(274,2886731483,'2018-04-30 16:58:25','RTadmin','Name set to \'sp00b314.eu.seb.com\''),(275,2886731484,'2018-04-30 16:58:25','RTadmin','Name set to \'sp00p718.eu.seb.com\''),(276,2886731485,'2018-04-30 16:58:25','RTadmin','Name set to \'sp09e012.eu.seb.com\''),(277,2886731620,'2018-04-30 16:58:58','RTadmin','Name set to \'lil176nt.eu.seb.com\''),(278,2886731621,'2018-04-30 16:58:58','RTadmin','Name set to \'sw03e482.eu.seb.com\''),(279,2886731777,'2018-04-30 16:59:33','RTadmin','Name set to \'sw07s681.seb.com\''),(280,2886731778,'2018-04-30 16:59:33','RTadmin','Name set to \'cse04nt.eu.seb.com\''),(281,2886731782,'2018-04-30 16:59:33','RTadmin','Name set to \'lil02cl-ora03.eu.seb.com\''),(282,2886731783,'2018-04-30 16:59:33','RTadmin','Name set to \'lil69nt.eu.seb.com\''),(283,2886731785,'2018-04-30 16:59:33','RTadmin','Name set to \'lil18nt.eu.seb.com\''),(284,2886731786,'2018-04-30 16:59:33','RTadmin','Name set to \'sw05z159.seb.com\''),(285,2886731787,'2018-04-30 16:59:33','RTadmin','Name set to \'pdrv-seb-share-bdd1.seb.com\''),(286,2886731788,'2018-04-30 16:59:33','RTadmin','Name set to \'edrv-seb-share-bdd1.seb.com\''),(287,2886731789,'2018-04-30 16:59:33','RTadmin','Name set to \'lil232nt.eu.seb.com\''),(288,2886731790,'2018-04-30 16:59:33','RTadmin','Name set to \'sw09d216.seb.com\''),(289,2886731791,'2018-04-30 16:59:33','RTadmin','Name set to \'sw00s819.seb.com\''),(290,2886731792,'2018-04-30 16:59:33','RTadmin','Name set to \'sw00q539.seb.com\''),(291,2886731794,'2018-04-30 16:59:33','RTadmin','Name set to \'sw02d762.seb.com\''),(292,2886731795,'2018-04-30 16:59:33','RTadmin','Name set to \'sl03e219.seb.com\''),(293,2886731796,'2018-04-30 16:59:33','RTadmin','Name set to \'sl09c397.seb.com\''),(294,2886732036,'2018-04-30 16:59:49','RTadmin','Name set to \'lil41nt.eu.seb.com\''),(295,2886732037,'2018-04-30 16:59:49','RTadmin','Name set to \'sw04l947.seb.com\''),(296,2886732044,'2018-04-30 16:59:49','RTadmin','Name set to \'sw07w943.seb.com\''),(297,2886732045,'2018-04-30 16:59:49','RTadmin','Name set to \'sw07x691.seb.com\''),(298,2886732047,'2018-04-30 16:59:49','RTadmin','Name set to \'sw08s057.eu.seb.com\''),(299,2886732050,'2018-04-30 16:59:49','RTadmin','Name set to \'sw09r675.seb.com\''),(300,2886732051,'2018-04-30 16:59:49','RTadmin','Name set to \'sw06g991.seb.com\''),(301,2886732288,'2018-04-30 17:02:44','RTadmin','Name \'network\' removed'),(302,2886732289,'2018-04-30 17:02:44','RTadmin','Name set to \'sw01a748.seb.com\''),(303,2886732290,'2018-04-30 17:02:44','RTadmin','Name set to \'sw09q304.seb.com\''),(304,2886732291,'2018-04-30 17:02:44','RTadmin','Name set to \'sl06h936.seb.com\''),(305,2886732293,'2018-04-30 17:02:44','RTadmin','Name set to \'sw09v355.seb.com\''),(306,2886732295,'2018-04-30 17:02:44','RTadmin','Name set to \'sw08l200.seb.com\''),(307,2886732296,'2018-04-30 17:02:44','RTadmin','Name set to \'lil275nt.eu.seb.com\''),(308,2886732300,'2018-04-30 17:02:44','RTadmin','Name set to \'lil145nt.eu.seb.com\''),(309,2886732301,'2018-04-30 17:02:44','RTadmin','Name set to \'lil52nt.eu.seb.com\''),(310,2886732302,'2018-04-30 17:02:44','RTadmin','Name set to \'sw01h835.seb.com\''),(311,2886732305,'2018-04-30 17:02:44','RTadmin','Name set to \'sw03w661.seb.com\''),(312,2886732306,'2018-04-30 17:02:44','RTadmin','Name set to \'lil279nt.eu.seb.com\''),(313,2886732308,'2018-04-30 17:02:45','RTadmin','Name set to \'lil229nt.eu.seb.com\''),(314,2886732309,'2018-04-30 17:02:45','RTadmin','Name set to \'lil231nt.eu.seb.com\''),(315,2886732311,'2018-04-30 17:02:45','RTadmin','Name set to \'lil249nt.eu.seb.com\''),(316,2886732312,'2018-04-30 17:02:45','RTadmin','Name set to \'lil144nt.eu.seb.com\''),(317,2886732313,'2018-04-30 17:02:45','RTadmin','Name set to \'lil154nt.eu.seb.com\''),(318,2886732315,'2018-04-30 17:02:45','RTadmin','Name set to \'lil129nt.eu.seb.com\''),(319,2886732316,'2018-04-30 17:02:45','RTadmin','Name set to \'lil258nt.eu.seb.com\''),(320,2886732317,'2018-04-30 17:02:45','RTadmin','Name set to \'lil68nt.eu.seb.com\''),(321,2886732319,'2018-04-30 17:02:45','RTadmin','Name set to \'lil280nt.eu.seb.com\''),(322,2886732320,'2018-04-30 17:02:45','RTadmin','Name set to \'lil281nt.eu.seb.com\''),(323,2886732321,'2018-04-30 17:02:45','RTadmin','Name set to \'lil282nt.eu.seb.com\''),(324,2886732322,'2018-04-30 17:02:45','RTadmin','Name set to \'lil283nt.eu.seb.com\''),(325,2886732323,'2018-04-30 17:02:45','RTadmin','Name set to \'lil284nt.eu.seb.com\''),(326,2886732324,'2018-04-30 17:02:45','RTadmin','Name set to \'lil285nt.eu.seb.com\''),(327,2886732325,'2018-04-30 17:02:45','RTadmin','Name set to \'lil286nt.eu.seb.com\''),(328,2886732326,'2018-04-30 17:02:45','RTadmin','Name set to \'lil222nt.eu.seb.com\''),(329,2886732327,'2018-04-30 17:02:45','RTadmin','Name set to \'lil61nt.eu.seb.com\''),(330,2886732329,'2018-04-30 17:02:45','RTadmin','Name set to \'lil63nt.eu.seb.com\''),(331,2886732330,'2018-04-30 17:02:45','RTadmin','Name set to \'lil64nt.eu.seb.com\''),(332,2886732331,'2018-04-30 17:02:45','RTadmin','Name set to \'lil166nt.eu.seb.com\''),(333,2886732332,'2018-04-30 17:02:45','RTadmin','Name set to \'lil40nt.eu.seb.com\''),(334,2886732333,'2018-04-30 17:02:45','RTadmin','Name set to \'lil42nt.eu.seb.com\''),(335,2886732336,'2018-04-30 17:02:45','RTadmin','Name set to \'lil242nt.eu.seb.com\''),(336,2886732339,'2018-04-30 17:02:45','RTadmin','Name set to \'lil239nt.eu.seb.com\''),(337,2886732340,'2018-04-30 17:02:45','RTadmin','Name set to \'sel28nt.eu.seb.com\''),(338,2886732342,'2018-04-30 17:02:45','RTadmin','Name set to \'lil257nt.eu.seb.com\''),(339,2886732344,'2018-04-30 17:02:45','RTadmin','Name set to \'lil278nt.eu.seb.com\''),(340,2886732345,'2018-04-30 17:02:45','RTadmin','Name set to \'lil02nt.eu.seb.com\''),(341,2886732346,'2018-04-30 17:02:45','RTadmin','Name set to \'lil177nt.eu.seb.com\''),(342,2886732348,'2018-04-30 17:02:45','RTadmin','Name set to \'lil155nt.eu.seb.com\''),(343,2886732349,'2018-04-30 17:02:45','RTadmin','Name set to \'sw02v061.eu.seb.com\''),(344,2886732350,'2018-04-30 17:02:45','RTadmin','Name set to \'lil45nt.eu.seb.com\''),(345,2886732351,'2018-04-30 17:02:45','RTadmin','Name set to \'lil194nt.eu.seb.com\''),(346,2886732352,'2018-04-30 17:02:45','RTadmin','Name set to \'lil29nt.eu.seb.com\''),(347,2886732353,'2018-04-30 17:02:45','RTadmin','Name set to \'lil47nt.eu.seb.com\''),(348,2886732354,'2018-04-30 17:02:45','RTadmin','Name set to \'lil150nt.eu.seb.com\''),(349,2886732355,'2018-04-30 17:02:45','RTadmin','Name set to \'lil236nt.eu.seb.com\''),(350,2886732357,'2018-04-30 17:02:45','RTadmin','Name set to \'lil246nt.eu.seb.com\''),(351,2886732358,'2018-04-30 17:02:45','RTadmin','Name set to \'lil152nt.eu.seb.com\''),(352,2886732359,'2018-04-30 17:02:45','RTadmin','Name set to \'lil151nt.eu.seb.com\''),(353,2886732360,'2018-04-30 17:02:45','RTadmin','Name set to \'lil197nt.eu.seb.com\''),(354,2886732361,'2018-04-30 17:02:45','RTadmin','Name set to \'lil198nt.eu.seb.com\''),(355,2886732362,'2018-04-30 17:02:45','RTadmin','Name set to \'lil196nt.eu.seb.com\''),(356,2886732363,'2018-04-30 17:02:45','RTadmin','Name set to \'sw09g501.seb.com\''),(357,2886732364,'2018-04-30 17:02:45','RTadmin','Name set to \'lil210nt.eu.seb.com\''),(358,2886732365,'2018-04-30 17:02:45','RTadmin','Name set to \'sw08b045.seb.com\''),(359,2886732366,'2018-04-30 17:02:45','RTadmin','Name set to \'sw02y495.seb.com\''),(360,2886732367,'2018-04-30 17:02:45','RTadmin','Name set to \'lil228nt.eu.seb.com\''),(361,2886732368,'2018-04-30 17:02:45','RTadmin','Name set to \'lil230nt.eu.seb.com\''),(362,2886732369,'2018-04-30 17:02:45','RTadmin','Name set to \'sw04x800.seb.com\''),(363,2886732370,'2018-04-30 17:02:45','RTadmin','Name set to \'lil261nt.eu.seb.com\''),(364,2886732371,'2018-04-30 17:02:45','RTadmin','Name set to \'lil140nt.eu.seb.com\''),(365,2886732373,'2018-04-30 17:02:45','RTadmin','Name set to \'lil07nt.eu.seb.com\''),(366,2886732374,'2018-04-30 17:02:45','RTadmin','Name set to \'lil276nt.eu.seb.com\''),(367,2886732375,'2018-04-30 17:02:45','RTadmin','Name set to \'sw09w549.seb.com\''),(368,2886732378,'2018-04-30 17:02:45','RTadmin','Name set to \'lil167nt.eu.seb.com\''),(369,2886732379,'2018-04-30 17:02:45','RTadmin','Name set to \'lil193nt.eu.seb.com\''),(370,2886732380,'2018-04-30 17:02:45','RTadmin','Name set to \'lil71nt.eu.seb.com\''),(371,2886732381,'2018-04-30 17:02:45','RTadmin','Name set to \'lil72nt.eu.seb.com\''),(372,2886732382,'2018-04-30 17:02:45','RTadmin','Name set to \'lil73nt.eu.seb.com\''),(373,2886732383,'2018-04-30 17:02:45','RTadmin','Name set to \'lil127nt.eu.seb.com\''),(374,2886732384,'2018-04-30 17:02:45','RTadmin','Name set to \'lil74nt.eu.seb.com\''),(375,2886732385,'2018-04-30 17:02:45','RTadmin','Name set to \'lil44nt.eu.seb.com\''),(376,2886732386,'2018-04-30 17:02:45','RTadmin','Name set to \'lil273nt.eu.seb.com\''),(377,2886732387,'2018-04-30 17:02:45','RTadmin','Name set to \'lil270nt.eu.seb.com\''),(378,2886732388,'2018-04-30 17:02:45','RTadmin','Name set to \'lil266nt.eu.seb.com\''),(379,2886732390,'2018-04-30 17:02:45','RTadmin','Name set to \'lil274nt.eu.seb.com\''),(380,2886732391,'2018-04-30 17:02:45','RTadmin','Name set to \'lil271nt.eu.seb.com\''),(381,2886732392,'2018-04-30 17:02:45','RTadmin','Name set to \'lil268nt.eu.seb.com\''),(382,2886732393,'2018-04-30 17:02:45','RTadmin','Name set to \'lil215nt.eu.seb.com\''),(383,2886732394,'2018-04-30 17:02:45','RTadmin','Name set to \'lil185nt.eu.seb.com\''),(384,2886732395,'2018-04-30 17:02:45','RTadmin','Name set to \'lil272nt.eu.seb.com\''),(385,2886732396,'2018-04-30 17:02:45','RTadmin','Name set to \'lil269nt.eu.seb.com\''),(386,2886732397,'2018-04-30 17:02:45','RTadmin','Name set to \'lil252nt.eu.seb.com\''),(387,2886732398,'2018-04-30 17:02:45','RTadmin','Name set to \'lil204nt.eu.seb.com\''),(388,2886732399,'2018-04-30 17:02:45','RTadmin','Name set to \'lil186nt.eu.seb.com\''),(389,2886732400,'2018-04-30 17:02:45','RTadmin','Name set to \'lil214nt.eu.seb.com\''),(390,2886732402,'2018-04-30 17:02:45','RTadmin','Name set to \'lil223nt.eu.seb.com\''),(391,2886732403,'2018-04-30 17:02:45','RTadmin','Name set to \'lil277nt.eu.seb.com\''),(392,2886732404,'2018-04-30 17:02:45','RTadmin','Name set to \'sw05s722.seb.com\''),(393,2886732405,'2018-04-30 17:02:45','RTadmin','Name set to \'lil70nt.eu.seb.com\''),(394,2886732406,'2018-04-30 17:02:45','RTadmin','Name set to \'sl01x621.seb.com\''),(395,2886732407,'2018-04-30 17:02:45','RTadmin','Name set to \'lil205nt.eu.seb.com\''),(396,2886732408,'2018-04-30 17:02:45','RTadmin','Name set to \'lil206nt.eu.seb.com\''),(397,2886732409,'2018-04-30 17:02:45','RTadmin','Name set to \'lil237nt.eu.seb.com\''),(398,2886732410,'2018-04-30 17:02:45','RTadmin','Name set to \'lil207nt.eu.seb.com\''),(399,2886732411,'2018-04-30 17:02:45','RTadmin','Name set to \'lil238nt.eu.seb.com\''),(400,2886732412,'2018-04-30 17:02:45','RTadmin','Name set to \'lil172nt.eu.seb.com\''),(401,2886732413,'2018-04-30 17:02:45','RTadmin','Name set to \'lil59nt.eu.seb.com\''),(402,2886732414,'2018-04-30 17:02:45','RTadmin','Name set to \'sel26nt.eu.seb.com\''),(403,2886732415,'2018-04-30 17:02:45','RTadmin','Name set to \'lil25nt.eu.seb.com\''),(404,2886732416,'2018-04-30 17:02:45','RTadmin','Name set to \'lil33nt.eu.seb.com\''),(405,2886732422,'2018-04-30 17:02:45','RTadmin','Name set to \'sel53nt.eu.seb.com\''),(406,2886732425,'2018-04-30 17:02:45','RTadmin','Name set to \'lil157nt.eu.seb.com\''),(407,2886732426,'2018-04-30 17:02:45','RTadmin','Name set to \'lil158nt.eu.seb.com\''),(408,2886732427,'2018-04-30 17:02:45','RTadmin','Name set to \'lil202nt.eu.seb.com\''),(409,2886732428,'2018-04-30 17:02:45','RTadmin','Name set to \'lil203nt.eu.seb.com\''),(410,2886732429,'2018-04-30 17:02:45','RTadmin','Name set to \'lil159nt.eu.seb.com\''),(411,2886732430,'2018-04-30 17:02:45','RTadmin','Name set to \'lil160nt.eu.seb.com\''),(412,2886732431,'2018-04-30 17:02:45','RTadmin','Name set to \'sel43nt.eu.seb.com\''),(413,2886732432,'2018-04-30 17:02:45','RTadmin','Name set to \'eme36nt.eu.seb.com\''),(414,2886732433,'2018-04-30 17:02:45','RTadmin','Name set to \'lil97nt.eu.seb.com\''),(415,2886732434,'2018-04-30 17:02:45','RTadmin','Name set to \'lil56nt.eu.seb.com\''),(416,2886732435,'2018-04-30 17:02:46','RTadmin','Name set to \'sw02f744.eu.seb.com\''),(417,2886732436,'2018-04-30 17:02:46','RTadmin','Name set to \'sw04w891.eu.seb.com\''),(418,2886732437,'2018-04-30 17:02:46','RTadmin','Name set to \'sw07l878.eu.seb.com\''),(419,2886732438,'2018-04-30 17:02:46','RTadmin','Name set to \'sw09k804.eu.seb.com\''),(420,2886732439,'2018-04-30 17:02:46','RTadmin','Name set to \'lil03nt.eu.seb.com\''),(421,2886732440,'2018-04-30 17:02:46','RTadmin','Name set to \'lil90nt.eu.seb.com\''),(422,2886732441,'2018-04-30 17:02:46','RTadmin','Name set to \'lil91nt.eu.seb.com\''),(423,2886732442,'2018-04-30 17:02:46','RTadmin','Name set to \'lil130nt.eu.seb.com\''),(424,2886732443,'2018-04-30 17:02:46','RTadmin','Name set to \'lil132nt.eu.seb.com\''),(425,2886732444,'2018-04-30 17:02:46','RTadmin','Name set to \'lil60nt.eu.seb.com\''),(426,2886732445,'2018-04-30 17:02:46','RTadmin','Name set to \'lil11nt.eu.seb.com\''),(427,2886732446,'2018-04-30 17:02:46','RTadmin','Name set to \'lil05nt.eu.seb.com\''),(428,2886732447,'2018-04-30 17:02:46','RTadmin','Name set to \'lil216nt.eu.seb.com\''),(429,2886732448,'2018-04-30 17:02:46','RTadmin','Name set to \'lil217nt.eu.seb.com\''),(430,2886732449,'2018-04-30 17:02:46','RTadmin','Name set to \'lil226nt.eu.seb.com\''),(431,2886732450,'2018-04-30 17:02:46','RTadmin','Name set to \'lil77nt.eu.seb.com\''),(432,2886732451,'2018-04-30 17:02:46','RTadmin','Name set to \'lil86nt.eu.seb.com\''),(433,2886732452,'2018-04-30 17:02:46','RTadmin','Name set to \'sw09l430.seb.com\''),(434,2886732454,'2018-04-30 17:02:46','RTadmin','Name set to \'lil182nt.eu.seb.com\''),(435,2886732455,'2018-04-30 17:02:46','RTadmin','Name set to \'lil139nt.eu.seb.com\''),(436,2886732456,'2018-04-30 17:02:46','RTadmin','Name set to \'lil211nt.eu.seb.com\''),(437,2886732457,'2018-04-30 17:02:46','RTadmin','Name set to \'sw04s533.eu.seb.com\''),(438,2886732458,'2018-04-30 17:02:46','RTadmin','Name set to \'ecu10nt.eu.seb.com\''),(439,2886732459,'2018-04-30 17:02:46','RTadmin','Name set to \'sel25nt.eu.seb.com\''),(440,2886732463,'2018-04-30 17:02:46','RTadmin','Name set to \'sw03w823.seb.com\''),(441,2886732464,'2018-04-30 17:02:46','RTadmin','Name set to \'sw04z241.eu.seb.com\''),(442,2886732465,'2018-04-30 17:02:46','RTadmin','Name set to \'lil264nt.eu.seb.com\''),(443,2886732466,'2018-04-30 17:02:46','RTadmin','Name set to \'sw03w823.seb.com\''),(444,2886732467,'2018-04-30 17:02:46','RTadmin','Name set to \'lil110nt.eu.seb.com\''),(445,2886732468,'2018-04-30 17:02:46','RTadmin','Name set to \'pdrv-seb-share-web1.seb.com\''),(446,2886732469,'2018-04-30 17:02:46','RTadmin','Name set to \'pdrv-seb-share-app1.seb.com\''),(447,2886732470,'2018-04-30 17:02:46','RTadmin','Name set to \'pdrv-seb-share-be1.seb.com\''),(448,2886732471,'2018-04-30 17:02:46','RTadmin','Name set to \'edrv-seb-share-web1.seb.com\''),(449,2886732472,'2018-04-30 17:02:46','RTadmin','Name set to \'edrv-seb-share-app1.seb.com\''),(450,2886732473,'2018-04-30 17:02:46','RTadmin','Name set to \'eaipim.seb.com\''),(451,2886732474,'2018-04-30 17:02:46','RTadmin','Name set to \'sw02k618.seb.com\''),(452,2886732476,'2018-04-30 17:02:46','RTadmin','Name set to \'sw05b859.seb.com\''),(453,2886732477,'2018-04-30 17:02:46','RTadmin','Name set to \'sw05z390.seb.com\''),(454,2886732480,'2018-04-30 17:02:46','RTadmin','Name set to \'lil12nt.eu.seb.com\''),(455,2886732481,'2018-04-30 17:02:46','RTadmin','Name set to \'lil17nt.eu.seb.com\''),(456,2886732482,'2018-04-30 17:02:46','RTadmin','Name set to \'lil10nt.eu.seb.com\''),(457,2886732483,'2018-04-30 17:02:46','RTadmin','Name set to \'lil169nt.eu.seb.com\''),(458,2886732484,'2018-04-30 17:02:46','RTadmin','Name set to \'eme23nt.eu.seb.com\''),(459,2886732485,'2018-04-30 17:02:46','RTadmin','Name set to \'lil119nt.eu.seb.com\''),(460,2886732486,'2018-04-30 17:02:46','RTadmin','Name set to \'lil96nt.eu.seb.com\''),(461,2886732487,'2018-04-30 17:02:46','RTadmin','Name set to \'lil14nt.eu.seb.com\''),(462,2886732488,'2018-04-30 17:02:46','RTadmin','Name set to \'lil26nt.eu.seb.com\''),(463,2886732489,'2018-04-30 17:02:46','RTadmin','Name set to \'lil02ux.eu.seb.com\''),(464,2886732490,'2018-04-30 17:02:46','RTadmin','Name set to \'lil95nt.eu.seb.com\''),(465,2886732492,'2018-04-30 17:02:46','RTadmin','Name set to \'lil251nt.eu.seb.com\''),(466,2886732493,'2018-04-30 17:02:46','RTadmin','Name set to \'sw01c148.eu.seb.com\''),(467,2886732494,'2018-04-30 17:02:46','RTadmin','Name set to \'sw01s047.seb.com\''),(468,2886732495,'2018-04-30 17:02:46','RTadmin','Name set to \'sw06s099.eu.seb.com\''),(469,2886732499,'2018-04-30 17:02:46','RTadmin','Name set to \'sw03c106.seb.com\''),(470,2886732500,'2018-04-30 17:02:46','RTadmin','Name set to \'lil145nt.eu.seb.com\''),(471,2886732502,'2018-04-30 17:02:46','RTadmin','Name set to \'sw07p106.eu.seb.com\''),(472,2886732503,'2018-04-30 17:02:46','RTadmin','Name set to \'sw09f673.eu.seb.com\''),(473,2886732504,'2018-04-30 17:02:46','RTadmin','Name set to \'sw01d735.eu.seb.com\''),(474,2886732505,'2018-04-30 17:02:46','RTadmin','Name set to \'sw01b333.eu.seb.com\''),(475,2886732506,'2018-04-30 17:02:46','RTadmin','Name set to \'sw06z565.eu.seb.com\''),(476,2886732507,'2018-04-30 17:02:46','RTadmin','Name set to \'sw09i389.eu.seb.com\''),(477,2886732508,'2018-04-30 17:02:46','RTadmin','Name set to \'lil110nt-bis.eu.seb.com\''),(478,2886732509,'2018-04-30 17:02:46','RTadmin','Name set to \'sw09h195.eu.seb.com\''),(479,2886732510,'2018-04-30 17:02:46','RTadmin','Name set to \'sw06y831.eu.seb.com\''),(480,2886732511,'2018-04-30 17:02:46','RTadmin','Name set to \'sw00w852.seb.com\''),(481,2886732512,'2018-04-30 17:02:46','RTadmin','Name set to \'sw06m517.seb.com\''),(482,2886732513,'2018-04-30 17:02:46','RTadmin','Name set to \'sw02s439.seb.com\''),(483,2886732514,'2018-04-30 17:02:46','RTadmin','Name set to \'sw07u189.eu.seb.com\''),(484,2886732515,'2018-04-30 17:02:46','RTadmin','Name set to \'lil241nt.eu.seb.com\''),(485,2886732517,'2018-04-30 17:02:46','RTadmin','Name set to \'lil240nt.eu.seb.com\''),(486,2886732518,'2018-04-30 17:02:46','RTadmin','Name set to \'sw09f578.seb.com\''),(487,2886732519,'2018-04-30 17:02:46','RTadmin','Name set to \'sw02d301.eu.seb.com\''),(488,2886732520,'2018-04-30 17:02:46','RTadmin','Name set to \'sw06b723.eu.seb.com\''),(489,2886732521,'2018-04-30 17:02:46','RTadmin','Name set to \'sw01j452.eu.seb.com\''),(490,2886732522,'2018-04-30 17:02:46','RTadmin','Name set to \'sw00w270.eu.seb.com\''),(491,2886732523,'2018-04-30 17:02:46','RTadmin','Name set to \'sw04s235.eu.seb.com\''),(492,2886732524,'2018-04-30 17:02:46','RTadmin','Name set to \'lil173nt.eu.seb.com\''),(493,2886732525,'2018-04-30 17:02:46','RTadmin','Name set to \'lil256nt.eu.seb.com\''),(494,2886732528,'2018-04-30 17:02:46','RTadmin','Name set to \'sw00q093.seb.com\''),(495,2886732529,'2018-04-30 17:02:46','RTadmin','Name set to \'sw04g978.seb.com\''),(496,2886732530,'2018-04-30 17:02:46','RTadmin','Name set to \'sw07u622.seb.com\''),(497,2886732531,'2018-04-30 17:02:46','RTadmin','Name set to \'sw03k889.eu.seb.com\''),(498,2886732532,'2018-04-30 17:02:46','RTadmin','Name set to \'sw01t810.seb.com\''),(499,2886732534,'2018-04-30 17:02:46','RTadmin','Name set to \'sw02v481.eu.seb.com\''),(500,2886732535,'2018-04-30 17:02:46','RTadmin','Name set to \'sw02a057.eu.seb.com\''),(501,2886732536,'2018-04-30 17:02:46','RTadmin','Name set to \'sw08f646.eu.seb.com\''),(502,2886732537,'2018-04-30 17:02:46','RTadmin','Name set to \'sw00w459.eu.seb.com\''),(503,2886732468,'2018-04-30 17:03:10','RTadmin','Name changed from \'pdrv-seb-share-web1.seb.com\' to \'pimprep.seb.com\''),(504,2886732470,'2018-04-30 17:03:10','RTadmin','Name changed from \'pdrv-seb-share-be1.seb.com\' to \'eaipimprep.seb.com\''),(505,2886732471,'2018-04-30 17:03:10','RTadmin','Name changed from \'edrv-seb-share-web1.seb.com\' to \'pim.groupeseb.com\''),(506,2886732473,'2018-04-30 17:03:10','RTadmin','Name changed from \'eaipim.seb.com\' to \'edrv-seb-share-be1.seb.com\''),(507,2886732545,'2018-04-30 17:06:03','RTadmin','Name set to \'sel52nt.eu.seb.com\''),(508,2886732546,'2018-04-30 17:06:04','RTadmin','Name set to \'sel42nt.eu.seb.com\''),(509,2886732547,'2018-04-30 17:06:04','RTadmin','Name set to \'sw03y020.eu.seb.com\''),(510,2886732548,'2018-04-30 17:06:04','RTadmin','Name set to \'lil180nt.eu.seb.com\''),(511,2886732549,'2018-04-30 17:06:04','RTadmin','Name set to \'sw09f077.eu.seb.com\''),(512,2886732550,'2018-04-30 17:06:04','RTadmin','Name set to \'sw02m357.eu.seb.com\''),(513,2886732551,'2018-04-30 17:06:04','RTadmin','Name set to \'sw01n078.eu.seb.com\''),(514,2886732552,'2018-04-30 17:06:04','RTadmin','Name set to \'sw09y721.eu.seb.com\''),(515,2886732553,'2018-04-30 17:06:04','RTadmin','Name set to \'sw05q902.eu.seb.com\''),(516,2886732554,'2018-04-30 17:06:04','RTadmin','Name set to \'sw06s437.eu.seb.com\''),(517,2886732555,'2018-04-30 17:06:04','RTadmin','Name set to \'sw03p867.eu.seb.com\''),(518,2886732556,'2018-04-30 17:06:04','RTadmin','Name set to \'sw07r811.eu.seb.com\''),(519,2886732557,'2018-04-30 17:06:04','RTadmin','Name set to \'sw04p230.eu.seb.com\''),(520,2886732558,'2018-04-30 17:06:04','RTadmin','Name set to \'sw03z594.eu.seb.com\''),(521,2886732559,'2018-04-30 17:06:04','RTadmin','Name set to \'sl01c455.seb.com\''),(522,2886732560,'2018-04-30 17:06:04','RTadmin','Name set to \'sl03p497.seb.com\''),(523,2886732561,'2018-04-30 17:06:04','RTadmin','Name set to \'sl01z603.seb.com\''),(524,2886732562,'2018-04-30 17:06:04','RTadmin','Name set to \'sl01l226.seb.com\''),(525,2886732563,'2018-04-30 17:06:04','RTadmin','Name set to \'sl04g364.seb.com\''),(526,2886732564,'2018-04-30 17:06:04','RTadmin','Name set to \'sl06f196.seb.com\''),(527,2886732565,'2018-04-30 17:06:04','RTadmin','Name set to \'sl08d916.seb.com\''),(528,2886732566,'2018-04-30 17:06:04','RTadmin','Name set to \'sl08f994.seb.com\''),(529,2886732567,'2018-04-30 17:06:04','RTadmin','Name set to \'sl09r128.seb.com\''),(530,2886732568,'2018-04-30 17:06:04','RTadmin','Name set to \'sl01n141.seb.com\''),(531,2886732569,'2018-04-30 17:06:04','RTadmin','Name set to \'sl01g054.seb.com\''),(532,2886732570,'2018-04-30 17:06:04','RTadmin','Name set to \'sw01p453.seb.com\''),(533,2886732573,'2018-04-30 17:06:04','RTadmin','Name set to \'sw03b075.eu.seb.com\''),(534,2886732574,'2018-04-30 17:06:04','RTadmin','Name set to \'sl06i088.seb.com\''),(535,2886732575,'2018-04-30 17:06:04','RTadmin','Name set to \'sl02q601.seb.com\''),(536,2886732576,'2018-04-30 17:06:04','RTadmin','Name set to \'sl06c520.seb.com\''),(537,2886732577,'2018-04-30 17:06:04','RTadmin','Name set to \'sw03n592.eu.seb.com\''),(538,2886732578,'2018-04-30 17:06:04','RTadmin','Name set to \'sw07i105.eu.seb.com\''),(539,2886732579,'2018-04-30 17:06:04','RTadmin','Name set to \'sw02g911.eu.seb.com\''),(540,2886732580,'2018-04-30 17:06:04','RTadmin','Name set to \'sl03p551.seb.com\''),(541,2886732581,'2018-04-30 17:06:04','RTadmin','Name set to \'sl06q085.seb.com\''),(542,2886732582,'2018-04-30 17:06:04','RTadmin','Name set to \'sl06a429.seb.com\''),(543,2886732583,'2018-04-30 17:06:04','RTadmin','Name set to \'sl03b828.seb.com\''),(544,2886732584,'2018-04-30 17:06:04','RTadmin','Name set to \'sl03b287.seb.com\''),(545,2886732585,'2018-04-30 17:06:04','RTadmin','Name set to \'sl07g836.seb.com\''),(546,2886732586,'2018-04-30 17:06:04','RTadmin','Name set to \'sl05k491.seb.com\''),(547,2886732587,'2018-04-30 17:06:04','RTadmin','Name set to \'sl07m133.seb.com\''),(548,2886732589,'2018-04-30 17:06:04','RTadmin','Name set to \'sl07c371.seb.com\''),(549,2886732590,'2018-04-30 17:06:04','RTadmin','Name set to \'sl05n667.seb.com\''),(550,2886732591,'2018-04-30 17:06:04','RTadmin','Name set to \'nt06prod.eu.seb.com\''),(551,2886732592,'2018-04-30 17:06:04','RTadmin','Name set to \'lil225nt.eu.seb.com\''),(552,2886732593,'2018-04-30 17:06:04','RTadmin','Name set to \'sw01w283.eu.seb.com\''),(553,2886732594,'2018-04-30 17:06:14','RTadmin','Name set to \'sw07q861.eu.seb.com\''),(554,2886732595,'2018-04-30 17:07:05','RTadmin','Name set to \'sw04u556.eu.seb.com\''),(555,2886732596,'2018-04-30 17:07:05','RTadmin','Name set to \'sw05n211.eu.seb.com\''),(556,2886732597,'2018-04-30 17:07:05','RTadmin','Name set to \'sl09b148.seb.com\''),(557,2886732598,'2018-04-30 17:07:05','RTadmin','Name set to \'jiraqual.seb.com\''),(558,2886732599,'2018-04-30 17:07:05','RTadmin','Name set to \'sw05s749.eu.seb.com\''),(559,2886732601,'2018-04-30 17:07:05','RTadmin','Name set to \'sw06l269.eu.seb.com\''),(560,2886732602,'2018-04-30 17:07:05','RTadmin','Name set to \'sl01r566.eu.seb.com\''),(561,2886732603,'2018-04-30 17:07:05','RTadmin','Name set to \'sw01d153.eu.seb.com\''),(562,2886732604,'2018-04-30 17:07:05','RTadmin','Name set to \'sw06n346.eu.seb.com\''),(563,2886732605,'2018-04-30 17:07:05','RTadmin','Name set to \'sw00u694.eu.seb.com\''),(564,2886732606,'2018-04-30 17:07:05','RTadmin','Name set to \'sw05y561.eu.seb.com\''),(565,2886732607,'2018-04-30 17:07:05','RTadmin','Name set to \'sw06q617.eu.seb.com\''),(566,2886732608,'2018-04-30 17:07:05','RTadmin','Name set to \'sw03y169.eu.seb.com\''),(567,2886732609,'2018-04-30 17:07:06','RTadmin','Name set to \'sw06y736.eu.seb.com\''),(568,2886732610,'2018-04-30 17:07:06','RTadmin','Name set to \'sw05a922.eu.seb.com\''),(569,2886732611,'2018-04-30 17:07:06','RTadmin','Name set to \'sw00l665.seb.com\''),(570,2886732612,'2018-04-30 17:07:06','RTadmin','Name set to \'sw06r785.seb.com\''),(571,2886732614,'2018-04-30 17:07:06','RTadmin','Name set to \'sl06z939.seb.com\''),(572,2886732615,'2018-04-30 17:07:06','RTadmin','Name set to \'sl02s069.seb.com\''),(573,2886732617,'2018-04-30 17:07:06','RTadmin','Name set to \'sl08l439.seb.com\''),(574,2886732618,'2018-04-30 17:07:06','RTadmin','Name set to \'sw04m518.eu.seb.com\''),(575,2886732619,'2018-04-30 17:07:06','RTadmin','Name set to \'sl05d986.eu.seb.com\''),(576,2886732620,'2018-04-30 17:07:06','RTadmin','Name set to \'sw05x177.eu.seb.com\''),(577,2886732621,'2018-04-30 17:07:06','RTadmin','Name set to \'sw05j734.seb.com\''),(578,2886732622,'2018-04-30 17:07:06','RTadmin','Name set to \'sw01i041.eu.seb.com\''),(579,2886732623,'2018-04-30 17:07:06','RTadmin','Name set to \'sw00n363.eu.seb.com\''),(580,2886732627,'2018-04-30 17:07:06','RTadmin','Name set to \'sw09b139.seb.com\''),(581,2886732629,'2018-04-30 17:07:06','RTadmin','Name set to \'sl01d703.seb.com\''),(582,2886732630,'2018-04-30 17:07:06','RTadmin','Name set to \'sw07l810.eu.seb.com\''),(583,2886732631,'2018-04-30 17:07:06','RTadmin','Name set to \'sl06q789.seb.com\''),(584,2886732632,'2018-04-30 17:07:06','RTadmin','Name set to \'sw02t580.eu.seb.com\''),(585,2886732633,'2018-04-30 17:07:06','RTadmin','Name set to \'sl07a578.seb.com\''),(586,2886732634,'2018-04-30 17:07:06','RTadmin','Name set to \'sl05k910.seb.com\''),(587,2886732635,'2018-04-30 17:07:06','RTadmin','Name set to \'sl09d523.seb.com\''),(588,2886732636,'2018-04-30 17:07:06','RTadmin','Name set to \'sw09d555.eu.seb.com\''),(589,2886732638,'2018-04-30 17:07:06','RTadmin','Name set to \'sw03g884.eu.seb.com\''),(590,2886732641,'2018-04-30 17:07:06','RTadmin','Name set to \'sw03h116.seb.com\''),(591,2886732648,'2018-04-30 17:07:06','RTadmin','Name set to \'sw06e751.seb.com\''),(592,2886732649,'2018-04-30 17:07:06','RTadmin','Name set to \'sw01q701.seb.com\''),(593,2886732650,'2018-04-30 17:07:06','RTadmin','Name set to \'sl09q896.seb.com\''),(594,2886732651,'2018-04-30 17:07:06','RTadmin','Name set to \'sw03p777.seb.com\''),(595,2886732652,'2018-04-30 17:07:06','RTadmin','Name set to \'sw01q200.seb.com\''),(596,2886732653,'2018-04-30 17:07:06','RTadmin','Name set to \'sw07q441.seb.com\''),(597,2886732654,'2018-04-30 17:07:06','RTadmin','Name set to \'sw02a396.seb.com\''),(598,2886732655,'2018-04-30 17:07:06','RTadmin','Name set to \'sw05f336.eu.seb.com\''),(599,2886732656,'2018-04-30 17:07:06','RTadmin','Name set to \'sw06f864.eu.seb.com\''),(600,2886732658,'2018-04-30 17:07:06','RTadmin','Name set to \'sw06p681.eu.seb.com\''),(601,2886732659,'2018-04-30 17:07:06','RTadmin','Name set to \'sw08w753.seb.com\''),(602,2886732661,'2018-04-30 17:07:06','RTadmin','Name set to \'sw09y301.seb.com\''),(603,2886732681,'2018-04-30 17:07:06','RTadmin','Name set to \'sw03s222.seb.com\''),(604,2886732682,'2018-04-30 17:07:06','RTadmin','Name set to \'sl02k384.seb.com\''),(605,2886732683,'2018-04-30 17:07:06','RTadmin','Name set to \'sl08q002.seb.com\''),(606,2886732714,'2018-04-30 17:07:06','RTadmin','Name set to \'tmp-w2k16.seb.com\''),(607,2886732799,'2018-04-30 17:07:06','RTadmin','Name \'broadcast\' removed'),(608,2886734343,'2018-04-30 17:08:26','RTadmin','Name set to \'dd45-pa3.seb.com\''),(609,2886734345,'2018-04-30 17:08:26','RTadmin','Name set to \'dd45-pa3-failover.seb.com\''),(610,2886734349,'2018-04-30 17:08:26','RTadmin','Name set to \'dd45-pa4.seb.com\''),(611,2886734351,'2018-04-30 17:08:26','RTadmin','Name set to \'dd45-pa4-failover.seb.com\''),(612,2886734355,'2018-04-30 17:08:26','RTadmin','Name set to \'dd25-pa3.seb.com\''),(613,2886734357,'2018-04-30 17:08:26','RTadmin','Name set to \'dd25-pa3-failover.seb.com\''),(614,2886734359,'2018-04-30 17:08:26','RTadmin','Name set to \'dd25-pa4.seb.com\''),(615,2886734361,'2018-04-30 17:08:26','RTadmin','Name set to \'dd25-pa4-failover.seb.com\''),(616,2886734364,'2018-04-30 17:08:26','RTadmin','Name set to \'dd25-v.seb.com\''),(617,2886734365,'2018-04-30 17:08:26','RTadmin','Name set to \'dd25-v-failover.seb.com\''),(618,2886734368,'2018-04-30 17:08:26','RTadmin','Name set to \'sl00j055.seb.com\''),(619,2886734369,'2018-04-30 17:08:26','RTadmin','Name set to \'sl08q883.seb.com\''),(620,2886734370,'2018-04-30 17:08:26','RTadmin','Name set to \'sl07c276.seb.com\''),(621,2886734371,'2018-04-30 17:08:26','RTadmin','Name set to \'sl06r293.seb.com\''),(622,2886734372,'2018-04-30 17:08:26','RTadmin','Name set to \'sl08i926.seb.com\''),(623,2886734373,'2018-04-30 17:08:26','RTadmin','Name set to \'sa02j658.seb.com\''),(624,2886734374,'2018-04-30 17:08:26','RTadmin','Name set to \'sl06c926.seb.com\''),(625,2886734377,'2018-04-30 17:08:26','RTadmin','Name set to \'se02p745.seb.com\''),(626,2886734378,'2018-04-30 17:08:26','RTadmin','Name set to \'se06j259.seb.com\''),(627,2886734379,'2018-04-30 17:08:26','RTadmin','Name set to \'se01f081.seb.com\''),(628,2886734380,'2018-04-30 17:08:26','RTadmin','Name set to \'se04v032.seb.com\''),(629,2886734381,'2018-04-30 17:08:26','RTadmin','Name set to \'sa06m846.seb.com\''),(630,2886734382,'2018-04-30 17:08:26','RTadmin','Name set to \'sw08m774.seb.com\''),(631,2886734383,'2018-04-30 17:08:26','RTadmin','Name set to \'sw06l364.seb.com\''),(632,2886734384,'2018-04-30 17:08:26','RTadmin','Name set to \'sw08p973.seb.com\''),(633,2886734385,'2018-04-30 17:08:26','RTadmin','Name set to \'sw09b993.seb.com\''),(634,2886734388,'2018-04-30 17:08:26','RTadmin','Name set to \'sw00w676.seb.com\''),(635,2886734389,'2018-04-30 17:08:26','RTadmin','Name set to \'sw05c282.seb.com\''),(636,2886734390,'2018-04-30 17:08:26','RTadmin','Name set to \'sw04k631.seb.com\''),(637,2886734391,'2018-04-30 17:08:26','RTadmin','Name set to \'sw09k588.seb.com\''),(638,2886734392,'2018-04-30 17:08:26','RTadmin','Name set to \'sw08h425.seb.com\''),(639,2886734393,'2018-04-30 17:08:26','RTadmin','Name set to \'sw08w374.seb.com\''),(640,2886734394,'2018-04-30 17:08:26','RTadmin','Name set to \'sw05p162.seb.com\''),(641,2886734395,'2018-04-30 17:08:26','RTadmin','Name set to \'sw00e592.seb.com\''),(642,2886734396,'2018-04-30 17:08:26','RTadmin','Name set to \'sw08a555.seb.com\''),(643,2886734397,'2018-04-30 17:08:26','RTadmin','Name set to \'sw00g736.seb.com\''),(644,2886734398,'2018-04-30 17:08:26','RTadmin','Name set to \'sw08w252.seb.com\''),(645,2886734399,'2018-04-30 17:08:26','RTadmin','Name set to \'sw00h484.seb.com\''),(646,2886734400,'2018-04-30 17:08:26','RTadmin','Name set to \'sw07x338.seb.com\''),(647,2886734401,'2018-04-30 17:08:26','RTadmin','Name set to \'sw06x203.seb.com\''),(648,2886734402,'2018-04-30 17:08:26','RTadmin','Name set to \'sw09x838.seb.com\''),(649,2886734403,'2018-04-30 17:08:26','RTadmin','Name set to \'sw06j449.seb.com\''),(650,2886734404,'2018-04-30 17:08:26','RTadmin','Name set to \'sw08w211.seb.com\''),(651,2886734405,'2018-04-30 17:08:26','RTadmin','Name set to \'sw09y464.seb.com\''),(652,2886734406,'2018-04-30 17:08:26','RTadmin','Name set to \'sw00a857.seb.com\''),(653,2886734407,'2018-04-30 17:08:26','RTadmin','Name set to \'sw00c677.seb.com\''),(654,2886734408,'2018-04-30 17:08:26','RTadmin','Name set to \'sw09p611.seb.com\''),(655,2886734409,'2018-04-30 17:08:26','RTadmin','Name set to \'sw00r205.seb.com\''),(656,2886734410,'2018-04-30 17:08:26','RTadmin','Name set to \'sw07s247.seb.com\''),(657,2886734411,'2018-04-30 17:08:26','RTadmin','Name set to \'sw00i353.seb.com\''),(658,2886734412,'2018-04-30 17:08:26','RTadmin','Name set to \'sw04u976.seb.com\''),(659,2886734413,'2018-04-30 17:08:26','RTadmin','Name set to \'sw03v114.seb.com\''),(660,2886734414,'2018-04-30 17:08:26','RTadmin','Name set to \'sw09u946.seb.com\''),(661,2886734415,'2018-04-30 17:08:26','RTadmin','Name set to \'se03u312.seb.com\''),(662,2886734416,'2018-04-30 17:08:26','RTadmin','Name set to \'se08l633.seb.com\''),(663,2886734417,'2018-04-30 17:08:26','RTadmin','Name set to \'sw09f835.seb.com\''),(664,2886734423,'2018-04-30 17:08:26','RTadmin','Name set to \'se04w646.seb.com\''),(665,2886734424,'2018-04-30 17:08:26','RTadmin','Name set to \'se09g812.seb.com\''),(666,2886734426,'2018-04-30 17:08:26','RTadmin','Name set to \'sw00a654.seb.com\''),(667,2886734427,'2018-04-30 17:08:26','RTadmin','Name set to \'sw02p339.seb.com\''),(668,2886734428,'2018-04-30 17:08:26','RTadmin','Name set to \'sw09m584.seb.com\''),(669,2886734429,'2018-04-30 17:08:26','RTadmin','Name set to \'sw01p028.seb.com\''),(670,2886734430,'2018-04-30 17:08:26','RTadmin','Name set to \'sw05x678.seb.com\''),(671,2886734431,'2018-04-30 17:08:26','RTadmin','Name set to \'sw02a992.seb.com\''),(672,2886734432,'2018-04-30 17:08:26','RTadmin','Name set to \'sw01r395.seb.com\''),(673,2886734433,'2018-04-30 17:08:26','RTadmin','Name set to \'sw06g476.seb.com\''),(674,2886734435,'2018-04-30 17:08:26','RTadmin','Name set to \'sw00b686.eu.seb.com\''),(675,2886734576,'2018-04-30 17:08:26','RTadmin','Name set to \'se09z400.seb.com\''),(676,2886734577,'2018-04-30 17:08:26','RTadmin','Name set to \'se06b438.seb.com\''),(677,2886734581,'2018-04-30 17:08:26','RTadmin','Name set to \'se09r485.seb.com\''),(678,2886734582,'2018-04-30 17:08:26','RTadmin','Name set to \'se09b748.seb.com\''),(679,2886734583,'2018-04-30 17:08:26','RTadmin','Name set to \'se05r107.seb.com\''),(680,2886734584,'2018-04-30 17:08:26','RTadmin','Name set to \'se01b603.seb.com\''),(681,2886734586,'2018-04-30 17:08:26','RTadmin','Name set to \'sw08d027.as.seb.com\''),(682,2886734587,'2018-04-30 17:08:26','RTadmin','Name set to \'sw00v806.as.seb.com\''),(683,2886734849,'2018-04-30 17:08:51','RTadmin','Name set to \'exaadbadm01.seb.com\''),(684,2886734850,'2018-04-30 17:08:51','RTadmin','Name set to \'exaadbadm02.seb.com\''),(685,2886734851,'2018-04-30 17:08:51','RTadmin','Name set to \'exaadbadm03.seb.com\''),(686,2886734852,'2018-04-30 17:08:51','RTadmin','Name set to \'exaaceladm01.seb.com\''),(687,2886734853,'2018-04-30 17:08:51','RTadmin','Name set to \'exaaceladm02.seb.com\''),(688,2886734854,'2018-04-30 17:08:51','RTadmin','Name set to \'exaaceladm03.seb.com\''),(689,2886734855,'2018-04-30 17:08:51','RTadmin','Name set to \'exaaceladm04.seb.com\''),(690,2886734856,'2018-04-30 17:08:51','RTadmin','Name set to \'exaadbadm01-ilom.seb.com\''),(691,2886734857,'2018-04-30 17:08:51','RTadmin','Name set to \'exaadbadm02-ilom.seb.com\''),(692,2886734858,'2018-04-30 17:08:51','RTadmin','Name set to \'exaadbadm03-ilom.seb.com\''),(693,2886734859,'2018-04-30 17:08:51','RTadmin','Name set to \'exaaceladm01-ilom.seb.com\''),(694,2886734860,'2018-04-30 17:08:51','RTadmin','Name set to \'exaaceladm02-ilom.seb.com\''),(695,2886734861,'2018-04-30 17:08:51','RTadmin','Name set to \'exaaceladm03-ilom.seb.com\''),(696,2886734862,'2018-04-30 17:08:51','RTadmin','Name set to \'exaaceladm04-ilom.seb.com\''),(697,2886734863,'2018-04-30 17:08:51','RTadmin','Name set to \'exaasw-adm01.seb.com\''),(698,2886734864,'2018-04-30 17:08:51','RTadmin','Name set to \'exaasw-iba01.seb.com\''),(699,2886734865,'2018-04-30 17:08:51','RTadmin','Name set to \'exaasw-ibb01.seb.com\''),(700,2886734866,'2018-04-30 17:08:51','RTadmin','Name set to \'exaasw-pdua01.seb.com\''),(701,2886734867,'2018-04-30 17:08:51','RTadmin','Name set to \'exaasw-pdub01.seb.com\''),(702,2886734868,'2018-04-30 17:08:51','RTadmin','Name set to \'exabdbadm01.seb.com\''),(703,2886734869,'2018-04-30 17:08:51','RTadmin','Name set to \'exabdbadm02.seb.com\''),(704,2886734870,'2018-04-30 17:08:51','RTadmin','Name set to \'exabdbadm03.seb.com\''),(705,2886734871,'2018-04-30 17:08:51','RTadmin','Name set to \'exabceladm01.seb.com\''),(706,2886734872,'2018-04-30 17:08:51','RTadmin','Name set to \'exabceladm02.seb.com\''),(707,2886734873,'2018-04-30 17:08:51','RTadmin','Name set to \'exabceladm03.seb.com\''),(708,2886734874,'2018-04-30 17:08:51','RTadmin','Name set to \'exabceladm04.seb.com\''),(709,2886734875,'2018-04-30 17:08:51','RTadmin','Name set to \'exabdbadm01-ilom.seb.com\''),(710,2886734876,'2018-04-30 17:08:51','RTadmin','Name set to \'exabdbadm02-ilom.seb.com\''),(711,2886734877,'2018-04-30 17:08:51','RTadmin','Name set to \'exabdbadm03-ilom.seb.com\''),(712,2886734878,'2018-04-30 17:08:51','RTadmin','Name set to \'exabceladm01-ilom.seb.com\''),(713,2886734879,'2018-04-30 17:08:51','RTadmin','Name set to \'exabceladm02-ilom.seb.com\''),(714,2886734880,'2018-04-30 17:08:51','RTadmin','Name set to \'exabceladm03-ilom.seb.com\''),(715,2886734881,'2018-04-30 17:08:51','RTadmin','Name set to \'exabceladm04-ilom.seb.com\''),(716,2886734882,'2018-04-30 17:08:51','RTadmin','Name set to \'exabsw-adm01.seb.com\''),(717,2886734883,'2018-04-30 17:08:51','RTadmin','Name set to \'exabsw-iba01.seb.com\''),(718,2886734884,'2018-04-30 17:08:51','RTadmin','Name set to \'exabsw-ibb01.seb.com\''),(719,2886734885,'2018-04-30 17:08:51','RTadmin','Name set to \'exabsw-pdua01.seb.com\''),(720,2886734886,'2018-04-30 17:08:51','RTadmin','Name set to \'exabsw-pdub01.seb.com\''),(721,2886734974,'2018-04-30 17:08:51','RTadmin','Name set to \'ml00j055.seb.com\''),(722,2886734975,'2018-04-30 17:08:51','RTadmin','Name set to \'ml08q883.seb.com\''),(723,2886735007,'2018-04-30 17:08:51','RTadmin','Name set to \'exaaceladm05.seb.com\''),(724,2886735008,'2018-04-30 17:08:51','RTadmin','Name set to \'exaaceladm06.seb.com\''),(725,2886735009,'2018-04-30 17:08:51','RTadmin','Name set to \'exaaceladm05-ilom.seb.com\''),(726,2886735010,'2018-04-30 17:08:51','RTadmin','Name set to \'exaaceladm06-ilom.seb.com\''),(727,2886735011,'2018-04-30 17:08:51','RTadmin','Name set to \'exabceladm05.seb.com\''),(728,2886735012,'2018-04-30 17:08:51','RTadmin','Name set to \'exabceladm06.seb.com\''),(729,2886735013,'2018-04-30 17:08:51','RTadmin','Name set to \'exabceladm05-ilom.seb.com\''),(730,2886735014,'2018-04-30 17:08:51','RTadmin','Name set to \'exabceladm06-ilom.seb.com\''),(731,2886735361,'2018-04-30 17:10:46','RTadmin','Name set to \'lil188nt.eu.seb.com\''),(732,2886735362,'2018-04-30 17:10:46','RTadmin','Name set to \'org30nt.seb.com\''),(733,2886735363,'2018-04-30 17:10:46','RTadmin','Name set to \'org34nt.seb.com\''),(734,2886735364,'2018-04-30 17:10:46','RTadmin','Name set to \'lil191nt.seb.com\''),(735,2886735365,'2018-04-30 17:10:46','RTadmin','Name set to \'sw05j179.seb.com\''),(736,2886735366,'2018-04-30 17:10:46','RTadmin','Name set to \'lil188nt-r.eu.seb.com\''),(737,2886735367,'2018-04-30 17:10:46','RTadmin','Name set to \'sw00h768.seb.com\''),(738,2886735368,'2018-04-30 17:10:46','RTadmin','Name set to \'sw00f068.seb.com\''),(739,2886735369,'2018-04-30 17:10:46','RTadmin','Name set to \'goprebond.seb.com\''),(740,2886735370,'2018-04-30 17:10:46','RTadmin','Name set to \'goprebond.seb.com\''),(741,2886735615,'2018-04-30 17:10:46','RTadmin','Name \'broadcast\' removed'),(742,2886735360,'2018-04-30 17:10:50','RTadmin','Name \'network\' removed'),(743,2886735616,'2018-04-30 17:11:00','RTadmin','Name \'network\' removed'),(744,2886735871,'2018-04-30 17:11:00','RTadmin','Name \'broadcast\' removed'),(745,2886736897,'2018-04-30 17:11:57','RTadmin','Name set to \'pdrv-seb-hybris-bdd1.seb.com\''),(746,2886736898,'2018-04-30 17:11:57','RTadmin','Name set to \'pdrv-seb-hybris-bdd2.seb.com\''),(747,2886736907,'2018-04-30 17:11:57','RTadmin','Name set to \'sl01x228.seb.com\''),(748,2886736908,'2018-04-30 17:11:57','RTadmin','Name set to \'sl08f872.seb.com\''),(749,2886737151,'2018-04-30 17:11:57','RTadmin','Name \'broadcast\' removed'),(750,2886736896,'2018-04-30 17:12:01','RTadmin','Name \'network\' removed'),(751,2886737153,'2018-04-30 17:12:14','RTadmin','Name set to \'pdrv-seb-hybris-app1.seb.com\''),(752,2886737154,'2018-04-30 17:12:14','RTadmin','Name set to \'pdrv-seb-hybris-app2.seb.com\''),(753,2886737155,'2018-04-30 17:12:14','RTadmin','Name set to \'pdrv-seb-hybris-be1.seb.com\''),(754,2886737156,'2018-04-30 17:12:14','RTadmin','Name set to \'pdrv-seb-hybris-be2.seb.com\''),(755,2886737157,'2018-04-30 17:12:14','RTadmin','Name set to \'eai.preproddcu.seb.com.seb.com\''),(756,2886737158,'2018-04-30 17:12:14','RTadmin','Name set to \'pdrv-seb-hybris-solr1.seb.com\''),(757,2886737162,'2018-04-30 17:12:14','RTadmin','Name set to \'dddv-seb-hybris-sftp.seb.com\''),(758,2886737163,'2018-04-30 17:12:14','RTadmin','Name set to \'sl06q640.seb.com\''),(759,2886737164,'2018-04-30 17:12:14','RTadmin','Name set to \'sl01z468.seb.com\''),(760,2886737165,'2018-04-30 17:12:14','RTadmin','Name set to \'sl06j959.seb.com\''),(761,2886737166,'2018-04-30 17:12:14','RTadmin','Name set to \'sl00g325.seb.com\''),(762,2886737168,'2018-04-30 17:12:14','RTadmin','Name set to \'sl08s702.seb.com\''),(763,2886738432,'2018-04-30 17:13:00','RTadmin','Name \'network\' removed'),(764,2886738433,'2018-04-30 17:13:00','RTadmin','Name set to \'edrv-seb-hybris-bdd1.seb.com\''),(765,2886738434,'2018-04-30 17:13:00','RTadmin','Name set to \'edrv-seb-hybris-bdd2.seb.com\''),(766,2886738443,'2018-04-30 17:13:00','RTadmin','Name set to \'sl05q139.seb.com\''),(767,2886738444,'2018-04-30 17:13:00','RTadmin','Name set to \'sl08b812.seb.com\''),(768,2886738687,'2018-04-30 17:13:00','RTadmin','Name \'broadcast\' removed'),(769,2886738689,'2018-04-30 17:13:17','RTadmin','Name set to \'edrv-seb-hybris-app1.seb.com\''),(770,2886738690,'2018-04-30 17:13:17','RTadmin','Name set to \'edrv-seb-hybris-app2.seb.com\''),(771,2886738691,'2018-04-30 17:13:17','RTadmin','Name set to \'back.prod.tefal.com\''),(772,2886738692,'2018-04-30 17:13:17','RTadmin','Name set to \'edrv-seb-hybris-be2.seb.com\''),(773,2886738694,'2018-04-30 17:13:17','RTadmin','Name set to \'sl04y502.seb.com\''),(774,2886738695,'2018-04-30 17:13:17','RTadmin','Name set to \'sl01y734.seb.com\''),(775,2886738696,'2018-04-30 17:13:17','RTadmin','Name set to \'edrv-seb-hybris-solr1.seb.com\''),(776,2886738699,'2018-04-30 17:13:17','RTadmin','Name set to \'sl06r997.seb.com\''),(777,2886738700,'2018-04-30 17:13:17','RTadmin','Name set to \'sl02k329.seb.com\''),(778,2886738701,'2018-04-30 17:13:17','RTadmin','Name set to \'sl09f682.seb.com\''),(779,2886738702,'2018-04-30 17:13:17','RTadmin','Name set to \'sl05n545.seb.com\''),(780,2886738706,'2018-04-30 17:13:17','RTadmin','Name set to \'sl03v868.seb.com\''),(781,2886738943,'2018-04-30 17:13:17','RTadmin','Name \'broadcast\' removed'),(782,2886738688,'2018-04-30 17:13:21','RTadmin','Name \'network\' removed'),(783,2886738691,'2018-04-30 17:13:21','RTadmin','Name changed from \'back.prod.tefal.com\' to \'edrv-seb-hybris-be1.seb.com\''),(784,2886739457,'2018-04-30 17:18:53','RTadmin','Name set to \'se04e440.seb.com\''),(785,2886739458,'2018-04-30 17:18:53','RTadmin','Name set to \'se04t077.seb.com\''),(786,2886739459,'2018-04-30 17:18:53','RTadmin','Name set to \'se06y803.seb.com\''),(787,2886739460,'2018-04-30 17:18:53','RTadmin','Name set to \'se07v166.seb.com\''),(788,2886739461,'2018-04-30 17:18:53','RTadmin','Name set to \'se00v332.seb.com\''),(789,2886739462,'2018-04-30 17:18:53','RTadmin','Name set to \'se00s562.seb.com\''),(790,2886739463,'2018-04-30 17:18:53','RTadmin','Name set to \'se04a407.seb.com\''),(791,2886739464,'2018-04-30 17:18:53','RTadmin','Name set to \'se05a854.seb.com\''),(792,2886739465,'2018-04-30 17:18:53','RTadmin','Name set to \'se06q143.seb.com\''),(793,2886739466,'2018-04-30 17:18:53','RTadmin','Name set to \'se06s085.seb.com\''),(794,2886739467,'2018-04-30 17:18:53','RTadmin','Name set to \'se00g627.seb.com\''),(795,2886739468,'2018-04-30 17:18:53','RTadmin','Name set to \'se00p908.seb.com\''),(796,2886739469,'2018-04-30 17:18:53','RTadmin','Name set to \'se01j248.seb.com\''),(797,2886739470,'2018-04-30 17:18:53','RTadmin','Name set to \'se02x977.seb.com\''),(798,2886739471,'2018-04-30 17:18:53','RTadmin','Name set to \'se08k683.seb.com\''),(799,2886739472,'2018-04-30 17:18:53','RTadmin','Name set to \'se03g978.seb.com\''),(800,2886739473,'2018-04-30 17:18:53','RTadmin','Name set to \'se03h888.seb.com\''),(801,2886739474,'2018-04-30 17:18:53','RTadmin','Name set to \'se07k778.seb.com\''),(802,2886739475,'2018-04-30 17:18:53','RTadmin','Name set to \'se08l917.seb.com\''),(803,2886739476,'2018-04-30 17:18:53','RTadmin','Name set to \'se07q955.seb.com\''),(804,2886739506,'2018-04-30 17:18:53','RTadmin','Name set to \'se00f717.seb.com\''),(805,2886739552,'2018-04-30 17:18:53','RTadmin','Name set to \'sw08m273_bkp.seb.com\''),(806,2886739553,'2018-04-30 17:18:53','RTadmin','Name set to \'sw03p452.seb.com\''),(807,2886739554,'2018-04-30 17:18:54','RTadmin','Name set to \'sw09s706_bkp.seb.com\''),(808,2886739555,'2018-04-30 17:18:54','RTadmin','Name set to \'sw03m248_bkp.seb.com\''),(809,2886739558,'2018-04-30 17:18:54','RTadmin','Name set to \'sw05q686_bkp.seb.com\''),(810,2886739559,'2018-04-30 17:18:54','RTadmin','Name set to \'sw00w676_bkp.seb.com\''),(811,2886739560,'2018-04-30 17:18:54','RTadmin','Name set to \'sw08m774_bkp.seb.com\''),(812,2886739561,'2018-04-30 17:18:54','RTadmin','Name set to \'sw06l364_bkp.seb.com\''),(813,2886739562,'2018-04-30 17:18:54','RTadmin','Name set to \'sw08p973_bkp.seb.com\''),(814,2886739563,'2018-04-30 17:18:54','RTadmin','Name set to \'sw09b993_bkp.seb.com\''),(815,2886739564,'2018-04-30 17:18:54','RTadmin','Name set to \'sw08b424.seb.com\''),(816,2886739565,'2018-04-30 17:18:54','RTadmin','Name set to \'sw04c417.seb.com\''),(817,2886739566,'2018-04-30 17:18:54','RTadmin','Name set to \'sw09l511.seb.com\''),(818,2886739571,'2018-04-30 17:18:54','RTadmin','Name set to \'sw01s006.eu.seb.com\''),(819,3232276481,'2018-04-30 17:20:38','RTadmin','Name set to \'ddrv-seb-hybris-2.seb.com\''),(820,3232276482,'2018-04-30 17:20:38','RTadmin','Name set to \'ddrv-seb-training.seb.com\''),(821,3232276483,'2018-04-30 17:20:38','RTadmin','Name set to \'ddrv-seb-hybris-sqli.seb.com\''),(822,3232276484,'2018-04-30 17:20:38','RTadmin','Name set to \'ddrv-seb-share.seb.com\''),(823,3232276491,'2018-04-30 17:20:38','RTadmin','Name set to \'sl06w343.seb.com\''),(824,3232276492,'2018-04-30 17:20:38','RTadmin','Name set to \'sl02v137.seb.com\''),(825,3232276493,'2018-04-30 17:20:38','RTadmin','Name set to \'sl03p501.seb.com\''),(826,3232276498,'2018-04-30 17:20:38','RTadmin','Name set to \'sw08y397.seb.com\''),(827,3232276735,'2018-04-30 17:20:38','RTadmin','Name \'broadcast\' removed'),(828,3232276746,'2018-04-30 17:20:46','RTadmin','Name set to \'sl06a822.seb.com\''),(829,3232276993,'2018-04-30 17:20:56','RTadmin','Name set to \'pdrv-seb-hybris-web1.seb.com\''),(830,3232276994,'2018-04-30 17:20:56','RTadmin','Name set to \'pdrv-seb-hybris-web2.seb.com\''),(831,3232276997,'2018-04-30 17:20:56','RTadmin','Name set to \'sl04h450.seb.com\''),(832,3232276998,'2018-04-30 17:20:56','RTadmin','Name set to \'sl07l887.seb.com\''),(833,3232277251,'2018-04-30 17:21:07','RTadmin','Name set to \'sw04b805.seb.com\''),(834,3232277310,'2018-04-30 17:21:07','RTadmin','Name set to \'sw02v440.seb.com\''),(835,3232277505,'2018-04-30 17:21:17','RTadmin','Name set to \'edrv-seb-hybris-web1.seb.com\''),(836,3232277506,'2018-04-30 17:21:17','RTadmin','Name set to \'edrv-seb-hybris-web2.seb.com\''),(837,3232277507,'2018-04-30 17:21:17','RTadmin','Name set to \'sl05t925.seb.com\''),(838,3232277508,'2018-04-30 17:21:17','RTadmin','Name set to \'sl08p128.seb.com\''),(839,3232277763,'2018-04-30 17:21:33','RTadmin','Name set to \'sl00x838.seb.com\''),(840,3232277764,'2018-04-30 17:21:33','RTadmin','Name set to \'sl04d675.seb.com\''),(841,3232277765,'2018-04-30 17:21:33','RTadmin','Name set to \'sl09n624.seb.com\''),(842,3232277766,'2018-04-30 17:21:33','RTadmin','Name set to \'wp.seb.com\''),(843,3232277768,'2018-04-30 17:21:33','RTadmin','Name set to \'wamdir.seb.com\''),(844,3232277775,'2018-04-30 17:21:33','RTadmin','Name set to \'sw03y805.seb.com\''),(845,3232277787,'2018-04-30 17:21:33','RTadmin','Name set to \'sw08g272.seb.com\''),(846,3232277788,'2018-04-30 17:21:33','RTadmin','Name set to \'sw08z740.seb.com\''),(847,3232277800,'2018-04-30 17:21:33','RTadmin','Name \'network\' removed'),(848,3232277803,'2018-04-30 17:21:33','RTadmin','Name \'broadcast\' removed'),(849,3232277804,'2018-04-30 17:21:33','RTadmin','Name \'network\' removed'),(850,3232277807,'2018-04-30 17:21:33','RTadmin','Name \'broadcast\' removed'),(851,3232277810,'2018-04-30 17:21:33','RTadmin','Name set to \'sl01q412.seb.com\''),(852,3232277859,'2018-04-30 17:21:33','RTadmin','Name set to \'sa00q543.seb.com\''),(853,3232277860,'2018-04-30 17:21:33','RTadmin','Name set to \'sa02e106.seb.com\''),(854,3232277861,'2018-04-30 17:21:33','RTadmin','Name set to \'sw08e953.seb.com\''),(855,3232277862,'2018-04-30 17:21:33','RTadmin','Name set to \'sw00u572.seb.com\''),(856,3232277864,'2018-04-30 17:21:33','RTadmin','Name set to \'sa08z716.seb.com\''),(857,3232277999,'2018-04-30 17:21:33','RTadmin','Name set to \'sl03m731.seb.com\''),(858,3232277865,'2018-04-30 17:21:41','RTadmin','Name set to \'sa09e672.seb.com\''),(859,3232278017,'2018-04-30 17:22:13','RTadmin','Name set to \'se00e821.seb.com\''),(860,3232278018,'2018-04-30 17:22:13','RTadmin','Name set to \'se07r689.seb.com\''),(861,3232278019,'2018-04-30 17:22:13','RTadmin','Name set to \'se02w444.seb.com\''),(862,3232278020,'2018-04-30 17:22:13','RTadmin','Name set to \'se03c255.seb.com\''),(863,3232278021,'2018-04-30 17:22:13','RTadmin','Name set to \'se09p421.seb.com\''),(864,3232278022,'2018-04-30 17:22:13','RTadmin','Name set to \'se05z023.seb.com\''),(865,2886735001,'2018-05-14 14:01:12','RTadmin','Binded with Nutanix SE00V332, ifname='),(866,2886739461,'2018-05-14 14:01:45','RTadmin','Binded with Nutanix SE00V332, ifname=IP production	'),(867,2886734951,'2018-05-14 14:04:47','RTadmin','Binded with Nutanix SE06Y803, ifname=IP operations'),(868,2886735110,'2018-05-14 14:06:42','RTadmin','Binded with ESXi DRP SE00E726, ifname=IP Porduction'),(869,2886734618,'2018-05-14 14:07:30','RTadmin','Binded with ESXi DRP SE00E726, ifname=IP Production'),(870,2886735015,'2018-05-14 14:09:02','RTadmin','Binded with DFS-R SE03U312, ifname=IP operations'),(871,2886735164,'2018-05-16 10:15:00','RTadmin','Binded with Analytics SE00Z7981, ifname=iLO'),(872,2886729729,'2018-05-16 11:00:00','RTadmin','Binded with e-Invoice Prod, ifname='),(873,2886729729,'2018-05-16 11:00:16','RTadmin','Removed from e-Invoice Prod');
/*!40000 ALTER TABLE `IPv4Log` ENABLE KEYS */;
UNLOCK TABLES;

--
-- Table structure for table `IPv4NAT`
--

DROP TABLE IF EXISTS `IPv4NAT`;
/*!40101 SET @saved_cs_client     = @@character_set_client */;
/*!40101 SET character_set_client = utf8 */;
CREATE TABLE `IPv4NAT` (
  `object_id` int(10) unsigned NOT NULL DEFAULT '0',
  `proto` enum('TCP','UDP','ALL') COLLATE utf8_unicode_ci NOT NULL DEFAULT 'TCP',
  `localip` int(10) unsigned NOT NULL DEFAULT '0',
  `localport` smallint(5) unsigned NOT NULL DEFAULT '0',
  `remoteip` int(10) unsigned NOT NULL DEFAULT '0',
  `remoteport` smallint(5) unsigned NOT NULL DEFAULT '0',
  `description` char(255) COLLATE utf8_unicode_ci DEFAULT NULL,
  PRIMARY KEY (`object_id`,`proto`,`localip`,`localport`,`remoteip`,`remoteport`),
  KEY `localip` (`localip`),
  KEY `remoteip` (`remoteip`),
  KEY `object_id` (`object_id`),
  CONSTRAINT `IPv4NAT-FK-object_id` FOREIGN KEY (`object_id`) REFERENCES `Object` (`id`)
) ENGINE=InnoDB DEFAULT CHARSET=utf8 COLLATE=utf8_unicode_ci;
/*!40101 SET character_set_client = @saved_cs_client */;

--
-- Dumping data for table `IPv4NAT`
--

LOCK TABLES `IPv4NAT` WRITE;
/*!40000 ALTER TABLE `IPv4NAT` DISABLE KEYS */;
/*!40000 ALTER TABLE `IPv4NAT` ENABLE KEYS */;
UNLOCK TABLES;

--
-- Table structure for table `IPv4Network`
--

DROP TABLE IF EXISTS `IPv4Network`;
/*!40101 SET @saved_cs_client     = @@character_set_client */;
/*!40101 SET character_set_client = utf8 */;
CREATE TABLE `IPv4Network` (
  `id` int(10) unsigned NOT NULL AUTO_INCREMENT,
  `ip` int(10) unsigned NOT NULL DEFAULT '0',
  `mask` int(10) unsigned NOT NULL DEFAULT '0',
  `name` char(255) COLLATE utf8_unicode_ci DEFAULT NULL,
  `comment` text COLLATE utf8_unicode_ci,
  PRIMARY KEY (`id`),
  UNIQUE KEY `base-len` (`ip`,`mask`)
) ENGINE=InnoDB AUTO_INCREMENT=59 DEFAULT CHARSET=utf8 COLLATE=utf8_unicode_ci;
/*!40101 SET character_set_client = @saved_cs_client */;

--
-- Dumping data for table `IPv4Network`
--

LOCK TABLES `IPv4Network` WRITE;
/*!40000 ALTER TABLE `IPv4Network` DISABLE KEYS */;
INSERT INTO `IPv4Network` VALUES (1,2886735104,24,'',NULL),(5,2886730752,23,'',NULL),(6,2886729728,24,'Technique',NULL),(7,2886729984,24,'Technique',NULL),(8,2886730240,24,'Technique',NULL),(9,2886730496,24,'Technique',NULL),(11,2886731264,24,'Appserver sur P8',NULL),(12,2886731520,24,'Appserver sur P8',NULL),(13,2886731776,24,'internal DB Prod',NULL),(14,2886732032,24,'internal DB dev/qual',NULL),(15,2886732288,24,'internal backend and frontend servers',NULL),(16,2886732544,24,'internal backend and frontend servers',NULL),(17,2886732800,24,'internal backend and frontend servers',NULL),(18,2886733056,24,'internal backend and frontend servers',NULL),(19,2886733312,24,'internal backend and frontend servers',NULL),(20,2886733568,24,'internal backend and frontend servers',NULL),(21,2886733824,24,'internal backend and frontend servers',NULL),(22,2886734336,23,'Backup',NULL),(23,2886734848,23,'management out (interface de mgt et ILO/IDRAC)',NULL),(24,2886735360,24,'partner boundaries (machines de rebond)',NULL),(25,2886735616,24,'dev/int digital full',NULL),(26,2886735872,24,'dmz dev/int digital full internal',NULL),(27,3232276480,24,'dmz dev/int digital full public',NULL),(28,2886736128,24,'prep digital db (ex ovh easynet)',NULL),(29,2886736384,24,'prep digital app (ex ovh easnyet)',NULL),(30,2886736640,24,'dmz prep digital internal (ex ovh easynet)',NULL),(31,3232276736,24,'dmz prep digital public (ex ovh easynet)',NULL),(32,2886736896,24,'prep digital db e-commerce',NULL),(33,2886737152,24,'prep digital app e-commerce',NULL),(34,2886737408,24,'dme prep digital e-commerce internal (ex Eolas)',NULL),(35,3232276992,24,'prep digital dmz e-commerce public (ex Eolas)',NULL),(36,2886737664,24,'prod digital db (ex ovh easynet)',NULL),(37,2886737920,24,'prod digital app (ex ovh easnyet)',NULL),(38,2886738176,24,'prod digital dmz internal (ex ovh easynet)',NULL),(39,3232277248,24,'prod digital dmz public (ex ovh easynet)',NULL),(40,2886738432,24,'prod digital db e-commerce',NULL),(41,2886738688,24,'prod digital app e-commerce',NULL),(42,2886738944,24,'prod digital dmz e-commerce internal (ex Eolas)',NULL),(43,3232277504,24,'prod digital dmz e-commerce public (ex Eolas)',NULL),(44,3232277760,24,'dmz reverses et balancers',NULL),(45,2886739456,25,'management in (administration des nutanix)',NULL),(46,2886739712,24,'management in (administration des serveurs)',NULL),(47,2886739968,25,'management in (HMC P8)',NULL),(48,2886740096,25,'management in (HMC P8)',NULL),(49,3232278016,25,'Management in DMZ (admin nutanix)',NULL),(50,3232278144,25,'vmotion DMZ (admin nutanix)',NULL),(51,3232278272,28,'oracle exagate DMZ',NULL),(52,3232278288,28,'Dell Compellent',NULL),(53,3232278304,30,'F5 DMZ PROD synchro',NULL),(54,3232278308,30,'F5 DMZ PROD mirror',NULL),(55,3232277800,30,'F5 DMZ PREPROD synchro',NULL),(56,3232277804,30,'F5 DMZ PREPROD mirror',NULL),(57,2886740224,29,'SAP Connector DMZ',NULL),(58,2886740480,29,'C-Storage Interco',NULL);
/*!40000 ALTER TABLE `IPv4Network` ENABLE KEYS */;
UNLOCK TABLES;

--
-- Table structure for table `IPv4RS`
--

DROP TABLE IF EXISTS `IPv4RS`;
/*!40101 SET @saved_cs_client     = @@character_set_client */;
/*!40101 SET character_set_client = utf8 */;
CREATE TABLE `IPv4RS` (
  `id` int(10) unsigned NOT NULL AUTO_INCREMENT,
  `inservice` enum('yes','no') COLLATE utf8_unicode_ci NOT NULL DEFAULT 'no',
  `rsip` varbinary(16) NOT NULL,
  `rsport` smallint(5) unsigned DEFAULT NULL,
  `rspool_id` int(10) unsigned DEFAULT NULL,
  `rsconfig` text COLLATE utf8_unicode_ci,
  `comment` varchar(255) COLLATE utf8_unicode_ci DEFAULT NULL,
  PRIMARY KEY (`id`),
  UNIQUE KEY `pool-endpoint` (`rspool_id`,`rsip`,`rsport`),
  KEY `rsip` (`rsip`),
  CONSTRAINT `IPv4RS-FK` FOREIGN KEY (`rspool_id`) REFERENCES `IPv4RSPool` (`id`) ON DELETE CASCADE
) ENGINE=InnoDB DEFAULT CHARSET=utf8 COLLATE=utf8_unicode_ci;
/*!40101 SET character_set_client = @saved_cs_client */;

--
-- Dumping data for table `IPv4RS`
--

LOCK TABLES `IPv4RS` WRITE;
/*!40000 ALTER TABLE `IPv4RS` DISABLE KEYS */;
/*!40000 ALTER TABLE `IPv4RS` ENABLE KEYS */;
UNLOCK TABLES;

--
-- Table structure for table `IPv4RSPool`
--

DROP TABLE IF EXISTS `IPv4RSPool`;
/*!40101 SET @saved_cs_client     = @@character_set_client */;
/*!40101 SET character_set_client = utf8 */;
CREATE TABLE `IPv4RSPool` (
  `id` int(10) unsigned NOT NULL AUTO_INCREMENT,
  `name` char(255) COLLATE utf8_unicode_ci DEFAULT NULL,
  `vsconfig` text COLLATE utf8_unicode_ci,
  `rsconfig` text COLLATE utf8_unicode_ci,
  PRIMARY KEY (`id`)
) ENGINE=InnoDB DEFAULT CHARSET=utf8 COLLATE=utf8_unicode_ci;
/*!40101 SET character_set_client = @saved_cs_client */;

--
-- Dumping data for table `IPv4RSPool`
--

LOCK TABLES `IPv4RSPool` WRITE;
/*!40000 ALTER TABLE `IPv4RSPool` DISABLE KEYS */;
/*!40000 ALTER TABLE `IPv4RSPool` ENABLE KEYS */;
UNLOCK TABLES;

--
-- Table structure for table `IPv4VS`
--

DROP TABLE IF EXISTS `IPv4VS`;
/*!40101 SET @saved_cs_client     = @@character_set_client */;
/*!40101 SET character_set_client = utf8 */;
CREATE TABLE `IPv4VS` (
  `id` int(10) unsigned NOT NULL AUTO_INCREMENT,
  `vip` varbinary(16) NOT NULL,
  `vport` smallint(5) unsigned DEFAULT NULL,
  `proto` enum('TCP','UDP','MARK') COLLATE utf8_unicode_ci NOT NULL DEFAULT 'TCP',
  `name` char(255) COLLATE utf8_unicode_ci DEFAULT NULL,
  `vsconfig` text COLLATE utf8_unicode_ci,
  `rsconfig` text COLLATE utf8_unicode_ci,
  PRIMARY KEY (`id`),
  KEY `vip` (`vip`)
) ENGINE=InnoDB DEFAULT CHARSET=utf8 COLLATE=utf8_unicode_ci;
/*!40101 SET character_set_client = @saved_cs_client */;

--
-- Dumping data for table `IPv4VS`
--

LOCK TABLES `IPv4VS` WRITE;
/*!40000 ALTER TABLE `IPv4VS` DISABLE KEYS */;
/*!40000 ALTER TABLE `IPv4VS` ENABLE KEYS */;
UNLOCK TABLES;

--
-- Table structure for table `IPv6Address`
--

DROP TABLE IF EXISTS `IPv6Address`;
/*!40101 SET @saved_cs_client     = @@character_set_client */;
/*!40101 SET character_set_client = utf8 */;
CREATE TABLE `IPv6Address` (
  `ip` binary(16) NOT NULL,
  `name` char(255) COLLATE utf8_unicode_ci NOT NULL DEFAULT '',
  `comment` char(255) COLLATE utf8_unicode_ci NOT NULL DEFAULT '',
  `reserved` enum('yes','no') COLLATE utf8_unicode_ci DEFAULT NULL,
  PRIMARY KEY (`ip`)
) ENGINE=InnoDB DEFAULT CHARSET=utf8 COLLATE=utf8_unicode_ci;
/*!40101 SET character_set_client = @saved_cs_client */;

--
-- Dumping data for table `IPv6Address`
--

LOCK TABLES `IPv6Address` WRITE;
/*!40000 ALTER TABLE `IPv6Address` DISABLE KEYS */;
/*!40000 ALTER TABLE `IPv6Address` ENABLE KEYS */;
UNLOCK TABLES;

--
-- Table structure for table `IPv6Allocation`
--

DROP TABLE IF EXISTS `IPv6Allocation`;
/*!40101 SET @saved_cs_client     = @@character_set_client */;
/*!40101 SET character_set_client = utf8 */;
CREATE TABLE `IPv6Allocation` (
  `object_id` int(10) unsigned NOT NULL DEFAULT '0',
  `ip` binary(16) NOT NULL,
  `name` char(255) COLLATE utf8_unicode_ci NOT NULL DEFAULT '',
  `type` enum('regular','shared','virtual','router','point2point') COLLATE utf8_unicode_ci NOT NULL DEFAULT 'regular',
  PRIMARY KEY (`object_id`,`ip`),
  KEY `ip` (`ip`),
  CONSTRAINT `IPv6Allocation-FK-object_id` FOREIGN KEY (`object_id`) REFERENCES `Object` (`id`) ON DELETE CASCADE
) ENGINE=InnoDB DEFAULT CHARSET=utf8 COLLATE=utf8_unicode_ci;
/*!40101 SET character_set_client = @saved_cs_client */;

--
-- Dumping data for table `IPv6Allocation`
--

LOCK TABLES `IPv6Allocation` WRITE;
/*!40000 ALTER TABLE `IPv6Allocation` DISABLE KEYS */;
/*!40000 ALTER TABLE `IPv6Allocation` ENABLE KEYS */;
UNLOCK TABLES;

--
-- Table structure for table `IPv6Log`
--

DROP TABLE IF EXISTS `IPv6Log`;
/*!40101 SET @saved_cs_client     = @@character_set_client */;
/*!40101 SET character_set_client = utf8 */;
CREATE TABLE `IPv6Log` (
  `id` int(10) NOT NULL AUTO_INCREMENT,
  `ip` binary(16) NOT NULL,
  `date` datetime NOT NULL,
  `user` varchar(64) COLLATE utf8_unicode_ci NOT NULL,
  `message` text COLLATE utf8_unicode_ci NOT NULL,
  PRIMARY KEY (`id`),
  KEY `ip-date` (`ip`,`date`)
) ENGINE=InnoDB DEFAULT CHARSET=utf8 COLLATE=utf8_unicode_ci;
/*!40101 SET character_set_client = @saved_cs_client */;

--
-- Dumping data for table `IPv6Log`
--

LOCK TABLES `IPv6Log` WRITE;
/*!40000 ALTER TABLE `IPv6Log` DISABLE KEYS */;
/*!40000 ALTER TABLE `IPv6Log` ENABLE KEYS */;
UNLOCK TABLES;

--
-- Table structure for table `IPv6Network`
--

DROP TABLE IF EXISTS `IPv6Network`;
/*!40101 SET @saved_cs_client     = @@character_set_client */;
/*!40101 SET character_set_client = utf8 */;
CREATE TABLE `IPv6Network` (
  `id` int(10) unsigned NOT NULL AUTO_INCREMENT,
  `ip` binary(16) NOT NULL,
  `mask` int(10) unsigned NOT NULL,
  `last_ip` binary(16) NOT NULL,
  `name` char(255) COLLATE utf8_unicode_ci DEFAULT NULL,
  `comment` text COLLATE utf8_unicode_ci,
  PRIMARY KEY (`id`),
  UNIQUE KEY `ip` (`ip`,`mask`)
) ENGINE=InnoDB DEFAULT CHARSET=utf8 COLLATE=utf8_unicode_ci;
/*!40101 SET character_set_client = @saved_cs_client */;

--
-- Dumping data for table `IPv6Network`
--

LOCK TABLES `IPv6Network` WRITE;
/*!40000 ALTER TABLE `IPv6Network` DISABLE KEYS */;
/*!40000 ALTER TABLE `IPv6Network` ENABLE KEYS */;
UNLOCK TABLES;

--
-- Table structure for table `LDAPCache`
--

DROP TABLE IF EXISTS `LDAPCache`;
/*!40101 SET @saved_cs_client     = @@character_set_client */;
/*!40101 SET character_set_client = utf8 */;
CREATE TABLE `LDAPCache` (
  `presented_username` char(64) COLLATE utf8_unicode_ci NOT NULL,
  `successful_hash` char(40) COLLATE utf8_unicode_ci NOT NULL,
  `first_success` timestamp NOT NULL DEFAULT CURRENT_TIMESTAMP,
  `last_retry` timestamp NULL DEFAULT NULL,
  `displayed_name` char(128) COLLATE utf8_unicode_ci DEFAULT NULL,
  `memberof` text COLLATE utf8_unicode_ci,
  UNIQUE KEY `presented_username` (`presented_username`),
  KEY `scanidx` (`presented_username`,`successful_hash`)
) ENGINE=InnoDB DEFAULT CHARSET=utf8 COLLATE=utf8_unicode_ci;
/*!40101 SET character_set_client = @saved_cs_client */;

--
-- Dumping data for table `LDAPCache`
--

LOCK TABLES `LDAPCache` WRITE;
/*!40000 ALTER TABLE `LDAPCache` DISABLE KEYS */;
/*!40000 ALTER TABLE `LDAPCache` ENABLE KEYS */;
UNLOCK TABLES;

--
-- Table structure for table `Link`
--

DROP TABLE IF EXISTS `Link`;
/*!40101 SET @saved_cs_client     = @@character_set_client */;
/*!40101 SET character_set_client = utf8 */;
CREATE TABLE `Link` (
  `porta` int(10) unsigned NOT NULL DEFAULT '0',
  `portb` int(10) unsigned NOT NULL DEFAULT '0',
  `cable` char(64) COLLATE utf8_unicode_ci DEFAULT NULL,
  PRIMARY KEY (`porta`,`portb`),
  UNIQUE KEY `porta` (`porta`),
  UNIQUE KEY `portb` (`portb`),
  CONSTRAINT `Link-FK-a` FOREIGN KEY (`porta`) REFERENCES `Port` (`id`) ON DELETE CASCADE,
  CONSTRAINT `Link-FK-b` FOREIGN KEY (`portb`) REFERENCES `Port` (`id`) ON DELETE CASCADE
) ENGINE=InnoDB DEFAULT CHARSET=utf8 COLLATE=utf8_unicode_ci;
/*!40101 SET character_set_client = @saved_cs_client */;

--
-- Dumping data for table `Link`
--

LOCK TABLES `Link` WRITE;
/*!40000 ALTER TABLE `Link` DISABLE KEYS */;
INSERT INTO `Link` VALUES (163,528,'Cable 1'),(636,902,''),(637,903,''),(974,6487,''),(3742,6077,'');
/*!40000 ALTER TABLE `Link` ENABLE KEYS */;
UNLOCK TABLES;
/*!50003 SET @saved_cs_client      = @@character_set_client */ ;
/*!50003 SET @saved_cs_results     = @@character_set_results */ ;
/*!50003 SET @saved_col_connection = @@collation_connection */ ;
/*!50003 SET character_set_client  = utf8 */ ;
/*!50003 SET character_set_results = utf8 */ ;
/*!50003 SET collation_connection  = utf8_general_ci */ ;
/*!50003 SET @saved_sql_mode       = @@sql_mode */ ;
/*!50003 SET sql_mode              = 'ONLY_FULL_GROUP_BY,STRICT_TRANS_TABLES,NO_ZERO_IN_DATE,ERROR_FOR_DIVISION_BY_ZERO,NO_AUTO_CREATE_USER,NO_ENGINE_SUBSTITUTION' */ ;
DELIMITER ;;
/*!50003 CREATE*/ /*!50017 DEFINER=`rackuser`@`172.16.11.95`*/ /*!50003 TRIGGER `Link-before-insert` BEFORE INSERT ON `Link` FOR EACH ROW LinkTrigger:BEGIN
  DECLARE tmp, porta_type, portb_type, count INTEGER;

  IF NEW.porta = NEW.portb THEN
    
    SET NEW.porta = NULL;
    LEAVE LinkTrigger;
  ELSEIF NEW.porta > NEW.portb THEN
    
    SET tmp = NEW.porta;
    SET NEW.porta = NEW.portb;
    SET NEW.portb = tmp;
  END IF; 

  
  SELECT type INTO porta_type FROM Port WHERE id = NEW.porta FOR UPDATE;
  SELECT type INTO portb_type FROM Port WHERE id = NEW.portb FOR UPDATE;

  
  SELECT COUNT(*) INTO count FROM PortCompat WHERE (type1 = porta_type AND type2 = portb_type) OR (type1 = portb_type AND type2 = porta_type);
  IF count = 0 THEN
    SET NEW.porta = NULL;
  END IF;
END */;;
DELIMITER ;
/*!50003 SET sql_mode              = @saved_sql_mode */ ;
/*!50003 SET character_set_client  = @saved_cs_client */ ;
/*!50003 SET character_set_results = @saved_cs_results */ ;
/*!50003 SET collation_connection  = @saved_col_connection */ ;
/*!50003 SET @saved_cs_client      = @@character_set_client */ ;
/*!50003 SET @saved_cs_results     = @@character_set_results */ ;
/*!50003 SET @saved_col_connection = @@collation_connection */ ;
/*!50003 SET character_set_client  = utf8 */ ;
/*!50003 SET character_set_results = utf8 */ ;
/*!50003 SET collation_connection  = utf8_general_ci */ ;
/*!50003 SET @saved_sql_mode       = @@sql_mode */ ;
/*!50003 SET sql_mode              = 'ONLY_FULL_GROUP_BY,STRICT_TRANS_TABLES,NO_ZERO_IN_DATE,ERROR_FOR_DIVISION_BY_ZERO,NO_AUTO_CREATE_USER,NO_ENGINE_SUBSTITUTION' */ ;
DELIMITER ;;
/*!50003 CREATE*/ /*!50017 DEFINER=`rackuser`@`172.16.11.95`*/ /*!50003 TRIGGER `Link-before-update` BEFORE UPDATE ON `Link` FOR EACH ROW LinkTrigger:BEGIN
  DECLARE tmp, porta_type, portb_type, count INTEGER;

  IF NEW.porta = NEW.portb THEN
    
    SET NEW.porta = NULL;
    LEAVE LinkTrigger;
  ELSEIF NEW.porta > NEW.portb THEN
    
    SET tmp = NEW.porta;
    SET NEW.porta = NEW.portb;
    SET NEW.portb = tmp;
  END IF; 

  
  SELECT type INTO porta_type FROM Port WHERE id = NEW.porta FOR UPDATE;
  SELECT type INTO portb_type FROM Port WHERE id = NEW.portb FOR UPDATE;

  
  SELECT COUNT(*) INTO count FROM PortCompat WHERE (type1 = porta_type AND type2 = portb_type) OR (type1 = portb_type AND type2 = porta_type);
  IF count = 0 THEN
    SET NEW.porta = NULL;
  END IF;
END */;;
DELIMITER ;
/*!50003 SET sql_mode              = @saved_sql_mode */ ;
/*!50003 SET character_set_client  = @saved_cs_client */ ;
/*!50003 SET character_set_results = @saved_cs_results */ ;
/*!50003 SET collation_connection  = @saved_col_connection */ ;

--
-- Table structure for table `LinkBackend`
--

DROP TABLE IF EXISTS `LinkBackend`;
/*!40101 SET @saved_cs_client     = @@character_set_client */;
/*!40101 SET character_set_client = utf8 */;
CREATE TABLE `LinkBackend` (
  `porta` int(10) unsigned NOT NULL DEFAULT '0',
  `portb` int(10) unsigned NOT NULL DEFAULT '0',
  `cable` char(64) COLLATE utf8_unicode_ci DEFAULT NULL,
  PRIMARY KEY (`porta`,`portb`),
  KEY `LinkBackend_FK_a` (`porta`),
  KEY `LinkBackend_FK_b` (`portb`),
  CONSTRAINT `LinkBackend_FK_a` FOREIGN KEY (`porta`) REFERENCES `Port` (`id`) ON DELETE CASCADE,
  CONSTRAINT `LinkBackend_FK_b` FOREIGN KEY (`portb`) REFERENCES `Port` (`id`) ON DELETE CASCADE
) ENGINE=InnoDB DEFAULT CHARSET=utf8 COLLATE=utf8_unicode_ci;
/*!40101 SET character_set_client = @saved_cs_client */;

--
-- Dumping data for table `LinkBackend`
--

LOCK TABLES `LinkBackend` WRITE;
/*!40000 ALTER TABLE `LinkBackend` DISABLE KEYS */;
INSERT INTO `LinkBackend` VALUES (3742,6487,''),(3743,6488,''),(3744,6489,''),(3745,6490,''),(3746,6491,''),(3747,6492,''),(3748,6493,''),(3749,6494,''),(3750,6495,''),(3751,6496,''),(3752,6497,''),(3753,6498,''),(3754,6499,''),(3755,6500,''),(3756,6501,''),(3757,6502,''),(3758,6503,''),(3759,6504,''),(3760,4186,''),(3761,4187,''),(3762,4188,''),(3763,4189,''),(3764,4190,''),(3765,4191,''),(3766,4192,''),(3767,4193,''),(3768,4194,''),(3769,4195,''),(3770,4196,''),(3771,4197,''),(3772,4198,''),(3773,4199,''),(3774,4200,''),(3775,4201,''),(3776,4202,''),(3777,4203,''),(3874,4204,''),(3875,4205,''),(3876,4206,''),(3877,4207,''),(3878,4208,''),(3879,4209,''),(3880,4210,''),(3881,4211,''),(3882,4212,''),(3883,4213,''),(3884,4214,''),(3885,4215,''),(3886,4216,''),(3887,4217,''),(3888,4218,''),(3889,4219,''),(3890,4220,''),(3891,4221,''),(3892,4222,''),(3893,4223,''),(3894,4224,''),(3895,4225,''),(3896,4226,''),(3897,4227,''),(3898,4228,''),(3899,4229,''),(3900,4230,''),(3901,4231,''),(3902,4232,''),(3903,4233,''),(3904,4234,''),(3905,4235,''),(3906,4236,''),(3907,4237,''),(3908,4238,''),(3909,4239,''),(4240,4436,''),(4241,4437,''),(4242,4438,''),(4243,4439,''),(4244,4440,''),(4245,4441,''),(4246,4442,''),(4247,4443,''),(4248,4444,''),(4249,4445,''),(4250,4446,''),(4251,4447,''),(4252,4448,''),(4253,4449,''),(4254,4450,''),(4255,4451,''),(4256,4452,''),(4257,4453,''),(4258,4454,''),(4259,4455,''),(4260,4456,''),(4261,4457,''),(4262,4458,''),(4263,4459,''),(4264,4508,''),(4265,4509,''),(4266,4510,''),(4267,4511,''),(4268,4512,''),(4269,4513,''),(4270,4514,''),(4271,4515,''),(4272,4516,''),(4273,4517,''),(4274,4518,''),(4275,4519,''),(4276,4520,''),(4277,4521,''),(4278,4522,''),(4279,4523,''),(4280,4524,''),(4281,4525,''),(4282,4526,''),(4283,4527,''),(4284,4528,''),(4285,4529,''),(4286,4530,''),(4287,4531,''),(4288,4484,''),(4289,4485,''),(4290,4486,''),(4291,4487,''),(4292,4488,''),(4293,4489,''),(4294,4490,''),(4295,4491,''),(4296,4492,''),(4297,4493,''),(4298,4494,''),(4299,4495,''),(4300,4496,''),(4301,4497,''),(4302,4498,''),(4303,4499,''),(4304,4500,''),(4305,4501,''),(4306,4502,''),(4307,4503,''),(4308,4504,''),(4309,4505,''),(4310,4506,''),(4311,4507,''),(4312,4360,''),(4313,4361,''),(4314,4362,''),(4315,4363,''),(4316,4364,''),(4317,4365,''),(4318,4366,''),(4319,4367,''),(4320,4368,''),(4321,4369,''),(4322,4370,''),(4323,4371,''),(4324,4628,''),(4325,4629,''),(4326,4630,''),(4327,4631,''),(4328,4632,''),(4329,4633,''),(4330,4634,''),(4331,4635,''),(4332,4636,''),(4333,4637,''),(4334,4638,''),(4335,4639,''),(4336,4562,''),(4337,4563,''),(4338,4564,''),(4339,4565,''),(4340,4566,''),(4341,4567,''),(4342,4604,''),(4343,4605,''),(4344,4606,''),(4345,4607,''),(4346,4608,''),(4347,4609,''),(4348,4610,''),(4349,4611,''),(4652,5175,''),(4653,5176,''),(4654,5177,''),(4655,5178,''),(4656,5179,''),(4657,5180,''),(4658,5181,''),(4659,5182,''),(4660,5183,''),(4661,5184,''),(4662,5185,''),(4663,5186,''),(4664,5187,''),(4665,5188,''),(4666,5189,''),(4667,5190,''),(4668,5191,''),(4669,5192,'');
/*!40000 ALTER TABLE `LinkBackend` ENABLE KEYS */;
UNLOCK TABLES;

--
-- Temporary table structure for view `Location`
--

DROP TABLE IF EXISTS `Location`;
/*!50001 DROP VIEW IF EXISTS `Location`*/;
SET @saved_cs_client     = @@character_set_client;
SET character_set_client = utf8;
/*!50001 CREATE VIEW `Location` AS SELECT 
 1 AS `id`,
 1 AS `name`,
 1 AS `has_problems`,
 1 AS `comment`,
 1 AS `parent_id`,
 1 AS `parent_name`*/;
SET character_set_client = @saved_cs_client;

--
-- Table structure for table `Molecule`
--

DROP TABLE IF EXISTS `Molecule`;
/*!40101 SET @saved_cs_client     = @@character_set_client */;
/*!40101 SET character_set_client = utf8 */;
CREATE TABLE `Molecule` (
  `id` int(10) unsigned NOT NULL AUTO_INCREMENT,
  PRIMARY KEY (`id`)
) ENGINE=InnoDB AUTO_INCREMENT=445 DEFAULT CHARSET=utf8 COLLATE=utf8_unicode_ci;
/*!40101 SET character_set_client = @saved_cs_client */;

--
-- Dumping data for table `Molecule`
--

LOCK TABLES `Molecule` WRITE;
/*!40000 ALTER TABLE `Molecule` DISABLE KEYS */;
INSERT INTO `Molecule` VALUES (2),(4),(7),(8),(9),(10),(11),(12),(13),(14),(15),(16),(17),(18),(19),(20),(21),(22),(23),(24),(25),(26),(27),(28),(29),(30),(31),(32),(33),(34),(35),(36),(37),(38),(39),(40),(41),(42),(43),(44),(45),(46),(47),(48),(49),(50),(51),(52),(53),(54),(55),(56),(57),(58),(59),(60),(61),(62),(63),(64),(65),(66),(67),(68),(69),(70),(71),(72),(73),(74),(75),(76),(77),(78),(79),(80),(81),(82),(83),(84),(85),(86),(87),(88),(89),(90),(91),(92),(93),(94),(95),(96),(97),(98),(99),(100),(101),(102),(103),(104),(105),(106),(107),(108),(109),(110),(111),(112),(113),(114),(115),(116),(117),(118),(119),(120),(121),(122),(123),(124),(125),(126),(127),(128),(129),(130),(131),(132),(133),(134),(135),(136),(137),(138),(139),(140),(141),(142),(143),(144),(145),(146),(147),(148),(149),(150),(151),(152),(153),(154),(155),(156),(157),(158),(159),(160),(161),(162),(163),(164),(165),(166),(167),(168),(169),(170),(171),(172),(173),(174),(175),(176),(177),(178),(179),(180),(181),(182),(183),(184),(185),(186),(187),(188),(189),(190),(191),(192),(193),(194),(195),(196),(197),(198),(199),(200),(201),(202),(203),(204),(205),(206),(207),(208),(209),(210),(211),(212),(213),(214),(215),(216),(217),(218),(219),(220),(221),(222),(223),(224),(225),(226),(227),(228),(229),(230),(231),(232),(233),(234),(235),(236),(237),(238),(239),(240),(241),(242),(243),(244),(245),(246),(247),(248),(249),(250),(251),(252),(253),(254),(255),(256),(257),(258),(259),(260),(261),(262),(263),(264),(265),(266),(267),(268),(269),(270),(271),(272),(273),(274),(275),(276),(277),(278),(279),(280),(281),(282),(283),(284),(285),(286),(287),(288),(289),(290),(291),(292),(293),(294),(295),(296),(297),(298),(299),(300),(301),(302),(303),(304),(305),(306),(307),(308),(309),(310),(311),(312),(313),(314),(315),(316),(317),(318),(319),(320),(321),(322),(323),(324),(325),(326),(327),(328),(329),(330),(331),(332),(333),(334),(335),(336),(337),(338),(339),(340),(341),(342),(343),(344),(345),(346),(347),(348),(349),(350),(351),(352),(353),(354),(355),(356),(357),(358),(359),(360),(361),(362),(363),(364),(365),(366),(367),(368),(369),(370),(371),(372),(373),(374),(375),(376),(377),(378),(379),(380),(381),(382),(383),(384),(385),(386),(387),(388),(389),(390),(391),(392),(393),(394),(395),(396),(397),(398),(399),(400),(401),(402),(403),(404),(405),(406),(407),(408),(409),(410),(411),(412),(413),(414),(415),(416),(417),(418),(419),(420),(421),(422),(423),(424),(425),(426),(427),(428),(429),(430),(431),(432),(433),(434),(435),(436),(437),(438),(439),(440),(441),(442),(444);
/*!40000 ALTER TABLE `Molecule` ENABLE KEYS */;
UNLOCK TABLES;

--
-- Table structure for table `MountOperation`
--

DROP TABLE IF EXISTS `MountOperation`;
/*!40101 SET @saved_cs_client     = @@character_set_client */;
/*!40101 SET character_set_client = utf8 */;
CREATE TABLE `MountOperation` (
  `id` int(10) unsigned NOT NULL AUTO_INCREMENT,
  `object_id` int(10) unsigned NOT NULL DEFAULT '0',
  `ctime` timestamp NOT NULL DEFAULT CURRENT_TIMESTAMP ON UPDATE CURRENT_TIMESTAMP,
  `user_name` char(64) COLLATE utf8_unicode_ci DEFAULT NULL,
  `old_molecule_id` int(10) unsigned DEFAULT NULL,
  `new_molecule_id` int(10) unsigned DEFAULT NULL,
  `comment` text COLLATE utf8_unicode_ci,
  PRIMARY KEY (`id`),
  KEY `object_id` (`object_id`),
  KEY `MountOperation-FK-old_molecule_id` (`old_molecule_id`),
  KEY `MountOperation-FK-new_molecule_id` (`new_molecule_id`),
  CONSTRAINT `MountOperation-FK-new_molecule_id` FOREIGN KEY (`new_molecule_id`) REFERENCES `Molecule` (`id`) ON DELETE CASCADE,
  CONSTRAINT `MountOperation-FK-object_id` FOREIGN KEY (`object_id`) REFERENCES `Object` (`id`) ON DELETE CASCADE,
  CONSTRAINT `MountOperation-FK-old_molecule_id` FOREIGN KEY (`old_molecule_id`) REFERENCES `Molecule` (`id`) ON DELETE CASCADE
) ENGINE=InnoDB AUTO_INCREMENT=265 DEFAULT CHARSET=utf8 COLLATE=utf8_unicode_ci;
/*!40101 SET character_set_client = @saved_cs_client */;

--
-- Dumping data for table `MountOperation`
--

LOCK TABLES `MountOperation` WRITE;
/*!40000 ALTER TABLE `MountOperation` DISABLE KEYS */;
INSERT INTO `MountOperation` VALUES (5,186,'2018-02-19 10:52:01','RTadmin',NULL,7,NULL),(6,187,'2018-02-19 10:52:44','RTadmin',NULL,8,NULL),(7,188,'2018-02-19 10:54:27','RTadmin',NULL,9,NULL),(8,189,'2018-02-19 10:57:32','RTadmin',NULL,10,NULL),(9,190,'2018-02-19 10:57:55','RTadmin',NULL,11,NULL),(10,191,'2018-02-19 10:59:00','RTadmin',NULL,12,NULL),(11,180,'2018-02-19 10:59:27','RTadmin',NULL,13,NULL),(12,181,'2018-02-19 11:00:10','RTadmin',NULL,14,NULL),(13,182,'2018-02-19 11:00:34','RTadmin',NULL,15,NULL),(14,183,'2018-02-19 11:01:12','RTadmin',NULL,16,NULL),(15,184,'2018-02-19 11:01:34','RTadmin',NULL,17,NULL),(16,185,'2018-02-19 11:02:09','RTadmin',NULL,18,NULL),(17,195,'2018-02-19 11:06:10','RTadmin',NULL,19,NULL),(18,196,'2018-02-19 11:06:56','RTadmin',NULL,20,NULL),(19,197,'2018-02-19 11:09:03','RTadmin',NULL,21,NULL),(20,192,'2018-02-19 11:10:52','RTadmin',NULL,22,NULL),(21,193,'2018-02-19 11:11:22','RTadmin',NULL,23,NULL),(22,194,'2018-02-19 11:12:54','RTadmin',NULL,24,NULL),(23,198,'2018-02-19 15:52:17','RTadmin',NULL,25,NULL),(24,199,'2018-02-19 15:53:01','RTadmin',NULL,26,NULL),(25,200,'2018-02-20 09:01:07','RTadmin',NULL,27,NULL),(26,201,'2018-02-20 09:07:08','RTadmin',NULL,28,NULL),(27,202,'2018-02-20 09:08:20','RTadmin',NULL,29,NULL),(28,203,'2018-02-20 09:09:04','RTadmin',NULL,30,NULL),(29,208,'2018-02-20 09:24:52','RTadmin',31,32,NULL),(30,210,'2018-02-20 09:25:22','RTadmin',NULL,33,NULL),(31,222,'2018-02-20 09:54:33','RTadmin',NULL,34,NULL),(32,223,'2018-02-20 09:57:13','RTadmin',NULL,35,NULL),(33,237,'2018-02-20 12:10:20','RTadmin',NULL,36,NULL),(34,239,'2018-02-20 12:11:49','RTadmin',NULL,37,NULL),(35,240,'2018-02-20 12:12:13','RTadmin',NULL,38,NULL),(36,241,'2018-02-20 12:15:45','RTadmin',NULL,39,NULL),(37,238,'2018-02-20 12:16:47','RTadmin',NULL,40,NULL),(38,303,'2018-02-20 14:00:53','RTadmin',NULL,41,NULL),(39,304,'2018-02-20 14:04:46','RTadmin',NULL,42,NULL),(40,224,'2018-02-20 14:10:38','RTadmin',43,44,NULL),(41,305,'2018-02-20 14:12:11','RTadmin',NULL,45,NULL),(42,306,'2018-02-21 09:49:43','RTadmin',NULL,46,NULL),(43,307,'2018-02-21 09:51:33','RTadmin',NULL,47,NULL),(44,308,'2018-02-21 09:53:33','RTadmin',NULL,48,NULL),(45,309,'2018-02-21 09:56:05','RTadmin',NULL,49,NULL),(46,310,'2018-02-21 09:57:47','RTadmin',NULL,50,NULL),(47,311,'2018-02-21 09:59:16','RTadmin',NULL,51,NULL),(48,312,'2018-02-21 10:00:25','RTadmin',NULL,52,NULL),(49,313,'2018-02-21 10:01:21','RTadmin',NULL,53,NULL),(50,314,'2018-02-21 10:06:30','RTadmin',NULL,54,NULL),(51,315,'2018-02-21 10:09:04','RTadmin',NULL,55,NULL),(52,317,'2018-02-21 10:18:13','RTadmin',NULL,56,NULL),(53,318,'2018-02-21 10:21:41','RTadmin',NULL,57,NULL),(54,319,'2018-02-21 10:35:22','RTadmin',NULL,58,NULL),(55,326,'2018-02-21 10:50:10','RTadmin',NULL,59,NULL),(56,327,'2018-02-21 10:50:48','RTadmin',NULL,60,NULL),(57,328,'2018-02-21 10:51:44','RTadmin',NULL,61,NULL),(58,329,'2018-02-21 10:52:57','RTadmin',NULL,62,NULL),(59,330,'2018-02-21 10:53:32','RTadmin',NULL,63,NULL),(60,331,'2018-02-21 10:54:14','RTadmin',NULL,64,NULL),(61,332,'2018-02-21 10:55:35','RTadmin',NULL,65,NULL),(62,333,'2018-02-21 10:57:48','RTadmin',NULL,66,NULL),(63,334,'2018-02-21 10:58:53','RTadmin',NULL,67,NULL),(64,335,'2018-02-21 11:06:20','RTadmin',NULL,68,NULL),(65,336,'2018-02-21 11:08:40','RTadmin',NULL,69,NULL),(66,337,'2018-02-21 15:21:01','RTadmin',NULL,70,NULL),(67,338,'2018-02-21 15:32:49','RTadmin',NULL,71,NULL),(68,338,'2018-02-21 15:33:40','RTadmin',72,73,NULL),(69,339,'2018-02-21 15:47:59','RTadmin',NULL,74,NULL),(70,340,'2018-02-21 15:50:20','RTadmin',NULL,75,NULL),(71,339,'2018-02-21 15:58:32','RTadmin',76,77,NULL),(72,340,'2018-02-21 16:04:45','RTadmin',78,79,NULL),(73,341,'2018-02-21 16:05:43','RTadmin',NULL,80,NULL),(74,341,'2018-02-21 16:07:16','RTadmin',81,82,NULL),(75,342,'2018-02-21 16:08:49','RTadmin',NULL,83,NULL),(76,342,'2018-02-21 16:09:09','RTadmin',84,85,NULL),(77,224,'2018-02-22 08:30:27','RTadmin',86,87,NULL),(78,224,'2018-02-22 08:32:26','RTadmin',88,89,NULL),(79,343,'2018-02-22 08:40:32','RTadmin',NULL,90,NULL),(80,343,'2018-02-22 08:40:45','RTadmin',91,92,NULL),(81,224,'2018-02-22 08:43:46','RTadmin',93,94,NULL),(82,344,'2018-02-22 08:46:34','RTadmin',NULL,95,NULL),(83,345,'2018-02-22 08:48:10','RTadmin',NULL,96,NULL),(84,338,'2018-02-22 08:51:57','RTadmin',97,98,NULL),(85,338,'2018-02-22 08:52:19','RTadmin',99,100,NULL),(86,346,'2018-02-22 08:54:39','RTadmin',NULL,101,NULL),(87,346,'2018-02-22 08:54:52','RTadmin',102,103,NULL),(88,337,'2018-02-22 08:57:22','RTadmin',104,105,NULL),(89,345,'2018-02-22 09:13:08','RTadmin',106,107,NULL),(90,349,'2018-02-22 15:07:26','RTadmin',NULL,108,NULL),(91,350,'2018-02-22 15:10:20','RTadmin',NULL,109,NULL),(92,351,'2018-02-22 15:14:26','RTadmin',NULL,110,NULL),(93,351,'2018-02-22 15:14:48','RTadmin',111,112,NULL),(94,352,'2018-02-22 15:15:38','RTadmin',NULL,113,NULL),(95,353,'2018-02-22 15:16:16','RTadmin',NULL,114,NULL),(96,40,'2018-04-10 12:33:59','RTadmin',115,116,NULL),(97,41,'2018-04-10 15:00:59','RTadmin',117,118,NULL),(98,224,'2018-04-11 07:44:11','RTadmin',119,120,NULL),(99,42,'2018-04-11 07:44:21','RTadmin',121,122,NULL),(100,154,'2018-04-11 07:44:45','RTadmin',123,124,NULL),(101,154,'2018-04-11 07:45:13','RTadmin',125,126,NULL),(102,156,'2018-04-11 07:45:29','RTadmin',127,128,NULL),(103,155,'2018-04-11 07:45:37','RTadmin',129,130,NULL),(104,370,'2018-04-11 07:45:58','RTadmin',131,NULL,NULL),(105,204,'2018-04-11 07:47:30','RTadmin',132,133,NULL),(106,200,'2018-04-11 07:47:44','RTadmin',134,135,NULL),(107,202,'2018-04-11 07:47:52','RTadmin',136,137,NULL),(108,205,'2018-04-11 07:48:12','RTadmin',138,139,NULL),(109,207,'2018-04-11 07:48:31','RTadmin',140,141,NULL),(110,206,'2018-04-11 07:48:44','RTadmin',142,143,NULL),(111,45,'2018-04-11 07:49:40','RTadmin',144,145,NULL),(112,46,'2018-04-11 07:49:48','RTadmin',146,147,NULL),(113,160,'2018-04-11 07:50:03','RTadmin',148,149,NULL),(114,159,'2018-04-11 07:50:10','RTadmin',150,151,NULL),(115,163,'2018-04-11 07:50:28','RTadmin',152,153,NULL),(116,162,'2018-04-11 07:50:36','RTadmin',154,155,NULL),(117,161,'2018-04-11 07:50:43','RTadmin',156,157,NULL),(118,210,'2018-04-11 07:50:56','RTadmin',158,159,NULL),(119,209,'2018-04-11 07:51:07','RTadmin',160,161,NULL),(120,243,'2018-04-11 07:51:19','RTadmin',162,163,NULL),(121,242,'2018-04-11 07:51:30','RTadmin',164,165,NULL),(122,222,'2018-04-11 07:51:47','RTadmin',166,167,NULL),(123,222,'2018-04-11 07:52:02','RTadmin',168,169,NULL),(124,337,'2018-04-11 07:52:19','RTadmin',170,171,NULL),(125,247,'2018-04-11 07:52:52','RTadmin',172,173,NULL),(126,248,'2018-04-11 07:53:05','RTadmin',174,175,NULL),(127,251,'2018-04-11 07:53:37','RTadmin',176,177,NULL),(128,250,'2018-04-11 07:53:45','RTadmin',178,179,NULL),(129,254,'2018-04-11 07:53:57','RTadmin',180,181,NULL),(130,253,'2018-04-11 07:54:04','RTadmin',182,183,NULL),(131,340,'2018-04-11 07:54:46','RTadmin',184,185,NULL),(132,340,'2018-04-11 07:55:07','RTadmin',186,187,NULL),(133,224,'2018-04-11 07:57:07','RTadmin',188,189,NULL),(134,76,'2018-04-11 07:57:42','RTadmin',190,191,NULL),(135,77,'2018-04-11 07:57:49','RTadmin',192,193,NULL),(136,78,'2018-04-11 07:57:57','RTadmin',194,195,NULL),(137,306,'2018-04-11 07:58:11','RTadmin',196,197,NULL),(138,307,'2018-04-11 07:58:18','RTadmin',198,199,NULL),(139,352,'2018-04-11 07:58:32','RTadmin',200,201,NULL),(140,308,'2018-04-11 07:58:40','RTadmin',202,203,NULL),(141,312,'2018-04-11 07:58:52','RTadmin',204,205,NULL),(142,313,'2018-04-11 07:59:03','RTadmin',206,207,NULL),(143,351,'2018-04-11 07:59:19','RTadmin',208,209,NULL),(144,315,'2018-04-11 07:59:29','RTadmin',210,211,NULL),(145,81,'2018-04-11 07:59:47','RTadmin',212,213,NULL),(146,341,'2018-04-11 08:00:19','RTadmin',214,215,NULL),(147,257,'2018-04-11 08:00:29','RTadmin',216,217,NULL),(148,256,'2018-04-11 08:00:40','RTadmin',218,219,NULL),(149,349,'2018-04-11 08:00:54','RTadmin',220,221,NULL),(150,344,'2018-04-11 08:01:02','RTadmin',222,223,NULL),(151,343,'2018-04-11 08:01:21','RTadmin',224,225,NULL),(152,260,'2018-04-11 08:01:36','RTadmin',226,227,NULL),(153,262,'2018-04-11 08:01:49','RTadmin',228,229,NULL),(154,345,'2018-04-11 08:02:00','RTadmin',230,231,NULL),(155,83,'2018-04-11 08:02:53','RTadmin',232,233,NULL),(156,84,'2018-04-11 08:02:59','RTadmin',234,235,NULL),(157,225,'2018-04-11 08:03:08','RTadmin',236,237,NULL),(158,226,'2018-04-11 08:04:13','RTadmin',238,239,NULL),(159,227,'2018-04-11 08:04:21','RTadmin',240,241,NULL),(160,338,'2018-04-11 08:04:55','RTadmin',242,243,NULL),(161,211,'2018-04-11 08:05:18','RTadmin',244,245,NULL),(162,234,'2018-04-11 08:05:32','RTadmin',246,247,NULL),(163,212,'2018-04-11 08:05:42','RTadmin',248,249,NULL),(164,233,'2018-04-11 08:05:56','RTadmin',250,251,NULL),(165,230,'2018-04-11 08:06:10','RTadmin',252,253,NULL),(166,229,'2018-04-11 08:06:16','RTadmin',254,255,NULL),(167,87,'2018-04-11 08:06:39','RTadmin',256,257,NULL),(168,237,'2018-04-11 08:07:24','RTadmin',258,259,NULL),(169,198,'2018-04-11 08:08:49','RTadmin',260,261,NULL),(170,88,'2018-04-11 08:08:59','RTadmin',262,263,NULL),(171,264,'2018-04-11 08:10:52','RTadmin',264,265,NULL),(172,266,'2018-04-11 08:11:04','RTadmin',266,267,NULL),(173,265,'2018-04-11 08:11:10','RTadmin',268,269,NULL),(174,270,'2018-04-11 08:13:10','RTadmin',270,271,NULL),(175,269,'2018-04-11 08:13:18','RTadmin',272,273,NULL),(176,239,'2018-04-11 08:13:29','RTadmin',274,275,NULL),(177,239,'2018-04-11 08:13:42','RTadmin',276,277,NULL),(178,240,'2018-04-11 08:13:53','RTadmin',278,279,NULL),(179,93,'2018-04-11 08:14:49','RTadmin',280,281,NULL),(180,95,'2018-04-11 08:15:21','RTadmin',282,283,NULL),(181,258,'2018-04-11 08:15:49','RTadmin',284,285,NULL),(182,91,'2018-04-11 08:16:33','RTadmin',286,287,NULL),(183,98,'2018-04-11 08:17:14','RTadmin',288,289,NULL),(184,99,'2018-04-11 08:17:22','RTadmin',290,291,NULL),(185,168,'2018-04-11 08:17:39','RTadmin',292,293,NULL),(186,169,'2018-04-11 08:17:49','RTadmin',294,295,NULL),(187,201,'2018-04-11 08:18:00','RTadmin',296,297,NULL),(188,203,'2018-04-11 08:18:07','RTadmin',298,299,NULL),(189,213,'2018-04-11 08:18:17','RTadmin',300,301,NULL),(190,214,'2018-04-11 08:18:29','RTadmin',302,303,NULL),(191,216,'2018-04-11 08:18:41','RTadmin',304,305,NULL),(192,215,'2018-04-11 08:18:55','RTadmin',306,307,NULL),(193,102,'2018-04-11 08:19:09','RTadmin',308,309,NULL),(194,103,'2018-04-11 08:19:14','RTadmin',310,311,NULL),(195,96,'2018-04-11 08:19:24','RTadmin',312,313,NULL),(196,172,'2018-04-11 08:19:32','RTadmin',314,315,NULL),(197,173,'2018-04-11 08:19:38','RTadmin',316,317,NULL),(198,176,'2018-04-11 08:19:53','RTadmin',318,319,NULL),(199,175,'2018-04-11 08:20:00','RTadmin',320,321,NULL),(200,176,'2018-04-11 08:20:15','RTadmin',322,323,NULL),(201,174,'2018-04-11 08:20:21','RTadmin',324,325,NULL),(202,219,'2018-04-11 08:20:31','RTadmin',326,327,NULL),(203,218,'2018-04-11 08:20:39','RTadmin',328,329,NULL),(204,272,'2018-04-11 08:20:57','RTadmin',330,331,NULL),(205,271,'2018-04-11 08:21:19','RTadmin',332,333,NULL),(206,223,'2018-04-11 08:21:35','RTadmin',334,335,NULL),(207,276,'2018-04-11 08:21:51','RTadmin',336,337,NULL),(208,277,'2018-04-11 08:21:59','RTadmin',338,339,NULL),(209,320,'2018-04-11 08:22:30','RTadmin',340,341,NULL),(210,321,'2018-04-11 08:22:37','RTadmin',342,343,NULL),(211,323,'2018-04-11 08:22:51','RTadmin',344,345,NULL),(212,324,'2018-04-11 08:22:58','RTadmin',346,347,NULL),(213,133,'2018-04-11 08:23:15','RTadmin',348,349,NULL),(214,134,'2018-04-11 08:23:22','RTadmin',350,351,NULL),(215,135,'2018-04-11 08:23:28','RTadmin',352,353,NULL),(216,303,'2018-04-11 08:23:39','RTadmin',354,355,NULL),(217,304,'2018-04-11 08:23:45','RTadmin',356,357,NULL),(218,353,'2018-04-11 08:23:56','RTadmin',358,359,NULL),(219,305,'2018-04-11 08:24:11','RTadmin',360,361,NULL),(220,330,'2018-04-11 08:24:29','RTadmin',362,363,NULL),(221,329,'2018-04-11 08:24:40','RTadmin',364,365,NULL),(222,332,'2018-04-11 08:24:53','RTadmin',366,367,NULL),(223,138,'2018-04-11 08:25:04','RTadmin',368,369,NULL),(224,279,'2018-04-11 08:25:18','RTadmin',370,371,NULL),(225,280,'2018-04-11 08:25:51','RTadmin',372,373,NULL),(226,282,'2018-04-11 08:26:01','RTadmin',374,375,NULL),(227,284,'2018-04-11 08:26:11','RTadmin',376,377,NULL),(228,139,'2018-04-11 08:26:21','RTadmin',378,379,NULL),(229,141,'2018-04-11 08:26:28','RTadmin',380,381,NULL),(230,285,'2018-04-11 08:26:39','RTadmin',382,383,NULL),(231,286,'2018-04-11 08:26:49','RTadmin',384,385,NULL),(232,287,'2018-04-11 08:26:57','RTadmin',386,387,NULL),(233,289,'2018-04-11 08:27:10','RTadmin',388,389,NULL),(234,288,'2018-04-11 08:27:16','RTadmin',390,391,NULL),(235,292,'2018-04-11 08:27:30','RTadmin',392,393,NULL),(236,220,'2018-04-11 08:27:39','RTadmin',394,395,NULL),(237,221,'2018-04-11 08:27:49','RTadmin',396,397,NULL),(238,144,'2018-04-11 08:28:02','RTadmin',398,399,NULL),(239,238,'2018-04-11 08:28:25','RTadmin',400,401,NULL),(240,145,'2018-04-11 08:28:43','RTadmin',402,403,NULL),(241,199,'2018-04-11 08:29:13','RTadmin',404,405,NULL),(242,148,'2018-04-11 08:29:26','RTadmin',406,407,NULL),(243,296,'2018-04-11 08:29:36','RTadmin',408,409,NULL),(244,298,'2018-04-11 08:30:11','RTadmin',410,411,NULL),(245,297,'2018-04-11 08:30:18','RTadmin',412,413,NULL),(246,301,'2018-04-11 08:30:38','RTadmin',414,415,NULL),(247,241,'2018-04-11 08:30:47','RTadmin',416,417,NULL),(248,150,'2018-04-11 08:31:07','RTadmin',418,419,NULL),(249,152,'2018-04-11 08:31:39','RTadmin',420,421,NULL),(250,414,'2018-04-11 12:07:34','RTadmin',422,423,NULL),(251,451,'2018-04-11 12:08:26','RTadmin',NULL,424,NULL),(252,434,'2018-04-12 07:48:46','RTadmin',425,426,NULL),(253,452,'2018-04-12 07:49:53','RTadmin',NULL,427,NULL),(254,328,'2018-04-12 08:13:43','RTadmin',428,429,NULL),(255,224,'2018-04-12 08:14:19','RTadmin',430,431,NULL),(256,499,'2018-04-12 08:14:44','RTadmin',432,433,NULL),(257,500,'2018-04-12 08:15:03','RTadmin',434,435,NULL),(258,501,'2018-04-12 08:15:21','RTadmin',436,437,NULL),(259,546,'2018-04-12 08:16:18','RTadmin',NULL,438,NULL),(260,547,'2018-04-12 08:16:46','RTadmin',NULL,439,NULL),(261,548,'2018-04-12 08:17:07','RTadmin',NULL,440,NULL),(262,238,'2018-04-12 08:26:43','RTadmin',441,442,NULL);
/*!40000 ALTER TABLE `MountOperation` ENABLE KEYS */;
UNLOCK TABLES;

--
-- Table structure for table `MuninGraph`
--

DROP TABLE IF EXISTS `MuninGraph`;
/*!40101 SET @saved_cs_client     = @@character_set_client */;
/*!40101 SET character_set_client = utf8 */;
CREATE TABLE `MuninGraph` (
  `object_id` int(10) unsigned NOT NULL,
  `server_id` int(10) unsigned NOT NULL,
  `graph` char(255) COLLATE utf8_unicode_ci NOT NULL,
  `caption` char(255) COLLATE utf8_unicode_ci DEFAULT NULL,
  PRIMARY KEY (`object_id`,`server_id`,`graph`),
  KEY `server_id` (`server_id`),
  KEY `graph` (`graph`),
  CONSTRAINT `MuninGraph-FK-object_id` FOREIGN KEY (`object_id`) REFERENCES `Object` (`id`) ON DELETE CASCADE,
  CONSTRAINT `MuninGraph-FK-server_id` FOREIGN KEY (`server_id`) REFERENCES `MuninServer` (`id`)
) ENGINE=InnoDB DEFAULT CHARSET=utf8 COLLATE=utf8_unicode_ci;
/*!40101 SET character_set_client = @saved_cs_client */;

--
-- Dumping data for table `MuninGraph`
--

LOCK TABLES `MuninGraph` WRITE;
/*!40000 ALTER TABLE `MuninGraph` DISABLE KEYS */;
/*!40000 ALTER TABLE `MuninGraph` ENABLE KEYS */;
UNLOCK TABLES;

--
-- Table structure for table `MuninServer`
--

DROP TABLE IF EXISTS `MuninServer`;
/*!40101 SET @saved_cs_client     = @@character_set_client */;
/*!40101 SET character_set_client = utf8 */;
CREATE TABLE `MuninServer` (
  `id` int(10) unsigned NOT NULL AUTO_INCREMENT,
  `base_url` char(255) COLLATE utf8_unicode_ci DEFAULT NULL,
  PRIMARY KEY (`id`)
) ENGINE=InnoDB DEFAULT CHARSET=utf8 COLLATE=utf8_unicode_ci;
/*!40101 SET character_set_client = @saved_cs_client */;

--
-- Dumping data for table `MuninServer`
--

LOCK TABLES `MuninServer` WRITE;
/*!40000 ALTER TABLE `MuninServer` DISABLE KEYS */;
/*!40000 ALTER TABLE `MuninServer` ENABLE KEYS */;
UNLOCK TABLES;

--
-- Table structure for table `Object`
--

DROP TABLE IF EXISTS `Object`;
/*!40101 SET @saved_cs_client     = @@character_set_client */;
/*!40101 SET character_set_client = utf8 */;
CREATE TABLE `Object` (
  `id` int(10) unsigned NOT NULL AUTO_INCREMENT,
  `name` char(255) COLLATE utf8_unicode_ci DEFAULT NULL,
  `label` char(255) COLLATE utf8_unicode_ci DEFAULT NULL,
  `objtype_id` int(10) unsigned NOT NULL DEFAULT '1',
  `asset_no` char(64) COLLATE utf8_unicode_ci DEFAULT NULL,
  `has_problems` enum('yes','no') COLLATE utf8_unicode_ci NOT NULL DEFAULT 'no',
  `comment` text COLLATE utf8_unicode_ci,
  PRIMARY KEY (`id`),
  UNIQUE KEY `asset_no` (`asset_no`),
  KEY `id-tid` (`id`,`objtype_id`),
  KEY `type_id` (`objtype_id`,`id`)
) ENGINE=InnoDB AUTO_INCREMENT=592 DEFAULT CHARSET=utf8 COLLATE=utf8_unicode_ci;
/*!40101 SET character_set_client = @saved_cs_client */;

--
-- Dumping data for table `Object`
--

LOCK TABLES `Object` WRITE;
/*!40000 ALTER TABLE `Object` DISABLE KEYS */;
INSERT INTO `Object` VALUES (2,'Seine-Saint-Denis',NULL,1562,NULL,'no',NULL),(3,'Salle PA3',NULL,1561,NULL,'no',NULL),(4,'PA3-Rack 101',NULL,1560,NULL,'no',NULL),(5,'PA3-Rack 102',NULL,1560,NULL,'no',NULL),(6,'PA3-Rack 103',NULL,1560,NULL,'no',NULL),(7,'PA3-Rack 104',NULL,1560,NULL,'no',NULL),(8,'PA3-Rack 105',NULL,1560,NULL,'no',NULL),(9,'PA3-Rack 106',NULL,1560,NULL,'no',NULL),(10,'PA3-Rack 201',NULL,1560,NULL,'no',NULL),(11,'PA3-Rack 202',NULL,1560,NULL,'no',NULL),(12,'PA3-Rack 203',NULL,1560,NULL,'no',NULL),(13,'PA3-Rack 204',NULL,1560,NULL,'no',NULL),(14,'PA3-Rack 205',NULL,1560,NULL,'no',NULL),(15,'PA3-Rack 206',NULL,1560,NULL,'no',NULL),(16,'Pantin',NULL,1562,NULL,'no',NULL),(17,'Salle PA4',NULL,1561,NULL,'no',NULL),(18,'PA4-Rack 101',NULL,1560,NULL,'no',NULL),(19,'PA4-Rack 102',NULL,1560,NULL,'no',NULL),(20,'PA4-Rack 103',NULL,1560,NULL,'no',NULL),(21,'PA4-Rack 104',NULL,1560,NULL,'no',NULL),(22,'PA4-Rack 105',NULL,1560,NULL,'no',NULL),(23,'PA4-Rack 106',NULL,1560,NULL,'no',NULL),(24,'PA4-Rack 201',NULL,1560,NULL,'no',NULL),(25,'PA4-Rack 202',NULL,1560,NULL,'no',NULL),(26,'PA4-Rack 203',NULL,1560,NULL,'no',NULL),(27,'PA4-Rack 204',NULL,1560,NULL,'no',NULL),(28,'PA4-Rack 205',NULL,1560,NULL,'no',NULL),(29,'PA4-Rack 206',NULL,1560,NULL,'no',NULL),(40,'PA3-Cabling C1-1',NULL,9,NULL,'no','18 Copper RJ45 Cat 6. vers 104'),(41,'PA3-Cabling C2-1',NULL,9,NULL,'no','18 Copper RJ45 Cat 6. vers 104'),(42,'PA3-Cabling F1-1',NULL,9,NULL,'no','42 Fiber OM3 LC/LC vers 103'),(43,'PA3-Cabling F12-1',NULL,9,NULL,'no',NULL),(44,'PA3-Cabling C3-1',NULL,9,NULL,'no','18 Copper RJ45 Cat 6. vers 104'),(45,'PA3-Cabling C4-1',NULL,9,NULL,'no','18 Copper RJ45 Cat 6. vers 104'),(46,'PA3-Cabling F2-1',NULL,9,NULL,'no','42 Fiber OM3 LC/LC vers 103'),(47,'PA3-Cabling F12-2 / F13-1 / F14-1',NULL,9,NULL,'no','F12-2 : 12 ports \nF13-1 : 6 ports\nF14-1 : 12 ports \n'),(50,'PA3-Cabling F11-1 / F13-2',NULL,9,NULL,'no','F11-1 : 18 ports\nF13-2 : 6 ports\n18 Fiber OM3 LC/LC vers 104\n'),(52,'PA3-Cabling F12-3',NULL,9,NULL,'no','12 Fiber OS2 vers MMRa EQX'),(53,'PA3-Cabling F12-4',NULL,9,NULL,'no','12 Fiber OS2 vers MMRb EQX'),(54,'PA3-Cabling F1-2',NULL,9,NULL,'no','42 Fiber OM3 LC/LC vers 101'),(55,'PA3-Cabling F2-2',NULL,9,NULL,'no','42 Fiber OM3 LC/LC vers 102'),(56,'PA3-Cabling F3-1',NULL,9,NULL,'no','36 Fiber OM3 LC/LC vers 105'),(57,'PA3-Cabling F4-1',NULL,9,NULL,'no','6 Fiber OM3 LC/LC vers 106'),(58,'PA3-Cabling F5-1',NULL,9,NULL,'no','6 Fiber OM3 LC/LC vers 201'),(59,'PA3-Cabling F6-1',NULL,9,NULL,'no','6 Fiber OM3 LC/LC vers 202'),(60,'PA3-Cabling F7-1',NULL,9,NULL,'no','12 Fiber OM3 LC/LC vers 203'),(61,'PA3-Cabling F8-1',NULL,9,NULL,'no','12 Fiber OM3 LC/LC vers 204'),(62,'PA3-Cabling F9-1',NULL,9,NULL,'no','Fiber OM3 LC/LC en prvision'),(63,'PA3-Cabling F10-1',NULL,9,NULL,'no','Fiber OM3 LC/LC en prvision'),(64,'PA3-Cabling F11-2',NULL,9,NULL,'no','18 Fiber OM3 LC/LC vers 103'),(65,'PA3-Cabling C1-2',NULL,9,NULL,'no','18 Copper RJ45 Cat 6. vers 101'),(66,'PA3-Cabling C2-2',NULL,9,NULL,'no','18 Copper RJ45 Cat 6. vers 101\n'),(67,'PA3-Cabling C3-2',NULL,9,NULL,'no','18 Copper RJ45 Cat 6. vers 102'),(68,'PA3-Cabling C4-2',NULL,9,NULL,'no','18 Copper RJ45 Cat 6. vers 102'),(69,'PA3-Cabling C5-1',NULL,9,NULL,'no','24 Copper RJ45 Cat 6. vers 106'),(70,'PA3-Cabling C6-1',NULL,9,NULL,'no','24 Copper RJ45 Cat 6. vers 201'),(71,'PA3-Cabling C7-1',NULL,9,NULL,'no','24 Copper RJ45 Cat 6. vers 201'),(72,'PA3-Cabling CP1-1',NULL,9,NULL,'no','12 Copper RJ45 Cat 6. vers 105\n12 Copper RJ45 Cat 6. vers 204'),(73,'PA3-Cabling CP2-1',NULL,9,NULL,'no','6 Copper RJ45 Cat 6. vers 202\n12 Copper RJ45 Cat 6. vers 203'),(74,'PA3-Cabling C8-1',NULL,9,NULL,'no','Copper RJ45 Cat 6. en prvision'),(75,'PA3-Cabling CP1-2',NULL,9,NULL,'no','12 Copper RJ45 Cat 6. vers 104'),(76,'PA3-Cabling F13-3',NULL,9,NULL,'no','12 Fiber OS2 vers MMRa EQX '),(77,'PA3-Cabling F13-4',NULL,9,NULL,'no','12 Fiber OS2 vers MMRb EQX '),(78,'PA3-Cabling C14-1',NULL,9,NULL,'no','4 Copper vers MDF2 (PA4) et vers ??? (PA3) EQX '),(79,'PA3-Cabling F3-2',NULL,9,NULL,'no','36 Fiber OM3 LC/LC vers 103'),(80,'PA3-Cabling C5-2',NULL,9,NULL,'no','24 Copper RJ45 Cat 6. vers 104'),(81,'PA3-Cabling F4-2',NULL,9,NULL,'no','6 Fiber OM3 LC/LC vers 103'),(82,'PA3-Cabling C7-2',NULL,9,NULL,'no','24 Copper RJ45 Cat 6. vers 104'),(83,'PA3-Cabling C6-2',NULL,9,NULL,'no','24 Copper RJ45 Cat 6. vers 104'),(84,'PA3-Cabling F5-2 / F14-2',NULL,9,NULL,'no','6 Fiber OM3 LC/LC vers 103\nF5-2 : 18 ports\nF14-2 : 12 ports'),(86,'PA3-Cabling CP2-2',NULL,9,NULL,'no','6 Copper RJ45 Cat 6. vers 104'),(87,'PA3-Cabling F6-2',NULL,9,NULL,'no','12 Fiber OM3 LC/LC vers 103'),(88,'PA3-Cabling CP2-3 / F7-2',NULL,9,NULL,'no','12 Copper RJ45 Cat 6. vers 104\n12 Fiber OM3 LC/LC vers 103\nCP2-3 : 12 ports\nF7-2 : 12 ports'),(90,'PA3-Cabling CP1-3',NULL,9,NULL,'no','12 Copper RJ45 Cat 6. vers 104'),(91,'PA3-Cabling F8-2',NULL,9,NULL,'no','12 Fiber OM3 LC/LC vers 103'),(92,'PA3-Cabling C8-2',NULL,9,NULL,'no','Copper RJ45 Cat 6 en prevision'),(93,'PA3-Cabling F9-2',NULL,9,NULL,'no','Fiber OM3 LC/LC en prevision'),(94,'PA3-CablingC9-1',NULL,9,NULL,'no','Copper RJ45 Cat 6 en prevision'),(95,'PA3-Cabling F10-2',NULL,9,NULL,'no','Fiber OM3 LC/LC en prevision'),(96,'Pass fibre',NULL,10,NULL,'no',NULL),(97,'PA4-Cabling C1-1',NULL,9,NULL,'no','18 Copper RJ45 Cat 6. vers 104'),(98,'PA4-Cabling C2-1',NULL,9,NULL,'no','18 Copper RJ45 Cat 6. vers 104'),(99,'PA4-Cabling F1-1',NULL,9,NULL,'no','42 Fiber OM3 LC/LC vers 103'),(100,'PA4-Cabling F12-1',NULL,9,NULL,'no',NULL),(101,'PA4-Cabling C3-1',NULL,9,NULL,'no','18 Copper RJ45 Cat 6. vers 104'),(102,'PA4-Cabling C4-1',NULL,9,NULL,'no','18 Copper RJ45 Cat 6. vers 104'),(103,'PA4-Cabling F2-1',NULL,9,NULL,'no','42 Fiber OM3 LC/LC vers 103'),(104,'PA4-Cabling F12-2 / F13-1 / F14-1',NULL,9,NULL,'no','F12-1 : 12 ports\nF13-1 : 6 ports\nF14-1 : 12 ports\n'),(107,'PA4-Cabling F11-1 / F13-2',NULL,9,NULL,'no','18 Fiber OM3 LC/LC vers 104\nF11-1 : 18 ports\nF13-2 : 6 ports'),(109,'PA4-Cabling F12-3',NULL,9,NULL,'no','12 Fiber OS2 vers MMRa EQX'),(110,'PA4-Cabling F12-4',NULL,9,NULL,'no','12 Fiber OS2 vers MMRb EQX'),(111,'PA4-Cabling F1-2',NULL,9,NULL,'no','42 Fiber OM3 LC/LC vers 101'),(112,'PA4-Cabling F2-2',NULL,9,NULL,'no','42 Fiber OM3 LC/LC vers 102'),(113,'PA4-Cabling F3-1',NULL,9,NULL,'no','36 Fiber OM3 LC/LC vers 105'),(114,'PA4-Cabling F4-1',NULL,9,NULL,'no','6 Fiber OM3 LC/LC vers 106'),(115,'PA4-Cabling F5-1',NULL,9,NULL,'no','6 Fiber OM3 LC/LC vers 201'),(116,'PA4-Cabling F6-1',NULL,9,NULL,'no','12 Fiber OM3 LC/LC vers 202'),(117,'PA4-Cabling F7-1',NULL,9,NULL,'no','12 Fiber OM3 LC/LC vers 203'),(118,'PA4-Cabling F8-1',NULL,9,NULL,'no','12 Fiber OM3 LC/LC vers 204'),(119,'PA4-Cabling F9-1',NULL,9,NULL,'no',' Fiber OM3 LC/LC en prevision'),(120,'PA4-Cabling F10-1',NULL,9,NULL,'no',' Fiber OM3 LC/LC en prevision'),(121,'PA4-Cabling F11-2',NULL,9,NULL,'no','18 Fiber OM3 LC/LC vers 103'),(122,'PA4-Cabling C1-2',NULL,9,NULL,'no','18 Copper RJ45 Cat 6. vers 101'),(123,'PA4-Cabling C2-2',NULL,9,NULL,'no','18 Copper RJ45 Cat 6. vers 101'),(124,'PA4-Cabling C3-2',NULL,9,NULL,'no','18 Copper RJ45 Cat 6. vers 102'),(125,'PA4-Cabling C4-2',NULL,9,NULL,'no','18 Copper RJ45 Cat 6. vers 102'),(126,'PA4-Cabling C5-1',NULL,9,NULL,'no','24 Copper RJ45 Cat 6. vers 106\n'),(127,'PA4-Cabling C6-1',NULL,9,NULL,'no','18 Copper RJ45 Cat 6. vers 201'),(128,'PA4-Cabling C7-1',NULL,9,NULL,'no','24 Copper RJ45 Cat 6. vers 201'),(129,'PA4-Cabling CP1-1',NULL,9,NULL,'no','12 Copper RJ45 Cat 6. vers 105\n12 Copper RJ45 Cat 6. vers 204'),(130,'PA4-Cabling CP2-1',NULL,9,NULL,'no','6 Copper RJ45 Cat 6. vers 202\n12 Copper RJ45 Cat 6. vers 203'),(131,'PA4-Cabling C8-1',NULL,9,NULL,'no','Copper RJ45 Cat 6. en prevision'),(132,'PA4-Cabling CP1-2',NULL,9,NULL,'no','12 Copper RJ45 Cat 6. vers 104'),(133,'PA4-Cabling F13-3',NULL,9,NULL,'no','12 Fiber OS2 vers MMRa EQX '),(134,'PA4-Cabling F13-4',NULL,9,NULL,'no','12 Fiber OS2 vers MMRb EQX '),(135,'PA4-Cabling C14-1',NULL,9,NULL,'no','4 Copper vers MDF2 (PA4) et vers ??? (PA3) EQX '),(136,'PA4-Cabling F3-2',NULL,9,NULL,'no','36 Fiber OM3 LC/LC vers 103'),(137,'PA4-Cabling C5-2',NULL,9,NULL,'no','24 Copper RJ45 Cat 6. vers 104'),(138,'PA4-Cabling F4-2',NULL,9,NULL,'no','6 Fiber OM3 LC/LC vers 103'),(139,'PA4-Cabling C7-2',NULL,9,NULL,'no','24 Copper RJ45 Cat 6. vers 104'),(140,'PA4-Cabling C6-2',NULL,9,NULL,'no','24 Copper RJ45 Cat 6. vers 104'),(141,'PA4-Cabling F5-2 / F14-2',NULL,9,NULL,'no','6 Fiber OM3 LC/LC vers 103\nF5-2 : 18 ports\nF14-2 : 12 ports'),(143,'PA4-Cabling CP2-2',NULL,9,NULL,'no','6 Copper RJ45 Cat 6. vers 104'),(144,'PA4-Cabling F6-2',NULL,9,NULL,'no','12 Fiber OM3 LC/LC vers 103'),(145,'PA4-Cabling CP2-3 / F7-2',NULL,9,NULL,'no','12 Copper RJ45 Cat 6. vers 104\nCP2-3 : 12 ports\nF7-2 : 12 ports'),(147,'PA4-Cabling CP1-3',NULL,9,NULL,'no','12 Copper RJ45 Cat 6. vers 104'),(148,'PA4-Cabling F8-2',NULL,9,NULL,'no','12 Fiber OM3 LC/LC vers 103'),(149,'PA4-Cabling C8-2',NULL,9,NULL,'no','Copper RJ45 Cat 6 en prevision'),(150,'PA4-Cabling F9-2',NULL,9,NULL,'no','Fiber OM3 LC/LC en prevision'),(151,'PA4-Cabling C9-1',NULL,9,NULL,'no','Copper RJ45 Cat 6 en prevision'),(152,'PA4-Cabling F10-2',NULL,9,NULL,'no','Fiber OM3 LC/LC en prevision'),(154,'Nutanix SE04E440',NULL,4,'SE04E440','no',NULL),(155,'Nutanix SE04T077',NULL,4,'SE04T077','no',NULL),(156,'Nutanix SE06Y803',NULL,4,NULL,'no','SNMP:172.16.20.103:v2c:public\n'),(157,'Nutanix SE07V166',NULL,4,'SE07V166','no',NULL),(158,'Nutanix SE00E821',NULL,4,'SE00E821','no',NULL),(159,'Nutanix SE00V332',NULL,4,NULL,'no','SNMP:172.16.20.153:v2c:public\n'),(160,'Nutanix SE00S562',NULL,4,'SE00S562','no',NULL),(161,'Nutanix SE04A407',NULL,4,'SE04A407','no',NULL),(162,'Nutanix SE05A854',NULL,4,'SE05A854','no',NULL),(163,'Nutanix SE06Q143',NULL,4,'SE06Q143','no',NULL),(164,'Nutanix SE07R689',NULL,4,'SE07R689','no',NULL),(165,'Nutanix SE02W444',NULL,4,'SE02W444','no',NULL),(166,'Nutanix SE06S085',NULL,4,'SE06S085','no','\n'),(167,'Nutanix SE00G627',NULL,4,'SE00G627','no',NULL),(168,'Nutanix SE00P908',NULL,4,'SE00P908','no',NULL),(169,'Nutanix SE01J248',NULL,4,'SE01J248','no',NULL),(170,'Nutanix SE02X977',NULL,4,'SE02X977','no',NULL),(171,'Nutanix SE03C255',NULL,4,'SE03C255','no',NULL),(172,'Nutanix SE08K683',NULL,4,'SE08K683','no',NULL),(173,'Nutanix SE03G978',NULL,4,'SE03G978','no',NULL),(174,'Nutanix SE03H888',NULL,4,'SE03H888','no',NULL),(175,'Nutanix SE07K778',NULL,4,'SE07K778','no',NULL),(176,'Nutanix SE08L917',NULL,4,'SE08L917','no',NULL),(177,'Nutanix SE09P421',NULL,4,'SE09P421','no',NULL),(178,'Nutanix SE05Z023',NULL,4,'SE05Z023','no',NULL),(179,'Nutanix SE07Q955',NULL,4,'SE07Q955','no',NULL),(180,'PA4-101-Switch KVM + LCD',NULL,445,NULL,'no','Avec cran ATEN KL1516AM'),(181,'PA4-102-Switch KVM + LCD',NULL,445,NULL,'no','Avec cran ATEN KL1516AM'),(182,'PA4-106-Switch KVM + LCD',NULL,445,NULL,'no','Avec cran ATEN KL1516AM'),(183,'PA4-201-Switch KVM + LCD',NULL,445,NULL,'no','Avec cran ATEN KL1516AM'),(184,'PA4-202-Switch KVM + LCD',NULL,445,NULL,'no','Avec cran ATEN KL1516AM'),(185,'PA4-204-Switch KVM + LCD',NULL,445,NULL,'no','Avec cran ATEN KL1516AM'),(186,'PA3-101-Switch KVM + LCD',NULL,445,NULL,'no','Avec cran ATEN KL1516AM'),(187,'PA3-102-Switch KVM + LCD',NULL,445,NULL,'no','Avec cran ATEN KL1516AM'),(188,'PA3-106-Switch KVM + LCD',NULL,445,NULL,'no','Avec cran ATEN KL1516AM'),(189,'PA3-201-Switch KVM + LCD',NULL,445,NULL,'no','Avec cran ATEN KL1516AM'),(190,'PA3-202-Switch KVM + LCD',NULL,445,NULL,'no','Avec cran ATEN KL1516AM'),(191,'PA3-204-Switch KVM + LCD',NULL,445,NULL,'no','Avec cran ATEN KL1516AM'),(192,'PA4-106-Switch KVM',NULL,445,NULL,'no','Li au switch KVM PA4-106-Switch KVM + LCD'),(193,'PA4-201-Switch KVM',NULL,445,NULL,'no','Li au switch KVM PA4-201-Switch KVM + LCD'),(194,'PA4-204-Switch KVM',NULL,445,NULL,'no','Li au switch KVM PA4-204-Switch KVM + LCD'),(195,'PA3-106-Switch KVM',NULL,445,NULL,'no','Li au switch KVM PA3-106-Switch KVM + LCD'),(196,'PA3-201-Switch KVM',NULL,445,NULL,'no','Li au switch KVM PA3-201-Switch KVM + LCD'),(197,'PA3-204-Switch KVM',NULL,445,NULL,'no','Li au switch KVM PA3-204-Switch KVM + LCD'),(198,'PA3-203-Exadata',NULL,4,'Exadata PA3','no','Watt normal : 6700\nWatt max : 9500\nBTU/h normal : 22 829\nBTU/h max : 32 614\n'),(199,'PA4-203-Exadata',NULL,4,'Exadata PA4','no','Watt normal : 6700\nWatt max : 9500\nBTU/h normal : 22 829\nBTU/h max : 32 614\n'),(200,'P8-HMC-PA3',NULL,1787,NULL,'no',NULL),(201,'P8-HMC-PA4',NULL,1787,NULL,'no',NULL),(202,'P8-Display-PA3',NULL,1787,NULL,'no','Ecran HMC 7316-TF4'),(203,'P8-Display-PA4',NULL,1787,NULL,'no','Ecran HMC 7316-TF4'),(204,'P8-S824 SX03V579',NULL,4,'SX03V579','no',NULL),(205,'P8-S824+ SX03A643',NULL,4,'SX03A643','no',NULL),(206,'P8-S824 SX03N189',NULL,4,'SX03N189','no',NULL),(207,'P8-S824+ SX05H417',NULL,4,'SX05H417','no',NULL),(208,'P8-S824 SX06T649',NULL,4,'SX06T649','no',NULL),(209,'P8-EXP-PA3',NULL,4,'Extension EXP24S (#5887)-PA3','no',NULL),(210,'P8-S824+ SX03V173',NULL,4,'SX03V173','no',NULL),(211,'P8-S824 SX04P280',NULL,4,'SX04P280','no',NULL),(212,'P8-S824+ SX05R532',NULL,4,'SX05R532','no',NULL),(213,'P8-S824+ SX00H921',NULL,4,'SX00H921','no',NULL),(214,'P8-S824 SX07N350',NULL,4,'SX07N350','no',NULL),(215,'P8-S824+ SX02P903',NULL,4,'SX02P903','no',NULL),(216,'P8-S824 SX06R180',NULL,4,'SX06R180','no',NULL),(217,'P8-S824 SX01P931',NULL,4,'SX01P931','no',NULL),(218,'P8-EXP-PA4',NULL,4,'Extension EXP24S (#5887)-PA4','no',NULL),(219,'P8-S824+ SX04Y714',NULL,4,'SX04Y714','no',NULL),(220,'P8-S824+ SX00Y513',NULL,4,'SX00Y513','no','Watt normal : 2 300\nBTU/h normal : 7 848'),(221,'P8-S824 SX03D711',NULL,4,'SX03D711','no',NULL),(222,'Baie V7000-PA3',NULL,5,NULL,'no',NULL),(223,'Baie V7000-PA4',NULL,5,NULL,'no',NULL),(224,'Guide cordons',NULL,10,NULL,'no',NULL),(225,'Analytics SL08D916',NULL,4,'SL08D916','no',NULL),(226,'Analytics SL09R128',NULL,4,'SL09R128','no',NULL),(227,'Analytics SL01G054',NULL,4,'SL01G054','no',NULL),(228,'Analytics SL08F994',NULL,4,'SL08F994','no',NULL),(229,'Analytics SL01N141',NULL,4,'SL01N141','no',NULL),(230,'IXOS LIL226NT',NULL,4,'LIL226NT','no',NULL),(231,'Oracle Prod TC LIL240NT',NULL,4,'LIL240NT','no','Hotel Oracle Prod TeamCenter'),(232,'Oracle Prod SL06T532',NULL,4,'SL06T532','no',NULL),(233,'Oracle Dev SL04V759',NULL,4,'SL04V759','no',NULL),(234,'Nas Synology SA04M928',NULL,4,'SA04M928','no','Software : Linux\nNAS sur site RUM pour seeding DFS-R RUM17NT '),(235,'Qlikview Qual SW02F744',NULL,4,'SW02F744','no',NULL),(236,'Qlikview Prod SW07L878',NULL,4,'SW07L878','no',NULL),(237,'DD4500-PA3',NULL,5,NULL,'no','Datadomain 4500 + 7 tiroirs\n'),(238,'DD4500-PA4',NULL,5,NULL,'no','Datadomain 4500 + 7 tiroirs\n\n'),(239,'DD2500-PA3-1',NULL,5,NULL,'no','Datadomain 2500 + 2 tiroirs\n'),(240,'DD2500-PA3-2',NULL,5,NULL,'no','Datadomain 2500 + 2 tiroirs\n'),(241,'DD2500-PA4-1',NULL,5,NULL,'no','Datadomain 2500 + 2 tiroirs\n'),(242,'Brocade SW1PA3',NULL,8,'SW1PA3','no',NULL),(243,'Brocade SW2PA3',NULL,8,'SW2PA3','no',NULL),(244,'DC301NX-FEX105',NULL,8,'DC301NX-FEX105','no','SNMP:172.16.21.250:v2c:gopnexusro\n'),(245,'DC302NX-FEX106',NULL,8,'DC302NX-FEX106','no','SNMP:172.16.21.251:v2c:gopnexusro\n'),(246,'DC301NX',NULL,8,NULL,'no','SNMP:172.16.21.250:v2c:gopnexusro\n'),(247,'DC302NX',NULL,8,'DC302NX','no','SNMP:172.16.21.251:v2c:gopnexusro\n'),(248,'DC304SW-1',NULL,8,'DC304SW-1','no','SNMP:172.16.21.232:v2c:EoN@ApX\n'),(249,'DC304SW-2',NULL,8,'DC304SW-2','no','SNMP:172.16.21.232:v2c:EoN@ApX\n'),(250,'DC302SW-2 (OOB)',NULL,8,'DC302SW-2 (OOB)','no','SNMP:172.16.21.242:v2c:EoN@ApX\n'),(251,'DC302SW-1 (OOB)',NULL,8,'DC302SW-1 (OOB)','no','SNMP:172.16.21.242:v2c:EoN@ApX\n'),(252,'DC301NX-FEX101',NULL,8,'DC301NX-FEX101','no','SNMP:172.16.21.250:v2c:gopnexusro\n'),(253,'DC302NX-FEX102',NULL,8,'DC302NX-FEX102','no','SNMP:172.16.21.251:v2c:gopnexusro\n'),(254,'DC301NX-FEX103',NULL,8,' DC301NX-FEX103','no','SNMP:172.16.21.250:v2c:gopnexusro\n'),(255,'DC302NX-FEX104',NULL,8,'DC302NX-FEX104','no','SNMP:172.16.21.251:v2c:gopnexusro\n'),(256,'Analytics SL06F196',NULL,4,'SL06F196','no',NULL),(257,'ESXi DRP SE00E726',NULL,4,NULL,'no','SNMP:172.16.19.26:v2c:public\nServeur de rebond USB pour Migration Netbackup vers Veeam'),(258,'DFS-R SE03U312',NULL,4,NULL,'no','SNMP:172.16.20.167:v2c:public\n'),(259,'DFS-R SE04W646',NULL,4,'SE04W646','no',NULL),(260,'DFS-R SE01B603',NULL,4,'SE01B603','no',NULL),(261,'DFS-R SE05R107',NULL,4,'SE05R107','no',NULL),(262,'FX2 SA05G859',NULL,4,'SA05G859','no',NULL),(263,'ESXi DRP SE09Z400',NULL,4,'SE09Z400','no',NULL),(264,'Veeam SW05Q686',NULL,4,'SW05Q686','no',NULL),(265,'Veeam SW08P973',NULL,4,'SW08P973','no',NULL),(266,'Veeam SW03P452',NULL,4,'SW03P452','no',NULL),(267,'Veeam SW09B993',NULL,4,'SW09B993','no',NULL),(268,'Veeam SW08M273',NULL,4,'SW08M273','no',NULL),(269,'Veeam Loos SW04A435',NULL,4,'SW04A435','no',NULL),(270,'Backup NBU SL00J055',NULL,4,'SL00J055','no',NULL),(271,'Brocade SW1PA4',NULL,8,'SW1PA4','no',NULL),(272,'Brocade SW2PA4',NULL,8,'SW2PA4','no',NULL),(273,'DC401NX-FEX105',NULL,8,'DC401NX-FEX105','no','SNMP:172.16.21.252:v2c:gopnexusro\n'),(274,'DC402NX-FEX106',NULL,8,'DC402NX-FEX106','no','SNMP:172.16.21.253:v2c:gopnexusro\n'),(275,'DC401NX',NULL,8,'DC401NX','no','SNMP:172.16.21.252:v2c:gopnexusro\n'),(276,'DC402NX',NULL,8,'DC402NX','no','SNMP:172.16.21.253:v2c:gopnexusro\n'),(277,'DC404SW-1',NULL,8,'DC404SW-1','no','SNMP:172.16.21.233:v2c:EoN@ApX\n'),(278,'DC404SW-2',NULL,8,'DC404SW-2','no','SNMP:172.16.21.233:v2c:EoN@ApX\n'),(279,'ESXi DRP SE09G934',NULL,4,'SE09G934','no',NULL),(280,'DFS-R SE08L633',NULL,4,'SE08L633','no',NULL),(281,'DFS-R SE09G812',NULL,4,'SE09G812','no',NULL),(282,'DFS-R SE09R485',NULL,4,'SE09R485','no',NULL),(283,'DFS-R SE09B748',NULL,4,'SE09B748','no',NULL),(284,'FX2 SA06F312',NULL,4,'SA06F312','no',NULL),(285,'Analytics SW01P453',NULL,4,'SW01P453','no',NULL),(286,'Analytics SE00Z798',NULL,4,'SE00Z798','no',NULL),(287,'Analytics SE03Q375',NULL,4,'SE03Q375','no',NULL),(288,'ESX Oracle SE00F717',NULL,4,'SE00F717','no',NULL),(289,'Ixos DEV/ SW05L676',NULL,4,'SW05L676','no',NULL),(290,'Oracle LIL241NT',NULL,4,'LIL241NT','no',NULL),(291,'Oracle Dev SL00G881',NULL,4,'SL00G881','no',NULL),(292,'Oracle Prod SL00S680',NULL,4,'SL00S680','no',NULL),(293,'Qlikview Qual SW04W891',NULL,4,'SW04W891','no',NULL),(294,'Qlikview Prod SW09K804',NULL,4,'SW09K804','no',NULL),(295,'ESXi DRP SE06B438',NULL,4,'SE06B438','no',NULL),(296,'Veeam SW00W676',NULL,4,'SW00W676','no',NULL),(297,'Veeam SW08M774',NULL,4,'SW08M774','no',NULL),(298,'Veeam SW03M248',NULL,4,'SW03M248','no',NULL),(299,'Veeam SW06L364',NULL,4,'SW06L364','no',NULL),(300,'Veeam SW09S706',NULL,4,'SW09S706','no',NULL),(301,'Backup NBU SL08Q883',NULL,4,'SL08Q883','no',NULL),(302,'Dell R910- LIL212NT',NULL,4,'LIL212NT','no',NULL),(303,'OBS - ASR DC401RT',NULL,7,'DC401RT','no',NULL),(304,'OBS - 3945 DC403RT',NULL,7,'DC403RT','no',NULL),(305,'OBS - 2960 DC405SW',NULL,8,'DC405SW','no','Cisco Switch 2960 (pour Ipanema)'),(306,'OBS - ASR DC301RT',NULL,7,'DC301RT','no',NULL),(307,'OBS - 3945 DC303RT',NULL,7,'DC303RT','no',NULL),(308,'OBS - 2960 DC305SW',NULL,8,'DC305SW','no','Cisco Switch 2960 (pour Ipanema)'),(309,'WAN2960 Accueil DC301SW',NULL,8,NULL,'no','SNMP:172.16.21.240:v2c:EoN@ApX\nCisco switch 2960 (accueil WAN)'),(310,'ASR1001X Edge DC302RT',NULL,7,'DC302RT','no',NULL),(311,'ASA5545 Sebnet DC303FW',NULL,798,'DC303FW','no',NULL),(312,'Asa5512 - OOB DC302FW',NULL,798,'DC302FW','no',NULL),(313,'Asa5585 - DCU DC301FW',NULL,798,'DC301FW','no','Watt normal : 670 \nWatt max : 770 '),(314,'PortConsoles DC301TS',NULL,1644,'DC301TS','no',NULL),(315,'OBS RTR NSOC DC305RT',NULL,7,'DC305RT','no',NULL),(317,'PA3-Plateau NAS',NULL,11,NULL,'no','NAS QNAP envoy sur site SLO pour seeding Veeam'),(318,'PA3-Compellent',NULL,5,NULL,'no','Baie Compellent '),(319,'ExaGate SL01R986',NULL,4,'SL01R986','no','OS : linux '),(320,'DC402SW-2 (OOB)',NULL,8,'DC402SW-2 (OOB)','no','SNMP:172.16.21.243:v2c:EoN@ApX\n'),(321,'DC402SW-1 (OOB)',NULL,8,'DC402SW-1 (OOB)','no','SNMP:172.16.21.243:v2c:EoN@ApX\n'),(322,'DC401NX-FEX101',NULL,8,'DC401NX-FEX101','no','SNMP:172.16.21.252:v2c:gopnexusro\n'),(323,'DC402NX-FEX102',NULL,8,'DC402NX-FEX102','no','SNMP:172.16.21.253:v2c:gopnexusro\n'),(324,'DC401NX-FEX103',NULL,8,'DC401NX-FEX103','no','SNMP:172.16.21.252:v2c:gopnexusro\n'),(325,'DC402NX-FEX104',NULL,8,'DC402NX-FEX104','no','SNMP:172.16.21.253:v2c:gopnexusro\n'),(326,'WAN2960 Accueil DC401SW',NULL,8,'DC401SW','no','Cisco switch 2960 (accueil WAN)'),(327,'ASR1001X Edge DC402RT',NULL,7,'DC402RT','no',NULL),(328,'ASA5545 Sebnet DC403FW',NULL,798,'DC403FW','no',NULL),(329,'Asa5512 - OOB DC402FW',NULL,798,'DC402FW','no',NULL),(330,'Asa5585 - DCU DC401FW',NULL,798,NULL,'no','SNMP:172.16.21.245:v2c:EoN@ApX\n'),(331,'PortConsoles DC401TS',NULL,1644,'DC401TS','no',NULL),(332,'OBS RTR NSOC DC405RT',NULL,7,'DC405RT','no',NULL),(333,'PA4-Plateau NAS',NULL,11,NULL,'no',NULL),(334,'PA4-Compellent',NULL,5,NULL,'no',NULL),(335,'ExaGate SL04G269',NULL,4,'SL04G269','no','OS : Linux '),(336,'Baie de disque Dell-MD1200',NULL,5,NULL,'no',NULL),(337,'Rserv Projet SAP ASP8',NULL,11,NULL,'no','Boitier sur plateau e-voice qual Turquie'),(338,'Rserv Projet SAP WMF PCM',NULL,11,NULL,'no',NULL),(339,'Rserv OOB-OBS  venir',NULL,11,NULL,'no','DC304RT pour PA3\n'),(340,'Baie sature, ne pas ajouter d&#039;quipement',NULL,11,NULL,'no',NULL),(341,'Rserv cabling',NULL,11,NULL,'no',NULL),(342,'Rserv KVM',NULL,11,NULL,'no',NULL),(343,'Rserv Dell MD1420',NULL,11,NULL,'no','Emplacement rserv pour stockage DAS infra DFS-R cible'),(344,'Rserv NAS',NULL,11,NULL,'no',NULL),(345,'Rserv ext compellent',NULL,11,NULL,'no',NULL),(346,'Rserv MD1200',NULL,11,NULL,'no',NULL),(349,'e-Invoice Prod',NULL,50012,NULL,'no',NULL),(350,'e-Invoice Qual',NULL,50012,NULL,'no','Boitier sur plateau e-invoice Qual Turquie'),(351,'OBS - ETX (Lan2Lan)',NULL,50013,NULL,'no',NULL),(352,'IPANEMA PA3',NULL,50012,NULL,'no',NULL),(353,'IPANEMA PA4',NULL,50012,NULL,'no',NULL),(363,'PA4-101-PDU1',NULL,2,NULL,'no',NULL),(370,'PA3-101-PDU1',NULL,2,NULL,'no',NULL),(391,'PA3-101-PDU2',NULL,2,NULL,'no',NULL),(392,'PA3-101-PDU3',NULL,2,NULL,'no',NULL),(393,'PA3-101-PDU4',NULL,2,NULL,'no',NULL),(394,'PA3-101-PDU5',NULL,2,NULL,'no',NULL),(397,'PA3-101-PDU6',NULL,2,NULL,'no',NULL),(401,'PA3-102-PDU1',NULL,2,NULL,'no',NULL),(402,'PA3-102-PDU2',NULL,2,NULL,'no',NULL),(403,'PA3-102-PDU3',NULL,2,NULL,'no',NULL),(404,'PA3-102-PDU4',NULL,2,NULL,'no',NULL),(405,'PA3-102-PDU5',NULL,2,NULL,'no',NULL),(406,'PA3-102-PDU6',NULL,2,NULL,'no',NULL),(409,'PA3-103-PDU1',NULL,2,NULL,'no',NULL),(410,'PA3-103-PDU2',NULL,2,NULL,'no',NULL),(411,'PA3-103-PDU3',NULL,2,NULL,'no',NULL),(412,'PA3-103-PDU4',NULL,2,NULL,'no',NULL),(413,'PA3-103-PDU5',NULL,2,NULL,'no',NULL),(414,'PA3-103-PDU6',NULL,2,NULL,'no',NULL),(415,'PA3-104-PDU1',NULL,2,NULL,'no',NULL),(416,'PA3-104-PDU2',NULL,2,NULL,'no',NULL),(417,'PA3-104-PDU3',NULL,2,NULL,'no',NULL),(418,'PA3-104-PDU4',NULL,2,NULL,'no',NULL),(419,'PA3-104-PDU5',NULL,2,NULL,'no',NULL),(420,'PA3-104-PDU6',NULL,2,NULL,'no',NULL),(421,'PA3-105-PDU1',NULL,2,NULL,'no',NULL),(422,'PA3-105-PDU2',NULL,2,NULL,'no',NULL),(423,'PA3-105-PDU3',NULL,2,NULL,'no',NULL),(424,'PA3-105-PDU4',NULL,2,NULL,'no',NULL),(425,'PA3-105-PDU5',NULL,2,NULL,'no',NULL),(426,'PA3-105-PDU6',NULL,2,NULL,'no',NULL),(427,'PA3-106-PDU1',NULL,2,NULL,'no',NULL),(428,'PA3-106-PDU2',NULL,2,NULL,'no',NULL),(429,'PA3-106-PDU3',NULL,2,NULL,'no',NULL),(430,'PA3-106-PDU4',NULL,2,NULL,'no',NULL),(431,'PA3-106-PDU5',NULL,2,NULL,'no',NULL),(432,'PA3-106-PDU6',NULL,2,NULL,'no',NULL),(434,'PA3-201-PDU1',NULL,2,NULL,'no',NULL),(435,'PA3-201-PDU2',NULL,2,NULL,'no',NULL),(436,'PA3-201-PDU3',NULL,2,NULL,'no',NULL),(437,'PA3-201-PDU4',NULL,2,NULL,'no',NULL),(438,'PA3-201-PDU5',NULL,2,NULL,'no',NULL),(439,'PA3-202-PDU1',NULL,2,NULL,'no',NULL),(440,'PA3-202-PDU2',NULL,2,NULL,'no',NULL),(441,'PA3-202-PDU3',NULL,2,NULL,'no',NULL),(442,'PA3-202-PDU4',NULL,2,NULL,'no',NULL),(443,'PA3-202-PDU5',NULL,2,NULL,'no',NULL),(444,'PA3-202-PDU6',NULL,2,NULL,'no',NULL),(445,'PA3-203-PDU1',NULL,2,NULL,'no',NULL),(446,'PA3-203-PDU2',NULL,2,NULL,'no',NULL),(447,'PA3-203-PDU3',NULL,2,NULL,'no',NULL),(448,'PA3-203-PDU4',NULL,2,NULL,'no',NULL),(449,'PA3-203-PDU5',NULL,2,NULL,'no',NULL),(450,'PA3-203-PDU6',NULL,2,NULL,'no',NULL),(451,'PA3-201-PDU6',NULL,2,NULL,'no',NULL),(452,'PA3-204-PDU1',NULL,2,NULL,'no',NULL),(453,'PA3-204-PDU2',NULL,2,NULL,'no',NULL),(454,'PA3-204-PDU3',NULL,2,NULL,'no',NULL),(455,'PA3-204-PDU4',NULL,2,NULL,'no',NULL),(456,'PA3-204-PDU5',NULL,2,NULL,'no',NULL),(457,'PA3-204-PDU6',NULL,2,NULL,'no',NULL),(458,'PA3-205-PDU1',NULL,2,NULL,'no',NULL),(459,'PA3-205-PDU2',NULL,2,NULL,'no',NULL),(460,'PA3-205-PDU3',NULL,2,NULL,'no',NULL),(461,'PA3-205-PDU4',NULL,2,NULL,'no',NULL),(462,'PA3-205-PDU5',NULL,2,NULL,'no',NULL),(463,'PA3-205-PDU6',NULL,2,NULL,'no',NULL),(464,'PA3-206-PDU1',NULL,2,NULL,'no',NULL),(465,'PA3-206-PDU2',NULL,2,NULL,'no',NULL),(466,'PA3-206-PDU3',NULL,2,NULL,'no',NULL),(467,'PA3-206-PDU4',NULL,2,NULL,'no',NULL),(468,'PA3-206-PDU5',NULL,2,NULL,'no',NULL),(469,'PA3-206-PDU6',NULL,2,NULL,'no',NULL),(472,'PA4-101-PDU2',NULL,2,NULL,'no',NULL),(473,'PA4-101-PDU3',NULL,2,NULL,'no',NULL),(474,'PA4-101-PDU4',NULL,2,NULL,'no',NULL),(475,'PA4-101-PDU5',NULL,2,NULL,'no',NULL),(476,'PA4-101-PDU6',NULL,2,NULL,'no',NULL),(477,'PA4-102-PDU1',NULL,2,NULL,'no',NULL),(478,'PA4-102-PDU2',NULL,2,NULL,'no',NULL),(479,'PA4-102-PDU3',NULL,2,NULL,'no',NULL),(480,'PA4-102-PDU4',NULL,2,NULL,'no',NULL),(481,'PA4-102-PDU5',NULL,2,NULL,'no',NULL),(482,'PA4-102-PDU6',NULL,2,NULL,'no',NULL),(484,'PA4-103-PDU1',NULL,2,NULL,'no',NULL),(485,'PA4-103-PDU2',NULL,2,NULL,'no',NULL),(486,'PA4-103-PDU3',NULL,2,NULL,'no',NULL),(487,'PA4-103-PDU4',NULL,2,NULL,'no',NULL),(488,'PA4-103-PDU5',NULL,2,NULL,'no',NULL),(489,'PA4-103-PDU6',NULL,2,NULL,'no',NULL),(490,'PA4-104-PDU1',NULL,2,NULL,'no',NULL),(491,'PA4-104-PDU2',NULL,2,NULL,'no',NULL),(492,'PA4-104-PDU3',NULL,2,NULL,'no',NULL),(493,'PA4-104-PDU4',NULL,2,NULL,'no',NULL),(494,'PA4-104-PDU5',NULL,2,NULL,'no',NULL),(495,'PA4-104-PDU6',NULL,2,NULL,'no',NULL),(496,'PA4-105-PDU1',NULL,2,NULL,'no',NULL),(497,'PA4-105-PDU2',NULL,2,NULL,'no',NULL),(498,'PA4-105-PDU3',NULL,2,NULL,'no',NULL),(499,'PA4-105-PDU4',NULL,2,NULL,'no',NULL),(500,'PA4-105-PDU5',NULL,2,NULL,'no',NULL),(501,'PA4-105-PDU6',NULL,2,NULL,'no',NULL),(503,'PA4-106-PDU1',NULL,2,NULL,'no',NULL),(504,'PA4-106-PDU2',NULL,2,NULL,'no',NULL),(505,'PA4-106-PDU3',NULL,2,NULL,'no',NULL),(506,'PA4-106-PDU4',NULL,2,NULL,'no',NULL),(507,'PA4-106-PDU5',NULL,2,NULL,'no',NULL),(508,'PA4-106-PDU6',NULL,2,NULL,'no',NULL),(510,'PA4-201-PDU1',NULL,2,NULL,'no',NULL),(511,'PA4-201-PDU2',NULL,2,NULL,'no',NULL),(512,'PA4-201-PDU3',NULL,2,NULL,'no',NULL),(513,'PA4-201-PDU4',NULL,2,NULL,'no',NULL),(514,'PA4-201-PDU5',NULL,2,NULL,'no',NULL),(515,'PA4-201-PDU6',NULL,2,NULL,'no',NULL),(516,'PA4-202-PDU1',NULL,2,NULL,'no',NULL),(517,'PA4-202-PDU2',NULL,2,NULL,'no',NULL),(518,'PA4-202-PDU3',NULL,2,NULL,'no',NULL),(519,'PA4-202-PDU4',NULL,2,NULL,'no',NULL),(520,'PA4-202-PDU5',NULL,2,NULL,'no',NULL),(522,'PA4-203-PDU1',NULL,2,NULL,'no',NULL),(523,'PA4-203-PDU2',NULL,2,NULL,'no',NULL),(524,'PA4-203-PDU3',NULL,2,NULL,'no',NULL),(525,'PA4-203-PDU4',NULL,2,NULL,'no',NULL),(526,'PA4-203-PDU5',NULL,2,NULL,'no',NULL),(527,'PA4-203-PDU6',NULL,2,NULL,'no',NULL),(528,'PA4-204-PDU1',NULL,2,NULL,'no',NULL),(529,'PA4-204-PDU2',NULL,2,NULL,'no',NULL),(530,'PA4-204-PDU3',NULL,2,NULL,'no',NULL),(531,'PA4-204-PDU4',NULL,2,NULL,'no',NULL),(532,'PA4-204-PDU5',NULL,2,NULL,'no',NULL),(533,'PA4-204-PDU6',NULL,2,NULL,'no',NULL),(534,'PA4-205-PDU1',NULL,2,NULL,'no',NULL),(535,'PA4-205-PDU2',NULL,2,NULL,'no',NULL),(536,'PA4-205-PDU3',NULL,2,NULL,'no',NULL),(537,'PA4-205-PDU4',NULL,2,NULL,'no',NULL),(538,'PA4-205-PDU5',NULL,2,NULL,'no',NULL),(539,'PA4-205-PDU6',NULL,2,NULL,'no',NULL),(540,'PA4-206-PDU1',NULL,2,NULL,'no',NULL),(541,'PA4-206-PDU2',NULL,2,NULL,'no',NULL),(542,'PA4-206-PDU3',NULL,2,NULL,'no',NULL),(543,'PA4-206-PDU4',NULL,2,NULL,'no',NULL),(544,'PA4-206-PDU5',NULL,2,NULL,'no',NULL),(545,'PA4-206-PDU6',NULL,2,NULL,'no',NULL),(546,'PA4-105-PDU7',NULL,2,NULL,'no',NULL),(547,'PA4-105-PDU8',NULL,2,NULL,'no',NULL),(548,'PA4-105-PDU9',NULL,2,NULL,'no',NULL),(550,'PA3-Rack 207',NULL,1560,NULL,'no',NULL),(551,'PA3-Cabling F9-3/F15-1/F16-1',NULL,9,NULL,'no','F9 vers 103 Nexus / F15 vers 104 OOB / F16 vers baie 205'),(552,'PA3-Cabling F17-1',NULL,9,NULL,'no','F17 vers 206,'),(553,'PA3-Cabling C10-1',NULL,9,NULL,'no','C10 vers 202 , F18 baie 205 vers 102'),(554,'PA3-Cabling C11-1',NULL,9,NULL,'no','C11 vers 204'),(555,'PA3-Cabling C12-1',NULL,9,NULL,'no','C12 vers 205'),(556,'PA3-Cabling C13-1',NULL,9,NULL,'no','C13 vers 205'),(557,'PA3-Cabling C14-2',NULL,9,NULL,'no','C14 vers 206'),(558,'PA3-Cabling C15-1',NULL,9,NULL,'no','C15 vers 206'),(559,'DC303NX',NULL,8,NULL,'no','SNMP:172.16.21.10:v2c:gopnexusro\n'),(560,'DC304NX',NULL,8,NULL,'no','SNMP:172.16.21.11:v2c:gopnexusro\n'),(561,'DC303NX-FEX121',NULL,8,NULL,'no',NULL),(562,'DC304NX-FEX122',NULL,8,NULL,'no',NULL),(563,'DC303NX-FEX123',NULL,8,NULL,'no',NULL),(564,'DC304NX-FEX124',NULL,8,NULL,'no',NULL),(565,'DC302SW-3 (OOB)',NULL,8,NULL,'no',NULL),(566,'PortConsoles DC302TS',NULL,1644,NULL,'no',NULL),(567,'PA4-Rack 207',NULL,1560,NULL,'no',NULL),(568,'PA4-Cabling F9-3/F15-1/F16-1',NULL,9,NULL,'no','F9 vers 103 Nexus / F15 vers 104 OOB / F16 vers baie 205'),(569,'PA4-Cabling F17-1',NULL,9,NULL,'no','F17 vers baie 206\n'),(570,'PA4-Cabling C10-1',NULL,9,NULL,'no','C10 vers 202 , F18 baie 205 vers 102'),(571,'PA4-Cabling C11-1',NULL,9,NULL,'no','C11 vers 204'),(572,'PA4-Cabling C12-1',NULL,9,NULL,'no','C12 vers 205'),(573,'PA4-Cabling C13-1',NULL,9,NULL,'no','C13 vers 205'),(574,'PA4-Cabling C14-2',NULL,9,NULL,'no','C14 vers 206'),(575,'PA4-Cabling C15-1',NULL,9,NULL,'no','C15 vers 206'),(576,'DC403NX',NULL,8,NULL,'no',NULL),(577,'DC404NX',NULL,8,NULL,'no',NULL),(578,'DC403NX-FEX121',NULL,8,NULL,'no',NULL),(579,'DC404NX-FEX122',NULL,8,NULL,'no',NULL),(580,'DC403NX-FEX123',NULL,8,NULL,'no',NULL),(581,'DC404NX-FEX124',NULL,8,NULL,'no','SNMP:172.16.21.13:v2c:gopnexusro\n'),(582,'DC402SW-3 (OOB)',NULL,8,NULL,'no',NULL),(583,'PortConsoles DC402TS',NULL,1644,NULL,'no',NULL);
/*!40000 ALTER TABLE `Object` ENABLE KEYS */;
UNLOCK TABLES;

--
-- Table structure for table `ObjectHistory`
--

DROP TABLE IF EXISTS `ObjectHistory`;
/*!40101 SET @saved_cs_client     = @@character_set_client */;
/*!40101 SET character_set_client = utf8 */;
CREATE TABLE `ObjectHistory` (
  `id` int(10) unsigned DEFAULT NULL,
  `name` char(255) COLLATE utf8_unicode_ci DEFAULT NULL,
  `label` char(255) COLLATE utf8_unicode_ci DEFAULT NULL,
  `objtype_id` int(10) unsigned DEFAULT NULL,
  `asset_no` char(64) COLLATE utf8_unicode_ci DEFAULT NULL,
  `has_problems` enum('yes','no') COLLATE utf8_unicode_ci NOT NULL DEFAULT 'no',
  `comment` text COLLATE utf8_unicode_ci,
  `ctime` timestamp NOT NULL DEFAULT CURRENT_TIMESTAMP ON UPDATE CURRENT_TIMESTAMP,
  `user_name` char(64) COLLATE utf8_unicode_ci DEFAULT NULL,
  KEY `id` (`id`),
  CONSTRAINT `ObjectHistory-FK-object_id` FOREIGN KEY (`id`) REFERENCES `Object` (`id`) ON DELETE CASCADE
) ENGINE=InnoDB DEFAULT CHARSET=utf8 COLLATE=utf8_unicode_ci;
/*!40101 SET character_set_client = @saved_cs_client */;

--
-- Dumping data for table `ObjectHistory`
--

LOCK TABLES `ObjectHistory` WRITE;
/*!40000 ALTER TABLE `ObjectHistory` DISABLE KEYS */;
INSERT INTO `ObjectHistory` VALUES (2,'Seine-Saint-Denis',NULL,1562,NULL,'no',NULL,'2018-02-01 13:55:18','RTadmin'),(3,'Salle PA3',NULL,1561,NULL,'no',NULL,'2018-02-01 13:55:18','RTadmin'),(4,'PA3-Rack 101',NULL,1560,NULL,'no',NULL,'2018-02-01 13:55:19','RTadmin'),(5,'PA3-Rack 102',NULL,1560,NULL,'no',NULL,'2018-02-01 13:55:19','RTadmin'),(6,'PA3-Rack 103',NULL,1560,NULL,'no',NULL,'2018-02-01 13:55:19','RTadmin'),(7,'PA3-Rack 104',NULL,1560,NULL,'no',NULL,'2018-02-01 13:55:19','RTadmin'),(8,'PA3-Rack 105',NULL,1560,NULL,'no',NULL,'2018-02-01 13:55:19','RTadmin'),(9,'PA3-Rack 106',NULL,1560,NULL,'no',NULL,'2018-02-01 13:55:19','RTadmin'),(10,'PA3-Rack 201',NULL,1560,NULL,'no',NULL,'2018-02-01 13:55:19','RTadmin'),(11,'PA3-Rack 202',NULL,1560,NULL,'no',NULL,'2018-02-01 13:55:19','RTadmin'),(12,'PA3-Rack 203',NULL,1560,NULL,'no',NULL,'2018-02-01 13:55:19','RTadmin'),(13,'PA3-Rack 204',NULL,1560,NULL,'no',NULL,'2018-02-01 13:55:19','RTadmin'),(14,'PA3-Rack 205',NULL,1560,NULL,'no',NULL,'2018-02-01 13:55:19','RTadmin'),(15,'PA3-Rack 206',NULL,1560,NULL,'no',NULL,'2018-02-01 13:55:19','RTadmin'),(16,'Pantin',NULL,1562,NULL,'no',NULL,'2018-02-01 13:55:19','RTadmin'),(17,'Salle PA4',NULL,1561,NULL,'no',NULL,'2018-02-01 13:55:19','RTadmin'),(18,'PA4-Rack 101',NULL,1560,NULL,'no',NULL,'2018-02-01 13:55:19','RTadmin'),(19,'PA4-Rack 102',NULL,1560,NULL,'no',NULL,'2018-02-01 13:55:19','RTadmin'),(20,'PA4-Rack 103',NULL,1560,NULL,'no',NULL,'2018-02-01 13:55:19','RTadmin'),(21,'PA4-Rack 104',NULL,1560,NULL,'no',NULL,'2018-02-01 13:55:19','RTadmin'),(22,'PA4-Rack 105',NULL,1560,NULL,'no',NULL,'2018-02-01 13:55:19','RTadmin'),(23,'PA4-Rack 106',NULL,1560,NULL,'no',NULL,'2018-02-01 13:55:19','RTadmin'),(24,'PA4-Rack 201',NULL,1560,NULL,'no',NULL,'2018-02-01 13:55:19','RTadmin'),(25,'PA4-Rack 202',NULL,1560,NULL,'no',NULL,'2018-02-01 13:55:19','RTadmin'),(26,'PA4-Rack 203',NULL,1560,NULL,'no',NULL,'2018-02-01 13:55:19','RTadmin'),(27,'PA4-Rack 204',NULL,1560,NULL,'no',NULL,'2018-02-01 13:55:19','RTadmin'),(28,'PA4-Rack 205',NULL,1560,NULL,'no',NULL,'2018-02-01 13:55:19','RTadmin'),(29,'PA4-Rack 206',NULL,1560,NULL,'no',NULL,'2018-02-01 13:55:19','RTadmin'),(4,'PA3-Rack 101',NULL,1560,NULL,'no','Size of rack :\nHeight : 46 U\nWidht :\nDepth :\n','2018-02-01 14:08:51','RTadmin'),(18,'PA4-Rack 101',NULL,1560,NULL,'no','Size of rack :\nHeight : 46 U\nWidht : 600\nDepth : 800\n','2018-02-01 15:45:00','RTadmin'),(19,'PA4-Rack 102',NULL,1560,NULL,'no','Size of rack :\nHeight : 46 U\nWidht : 600\nDepth : 800\n','2018-02-01 15:45:12','RTadmin'),(20,'PA4-Rack 103',NULL,1560,NULL,'no','Size of rack :\nHeight : 46 U\nWidht : 600\nDepth : 800\n','2018-02-01 15:45:27','RTadmin'),(20,'PA4-Rack 103',NULL,1560,NULL,'no','Size of rack :\nHeight : 46 U\nWidht : 800\nDepth : 1000\n','2018-02-01 15:45:46','RTadmin'),(21,'PA4-Rack 104',NULL,1560,NULL,'no','Size of rack :\nHeight : 46 U\nWidht : 800\nDepth : 1000\n','2018-02-01 15:45:59','RTadmin'),(22,'PA4-Rack 105',NULL,1560,NULL,'no','Size of rack :\nHeight : 46 U\nWidht : 800\nDepth : 1000\n','2018-02-01 15:46:11','RTadmin'),(23,'PA4-Rack 106',NULL,1560,NULL,'no','Size of rack :\nHeight : 46 U\nWidht : 800\nDepth : 600\n','2018-02-01 15:46:26','RTadmin'),(24,'PA4-Rack 201',NULL,1560,NULL,'no','Size of rack :\nHeight : 46 U\nWidht : 600\nDepth : 800\n','2018-02-01 15:46:53','RTadmin'),(25,'PA4-Rack 202',NULL,1560,NULL,'no','Size of rack :\nHeight : 46 U\nWidht : 600\nDepth : 800\n','2018-02-01 15:47:08','RTadmin'),(26,'PA4-Rack 203',NULL,1560,NULL,'no','Size of rack :\nHeight : 46 U\nWidht : 600\nDepth : 1200\n','2018-02-01 15:47:21','RTadmin'),(27,'PA4-Rack 204',NULL,1560,NULL,'no','Size of rack :\nHeight : 46 U\nWidht : 600\nDepth : 800\n','2018-02-01 15:47:37','RTadmin'),(28,'PA4-Rack 205',NULL,1560,NULL,'no','Size of rack :\nHeight : 46 U\nWidht : 600\nDepth : 800\n','2018-02-01 15:48:06','RTadmin'),(29,'PA4-Rack 206',NULL,1560,NULL,'no','Size of rack :\nHeight : 46 U\nWidht : 600\nDepth : 800\n','2018-02-01 15:48:17','RTadmin'),(4,'PA3-Rack 101',NULL,1560,NULL,'no','Size of rack :\nHeight : 46 U\nWidht : 600\nDepth : 800\n','2018-02-01 15:48:35','RTadmin'),(5,'PA3-Rack 102',NULL,1560,NULL,'no','Size of rack :\nHeight : 46 U\nWidht : 600\nDepth : 800\n','2018-02-01 15:48:47','RTadmin'),(6,'PA3-Rack 103',NULL,1560,NULL,'no','Size of rack :\nHeight : 46 U\nWidht : 800\nDepth : 1000\n ','2018-02-01 15:49:00','RTadmin'),(7,'PA3-Rack 104',NULL,1560,NULL,'no','Size of rack :\nHeight : 46 U\nWidht : 800\nDepth : 1000\n','2018-02-01 15:49:16','RTadmin'),(9,'PA3-Rack 106',NULL,1560,NULL,'no','Size of rack :\nHeight : 46 U\nWidht : 600\nDepth : 800\n','2018-02-01 15:49:30','RTadmin'),(8,'PA3-Rack 105',NULL,1560,NULL,'no','Size of rack :\nHeight : 46 U\nWidht : 800\nDepth : 1000\n','2018-02-01 15:49:39','RTadmin'),(10,'PA3-Rack 201',NULL,1560,NULL,'no','Size of rack :\nHeight : 46 U\nWidht : 600\nDepth : 800\n','2018-02-01 15:49:53','RTadmin'),(11,'PA3-Rack 202',NULL,1560,NULL,'no','Size of rack :\nHeight : 46 U\nWidht : 600\nDepth : 800\n','2018-02-01 15:49:59','RTadmin'),(12,'PA3-Rack 203',NULL,1560,NULL,'no','Size of rack :\nHeight : 46 U\nWidht : 600\nDepth : 1200\n','2018-02-01 15:50:11','RTadmin'),(13,'PA3-Rack 204',NULL,1560,NULL,'no','Size of rack :\nHeight : 46 U\nWidht : 600\nDepth : 1200\n','2018-02-01 15:50:21','RTadmin'),(14,'PA3-Rack 205',NULL,1560,NULL,'no','Size of rack :\nHeight : 46 U\nWidht : 600\nDepth : 800\n','2018-02-01 15:50:28','RTadmin'),(15,'PA3-Rack 206',NULL,1560,NULL,'no','Size of rack :\nHeight : 46 U\nWidht : 600\nDepth : 800\n','2018-02-01 15:50:33','RTadmin'),(23,'PA4-Rack 106',NULL,1560,NULL,'no','Size of rack :\nHeight : 46 U\nWidht : 600\nDepth : 800\n','2018-02-01 15:51:57','RTadmin'),(12,'PA3-Rack 203',NULL,1560,NULL,'no','Size of rack :\nHeight : 45 U\nWidht : 600\nDepth : 1200\n','2018-02-01 15:53:13','RTadmin'),(13,'PA3-Rack 204',NULL,1560,NULL,'no','Size of rack :\nHeight : 46 U\nWidht : 600\nDepth : 800\n','2018-02-01 15:53:55','RTadmin'),(40,'PA3-Cabling C1-1',NULL,9,NULL,'no',NULL,'2018-02-02 13:03:23','RTadmin'),(41,'PA3-Cabling C2-1',NULL,9,NULL,'no',NULL,'2018-02-02 13:03:23','RTadmin'),(42,'PA3-Cabling F1-1',NULL,9,NULL,'no',NULL,'2018-02-02 13:03:23','RTadmin'),(43,'PA3-Cabling F12-1',NULL,9,NULL,'no',NULL,'2018-02-02 13:03:23','RTadmin'),(44,'PA3-Cabling C3-1',NULL,9,NULL,'no',NULL,'2018-02-02 13:03:27','RTadmin'),(45,'PA3-Cabling C4-1',NULL,9,NULL,'no',NULL,'2018-02-02 13:03:27','RTadmin'),(46,'PA3-Cabling F2-1',NULL,9,NULL,'no',NULL,'2018-02-02 13:03:27','RTadmin'),(47,'PA3-Cabling F12-2',NULL,9,NULL,'no',NULL,'2018-02-02 13:03:27','RTadmin'),(50,'PA3-Cabling F11-1',NULL,9,NULL,'no',NULL,'2018-02-02 13:03:33','RTadmin'),(52,'PA3-Cabling F12-3',NULL,9,NULL,'no',NULL,'2018-02-02 13:03:33','RTadmin'),(53,'PA3-Cabling F12-4',NULL,9,NULL,'no',NULL,'2018-02-02 13:03:33','RTadmin'),(54,'PA3-Cabling F1-2',NULL,9,NULL,'no',NULL,'2018-02-02 13:03:34','RTadmin'),(55,'PA3-Cabling F2-2',NULL,9,NULL,'no',NULL,'2018-02-02 13:03:34','RTadmin'),(56,'PA3-Cabling F3-1',NULL,9,NULL,'no',NULL,'2018-02-02 13:03:34','RTadmin'),(57,'PA3-Cabling F4-1',NULL,9,NULL,'no',NULL,'2018-02-02 13:03:34','RTadmin'),(58,'PA3-Cabling F5-1',NULL,9,NULL,'no',NULL,'2018-02-02 13:03:34','RTadmin'),(59,'PA3-Cabling F6-1',NULL,9,NULL,'no',NULL,'2018-02-02 13:03:34','RTadmin'),(60,'PA3-Cabling F7-1',NULL,9,NULL,'no',NULL,'2018-02-02 13:03:34','RTadmin'),(61,'PA3-Cabling F8-1',NULL,9,NULL,'no',NULL,'2018-02-02 13:03:34','RTadmin'),(62,'PA3-Cabling F9-1',NULL,9,NULL,'no',NULL,'2018-02-02 13:03:34','RTadmin'),(63,'PA3-Cabling F10-1',NULL,9,NULL,'no',NULL,'2018-02-02 13:03:34','RTadmin'),(64,'PA3-Cabling F11-2',NULL,9,NULL,'no',NULL,'2018-02-02 13:03:39','RTadmin'),(65,'PA3-Cabling C1-2',NULL,9,NULL,'no',NULL,'2018-02-02 13:03:39','RTadmin'),(66,'PA3-Cabling C2-2',NULL,9,NULL,'no',NULL,'2018-02-02 13:03:39','RTadmin'),(67,'PA3-Cabling C3-2',NULL,9,NULL,'no',NULL,'2018-02-02 13:03:39','RTadmin'),(68,'PA3-Cabling C4-2',NULL,9,NULL,'no',NULL,'2018-02-02 13:03:39','RTadmin'),(69,'PA3-Cabling C5-1',NULL,9,NULL,'no',NULL,'2018-02-02 13:03:39','RTadmin'),(70,'PA3-Cabling C6-1',NULL,9,NULL,'no',NULL,'2018-02-02 13:03:39','RTadmin'),(71,'PA3-Cabling C7-1',NULL,9,NULL,'no',NULL,'2018-02-02 13:03:39','RTadmin'),(72,'PA3-Cabling CP1-1',NULL,9,NULL,'no',NULL,'2018-02-02 13:03:39','RTadmin'),(73,'PA3-Cabling CP2-1',NULL,9,NULL,'no',NULL,'2018-02-02 13:03:39','RTadmin'),(74,'PA3-Cabling C8-1',NULL,9,NULL,'no',NULL,'2018-02-02 13:03:40','RTadmin'),(75,'PA3-Cabling CP1-2',NULL,9,NULL,'no',NULL,'2018-02-02 13:04:01','RTadmin'),(76,'PA3-Cabling F13-3',NULL,9,NULL,'no',NULL,'2018-02-02 13:04:01','RTadmin'),(77,'PA3-Cabling F13-4',NULL,9,NULL,'no',NULL,'2018-02-02 13:04:01','RTadmin'),(78,'PA3-Cabling C14-1',NULL,9,NULL,'no',NULL,'2018-02-02 13:04:01','RTadmin'),(79,'PA3-Cabling F3-2',NULL,9,NULL,'no',NULL,'2018-02-02 13:04:01','RTadmin'),(80,'PA3-Cabling C5-2',NULL,9,NULL,'no',NULL,'2018-02-02 13:04:07','RTadmin'),(81,'PA3-Cabling F4-2',NULL,9,NULL,'no',NULL,'2018-02-02 13:04:07','RTadmin'),(82,'PA3-Cabling C7-2',NULL,9,NULL,'no',NULL,'2018-02-02 13:04:13','RTadmin'),(83,'PA3-Cabling C6-2',NULL,9,NULL,'no',NULL,'2018-02-02 13:04:13','RTadmin'),(84,'PA3-Cabling F5-2',NULL,9,NULL,'no',NULL,'2018-02-02 13:04:13','RTadmin'),(86,'PA3-Cabling CP2-2',NULL,9,NULL,'no',NULL,'2018-02-02 13:04:18','RTadmin'),(87,'PA3-Cabling F6-2',NULL,9,NULL,'no',NULL,'2018-02-02 13:04:18','RTadmin'),(88,'PA3-Cabling CP2-3',NULL,9,NULL,'no',NULL,'2018-02-02 13:04:23','RTadmin'),(90,'PA3-Cabling CP1-3',NULL,9,NULL,'no',NULL,'2018-02-02 13:04:27','RTadmin'),(91,'PA3-Cabling F8-2',NULL,9,NULL,'no',NULL,'2018-02-02 13:04:27','RTadmin'),(92,'PA3-Cabling C8-2',NULL,9,NULL,'no',NULL,'2018-02-02 13:04:32','RTadmin'),(93,'PA3-Cabling F9-2',NULL,9,NULL,'no',NULL,'2018-02-02 13:04:32','RTadmin'),(94,'PA3-CablingC9-1',NULL,9,NULL,'no',NULL,'2018-02-02 13:04:37','RTadmin'),(95,'PA3-Cabling F10-2',NULL,9,NULL,'no',NULL,'2018-02-02 13:04:37','RTadmin'),(40,'PA3-Cabling C1-1',NULL,9,NULL,'no',NULL,'2018-02-02 13:06:55','RTadmin'),(41,'PA3-Cabling C2-1',NULL,9,NULL,'no',NULL,'2018-02-02 13:07:12','RTadmin'),(42,'PA3-Cabling F1-1',NULL,9,NULL,'no',NULL,'2018-02-02 13:07:20','RTadmin'),(43,'PA3-Cabling F12-1',NULL,9,NULL,'no',NULL,'2018-02-02 13:07:26','RTadmin'),(40,'PA3-Cabling C1-1',NULL,9,NULL,'no','18 Copper RJ45 Cat 6. vers 104','2018-02-02 13:08:18','RTadmin'),(41,'PA3-Cabling C2-1',NULL,9,NULL,'no','18 Copper RJ45 Cat 6. vers 104','2018-02-02 13:08:45','RTadmin'),(42,'PA3-Cabling F1-1',NULL,9,NULL,'no','42 Fiber OM3 LC/LC vers 103','2018-02-02 13:09:09','RTadmin'),(44,'PA3-Cabling C3-1',NULL,9,NULL,'no','18 Copper RJ45 Cat 6. vers 104','2018-02-02 13:10:19','RTadmin'),(45,'PA3-Cabling C4-1',NULL,9,NULL,'no','18 Copper RJ45 Cat 6. vers 104','2018-02-02 13:10:26','RTadmin'),(46,'PA3-Cabling F2-1',NULL,9,NULL,'no','42 Fiber OM3 LC/LC vers 103','2018-02-02 13:10:51','RTadmin'),(47,'PA3-Cabling F12-2',NULL,9,NULL,'no',NULL,'2018-02-02 13:11:17','RTadmin'),(50,'PA3-Cabling F11-1',NULL,9,NULL,'no','18 Fiber OM3 LC/LC vers 104','2018-02-02 13:12:09','RTadmin'),(52,'PA3-Cabling F12-3',NULL,9,NULL,'no','12 Fiber OS2 vers MMRa EQX','2018-02-02 13:12:40','RTadmin'),(53,'PA3-Cabling F12-4',NULL,9,NULL,'no','12 Fiber OS2 vers MMRb EQX','2018-02-02 13:12:56','RTadmin'),(53,'PA3-Cabling F12-4',NULL,9,NULL,'no','12 Fiber OS2 vers MMRa EQX','2018-02-02 13:13:22','RTadmin'),(53,'PA3-Cabling F12-4',NULL,9,NULL,'no','12 Fiber OS2 vers MMRb EQX','2018-02-02 13:14:46','RTadmin'),(54,'PA3-Cabling F1-2',NULL,9,NULL,'no','42 Fiber OM3 LC/LC vers 101','2018-02-02 13:15:08','RTadmin'),(55,'PA3-Cabling F2-2',NULL,9,NULL,'no',NULL,'2018-02-02 13:15:18','RTadmin'),(55,'PA3-Cabling F2-2',NULL,9,NULL,'no','42 Fiber OM3 LC/LC vers 102','2018-02-02 13:15:43','RTadmin'),(56,'PA3-Cabling F3-1',NULL,9,NULL,'no','36 Fiber OM3 LC/LC vers 105','2018-02-02 13:16:04','RTadmin'),(57,'PA3-Cabling F4-1',NULL,9,NULL,'no','6 Fiber OM3 LC/LC vers 106','2018-02-02 13:16:19','RTadmin'),(58,'PA3-Cabling F5-1',NULL,9,NULL,'no','6 Fiber OM3 LC/LC vers 201','2018-02-02 13:16:34','RTadmin'),(59,'PA3-Cabling F6-1',NULL,9,NULL,'no','6 Fiber OM3 LC/LC vers 202','2018-02-02 13:16:46','RTadmin'),(60,'PA3-Cabling F7-1',NULL,9,NULL,'no','12 Fiber OM3 LC/LC vers 203','2018-02-02 13:17:09','RTadmin'),(61,'PA3-Cabling F8-1',NULL,9,NULL,'no','12 Fiber OM3 LC/LC vers 204','2018-02-02 13:17:20','RTadmin'),(62,'PA3-Cabling F9-1',NULL,9,NULL,'no','Fiber OM3 LC/LC en prevision','2018-02-02 13:17:52','RTadmin'),(62,'PA3-Cabling F9-1',NULL,9,NULL,'no','Fiber OM3 LC/LC en prvision','2018-02-02 13:17:59','RTadmin'),(63,'PA3-Cabling F10-1',NULL,9,NULL,'no','Fiber OM3 LC/LC en prvision','2018-02-02 13:18:15','RTadmin'),(64,'PA3-Cabling F11-2',NULL,9,NULL,'no','18 Fiber OM3 LC/LC vers 103','2018-02-02 13:18:50','RTadmin'),(65,'PA3-Cabling C1-2',NULL,9,NULL,'no','18 Copper RJ45 Cat 6. vers 101','2018-02-02 13:19:10','RTadmin'),(66,'PA3-Cabling C2-2',NULL,9,NULL,'no','18 Copper RJ45 Cat 6. vers 101\n','2018-02-02 13:19:22','RTadmin'),(67,'PA3-Cabling C3-2',NULL,9,NULL,'no','18 Copper RJ45 Cat 6. vers 102','2018-02-02 13:19:52','RTadmin'),(68,'PA3-Cabling C4-2',NULL,9,NULL,'no','18 Copper RJ45 Cat 6. vers 102','2018-02-02 13:20:03','RTadmin'),(69,'PA3-Cabling C5-1',NULL,9,NULL,'no','24 Copper RJ45 Cat 6. vers 106','2018-02-02 13:20:18','RTadmin'),(70,'PA3-Cabling C6-1',NULL,9,NULL,'no','24 Copper RJ45 Cat 6. vers 106','2018-02-02 13:20:27','RTadmin'),(71,'PA3-Cabling C7-1',NULL,9,NULL,'no','24 Copper RJ45 Cat 6. vers 201','2018-02-02 13:20:46','RTadmin'),(70,'PA3-Cabling C6-1',NULL,9,NULL,'no','24 Copper RJ45 Cat 6. vers 201','2018-02-02 13:20:54','RTadmin'),(72,'PA3-Cabling CP1-1',NULL,9,NULL,'no','12 Copper RJ45 Cat 6. vers 105\n12 Copper RJ45 Cat 6. vers 204','2018-02-02 13:21:43','RTadmin'),(73,'PA3-Cabling CP2-1',NULL,9,NULL,'no','6 Copper RJ45 Cat 6. vers 202\n12 Copper RJ45 Cat 6. vers 203','2018-02-02 13:22:17','RTadmin'),(74,'PA3-Cabling C8-1',NULL,9,NULL,'no','Copper RJ45 Cat 6. en prvision','2018-02-02 13:23:19','RTadmin'),(75,'PA3-Cabling CP1-2',NULL,9,NULL,'no','12 Copper RJ45 Cat 6. vers 104','2018-02-02 13:23:48','RTadmin'),(76,'PA3-Cabling F13-3',NULL,9,NULL,'no','12 Fiber OS2 vers MMRa EQX ','2018-02-02 13:24:11','RTadmin'),(77,'PA3-Cabling F13-4',NULL,9,NULL,'no','12 Fiber OS2 vers MMRb EQX ','2018-02-02 13:24:28','RTadmin'),(78,'PA3-Cabling C14-1',NULL,9,NULL,'no','4 Copper vers MDF2 (PA4) et vers ??? (PA3) EQX ','2018-02-02 13:24:52','RTadmin'),(79,'PA3-Cabling F3-2',NULL,9,NULL,'no','36 Fiber OM3 LC/LC vers 103','2018-02-02 13:25:22','RTadmin'),(80,'PA3-Cabling C5-2',NULL,9,NULL,'no','24 Copper RJ45 Cat 6. vers 104','2018-02-02 13:26:31','RTadmin'),(80,'PA3-Cabling C5-2',NULL,9,NULL,'no','24 Copper RJ45 Cat 6. vers 104','2018-02-02 13:26:39','RTadmin'),(81,'PA3-Cabling F4-2',NULL,9,NULL,'no','6 Fiber OM3 LC/LC vers 103','2018-02-02 13:26:48','RTadmin'),(82,'PA3-Cabling C7-2',NULL,9,NULL,'no','24 Copper RJ45 Cat 6. vers 104','2018-02-02 13:27:18','RTadmin'),(83,'PA3-Cabling C6-2',NULL,9,NULL,'no','24 Copper RJ45 Cat 6. vers 104','2018-02-02 13:27:43','RTadmin'),(84,'PA3-Cabling F5-2',NULL,9,NULL,'no','6 Fiber OM3 LC/LC vers 103','2018-02-02 13:27:58','RTadmin'),(86,'PA3-Cabling CP2-2',NULL,9,NULL,'no','6 Copper RJ45 Cat 6. vers 104','2018-02-02 13:28:39','RTadmin'),(87,'PA3-Cabling F6-2',NULL,9,NULL,'no','12 Fiber OM3 LC/LC vers 103','2018-02-02 13:28:54','RTadmin'),(88,'PA3-Cabling CP2-3',NULL,9,NULL,'no','12 Copper RJ45 Cat 6. vers 104','2018-02-02 13:29:25','RTadmin'),(90,'PA3-Cabling CP1-3',NULL,9,NULL,'no','12 Copper RJ45 Cat 6. vers 104','2018-02-02 13:30:22','RTadmin'),(91,'PA3-Cabling F8-2',NULL,9,NULL,'no','12 Fiber OM3 LC/LC vers 103','2018-02-02 13:30:36','RTadmin'),(92,'PA3-Cabling C8-2',NULL,9,NULL,'no','Copper RJ45 Cat 6 en prevision','2018-02-02 13:31:13','RTadmin'),(94,'PA3-CablingC9-1',NULL,9,NULL,'no','Copper RJ45 Cat 6 en prevision','2018-02-02 13:31:25','RTadmin'),(95,'PA3-Cabling F10-2',NULL,9,NULL,'no','Copper RJ45 Cat 6 en prevision','2018-02-02 13:31:33','RTadmin'),(93,'PA3-Cabling F9-2',NULL,9,NULL,'no','Fiber OM3 LC/LC en prevision','2018-02-02 13:31:50','RTadmin'),(95,'PA3-Cabling F10-2',NULL,9,NULL,'no','Fiber OM3 LC/LC en prevision','2018-02-02 13:32:00','RTadmin'),(96,'Pass fibre',NULL,10,NULL,'no',NULL,'2018-02-02 13:38:47','RTadmin'),(97,'PA4-Cabling C1-1',NULL,9,NULL,'no',NULL,'2018-02-02 14:06:12','RTadmin'),(98,'PA4-Cabling C2-1',NULL,9,NULL,'no',NULL,'2018-02-02 14:06:12','RTadmin'),(99,'PA4-Cabling F1-1',NULL,9,NULL,'no',NULL,'2018-02-02 14:06:12','RTadmin'),(100,'PA4-Cabling F12-1',NULL,9,NULL,'no',NULL,'2018-02-02 14:06:12','RTadmin'),(101,'PA4-Cabling C3-1',NULL,9,NULL,'no',NULL,'2018-02-02 14:06:16','RTadmin'),(102,'PA4-Cabling C4-1',NULL,9,NULL,'no',NULL,'2018-02-02 14:06:16','RTadmin'),(103,'PA4-Cabling F2-1',NULL,9,NULL,'no',NULL,'2018-02-02 14:06:17','RTadmin'),(104,'PA4-Cabling F12-2',NULL,9,NULL,'no',NULL,'2018-02-02 14:06:17','RTadmin'),(107,'PA4-Cabling F11-1',NULL,9,NULL,'no',NULL,'2018-02-02 14:06:21','RTadmin'),(109,'PA4-Cabling F12-3',NULL,9,NULL,'no',NULL,'2018-02-02 14:06:21','RTadmin'),(110,'PA4-Cabling F12-4',NULL,9,NULL,'no',NULL,'2018-02-02 14:06:21','RTadmin'),(111,'PA4-Cabling F1-2',NULL,9,NULL,'no',NULL,'2018-02-02 14:06:21','RTadmin'),(112,'PA4-Cabling F2-2',NULL,9,NULL,'no',NULL,'2018-02-02 14:06:21','RTadmin'),(113,'PA4-Cabling F3-1',NULL,9,NULL,'no',NULL,'2018-02-02 14:06:21','RTadmin'),(114,'PA4-Cabling F4-1',NULL,9,NULL,'no',NULL,'2018-02-02 14:06:21','RTadmin'),(115,'PA4-Cabling F5-1',NULL,9,NULL,'no',NULL,'2018-02-02 14:06:21','RTadmin'),(116,'PA4-Cabling F6-1',NULL,9,NULL,'no',NULL,'2018-02-02 14:06:21','RTadmin'),(117,'PA4-Cabling F7-1',NULL,9,NULL,'no',NULL,'2018-02-02 14:06:21','RTadmin'),(118,'PA4-Cabling F8-1',NULL,9,NULL,'no',NULL,'2018-02-02 14:06:22','RTadmin'),(119,'PA4-Cabling F9-1',NULL,9,NULL,'no',NULL,'2018-02-02 14:06:22','RTadmin'),(120,'PA4-Cabling F10-1',NULL,9,NULL,'no',NULL,'2018-02-02 14:06:22','RTadmin'),(121,'PA4-Cabling F11-2',NULL,9,NULL,'no',NULL,'2018-02-02 14:06:27','RTadmin'),(122,'PA4-Cabling C1-2',NULL,9,NULL,'no',NULL,'2018-02-02 14:06:27','RTadmin'),(123,'PA4-Cabling C2-2',NULL,9,NULL,'no',NULL,'2018-02-02 14:06:27','RTadmin'),(124,'PA4-Cabling C3-2',NULL,9,NULL,'no',NULL,'2018-02-02 14:06:27','RTadmin'),(125,'PA4-Cabling C4-2',NULL,9,NULL,'no',NULL,'2018-02-02 14:06:27','RTadmin'),(126,'PA4-Cabling C5-1',NULL,9,NULL,'no',NULL,'2018-02-02 14:06:27','RTadmin'),(127,'PA4-Cabling C6-1',NULL,9,NULL,'no',NULL,'2018-02-02 14:06:27','RTadmin'),(128,'PA4-Cabling C7-1',NULL,9,NULL,'no',NULL,'2018-02-02 14:06:27','RTadmin'),(129,'PA4-Cabling CP1-1',NULL,9,NULL,'no',NULL,'2018-02-02 14:06:27','RTadmin'),(130,'PA4-Cabling CP2-1',NULL,9,NULL,'no',NULL,'2018-02-02 14:06:27','RTadmin'),(131,'PA4-Cabling C8-1',NULL,9,NULL,'no',NULL,'2018-02-02 14:06:27','RTadmin'),(132,'PA4-Cabling CP1-2',NULL,9,NULL,'no',NULL,'2018-02-02 14:06:33','RTadmin'),(133,'PA4-Cabling F13-3',NULL,9,NULL,'no',NULL,'2018-02-02 14:06:33','RTadmin'),(134,'PA4-Cabling F13-4',NULL,9,NULL,'no',NULL,'2018-02-02 14:06:33','RTadmin'),(135,'PA4-Cabling C14-1',NULL,9,NULL,'no',NULL,'2018-02-02 14:06:33','RTadmin'),(136,'PA4-Cabling F3-2',NULL,9,NULL,'no',NULL,'2018-02-02 14:06:33','RTadmin'),(137,'PA4-Cabling C5-2',NULL,9,NULL,'no',NULL,'2018-02-02 14:06:41','RTadmin'),(138,'PA4-Cabling F4-2',NULL,9,NULL,'no',NULL,'2018-02-02 14:06:41','RTadmin'),(139,'PA4-Cabling C7-2',NULL,9,NULL,'no',NULL,'2018-02-02 14:06:45','RTadmin'),(140,'PA4-Cabling C6-2',NULL,9,NULL,'no',NULL,'2018-02-02 14:06:45','RTadmin'),(141,'PA4-Cabling F5-2',NULL,9,NULL,'no',NULL,'2018-02-02 14:06:45','RTadmin'),(143,'PA4-Cabling CP2-2',NULL,9,NULL,'no',NULL,'2018-02-02 14:06:50','RTadmin'),(144,'PA4-Cabling F6-2',NULL,9,NULL,'no',NULL,'2018-02-02 14:06:50','RTadmin'),(145,'PA4-Cabling CP2-3',NULL,9,NULL,'no',NULL,'2018-02-02 14:06:54','RTadmin'),(147,'PA4-Cabling CP1-3',NULL,9,NULL,'no',NULL,'2018-02-02 14:06:57','RTadmin'),(148,'PA4-Cabling F8-2',NULL,9,NULL,'no',NULL,'2018-02-02 14:06:57','RTadmin'),(149,'PA4-Cabling C8-2',NULL,9,NULL,'no',NULL,'2018-02-02 14:07:01','RTadmin'),(150,'PA4-Cabling F9-2',NULL,9,NULL,'no',NULL,'2018-02-02 14:07:01','RTadmin'),(151,'PA4-Cabling C9-1',NULL,9,NULL,'no',NULL,'2018-02-02 14:07:06','RTadmin'),(152,'PA4-Cabling F10-2',NULL,9,NULL,'no',NULL,'2018-02-02 14:07:06','RTadmin'),(97,'PA4-Cabling C1-1',NULL,9,NULL,'no','18 Copper RJ45 Cat 6. vers 104','2018-02-02 14:07:49','RTadmin'),(98,'PA4-Cabling C2-1',NULL,9,NULL,'no','18 Copper RJ45 Cat 6. vers 104','2018-02-02 14:07:58','RTadmin'),(99,'PA4-Cabling F1-1',NULL,9,NULL,'no','42 Fiber OM3 LC/LC vers 103','2018-02-02 14:08:16','RTadmin'),(100,'PA4-Cabling F12-1',NULL,9,NULL,'no',NULL,'2018-02-02 14:08:42','RTadmin'),(101,'PA4-Cabling C3-1',NULL,9,NULL,'no','18 Copper RJ45 Cat 6. vers 104','2018-02-02 14:09:02','RTadmin'),(102,'PA4-Cabling C4-1',NULL,9,NULL,'no','18 Copper RJ45 Cat 6. vers 104','2018-02-02 14:09:11','RTadmin'),(103,'PA4-Cabling F2-1',NULL,9,NULL,'no','42 Fiber OM3 LC/LC vers 103','2018-02-02 14:09:28','RTadmin'),(104,'PA4-Cabling F12-2',NULL,9,NULL,'no',NULL,'2018-02-02 14:09:44','RTadmin'),(107,'PA4-Cabling F11-1',NULL,9,NULL,'no','18 Fiber OM3 LC/LC vers 104','2018-02-02 14:10:09','RTadmin'),(111,'PA4-Cabling F1-2',NULL,9,NULL,'no','42 Fiber OM3 LC/LC vers 104','2018-02-02 14:10:26','RTadmin'),(112,'PA4-Cabling F2-2',NULL,9,NULL,'no','42 Fiber OM3 LC/LC vers 102','2018-02-02 14:10:45','RTadmin'),(111,'PA4-Cabling F1-2',NULL,9,NULL,'no','42 Fiber OM3 LC/LC vers 101','2018-02-02 14:10:53','RTadmin'),(109,'PA4-Cabling F12-3',NULL,9,NULL,'no','12 Fiber OS2 vers MMRa EQX','2018-02-02 14:11:09','RTadmin'),(110,'PA4-Cabling F12-4',NULL,9,NULL,'no','12 Fiber OS2 vers MMRb EQX','2018-02-02 14:11:21','RTadmin'),(113,'PA4-Cabling F3-1',NULL,9,NULL,'no','36 Fiber OM3 LC/LC vers 105','2018-02-02 14:11:49','RTadmin'),(114,'PA4-Cabling F4-1',NULL,9,NULL,'no','6 Fiber OM3 LC/LC vers 106','2018-02-02 14:12:12','RTadmin'),(115,'PA4-Cabling F5-1',NULL,9,NULL,'no','6 Fiber OM3 LC/LC vers 201','2018-02-02 14:12:30','RTadmin'),(116,'PA4-Cabling F6-1',NULL,9,NULL,'no','12 Fiber OM3 LC/LC vers 202','2018-02-02 14:12:49','RTadmin'),(116,'PA4-Cabling F6-1',NULL,9,NULL,'no','12 Fiber OM3 LC/LC vers 202','2018-02-02 14:12:59','RTadmin'),(115,'PA4-Cabling F5-1',NULL,9,NULL,'no','6 Fiber OM3 LC/LC vers 201','2018-02-02 14:13:47','RTadmin'),(117,'PA4-Cabling F7-1',NULL,9,NULL,'no','12 Fiber OM3 LC/LC vers 203','2018-02-02 14:14:16','RTadmin'),(118,'PA4-Cabling F8-1',NULL,9,NULL,'no','12 Fiber OM3 LC/LC vers 204','2018-02-02 14:14:34','RTadmin'),(119,'PA4-Cabling F9-1',NULL,9,NULL,'no',' Fiber OM3 LC/LC en prevision','2018-02-02 14:14:59','RTadmin'),(120,'PA4-Cabling F10-1',NULL,9,NULL,'no',' Fiber OM3 LC/LC en prevision','2018-02-02 14:15:11','RTadmin'),(120,'PA4-Cabling F10-1',NULL,9,NULL,'no',' Fiber OM3 LC/LC en prevision','2018-02-02 14:15:23','RTadmin'),(121,'PA4-Cabling F11-2',NULL,9,NULL,'no','18 Fiber OM3 LC/LC vers 103','2018-02-02 14:16:30','RTadmin'),(122,'PA4-Cabling C1-2',NULL,9,NULL,'no','18 Copper RJ45 Cat 6. vers 101','2018-02-02 14:16:53','RTadmin'),(123,'PA4-Cabling C2-2',NULL,9,NULL,'no','18 Copper RJ45 Cat 6. vers 101','2018-02-02 14:17:00','RTadmin'),(124,'PA4-Cabling C3-2',NULL,9,NULL,'no','18 Copper RJ45 Cat 6. vers 101','2018-02-02 14:17:16','RTadmin'),(124,'PA4-Cabling C3-2',NULL,9,NULL,'no','18 Copper RJ45 Cat 6. vers 102','2018-02-02 14:17:23','RTadmin'),(125,'PA4-Cabling C4-2',NULL,9,NULL,'no','18 Copper RJ45 Cat 6. vers 102','2018-02-02 14:17:39','RTadmin'),(126,'PA4-Cabling C5-1',NULL,9,NULL,'no','24 Copper RJ45 Cat 6. vers 106\n','2018-02-02 14:18:00','RTadmin'),(127,'PA4-Cabling C6-1',NULL,9,NULL,'no','18 Copper RJ45 Cat 6. vers 201','2018-02-02 14:18:11','RTadmin'),(128,'PA4-Cabling C7-1',NULL,9,NULL,'no','24 Copper RJ45 Cat 6. vers 201','2018-02-02 14:18:28','RTadmin'),(129,'PA4-Cabling CP1-1',NULL,9,NULL,'no','12 Copper RJ45 Cat 6. vers 105\n12 Copper RJ45 Cat 6. vers 204','2018-02-02 14:18:51','RTadmin'),(130,'PA4-Cabling CP2-1',NULL,9,NULL,'no','6 Copper RJ45 Cat 6. vers 202\n12 Copper RJ45 Cat 6. vers 203','2018-02-02 14:19:43','RTadmin'),(131,'PA4-Cabling C8-1',NULL,9,NULL,'no','Copper RJ45 Cat 6. en prevesion','2018-02-02 14:19:56','RTadmin'),(131,'PA4-Cabling C8-1',NULL,9,NULL,'no','Copper RJ45 Cat 6. en prevision','2018-02-02 14:20:02','RTadmin'),(132,'PA4-Cabling CP1-2',NULL,9,NULL,'no','12 Copper RJ45 Cat 6. vers 104','2018-02-02 14:20:33','RTadmin'),(133,'PA4-Cabling F13-3',NULL,9,NULL,'no','12 Fiber OS2 vers MMRa EQX ','2018-02-02 14:20:47','RTadmin'),(134,'PA4-Cabling F13-4',NULL,9,NULL,'no','12 Fiber OS2 vers MMRb EQX ','2018-02-02 14:20:58','RTadmin'),(134,'PA4-Cabling F13-4',NULL,9,NULL,'no','12 Fiber OS2 vers MMRb EQX ','2018-02-02 14:21:04','RTadmin'),(135,'PA4-Cabling C14-1',NULL,9,NULL,'no','4 Copper vers MDF2 (PA4) et vers ??? (PA3) EQX ','2018-02-02 14:21:17','RTadmin'),(135,'PA4-Cabling C14-1',NULL,9,NULL,'no','4 Copper vers MDF2 (PA4) et vers ??? (PA3) EQX ','2018-02-02 14:21:30','RTadmin'),(135,'PA4-Cabling C14-1',NULL,9,NULL,'no','4 Copper vers MDF2 (PA4) et vers ??? (PA3) EQX ','2018-02-02 14:21:31','RTadmin'),(136,'PA4-Cabling F3-2',NULL,9,NULL,'no','36 Fiber OM3 LC/LC vers 103','2018-02-02 14:22:16','RTadmin'),(137,'PA4-Cabling C5-2',NULL,9,NULL,'no','6 Fiber OM3 LC/LC vers 103','2018-02-02 14:22:39','RTadmin'),(138,'PA4-Cabling F4-2',NULL,9,NULL,'no','6 Fiber OM3 LC/LC vers 103','2018-02-02 14:22:52','RTadmin'),(137,'PA4-Cabling C5-2',NULL,9,NULL,'no','24 Copper RJ45 Cat 6. vers 104','2018-02-02 14:23:06','RTadmin'),(140,'PA4-Cabling C6-2',NULL,9,NULL,'no','24 Copper RJ45 Cat 6. vers 104','2018-02-02 14:23:26','RTadmin'),(139,'PA4-Cabling C7-2',NULL,9,NULL,'no','24 Copper RJ45 Cat 6. vers 104','2018-02-02 14:23:34','RTadmin'),(141,'PA4-Cabling F5-2',NULL,9,NULL,'no','6 Fiber OM3 LC/LC vers 103','2018-02-02 14:23:48','RTadmin'),(143,'PA4-Cabling CP2-2',NULL,9,NULL,'no','6 Copper RJ45 Cat 6. vers 104','2018-02-02 14:24:19','RTadmin'),(144,'PA4-Cabling F6-2',NULL,9,NULL,'no','12 Fiber OM3 LC/LC vers 103','2018-02-02 14:24:26','RTadmin'),(145,'PA4-Cabling CP2-3',NULL,9,NULL,'no','12 Copper RJ45 Cat 6. vers 104','2018-02-02 14:24:59','RTadmin'),(147,'PA4-Cabling CP1-3',NULL,9,NULL,'no','12 Copper RJ45 Cat 6. vers 104','2018-02-02 14:25:19','RTadmin'),(148,'PA4-Cabling F8-2',NULL,9,NULL,'no','12 Fiber OM3 LC/LC vers 103','2018-02-02 14:25:36','RTadmin'),(149,'PA4-Cabling C8-2',NULL,9,NULL,'no','Copper RJ45 Cat 6 en prevision','2018-02-02 14:25:53','RTadmin'),(150,'PA4-Cabling F9-2',NULL,9,NULL,'no','Fiber OM3 LC/LC en prevision','2018-02-02 14:26:08','RTadmin'),(151,'PA4-Cabling C9-1',NULL,9,NULL,'no','Copper RJ45 Cat 6 en prevision','2018-02-02 14:26:45','RTadmin'),(151,'PA4-Cabling C9-1',NULL,9,NULL,'no','Copper RJ45 Cat 6 en prevision','2018-02-02 14:27:53','RTadmin'),(152,'PA4-Cabling F10-2',NULL,9,NULL,'no','Fiber OM3 LC/LC en prevision','2018-02-02 14:28:09','RTadmin'),(154,'Nutanix SE04E440',NULL,4,NULL,'no',NULL,'2018-02-19 09:02:28','RTadmin'),(155,'Nutanix SE04T077',NULL,4,NULL,'no',NULL,'2018-02-19 09:02:28','RTadmin'),(156,'Nutanix SE06Y803',NULL,4,NULL,'no',NULL,'2018-02-19 09:02:28','RTadmin'),(157,'Nutanix SE07V166',NULL,4,NULL,'no',NULL,'2018-02-19 09:02:28','RTadmin'),(158,'Nutanix SE00E821',NULL,4,NULL,'no',NULL,'2018-02-19 09:02:28','RTadmin'),(156,'Nutanix SE06Y803',NULL,4,NULL,'no',NULL,'2018-02-19 09:08:10','RTadmin'),(158,'Nutanix SE00E821',NULL,4,NULL,'no',NULL,'2018-02-19 09:09:37','RTadmin'),(154,'Nutanix SE04E440',NULL,4,NULL,'no',NULL,'2018-02-19 09:09:47','RTadmin'),(155,'Nutanix SE04T077',NULL,4,NULL,'no',NULL,'2018-02-19 09:10:00','RTadmin'),(157,'Nutanix SE07V166',NULL,4,NULL,'no',NULL,'2018-02-19 09:10:13','RTadmin'),(158,'Nutanix SE00E821',NULL,4,NULL,'no',NULL,'2018-02-19 09:20:24','RTadmin'),(158,'Nutanix SE00E821',NULL,4,'','no',NULL,'2018-02-19 09:21:22','RTadmin'),(158,'Nutanix SE00E821',NULL,4,'SE00E821','no',NULL,'2018-02-19 09:23:05','RTadmin'),(154,'Nutanix SE04E440',NULL,4,'SE04E440','no',NULL,'2018-02-19 09:23:55','RTadmin'),(155,'Nutanix SE04T077',NULL,4,'SE04T077','no',NULL,'2018-02-19 09:24:10','RTadmin'),(156,'Nutanix SE06Y803',NULL,4,'SE06Y803','no',NULL,'2018-02-19 09:24:28','RTadmin'),(157,'Nutanix SE07V166',NULL,4,'SE07V166','no',NULL,'2018-02-19 09:24:49','RTadmin'),(159,'Nutanix SE00V332',NULL,4,'SE00V332','no',NULL,'2018-02-19 09:33:21','RTadmin'),(160,'Nutanix SE00S562',NULL,4,'SE00S562','no',NULL,'2018-02-19 09:33:21','RTadmin'),(161,'Nutanix SE04A407',NULL,4,'SE04A407','no',NULL,'2018-02-19 09:33:21','RTadmin'),(162,'Nutanix SE05A854',NULL,4,'SE05A854','no',NULL,'2018-02-19 09:33:21','RTadmin'),(163,'Nutanix SE06Q143',NULL,4,'SE06Q143','no',NULL,'2018-02-19 09:33:21','RTadmin'),(164,'Nutanix SE07R689',NULL,4,'SE07R689','no',NULL,'2018-02-19 09:33:21','RTadmin'),(165,'Nutanix SE02W444',NULL,4,'SE02W444','no',NULL,'2018-02-19 09:33:21','RTadmin'),(166,'Nutanix SE06S085',NULL,4,'SE06S085','no',NULL,'2018-02-19 09:33:21','RTadmin'),(159,'Nutanix SE00V332',NULL,4,'SE00V332','no',NULL,'2018-02-19 09:34:16','RTadmin'),(160,'Nutanix SE00S562',NULL,4,'SE00S562','no',NULL,'2018-02-19 09:34:33','RTadmin'),(161,'Nutanix SE04A407',NULL,4,'SE04A407','no',NULL,'2018-02-19 09:34:46','RTadmin'),(162,'Nutanix SE05A854',NULL,4,'SE05A854','no',NULL,'2018-02-19 09:35:00','RTadmin'),(163,'Nutanix SE06Q143',NULL,4,'SE06Q143','no',NULL,'2018-02-19 09:35:21','RTadmin'),(164,'Nutanix SE07R689',NULL,4,'SE07R689','no',NULL,'2018-02-19 09:35:36','RTadmin'),(165,'Nutanix SE02W444',NULL,4,'SE02W444','no',NULL,'2018-02-19 09:35:50','RTadmin'),(166,'Nutanix SE06S085',NULL,4,'SE06S085','no',NULL,'2018-02-19 09:36:03','RTadmin'),(154,'Nutanix SE04E440',NULL,4,'SE04E440','no','Watt normal : 533\nWatt max : 795\nBTU/h normal : 1 819\nBTU/h max : 2 713\n','2018-02-19 09:45:47','RTadmin'),(158,'Nutanix SE00E821',NULL,4,'SE00E821','no','Watt normal : 533\nWatt max : 795\nBTU/h normal : 1 819\nBTU/h max : 2 713\n','2018-02-19 09:46:35','RTadmin'),(160,'Nutanix SE00S562',NULL,4,'SE00S562','no','Watt normal : 533\nWatt max : 795\nBTU/h normal : 1 819\nBTU/h max : 2 713\n','2018-02-19 09:46:43','RTadmin'),(159,'Nutanix SE00V332',NULL,4,'SE00V332','no','Watt normal : 533\nWatt max : 795\nBTU/h normal : 1 819\nBTU/h max : 2 713\n','2018-02-19 09:46:50','RTadmin'),(165,'Nutanix SE02W444',NULL,4,'SE02W444','no','Watt normal : 533\nWatt max : 795\nBTU/h normal : 1 819\nBTU/h max : 2 713\n','2018-02-19 09:46:56','RTadmin'),(161,'Nutanix SE04A407',NULL,4,'SE04A407','no','Watt normal : 533\nWatt max : 795\nBTU/h normal : 1 819\nBTU/h max : 2 713\n','2018-02-19 09:47:01','RTadmin'),(155,'Nutanix SE04T077',NULL,4,'SE04T077','no','Watt normal : 533\nWatt max : 795\nBTU/h normal : 1 819\nBTU/h max : 2 713\n','2018-02-19 09:47:07','RTadmin'),(162,'Nutanix SE05A854',NULL,4,'SE05A854','no','Watt normal : 533\nWatt max : 795\nBTU/h normal : 1 819\nBTU/h max : 2 713\n','2018-02-19 09:47:11','RTadmin'),(163,'Nutanix SE06Q143',NULL,4,'SE06Q143','no','Watt normal : 533\nWatt max : 795\nBTU/h normal : 1 819\nBTU/h max : 2 713\n','2018-02-19 09:47:17','RTadmin'),(166,'Nutanix SE06S085',NULL,4,'SE06S085','no','Watt normal : 533\nWatt max : 795\nBTU/h normal : 1 819\nBTU/h max : 2 713\n','2018-02-19 09:47:22','RTadmin'),(156,'Nutanix SE06Y803',NULL,4,'SE06Y803','no','Watt normal : 533\nWatt max : 795\nBTU/h normal : 1 819\nBTU/h max : 2 713\n','2018-02-19 09:47:27','RTadmin'),(164,'Nutanix SE07R689',NULL,4,'SE07R689','no','Watt normal : 533\nWatt max : 795\nBTU/h normal : 1 819\nBTU/h max : 2 713\n','2018-02-19 09:47:32','RTadmin'),(157,'Nutanix SE07V166',NULL,4,'SE07V166','no','Watt normal : 533\nWatt max : 795\nBTU/h normal : 1 819\nBTU/h max : 2 713\n','2018-02-19 09:47:37','RTadmin'),(167,'Nutanix SE00G627',NULL,4,'SE00G627','no',NULL,'2018-02-19 10:35:55','RTadmin'),(168,'Nutanix SE00P908',NULL,4,'SE00P908','no',NULL,'2018-02-19 10:35:55','RTadmin'),(169,'Nutanix SE01J248',NULL,4,'SE01J248','no',NULL,'2018-02-19 10:35:55','RTadmin'),(170,'Nutanix SE02X977',NULL,4,'SE02X977','no',NULL,'2018-02-19 10:35:55','RTadmin'),(171,'Nutanix SE03C255',NULL,4,'SE03C255','no',NULL,'2018-02-19 10:35:55','RTadmin'),(172,'Nutanix SE08K683',NULL,4,'SE08K683','no',NULL,'2018-02-19 10:36:06','RTadmin'),(173,'Nutanix SE03G978',NULL,4,'SE03G978','no',NULL,'2018-02-19 10:36:06','RTadmin'),(174,'Nutanix SE03H888',NULL,4,'SE03H888','no',NULL,'2018-02-19 10:36:06','RTadmin'),(175,'Nutanix SE07K778',NULL,4,'SE07K778','no',NULL,'2018-02-19 10:36:06','RTadmin'),(176,'Nutanix SE08L917',NULL,4,'SE08L917','no',NULL,'2018-02-19 10:36:06','RTadmin'),(177,'Nutanix SE09P421',NULL,4,'SE09P421','no',NULL,'2018-02-19 10:36:06','RTadmin'),(178,'Nutanix SE05Z023',NULL,4,'SE05Z023','no',NULL,'2018-02-19 10:36:06','RTadmin'),(179,'Nutanix SE07Q955',NULL,4,'SE07Q955','no',NULL,'2018-02-19 10:36:06','RTadmin'),(167,'Nutanix SE00G627',NULL,4,'SE00G627','no',NULL,'2018-02-19 10:36:25','RTadmin'),(167,'Nutanix SE00G627',NULL,4,'SE00G627','no','Watt normal : 533\nWatt max : 795\nBTU/h normal : 1 819\nBTU/h max : 2 713','2018-02-19 10:36:54','RTadmin'),(168,'Nutanix SE00P908',NULL,4,'SE00P908','no','Watt normal : 533\nWatt max : 795\nBTU/h normal : 1 819\nBTU/h max : 2 713','2018-02-19 10:37:06','RTadmin'),(169,'Nutanix SE01J248',NULL,4,'SE01J248','no','Watt normal : 533\nWatt max : 795\nBTU/h normal : 1 819\nBTU/h max : 2 713','2018-02-19 10:37:20','RTadmin'),(170,'Nutanix SE02X977',NULL,4,'SE02X977','no','Watt normal : 533\nWatt max : 795\nBTU/h normal : 1 819\nBTU/h max : 2 713','2018-02-19 10:37:34','RTadmin'),(171,'Nutanix SE03C255',NULL,4,'SE03C255','no','Watt normal : 533\nWatt max : 795\nBTU/h normal : 1 819\nBTU/h max : 2 713','2018-02-19 10:37:49','RTadmin'),(172,'Nutanix SE08K683',NULL,4,'SE08K683','no','Watt normal : 533\nWatt max : 795\nBTU/h normal : 1 819\nBTU/h max : 2 713','2018-02-19 10:38:06','RTadmin'),(173,'Nutanix SE03G978',NULL,4,'SE03G978','no','Watt normal : 533\nWatt max : 795\nBTU/h normal : 1 819\nBTU/h max : 2 713','2018-02-19 10:38:21','RTadmin'),(174,'Nutanix SE03H888',NULL,4,'SE03H888','no','Watt normal : 533\nWatt max : 795\nBTU/h normal : 1 819\nBTU/h max : 2 713','2018-02-19 10:38:33','RTadmin'),(175,'Nutanix SE07K778',NULL,4,'SE07K778','no','Watt normal : 533\nWatt max : 795\nBTU/h normal : 1 819\nBTU/h max : 2 713','2018-02-19 10:38:51','RTadmin'),(176,'Nutanix SE08L917',NULL,4,'SE08L917','no','Watt normal : 533\nWatt max : 795\nBTU/h normal : 1 819\nBTU/h max : 2 713','2018-02-19 10:39:08','RTadmin'),(177,'Nutanix SE09P421',NULL,4,'SE09P421','no','Watt normal : 533\nWatt max : 795\nBTU/h normal : 1 819\nBTU/h max : 2 713','2018-02-19 10:39:20','RTadmin'),(178,'Nutanix SE05Z023',NULL,4,'SE05Z023','no','Watt normal : 533\nWatt max : 795\nBTU/h normal : 1 819\nBTU/h max : 2 713','2018-02-19 10:39:30','RTadmin'),(179,'Nutanix SE07Q955',NULL,4,'SE07Q955','no','Watt normal : 533\nWatt max : 795\nBTU/h normal : 1 819\nBTU/h max : 2 713','2018-02-19 10:39:46','RTadmin'),(180,'PA4-101-Switch KVM',NULL,445,NULL,'no',NULL,'2018-02-19 10:48:08','RTadmin'),(181,'PA4-102-Switch KVM',NULL,445,NULL,'no',NULL,'2018-02-19 10:48:08','RTadmin'),(182,'PA4-106-Switch KVM',NULL,445,NULL,'no',NULL,'2018-02-19 10:48:08','RTadmin'),(183,'PA4-201-Switch KVM',NULL,445,NULL,'no',NULL,'2018-02-19 10:48:08','RTadmin'),(184,'PA4-202-Switch KVM',NULL,445,NULL,'no',NULL,'2018-02-19 10:48:08','RTadmin'),(185,'PA4-204-Switch KVM',NULL,445,NULL,'no',NULL,'2018-02-19 10:48:08','RTadmin'),(183,'PA4-201-Switch KVM',NULL,445,NULL,'no','Avec cran ATEN KL1516AM','2018-02-19 10:49:05','RTadmin'),(186,'PA3-101-Switch KVM',NULL,445,NULL,'no',NULL,'2018-02-19 10:50:53','RTadmin'),(187,'PA3-102-Switch KVM',NULL,445,NULL,'no',NULL,'2018-02-19 10:50:53','RTadmin'),(188,'PA3-106-Switch KVM',NULL,445,NULL,'no',NULL,'2018-02-19 10:50:53','RTadmin'),(189,'PA3-201-Switch KVM',NULL,445,NULL,'no',NULL,'2018-02-19 10:50:53','RTadmin'),(190,'PA3-202-Switch KVM',NULL,445,NULL,'no',NULL,'2018-02-19 10:50:53','RTadmin'),(191,'PA3-204-Switch KVM',NULL,445,NULL,'no',NULL,'2018-02-19 10:50:53','RTadmin'),(186,'PA3-101-Switch KVM',NULL,445,NULL,'no','Avec cran ATEN KL1516AM','2018-02-19 10:51:42','RTadmin'),(187,'PA3-102-Switch KVM',NULL,445,NULL,'no','Avec cran ATEN KL1516AM','2018-02-19 10:52:48','RTadmin'),(186,'PA3-101-Switch KVM + LCD',NULL,445,NULL,'no','Avec cran ATEN KL1516AM','2018-02-19 10:53:22','RTadmin'),(187,'PA3-102-Switch KVM + LCD',NULL,445,NULL,'no','Avec cran ATEN KL1516AM','2018-02-19 10:53:40','RTadmin'),(188,'PA3-106-Switch KVM +LCD',NULL,445,NULL,'no',NULL,'2018-02-19 10:53:49','RTadmin'),(188,'PA3-106-Switch KVM + LCD',NULL,445,NULL,'no','Avec cran ATEN KL1516AM','2018-02-19 10:53:58','RTadmin'),(188,'PA3-106-Switch KVM + LCD',NULL,445,NULL,'no','Avec cran ATEN KL1516AM','2018-02-19 10:54:37','RTadmin'),(189,'PA3-201-Switch KVM',NULL,445,NULL,'no','Avec cran ATEN KL1516AM','2018-02-19 10:54:53','RTadmin'),(189,'PA3-201-Switch KVM + LCD',NULL,445,NULL,'no','Avec cran ATEN KL1516AM','2018-02-19 10:55:00','RTadmin'),(190,'PA3-202-Switch KVM + LCD',NULL,445,NULL,'no','Avec cran ATEN KL1516AM','2018-02-19 10:58:09','RTadmin'),(191,'PA3-204-Switch KVM + LCD',NULL,445,NULL,'no','Avec cran ATEN KL1516AM','2018-02-19 10:59:08','RTadmin'),(180,'PA4-101-Switch KVM',NULL,445,NULL,'no','Avec cran ATEN KL1516AM','2018-02-19 10:59:32','RTadmin'),(180,'PA4-101-Switch KVM + LCD',NULL,445,NULL,'no','Avec cran ATEN KL1516AM','2018-02-19 10:59:54','RTadmin'),(181,'PA4-102-Switch KVM + LCD',NULL,445,NULL,'no','Avec cran ATEN KL1516AM','2018-02-19 11:00:17','RTadmin'),(182,'PA4-106-Switch KVM + LCD',NULL,445,NULL,'no','Avec cran ATEN KL1516AM','2018-02-19 11:00:41','RTadmin'),(183,'PA4-201-Switch KVM + LCD',NULL,445,NULL,'no','Avec cran ATEN KL1516AM','2018-02-19 11:01:02','RTadmin'),(184,'PA4-202-Switch KVM + LCD',NULL,445,NULL,'no','Avec cran ATEN KL1516AM','2018-02-19 11:01:26','RTadmin'),(185,'PA4-204-Switch KVM + LCD',NULL,445,NULL,'no','Avec cran ATEN KL1516AM','2018-02-19 11:01:54','RTadmin'),(192,'PA4-106-Switch KVM',NULL,445,NULL,'no',NULL,'2018-02-19 11:04:15','RTadmin'),(193,'PA4-201-Switch KVM',NULL,445,NULL,'no',NULL,'2018-02-19 11:04:15','RTadmin'),(194,'PA4-202-Switch KVM',NULL,445,NULL,'no',NULL,'2018-02-19 11:04:15','RTadmin'),(195,'PA3-106-Switch KVM',NULL,4,NULL,'no',NULL,'2018-02-19 11:04:47','RTadmin'),(196,'PA3-201-Switch KVM',NULL,4,NULL,'no',NULL,'2018-02-19 11:04:47','RTadmin'),(197,'PA3-202-Switch KVM',NULL,4,NULL,'no',NULL,'2018-02-19 11:04:47','RTadmin'),(195,'PA3-106-Switch KVM',NULL,4,NULL,'no','Li au switch KVM PA3-106-Switch KVM + LCD','2018-02-19 11:05:53','RTadmin'),(196,'PA3-201-Switch KVM',NULL,4,NULL,'no','Li au switch KVM PA3-201-Switch KVM + LCD','2018-02-19 11:07:24','RTadmin'),(197,'PA3-204-Switch KVM',NULL,4,NULL,'no','Li au switch KVM PA3-204-Switch KVM + LCD','2018-02-19 11:08:50','RTadmin'),(197,'PA3-204-Switch KVM',NULL,4,NULL,'no','Li au switch KVM PA3-204-Switch KVM + LCD','2018-02-19 11:09:55','RTadmin'),(192,'PA4-106-Switch KVM',NULL,445,NULL,'no','Li au switch KVM PA4-106-Switch KVM + LCD','2018-02-19 11:10:36','RTadmin'),(193,'PA4-201-Switch KVM',NULL,445,NULL,'no','Li au switch KVM PA4-201-Switch KVM + LCD','2018-02-19 11:11:30','RTadmin'),(194,'PA4-202-Switch KVM',NULL,445,NULL,'no','Li au switch KVM PA4-202-Switch KVM + LCD','2018-02-19 11:12:12','RTadmin'),(194,'PA4-204-Switch KVM',NULL,445,NULL,'no','Li au switch KVM PA4-204-Switch KVM + LCD','2018-02-19 11:13:02','RTadmin'),(198,'PA3-203-Exadata',NULL,4,NULL,'no',NULL,'2018-02-19 15:50:02','RTadmin'),(198,'PA3-203-Exadata',NULL,4,'Exadata','no',NULL,'2018-02-19 15:50:24','RTadmin'),(26,'PA4-Rack 203',NULL,1560,NULL,'no','Size of rack :\nHeight : 46 U\nWidht : 600\nDepth : 1200\n','2018-02-19 15:51:30','RTadmin'),(199,'PA4-203-Exadata',NULL,4,NULL,'no',NULL,'2018-02-19 15:52:41','RTadmin'),(198,'PA3-203-Exadata',NULL,4,'Exadata','no','Watt normal : 6700\nWatt max : 9500\nBTU/h normal : 22 829\nBTU/h max : 32 614\n','2018-02-19 15:55:19','RTadmin'),(199,'PA4-203-Exadata',NULL,4,NULL,'no','Watt normal : 6700\nWatt max : 9500\nBTU/h normal : 22 829\nBTU/h max : 32 614\n','2018-02-19 15:55:52','RTadmin'),(199,'PA4-203-Exadata',NULL,4,'Exadata PA4','no','Watt normal : 6700\nWatt max : 9500\nBTU/h normal : 22 829\nBTU/h max : 32 614\n','2018-02-19 15:56:13','RTadmin'),(198,'PA3-203-Exadata',NULL,4,'Exadata PA3','no','Watt normal : 6700\nWatt max : 9500\nBTU/h normal : 22 829\nBTU/h max : 32 614\n','2018-02-19 15:56:38','RTadmin'),(200,'P8-HMC-PA3',NULL,1787,NULL,'no',NULL,'2018-02-20 09:00:46','RTadmin'),(200,'P8-HMC-PA3',NULL,1787,NULL,'no',NULL,'2018-02-20 09:02:16','RTadmin'),(200,'P8-HMC-PA3',NULL,1787,NULL,'no',NULL,'2018-02-20 09:05:29','RTadmin'),(201,'P8-HMC-PA4',NULL,1787,NULL,'no',NULL,'2018-02-20 09:06:26','RTadmin'),(201,'P8-HMC-PA4',NULL,1787,NULL,'no','s/n:211160BD','2018-02-20 09:06:44','RTadmin'),(202,'P8-Display-PA3',NULL,1787,NULL,'no',NULL,'2018-02-20 09:08:01','RTadmin'),(203,'P8-Display-PA4',NULL,1787,NULL,'no',NULL,'2018-02-20 09:08:02','RTadmin'),(202,'P8-Display-PA3',NULL,1787,NULL,'no','Ecran HMC 7316-TF4','2018-02-20 09:08:35','RTadmin'),(203,'P8-Display-PA4',NULL,1787,NULL,'no','Ecran HMC 7316-TF4','2018-02-20 09:08:55','RTadmin'),(204,'P8-S824 SX03V579',NULL,4,'SX03V579','no',NULL,'2018-02-20 09:21:32','RTadmin'),(205,'P8-S824 SX03A643',NULL,4,'SX03A643','no',NULL,'2018-02-20 09:21:32','RTadmin'),(206,'P8-S824 SX03N189',NULL,4,'SX03N189','no',NULL,'2018-02-20 09:21:32','RTadmin'),(207,'P8-S824 SX05H417',NULL,4,'SX05H417','no',NULL,'2018-02-20 09:21:32','RTadmin'),(208,'P8-S824 SX06T649',NULL,4,'SX06T649','no',NULL,'2018-02-20 09:21:32','RTadmin'),(209,'P8-EXP-PA3',NULL,4,'Extension EXP24S (#5887)-PA3','no',NULL,'2018-02-20 09:21:41','RTadmin'),(210,'P8-S824 SX03V173',NULL,4,'SX03V173','no',NULL,'2018-02-20 09:23:22','RTadmin'),(211,'P8-S824 SX04P280',NULL,4,'SX04P280','no',NULL,'2018-02-20 09:25:50','RTadmin'),(212,'P8-S824 SX05R532',NULL,4,'SX05R532','no',NULL,'2018-02-20 09:25:50','RTadmin'),(213,'P8-S824 SX00H921',NULL,4,'SX00H921','no',NULL,'2018-02-20 09:26:33','RTadmin'),(214,'P8-S824 SX07N350',NULL,4,'SX07N350','no',NULL,'2018-02-20 09:26:33','RTadmin'),(215,'P8-S824 SX02P903',NULL,4,'SX02P903','no',NULL,'2018-02-20 09:26:33','RTadmin'),(216,'P8-S824 SX06R180',NULL,4,'SX06R180','no',NULL,'2018-02-20 09:26:33','RTadmin'),(217,'P8-S824 SX01P931',NULL,4,'SX01P931','no',NULL,'2018-02-20 09:26:33','RTadmin'),(218,'P8-EXP-PA4',NULL,4,'Extension EXP24S (#5887)-PA4','no',NULL,'2018-02-20 09:27:00','RTadmin'),(219,'P8-S824 SX04Y714',NULL,4,'SX04Y714','no',NULL,'2018-02-20 09:27:00','RTadmin'),(220,'P8-S824 SX00Y513',NULL,4,'SX00Y513','no',NULL,'2018-02-20 09:27:13','RTadmin'),(221,'P8-S824 SX03D711',NULL,4,'SX03D711','no',NULL,'2018-02-20 09:27:13','RTadmin'),(204,'P8-S824 SX03V579',NULL,4,'SX03V579','no',NULL,'2018-02-20 09:30:56','RTadmin'),(204,'P8-S824 SX03V579',NULL,4,'SX03V579','no','Watt normal : 2 300\nBTU/h normal : 7 848','2018-02-20 09:32:14','RTadmin'),(205,'P8-S824 SX03A643',NULL,4,'SX03A643','no','Watt normal : 2 300\nBTU/h normal : 7 848','2018-02-20 09:32:45','RTadmin'),(206,'P8-S824 SX03N189',NULL,4,'SX03N189','no','Watt normal : 2 300\nBTU/h normal : 7 848','2018-02-20 09:33:45','RTadmin'),(207,'P8-S824 SX05H417',NULL,4,'SX05H417','no','Watt normal : 2 300\nBTU/h normal : 7 848','2018-02-20 09:34:04','RTadmin'),(208,'P8-S824 SX06T649',NULL,4,'SX06T649','no','Watt normal : 2 300\nBTU/h normal : 7 848','2018-02-20 09:34:31','RTadmin'),(209,'P8-EXP-PA3',NULL,4,'Extension EXP24S (#5887)-PA3','no',NULL,'2018-02-20 09:35:06','RTadmin'),(209,'P8-EXP-PA3',NULL,4,'Extension EXP24S (#5887)-PA3','no','Watt normal : 300\nBTU/h normal : 1 024','2018-02-20 09:35:48','RTadmin'),(210,'P8-S824 SX03V173',NULL,4,'SX03V173','no','Watt normal : 2 300\nBTU/h normal : 7 848','2018-02-20 09:36:15','RTadmin'),(211,'P8-S824 SX04P280',NULL,4,'SX04P280','no','Watt normal : 2 300\nBTU/h normal : 7 848','2018-02-20 09:36:44','RTadmin'),(212,'P8-S824 SX05R532',NULL,4,'SX05R532','no',NULL,'2018-02-20 09:37:09','RTadmin'),(212,'P8-S824 SX05R532',NULL,4,'SX05R532','no','Watt normal : 2 300\nBTU/h normal : 7 848','2018-02-20 09:37:22','RTadmin'),(213,'P8-S824 SX00H921',NULL,4,'SX00H921','no','Watt normal : 2 300\nBTU/h normal : 7 848','2018-02-20 09:37:56','RTadmin'),(214,'P8-S824 SX07N350',NULL,4,'SX07N350','no','Watt normal : 2 300\nBTU/h normal : 7 848','2018-02-20 09:38:19','RTadmin'),(215,'P8-S824 SX02P903',NULL,4,'SX02P903','no',NULL,'2018-02-20 09:38:40','RTadmin'),(215,'P8-S824 SX02P903',NULL,4,'SX02P903','no','Watt normal : 2 300\nBTU/h normal : 7 848','2018-02-20 09:38:52','RTadmin'),(216,'P8-S824 SX06R180',NULL,4,'SX06R180','no','Watt normal : 2 300\nBTU/h normal : 7 848','2018-02-20 09:39:20','RTadmin'),(217,'P8-S824 SX01P931',NULL,4,'SX01P931','no',NULL,'2018-02-20 09:39:44','RTadmin'),(217,'P8-S824 SX01P931',NULL,4,'SX01P931','no','Watt normal : 2 300\nBTU/h normal : 7 848','2018-02-20 09:39:57','RTadmin'),(218,'P8-EXP-PA4',NULL,4,'Extension EXP24S (#5887)-PA4','no','Watt normal : 300\nBTU/h normal : 1024','2018-02-20 09:40:35','RTadmin'),(201,'P8-HMC-PA4',NULL,1787,NULL,'no','s/n:211160BD\nWatt normal : 351\nBTU/h normal : 1 198','2018-02-20 09:41:32','RTadmin'),(200,'P8-HMC-PA3',NULL,1787,NULL,'no','Watt normal : 351\nBTU/h normal : 1 198','2018-02-20 09:41:46','RTadmin'),(218,'P8-EXP-PA4',NULL,4,'Extension EXP24S (#5887)-PA4','no','Watt normal : 300\nBTU/h normal : 1024','2018-02-20 09:42:44','RTadmin'),(219,'P8-S824 SX04Y714',NULL,4,'SX04Y714','no','Watt normal : 2 300\nBTU/h normal : 7 848','2018-02-20 09:43:26','RTadmin'),(219,'P8-S824 SX04Y714',NULL,4,'SX04Y714','no','Watt normal : 2 300\nBTU/h normal : 7 848','2018-02-20 09:43:41','RTadmin'),(220,'P8-S824 SX00Y513',NULL,4,'SX00Y513','no','Watt normal : 2 300\nBTU/h normal : 7 848','2018-02-20 09:44:21','RTadmin'),(221,'P8-S824 SX03D711',NULL,4,'SX03D711','no','Watt normal : 2 300\nBTU/h normal : 7 848','2018-02-20 09:44:50','RTadmin'),(222,'Baie V7000-PA3',NULL,5,NULL,'no',NULL,'2018-02-20 09:50:54','RTadmin'),(223,'Baie V7000-PA4',NULL,5,NULL,'no',NULL,'2018-02-20 09:50:54','RTadmin'),(222,'Baie V7000-PA3',NULL,5,NULL,'no',NULL,'2018-02-20 09:56:20','RTadmin'),(223,'Baie V7000-PA4',NULL,5,NULL,'no',NULL,'2018-02-20 09:56:37','RTadmin'),(224,'Guide cordons',NULL,10,NULL,'no',NULL,'2018-02-20 10:19:14','RTadmin'),(225,'Analytics SL08D916',NULL,4,'SL08D916','no',NULL,'2018-02-20 10:47:43','RTadmin'),(226,'Analytics SL09R128',NULL,4,'SL09R128','no',NULL,'2018-02-20 10:47:43','RTadmin'),(227,'Analytics SL01G054',NULL,4,'SL01G054','no',NULL,'2018-02-20 10:47:43','RTadmin'),(228,'Analytics SL08F994',NULL,4,'SL08F994','no',NULL,'2018-02-20 10:47:43','RTadmin'),(229,'Analytics SL01N141',NULL,4,'SL01N141','no',NULL,'2018-02-20 10:47:43','RTadmin'),(230,'IXOS LIL226NT',NULL,4,'LIL226NT','no',NULL,'2018-02-20 10:47:43','RTadmin'),(231,'Oracle Prod TC LIL240NT',NULL,4,'LIL240NT','no',NULL,'2018-02-20 10:47:43','RTadmin'),(232,'Oracle Prod SL06T532',NULL,4,'SL06T532','no',NULL,'2018-02-20 10:47:43','RTadmin'),(233,'Oracle Dev SL04V759',NULL,4,'SL04V759','no',NULL,'2018-02-20 10:47:43','RTadmin'),(234,'Nas Synology SA04M928',NULL,4,'SA04M928','no',NULL,'2018-02-20 10:47:43','RTadmin'),(235,'Qlikview Qual SW02F744',NULL,4,'SW02F744','no',NULL,'2018-02-20 10:47:43','RTadmin'),(236,'Qlikview Prod SW07L878',NULL,4,'SW07L878','no',NULL,'2018-02-20 10:47:43','RTadmin'),(226,'Analytics SL09R128',NULL,4,'SL09R128','no',NULL,'2018-02-20 10:51:00','RTadmin'),(237,'DD4500-PA3',NULL,5,NULL,'no',NULL,'2018-02-20 12:09:52','RTadmin'),(238,'DD4500-PA4',NULL,5,NULL,'no',NULL,'2018-02-20 12:09:52','RTadmin'),(239,'DD2500-PA3-1',NULL,5,NULL,'no',NULL,'2018-02-20 12:09:52','RTadmin'),(240,'DD2500-PA3-2',NULL,5,NULL,'no',NULL,'2018-02-20 12:09:52','RTadmin'),(241,'DD2500-PA4-1',NULL,5,NULL,'no',NULL,'2018-02-20 12:09:52','RTadmin'),(237,'DD4500-PA3',NULL,5,NULL,'no','Datadomain 4500 + 7 tiroirs','2018-02-20 12:10:52','RTadmin'),(239,'DD2500-PA3-1',NULL,5,NULL,'no','Datadomain 2500 + 2 tiroirs','2018-02-20 12:11:54','RTadmin'),(240,'DD2500-PA3-2',NULL,5,NULL,'no','Datadomain 2500 + 2 tiroirs','2018-02-20 12:12:04','RTadmin'),(239,'DD2500-PA3-1',NULL,5,NULL,'no','Datadomain 2500 + 2 tiroirs\nWatt normal : 970\nWatt max : 970\nBTU/h normal : 3 305\nBTU/h max : 3 305','2018-02-20 12:13:45','RTadmin'),(240,'DD2500-PA3-2',NULL,5,NULL,'no','Datadomain 2500 + 2 tiroirs\nWatt normal : 970\nWatt max : 970\nBTU/h normal : 3 305\nBTU/h max : 3 305','2018-02-20 12:13:57','RTadmin'),(237,'DD4500-PA3',NULL,5,NULL,'no','Datadomain 4500 + 7 tiroirs\nWatt normal : 2 245\nWatt max : 2 245\nBTU/h normal : 8 33\nBTU/h max : 8 330','2018-02-20 12:14:40','RTadmin'),(237,'DD4500-PA3',NULL,5,NULL,'no','Datadomain 4500 + 7 tiroirs\nWatt normal : 2 245\nWatt max : 2 245\nBTU/h normal : 8 330\nBTU/h max : 8 330','2018-02-20 12:15:05','RTadmin'),(241,'DD2500-PA4-1',NULL,5,NULL,'no','Datadomain 2500 + 2 tiroirs\nWatt normal : 970\nWatt max : 970\nBTU/h normal : 3 305\nBTU/h max : 3 305','2018-02-20 12:16:12','RTadmin'),(238,'DD4500-PA4',NULL,5,NULL,'no','Datadomain 4500 + 7 tiroirs\nWatt normal : 2 245\nWatt max : 2 245\nBTU/h normal : 8 330\nBTU/h max : 8 330','2018-02-20 12:16:28','RTadmin'),(242,'Brocade SW1PA3',NULL,8,'SW1PA3','no',NULL,'2018-02-20 13:41:29','RTadmin'),(243,'Brocade SW2PA3',NULL,8,'SW2PA3','no',NULL,'2018-02-20 13:41:29','RTadmin'),(244,'DC301NX-FEX105',NULL,8,NULL,'no',NULL,'2018-02-20 13:42:14','RTadmin'),(245,'DC302NX-FEX106',NULL,8,NULL,'no',NULL,'2018-02-20 13:42:14','RTadmin'),(246,'DC301NX',NULL,8,NULL,'no',NULL,'2018-02-20 13:42:14','RTadmin'),(247,'DC302NX',NULL,8,NULL,'no',NULL,'2018-02-20 13:42:14','RTadmin'),(248,'DC304SW-1',NULL,8,NULL,'no',NULL,'2018-02-20 13:42:14','RTadmin'),(249,'DC304SW-2',NULL,8,NULL,'no',NULL,'2018-02-20 13:42:14','RTadmin'),(250,'DC302SW-2 (OOB)',NULL,8,NULL,'no',NULL,'2018-02-20 13:42:39','RTadmin'),(251,'DC302SW-1 (OOB)',NULL,8,NULL,'no',NULL,'2018-02-20 13:42:39','RTadmin'),(252,'DC301NX-FEX101',NULL,8,NULL,'no',NULL,'2018-02-20 13:42:39','RTadmin'),(253,'DC302NX-FEX102',NULL,8,NULL,'no',NULL,'2018-02-20 13:42:39','RTadmin'),(254,'DC301NX-FEX103',NULL,8,NULL,'no',NULL,'2018-02-20 13:42:39','RTadmin'),(255,'DC302NX-FEX104',NULL,8,NULL,'no',NULL,'2018-02-20 13:42:39','RTadmin'),(256,'Analytics SL06F196',NULL,4,'SL06F196','no',NULL,'2018-02-20 13:44:27','RTadmin'),(257,'ESXi DRP SE00E726',NULL,4,'SE00E726','no',NULL,'2018-02-20 13:44:27','RTadmin'),(258,'DFS-R SE03U312',NULL,4,'SE03U312','no',NULL,'2018-02-20 13:44:27','RTadmin'),(259,'DFS-R SE04W646',NULL,4,'SE04W646','no',NULL,'2018-02-20 13:44:27','RTadmin'),(260,'DFS-R SE01B603',NULL,4,'SE01B603','no',NULL,'2018-02-20 13:44:28','RTadmin'),(261,'DFS-R SE05R107',NULL,4,'SE05R107','no',NULL,'2018-02-20 13:44:28','RTadmin'),(262,'FX2 SA05G859',NULL,4,'SA05G859','no',NULL,'2018-02-20 13:44:28','RTadmin'),(263,'ESXi DRP SE09Z400',NULL,4,'SE09Z400','no',NULL,'2018-02-20 13:45:06','RTadmin'),(264,'Veeam SW05Q686',NULL,4,'SW05Q686','no',NULL,'2018-02-20 13:45:28','RTadmin'),(265,'Veeam SW08P973',NULL,4,'SW08P973','no',NULL,'2018-02-20 13:45:29','RTadmin'),(266,'Veeam SW03P452',NULL,4,'SW03P452','no',NULL,'2018-02-20 13:45:29','RTadmin'),(267,'Veeam SW09B993',NULL,4,'SW09B993','no',NULL,'2018-02-20 13:45:29','RTadmin'),(268,'Veeam SW08M273',NULL,4,'SW08M273','no',NULL,'2018-02-20 13:45:29','RTadmin'),(269,'Veeam Loos SW04A435',NULL,4,'SW04A435','no',NULL,'2018-02-20 13:45:29','RTadmin'),(270,'Backup NBU SL00J055',NULL,4,'SL00J055','no',NULL,'2018-02-20 13:45:29','RTadmin'),(271,'Brocade SW1PA4',NULL,8,'SW1PA4','no',NULL,'2018-02-20 13:47:56','RTadmin'),(272,'Brocade SW2PA4',NULL,8,'SW2PA4','no',NULL,'2018-02-20 13:47:56','RTadmin'),(273,'DC401NX-FEX105',NULL,8,NULL,'no',NULL,'2018-02-20 13:48:09','RTadmin'),(274,'DC402NX-FEX106',NULL,8,NULL,'no',NULL,'2018-02-20 13:48:09','RTadmin'),(275,'DC401NX',NULL,8,NULL,'no',NULL,'2018-02-20 13:48:09','RTadmin'),(276,'DC402NX',NULL,8,NULL,'no',NULL,'2018-02-20 13:48:09','RTadmin'),(277,'DC404SW-1',NULL,8,NULL,'no',NULL,'2018-02-20 13:48:09','RTadmin'),(278,'DC404SW-2',NULL,8,NULL,'no',NULL,'2018-02-20 13:48:09','RTadmin'),(279,'ESXi DRP SE09G934',NULL,4,'SE09G934','no',NULL,'2018-02-20 13:48:19','RTadmin'),(280,'DFS-R SE08L633',NULL,4,'SE08L633','no',NULL,'2018-02-20 13:48:19','RTadmin'),(281,'DFS-R SE09G812',NULL,4,'SE09G812','no',NULL,'2018-02-20 13:48:19','RTadmin'),(282,'DFS-R SE09R485',NULL,4,'SE09R485','no',NULL,'2018-02-20 13:48:19','RTadmin'),(283,'DFS-R SE09R486',NULL,4,'SE09R486','no',NULL,'2018-02-20 13:48:19','RTadmin'),(284,'FX2 SA06F312',NULL,4,'SA06F312','no',NULL,'2018-02-20 13:48:19','RTadmin'),(285,'Analytics SW01P453',NULL,4,'SW01P453','no',NULL,'2018-02-20 13:48:25','RTadmin'),(286,'Analytics SE00Z798',NULL,4,'SE00Z798','no',NULL,'2018-02-20 13:48:25','RTadmin'),(287,'Analytics SE03Q375',NULL,4,'SE03Q375','no',NULL,'2018-02-20 13:48:25','RTadmin'),(288,'ESX Oracle SE00F717',NULL,4,'SE00F717','no',NULL,'2018-02-20 13:48:25','RTadmin'),(289,'Ixos DEV/ SW05L676',NULL,4,'SW05L676','no',NULL,'2018-02-20 13:48:25','RTadmin'),(290,'Oracle LIL241NT',NULL,4,'LIL241NT','no',NULL,'2018-02-20 13:48:25','RTadmin'),(291,'Oracle Dev SL00G881',NULL,4,'SL00G881','no',NULL,'2018-02-20 13:48:25','RTadmin'),(292,'Oracle Prod SL00S680',NULL,4,'SL00S680','no',NULL,'2018-02-20 13:48:25','RTadmin'),(293,'Qlikview Qual SW04W891',NULL,4,'SW04W891','no',NULL,'2018-02-20 13:48:25','RTadmin'),(294,'Qlikview Prod SW09K804',NULL,4,'SW09K804','no',NULL,'2018-02-20 13:48:25','RTadmin'),(295,'ESXi DRP SE06B438',NULL,4,'SE06B438','no',NULL,'2018-02-20 13:48:31','RTadmin'),(296,'Veeam SW00W676',NULL,4,'SW00W676','no',NULL,'2018-02-20 13:48:53','RTadmin'),(297,'Veeam SW08M774',NULL,4,'SW08M774','no',NULL,'2018-02-20 13:48:53','RTadmin'),(298,'Veeam SW03M248',NULL,4,'SW03M248','no',NULL,'2018-02-20 13:48:53','RTadmin'),(299,'Veeam SW06L364',NULL,4,'SW06L364','no',NULL,'2018-02-20 13:48:53','RTadmin'),(300,'Veeam SW09S706',NULL,4,'SW09S706','no',NULL,'2018-02-20 13:48:54','RTadmin'),(301,'Backup NBU SL08Q883',NULL,4,'SL08Q883','no',NULL,'2018-02-20 13:48:54','RTadmin'),(302,'Dell R910- LIL212NT',NULL,4,'LIL212NT','no',NULL,'2018-02-20 13:51:05','RTadmin'),(303,'OBS - ASR DC401RT',NULL,7,NULL,'no',NULL,'2018-02-20 13:57:59','RTadmin'),(303,'OBS - ASR DC401RT',NULL,7,NULL,'no',NULL,'2018-02-20 14:01:34','RTadmin'),(303,'OBS - ASR DC401RT',NULL,7,'DC401RT','no',NULL,'2018-02-20 14:01:49','RTadmin'),(304,'OBS - 3945 DC403RT',NULL,7,'DC403RT','no',NULL,'2018-02-20 14:03:24','RTadmin'),(304,'OBS - 3945 DC403RT',NULL,7,'DC403RT','no',NULL,'2018-02-20 14:04:55','RTadmin'),(304,'OBS - 3945 DC403RT',NULL,7,'DC403RT','no',NULL,'2018-02-20 14:11:08','RTadmin'),(305,'OBS - 2960 DC405SW',NULL,8,'DC405SW','no',NULL,'2018-02-20 14:11:52','RTadmin'),(154,'Nutanix SE04E440',NULL,4,'SE04E440','no','Watt normal : 533\nWatt max : 795\nBTU/h normal : 1 819\nBTU/h max : 2 713\n','2018-02-20 14:42:20','RTadmin'),(154,'Nutanix SE04E440',NULL,4,'SE04E440','no','Watt normal : 533\nWatt max : 795\nBTU/h normal : 1 819\nBTU/h max : 2 713\n','2018-02-20 14:42:26','RTadmin'),(155,'Nutanix SE04T077',NULL,4,'SE04T077','no','Watt normal : 533\nWatt max : 795\nBTU/h normal : 1 819\nBTU/h max : 2 713\n','2018-02-20 14:43:25','RTadmin'),(155,'Nutanix SE04T077',NULL,4,'SE04T077','no','Watt normal : 533\nWatt max : 795\nBTU/h normal : 1 819\nBTU/h max : 2 713\n','2018-02-20 14:43:59','RTadmin'),(155,'Nutanix SE04T077',NULL,4,'SE04T077','no','Watt normal : 533\nWatt max : 795\nBTU/h normal : 1 819\nBTU/h max : 2 713\n','2018-02-20 14:44:15','RTadmin'),(156,'Nutanix SE06Y803',NULL,4,'SE06Y803','no','Watt normal : 533\nWatt max : 795\nBTU/h normal : 1 819\nBTU/h max : 2 713\n','2018-02-20 14:45:11','RTadmin'),(156,'Nutanix SE06Y803',NULL,4,'SE06Y803','no','Watt normal : 533\nWatt max : 795\nBTU/h normal : 1 819\nBTU/h max : 2 713\n','2018-02-20 14:45:21','RTadmin'),(157,'Nutanix SE07V166',NULL,4,'SE07V166','no','Watt normal : 533\nWatt max : 795\nBTU/h normal : 1 819\nBTU/h max : 2 713\n','2018-02-20 14:46:08','RTadmin'),(158,'Nutanix SE00E821',NULL,4,'SE00E821','no','Watt normal : 533\nWatt max : 795\nBTU/h normal : 1 819\nBTU/h max : 2 713\n','2018-02-20 14:46:43','RTadmin'),(158,'Nutanix SE00E821',NULL,4,'SE00E821','no','Watt normal : 533\nWatt max : 795\nBTU/h normal : 1 819\nBTU/h max : 2 713\n','2018-02-20 14:49:08','RTadmin'),(204,'P8-S824 SX03V579',NULL,4,'SX03V579','no','Watt normal : 2 300\nBTU/h normal : 7 848','2018-02-20 14:50:59','RTadmin'),(154,'Nutanix SE04E440',NULL,4,'SE04E440','no','Watt normal : 533\nWatt max : 795\nBTU/h normal : 1 819\nBTU/h max : 2 713\n','2018-02-20 14:52:51','RTadmin'),(154,'Nutanix SE04E440','DCU Global Operations',4,'SE04E440','no','Watt normal : 533\nWatt max : 795\nBTU/h normal : 1 819\nBTU/h max : 2 713\n','2018-02-20 14:53:11','RTadmin'),(154,'Nutanix SE04E440',NULL,4,'SE04E440','no','Watt normal : 533\nWatt max : 795\nBTU/h normal : 1 819\nBTU/h max : 2 713\n','2018-02-20 14:53:29','RTadmin'),(155,'Nutanix SE04T077',NULL,4,'SE04T077','no','Watt normal : 533\nWatt max : 795\nBTU/h normal : 1 819\nBTU/h max : 2 713\n','2018-02-20 14:53:57','RTadmin'),(156,'Nutanix SE06Y803',NULL,4,'SE06Y803','no','Watt normal : 533\nWatt max : 795\nBTU/h normal : 1 819\nBTU/h max : 2 713\n','2018-02-20 14:55:02','RTadmin'),(157,'Nutanix SE07V166',NULL,4,'SE07V166','no','Watt normal : 533\nWatt max : 795\nBTU/h normal : 1 819\nBTU/h max : 2 713\n','2018-02-20 14:55:23','RTadmin'),(158,'Nutanix SE00E821',NULL,4,'SE00E821','no','Watt normal : 533\nWatt max : 795\nBTU/h normal : 1 819\nBTU/h max : 2 713\n','2018-02-20 14:55:48','RTadmin'),(204,'P8-S824 SX03V579',NULL,4,'SX03V579','no','Watt normal : 2 300\nBTU/h normal : 7 848','2018-02-20 14:56:41','RTadmin'),(205,'P8-S824 SX03A643',NULL,4,'SX03A643','no','Watt normal : 2 300\nBTU/h normal : 7 848','2018-02-20 14:57:10','RTadmin'),(206,'P8-S824 SX03N189',NULL,4,'SX03N189','no','Watt normal : 2 300\nBTU/h normal : 7 848','2018-02-20 14:58:05','RTadmin'),(207,'P8-S824 SX05H417',NULL,4,'SX05H417','no','Watt normal : 2 300\nBTU/h normal : 7 848','2018-02-20 14:58:28','RTadmin'),(208,'P8-S824 SX06T649',NULL,4,'SX06T649','no','Watt normal : 2 300\nBTU/h normal : 7 848','2018-02-20 14:59:08','RTadmin'),(208,'P8-S824 SX06T649',NULL,4,'SX06T649','no','Watt normal : 2 300\nBTU/h normal : 7 848','2018-02-20 14:59:24','RTadmin'),(159,'Nutanix SE00V332',NULL,4,'SE00V332','no','Watt normal : 533\nWatt max : 795\nBTU/h normal : 1 819\nBTU/h max : 2 713\n','2018-02-20 15:00:16','RTadmin'),(159,'Nutanix SE00V332',NULL,4,'SE00V332','no','Watt normal : 533\nWatt max : 795\nBTU/h normal : 1 819\nBTU/h max : 2 713\n','2018-02-20 15:00:27','RTadmin'),(160,'Nutanix SE00S562',NULL,4,'SE00S562','no','Watt normal : 533\nWatt max : 795\nBTU/h normal : 1 819\nBTU/h max : 2 713\n','2018-02-20 15:01:06','RTadmin'),(160,'Nutanix SE00S562',NULL,4,'SE00S562','no','Watt normal : 533\nWatt max : 795\nBTU/h normal : 1 819\nBTU/h max : 2 713\n','2018-02-20 15:01:26','RTadmin'),(161,'Nutanix SE04A407',NULL,4,'SE04A407','no','Watt normal : 533\nWatt max : 795\nBTU/h normal : 1 819\nBTU/h max : 2 713\n','2018-02-20 15:02:15','RTadmin'),(162,'Nutanix SE05A854',NULL,4,'SE05A854','no','Watt normal : 533\nWatt max : 795\nBTU/h normal : 1 819\nBTU/h max : 2 713\n','2018-02-20 15:03:00','RTadmin'),(163,'Nutanix SE06Q143',NULL,4,'SE06Q143','no','Watt normal : 533\nWatt max : 795\nBTU/h normal : 1 819\nBTU/h max : 2 713\n','2018-02-20 15:03:42','RTadmin'),(164,'Nutanix SE07R689',NULL,4,'SE07R689','no','Watt normal : 533\nWatt max : 795\nBTU/h normal : 1 819\nBTU/h max : 2 713\n','2018-02-20 15:04:29','RTadmin'),(165,'Nutanix SE02W444',NULL,4,'SE02W444','no','Watt normal : 533\nWatt max : 795\nBTU/h normal : 1 819\nBTU/h max : 2 713\n','2018-02-20 15:05:38','RTadmin'),(166,'Nutanix SE06S085',NULL,4,'SE06S085','no','Watt normal : 533\nWatt max : 795\nBTU/h normal : 1 819\nBTU/h max : 2 713\n','2018-02-20 15:07:16','RTadmin'),(166,'Nutanix SE06S085',NULL,4,'SE06S085','no','Watt normal : 533\nWatt max : 795\nBTU/h normal : 1 819\nBTU/h max : 2 713\n','2018-02-20 15:07:21','RTadmin'),(166,'Nutanix SE06S085',NULL,4,'SE06S085','no','Watt normal : 533\nWatt max : 795\nBTU/h normal : 1 819\nBTU/h max : 2 713\n','2018-02-20 15:08:30','RTadmin'),(210,'P8-S824 SX03V173',NULL,4,'SX03V173','no','Watt normal : 2 300\nBTU/h normal : 7 848','2018-02-20 15:09:28','RTadmin'),(257,'ESXi DRP SE00E726',NULL,4,'SE00E726','no','Serveur de rebond USB pour Migration Netbackup vers Veeam','2018-02-20 15:11:28','RTadmin'),(256,'Analytics SL06F196',NULL,4,'SL06F196','no',NULL,'2018-02-20 15:12:42','RTadmin'),(258,'DFS-R SE03U312',NULL,4,'SE03U312','no',NULL,'2018-02-20 15:13:29','RTadmin'),(258,'DFS-R SE03U312',NULL,4,'SE03U312','no',NULL,'2018-02-20 15:14:28','RTadmin'),(258,'DFS-R SE03U312',NULL,4,'SE03U312','no',NULL,'2018-02-20 15:14:53','RTadmin'),(258,'DFS-R SE03U312',NULL,4,'SE03U312','no',NULL,'2018-02-20 15:15:06','RTadmin'),(259,'DFS-R SE04W646',NULL,4,'SE04W646','no',NULL,'2018-02-20 15:16:08','RTadmin'),(259,'DFS-R SE04W646',NULL,4,'SE04W646','no',NULL,'2018-02-20 15:16:26','RTadmin'),(260,'DFS-R SE01B603',NULL,4,'SE01B603','no',NULL,'2018-02-20 15:17:54','RTadmin'),(261,'DFS-R SE05R107',NULL,4,'SE05R107','no',NULL,'2018-02-20 15:18:32','RTadmin'),(262,'FX2 SA05G859',NULL,4,'SA05G859','no',NULL,'2018-02-20 15:20:48','RTadmin'),(262,'FX2 SA05G859',NULL,4,'SA05G859','no',NULL,'2018-02-20 15:22:15','RTadmin'),(225,'Analytics SL08D916',NULL,4,'SL08D916','no',NULL,'2018-02-20 15:23:20','RTadmin'),(226,'Analytics SL09R128',NULL,4,'SL09R128','no',NULL,'2018-02-20 15:23:52','RTadmin'),(227,'Analytics SL01G054',NULL,4,'SL01G054','no',NULL,'2018-02-20 15:24:33','RTadmin'),(228,'Analytics SL08F994',NULL,4,'SL08F994','no',NULL,'2018-02-20 15:25:12','RTadmin'),(229,'Analytics SL01N141',NULL,4,'SL01N141','no',NULL,'2018-02-20 15:26:00','RTadmin'),(229,'Analytics SL01N141',NULL,4,'SL01N141','no',NULL,'2018-02-20 15:26:03','RTadmin'),(230,'IXOS LIL226NT',NULL,4,'LIL226NT','no',NULL,'2018-02-20 15:27:28','RTadmin'),(230,'IXOS LIL226NT',NULL,4,'LIL226NT','no',NULL,'2018-02-20 15:27:39','RTadmin'),(231,'Oracle Prod TC LIL240NT',NULL,4,'LIL240NT','no',NULL,'2018-02-20 15:29:12','RTadmin'),(231,'Oracle Prod TC LIL240NT',NULL,4,'LIL240NT','no',NULL,'2018-02-20 15:29:26','RTadmin'),(232,'Oracle Prod SL06T532',NULL,4,'SL06T532','no',NULL,'2018-02-20 15:30:45','RTadmin'),(232,'Oracle Prod SL06T532',NULL,4,'SL06T532','no',NULL,'2018-02-20 15:31:43','RTadmin'),(233,'Oracle Dev SL04V759',NULL,4,'SL04V759','no',NULL,'2018-02-20 15:32:40','RTadmin'),(233,'Oracle Dev SL04V759',NULL,4,'SL04V759','no',NULL,'2018-02-20 15:32:50','RTadmin'),(211,'P8-S824 SX04P280',NULL,4,'SX04P280','no','Watt normal : 2 300\nBTU/h normal : 7 848','2018-02-20 15:33:30','RTadmin'),(212,'P8-S824 SX05R532',NULL,4,'SX05R532','no','Watt normal : 2 300\nBTU/h normal : 7 848','2018-02-20 15:34:11','RTadmin'),(234,'Nas Synology SA04M928',NULL,4,'SA04M928','no','Software : Linux','2018-02-20 15:37:59','RTadmin'),(235,'Qlikview Qual SW02F744',NULL,4,'SW02F744','no',NULL,'2018-02-20 15:38:36','RTadmin'),(235,'Qlikview Qual SW02F744',NULL,4,'SW02F744','no',NULL,'2018-02-20 15:39:15','RTadmin'),(236,'Qlikview Prod SW07L878',NULL,4,'SW07L878','no',NULL,'2018-02-20 15:40:00','RTadmin'),(263,'ESXi DRP SE09Z400',NULL,4,'SE09Z400','no',NULL,'2018-02-20 15:40:52','RTadmin'),(264,'Veeam SW05Q686',NULL,4,'SW05Q686','no',NULL,'2018-02-20 15:41:36','RTadmin'),(265,'Veeam SW08P973',NULL,4,'SW08P973','no',NULL,'2018-02-20 15:42:08','RTadmin'),(266,'Veeam SW03P452',NULL,4,'SW03P452','no',NULL,'2018-02-20 15:42:53','RTadmin'),(267,'Veeam SW09B993',NULL,4,'SW09B993','no',NULL,'2018-02-20 15:43:24','RTadmin'),(268,'Veeam SW08M273',NULL,4,'SW08M273','no',NULL,'2018-02-20 15:44:32','RTadmin'),(269,'Veeam Loos SW04A435',NULL,4,'SW04A435','no',NULL,'2018-02-20 15:45:20','RTadmin'),(270,'Backup NBU SL00J055',NULL,4,'SL00J055','no',NULL,'2018-02-20 15:46:00','RTadmin'),(167,'Nutanix SE00G627',NULL,4,'SE00G627','no','Watt normal : 533\nWatt max : 795\nBTU/h normal : 1 819\nBTU/h max : 2 713','2018-02-20 15:47:50','RTadmin'),(168,'Nutanix SE00P908',NULL,4,'SE00P908','no','Watt normal : 533\nWatt max : 795\nBTU/h normal : 1 819\nBTU/h max : 2 713','2018-02-20 15:48:49','RTadmin'),(169,'Nutanix SE01J248',NULL,4,'SE01J248','no','Watt normal : 533\nWatt max : 795\nBTU/h normal : 1 819\nBTU/h max : 2 713','2018-02-20 15:49:44','RTadmin'),(170,'Nutanix SE02X977',NULL,4,'SE02X977','no','Watt normal : 533\nWatt max : 795\nBTU/h normal : 1 819\nBTU/h max : 2 713','2018-02-20 15:50:38','RTadmin'),(170,'Nutanix SE02X977',NULL,4,'SE02X977','no','Watt normal : 533\nWatt max : 795\nBTU/h normal : 1 819\nBTU/h max : 2 713','2018-02-20 15:51:02','RTadmin'),(171,'Nutanix SE03C255',NULL,4,'SE03C255','no','Watt normal : 533\nWatt max : 795\nBTU/h normal : 1 819\nBTU/h max : 2 713','2018-02-20 15:51:38','RTadmin'),(207,'P8-S824+ SX05H417',NULL,4,'SX05H417','no','Watt normal : 2 300\nBTU/h normal : 7 848','2018-02-21 08:21:07','RTadmin'),(213,'P8-S824+ SX00H921',NULL,4,'SX00H921','no','Watt normal : 2 300\nBTU/h normal : 7 848','2018-02-21 08:21:38','RTadmin'),(212,'P8-S824+ SX05R532',NULL,4,'SX05R532','no','Watt normal : 2 300\nBTU/h normal : 7 848','2018-02-21 08:22:52','RTadmin'),(220,'P8-S824+ SX00Y513',NULL,4,'SX00Y513','no','Watt normal : 2 300\nBTU/h normal : 7 848','2018-02-21 08:23:17','RTadmin'),(205,'P8-S824+ SX03A643',NULL,4,'SX03A643','no','Watt normal : 2 300\nBTU/h normal : 7 848','2018-02-21 08:23:34','RTadmin'),(215,'P8-S824+ SX02P903',NULL,4,'SX02P903','no','Watt normal : 2 300\nBTU/h normal : 7 848','2018-02-21 08:23:54','RTadmin'),(210,'P8-S824+ SX03V173',NULL,4,'SX03V173','no','Watt normal : 2 300\nBTU/h normal : 7 848','2018-02-21 08:24:17','RTadmin'),(219,'P8-S824+ SX04Y714',NULL,4,'SX04Y714','no','Watt normal : 2 300\nBTU/h normal : 7 848','2018-02-21 08:24:33','RTadmin'),(172,'Nutanix SE08K683',NULL,4,'SE08K683','no','Watt normal : 533\nWatt max : 795\nBTU/h normal : 1 819\nBTU/h max : 2 713','2018-02-21 08:26:50','RTadmin'),(173,'Nutanix SE03G978',NULL,4,'SE03G978','no','Watt normal : 533\nWatt max : 795\nBTU/h normal : 1 819\nBTU/h max : 2 713','2018-02-21 08:27:38','RTadmin'),(174,'Nutanix SE03H888',NULL,4,'SE03H888','no','Watt normal : 533\nWatt max : 795\nBTU/h normal : 1 819\nBTU/h max : 2 713','2018-02-21 08:28:07','RTadmin'),(175,'Nutanix SE07K778',NULL,4,'SE07K778','no','Watt normal : 533\nWatt max : 795\nBTU/h normal : 1 819\nBTU/h max : 2 713','2018-02-21 08:28:40','RTadmin'),(176,'Nutanix SE08L917',NULL,4,'SE08L917','no','Watt normal : 533\nWatt max : 795\nBTU/h normal : 1 819\nBTU/h max : 2 713','2018-02-21 08:29:34','RTadmin'),(177,'Nutanix SE09P421',NULL,4,'SE09P421','no','Watt normal : 533\nWatt max : 795\nBTU/h normal : 1 819\nBTU/h max : 2 713','2018-02-21 08:30:08','RTadmin'),(178,'Nutanix SE05Z023',NULL,4,'SE05Z023','no','Watt normal : 533\nWatt max : 795\nBTU/h normal : 1 819\nBTU/h max : 2 713','2018-02-21 08:30:38','RTadmin'),(178,'Nutanix SE05Z023',NULL,4,'SE05Z023','no','Watt normal : 533\nWatt max : 795\nBTU/h normal : 1 819\nBTU/h max : 2 713','2018-02-21 08:30:57','RTadmin'),(179,'Nutanix SE07Q955',NULL,4,'SE07Q955','no','Watt normal : 533\nWatt max : 795\nBTU/h normal : 1 819\nBTU/h max : 2 713','2018-02-21 08:31:31','RTadmin'),(219,'P8-S824+ SX04Y714',NULL,4,'SX04Y714','no','Watt normal : 2 300\nBTU/h normal : 7 848','2018-02-21 08:32:33','RTadmin'),(219,'P8-S824+ SX04Y714',NULL,4,'SX04Y714','no','Watt normal : 2 300\nBTU/h normal : 7 848','2018-02-21 08:32:50','RTadmin'),(213,'P8-S824+ SX00H921',NULL,4,'SX00H921','no','Watt normal : 2 300\nBTU/h normal : 7 848','2018-02-21 08:34:29','RTadmin'),(214,'P8-S824 SX07N350',NULL,4,'SX07N350','no','Watt normal : 2 300\nBTU/h normal : 7 848','2018-02-21 08:34:54','RTadmin'),(215,'P8-S824+ SX02P903',NULL,4,'SX02P903','no','Watt normal : 2 300\nBTU/h normal : 7 848','2018-02-21 08:35:30','RTadmin'),(216,'P8-S824 SX06R180',NULL,4,'SX06R180','no','Watt normal : 2 300\nBTU/h normal : 7 848','2018-02-21 08:36:03','RTadmin'),(217,'P8-S824 SX01P931',NULL,4,'SX01P931','no','Watt normal : 2 300\nBTU/h normal : 7 848','2018-02-21 08:36:38','RTadmin'),(279,'ESXi DRP SE09G934',NULL,4,'SE09G934','no',NULL,'2018-02-21 08:37:55','RTadmin'),(279,'ESXi DRP SE09G934',NULL,4,'SE09G934','no',NULL,'2018-02-21 08:38:04','RTadmin'),(280,'DFS-R SE08L633',NULL,4,'SE08L633','no',NULL,'2018-02-21 08:39:34','RTadmin'),(281,'DFS-R SE09G812',NULL,4,'SE09G812','no',NULL,'2018-02-21 08:40:50','RTadmin'),(282,'DFS-R SE09R485',NULL,4,'SE09R485','no',NULL,'2018-02-21 08:41:26','RTadmin'),(283,'DFS-R SE09B748',NULL,4,'SE09B748','no',NULL,'2018-02-21 08:43:06','RTadmin'),(284,'FX2 SA06F312',NULL,4,'SA06F312','no',NULL,'2018-02-21 08:43:43','RTadmin'),(285,'Analytics SW01P453',NULL,4,'SW01P453','no',NULL,'2018-02-21 08:44:54','RTadmin'),(286,'Analytics SE00Z798',NULL,4,'SE00Z798','no',NULL,'2018-02-21 08:45:22','RTadmin'),(287,'Analytics SE03Q375',NULL,4,'SE03Q375','no',NULL,'2018-02-21 08:45:48','RTadmin'),(288,'ESX Oracle SE00F717',NULL,4,'SE00F717','no',NULL,'2018-02-21 08:46:20','RTadmin'),(289,'Ixos DEV/ SW05L676',NULL,4,'SW05L676','no',NULL,'2018-02-21 08:47:09','RTadmin'),(289,'Ixos DEV/ SW05L676',NULL,4,'SW05L676','no',NULL,'2018-02-21 08:47:14','RTadmin'),(289,'Ixos DEV/ SW05L676',NULL,4,'SW05L676','no',NULL,'2018-02-21 08:47:20','RTadmin'),(290,'Oracle LIL241NT',NULL,4,'LIL241NT','no',NULL,'2018-02-21 08:48:22','RTadmin'),(290,'Oracle LIL241NT',NULL,4,'LIL241NT','no',NULL,'2018-02-21 08:48:29','RTadmin'),(291,'Oracle Dev SL00G881',NULL,4,'SL00G881','no',NULL,'2018-02-21 08:52:24','RTadmin'),(291,'Oracle Dev SL00G881',NULL,4,'SL00G881','no',NULL,'2018-02-21 08:52:34','RTadmin'),(292,'Oracle Prod SL00S680',NULL,4,'SL00S680','no',NULL,'2018-02-21 08:54:27','RTadmin'),(220,'P8-S824+ SX00Y513',NULL,4,'SX00Y513','no','Watt normal : 2 300\nBTU/h normal : 7 848','2018-02-21 08:55:06','RTadmin'),(221,'P8-S824 SX03D711',NULL,4,'SX03D711','no','Watt normal : 2 300\nBTU/h normal : 7 848','2018-02-21 08:55:53','RTadmin'),(293,'Qlikview Qual SW04W891',NULL,4,'SW04W891','no',NULL,'2018-02-21 08:56:30','RTadmin'),(294,'Qlikview Prod SW09K804',NULL,4,'SW09K804','no',NULL,'2018-02-21 08:57:33','RTadmin'),(295,'ESXi DRP SE06B438',NULL,4,'SE06B438','no',NULL,'2018-02-21 08:58:13','RTadmin'),(296,'Veeam SW00W676',NULL,4,'SW00W676','no',NULL,'2018-02-21 08:59:07','RTadmin'),(297,'Veeam SW08M774',NULL,4,'SW08M774','no',NULL,'2018-02-21 08:59:38','RTadmin'),(298,'Veeam SW03M248',NULL,4,'SW03M248','no',NULL,'2018-02-21 09:00:33','RTadmin'),(299,'Veeam SW06L364',NULL,4,'SW06L364','no',NULL,'2018-02-21 09:01:20','RTadmin'),(300,'Veeam SW09S706',NULL,4,'SW09S706','no',NULL,'2018-02-21 09:04:45','RTadmin'),(301,'Backup NBU SL08Q883',NULL,4,'SL08Q883','no',NULL,'2018-02-21 09:05:29','RTadmin'),(302,'Dell R910- LIL212NT',NULL,4,'LIL212NT','no',NULL,'2018-02-21 09:06:31','RTadmin'),(47,'PA3-Cabling F12-2 / F13-1 / F14-1',NULL,9,NULL,'no','F12-2 : 12 ports \nF13-1 : 6 ports\nF14-1 : 12 ports \n','2018-02-21 09:37:39','RTadmin'),(50,'PA3-Cabling F11-1 / F13-2',NULL,9,NULL,'no','F11-1 : 18 ports\nF13-2 : 6 ports\n18 Fiber OM3 LC/LC vers 104\n','2018-02-21 09:43:20','RTadmin'),(50,'PA3-Cabling F11-1 / F13-2',NULL,9,NULL,'no','F11-1 : 18 ports\nF13-2 : 6 ports\n18 Fiber OM3 LC/LC vers 104\n','2018-02-21 09:43:35','RTadmin'),(47,'PA3-Cabling F12-2 / F13-1 / F14-1',NULL,9,NULL,'no','F12-2 : 12 ports \nF13-1 : 6 ports\nF14-1 : 12 ports \n42 Fiber OM3 LC/LC vers 103','2018-02-21 09:43:59','RTadmin'),(47,'PA3-Cabling F12-2 / F13-1 / F14-1',NULL,9,NULL,'no','F12-2 : 12 ports \nF13-1 : 6 ports\nF14-1 : 12 ports \n42 Fiber OM3 LC/LC vers 103','2018-02-21 09:44:02','RTadmin'),(306,'OBS - ASR DC301RT',NULL,7,'DC301RT','no',NULL,'2018-02-21 09:49:29','RTadmin'),(306,'OBS - ASR DC301RT',NULL,7,'DC301RT','no',NULL,'2018-02-21 09:50:32','RTadmin'),(307,'OBS - 3945 DC303RT',NULL,7,'DC303RT','no',NULL,'2018-02-21 09:50:56','RTadmin'),(307,'OBS - 3945 DC303RT',NULL,7,'DC303RT','no',NULL,'2018-02-21 09:51:10','RTadmin'),(308,'OBS - 2960 DC305SW',NULL,8,'DC305SW','no',NULL,'2018-02-21 09:53:18','RTadmin'),(308,'OBS - 2960 DC305SW',NULL,8,'DC305SW','no','Cisco switch 2960 (accueil WAN)','2018-02-21 09:54:19','RTadmin'),(309,'WAN2960 Accueil DC301SW',NULL,8,'DC301SW','no',NULL,'2018-02-21 09:55:06','RTadmin'),(309,'WAN2960 Accueil DC301SW',NULL,8,'DC301SW','no','Cisco switch 2960 (accueil WAN)','2018-02-21 09:55:49','RTadmin'),(308,'OBS - 2960 DC305SW',NULL,8,'DC305SW','no','Cisco Switch 2960 (pour Ipanema)','2018-02-21 09:56:25','RTadmin'),(310,'ASR1001X Edge DC302RT',NULL,7,'DC302RT','no',NULL,'2018-02-21 09:57:10','RTadmin'),(310,'ASR1001X Edge DC302RT',NULL,7,'DC302RT','no',NULL,'2018-02-21 09:57:54','RTadmin'),(311,'ASA5545 Sebnet DC303FW',NULL,798,'DC303FW','no',NULL,'2018-02-21 09:58:21','RTadmin'),(311,'ASA5545 Sebnet DC303FW',NULL,798,'DC303FW','no',NULL,'2018-02-21 09:58:57','RTadmin'),(312,'Asa5512 - OOB DC302FW',NULL,798,'DC302FW','no',NULL,'2018-02-21 09:59:54','RTadmin'),(312,'Asa5512 - OOB DC302FW',NULL,798,'DC302FW','no',NULL,'2018-02-21 10:00:08','RTadmin'),(313,'Asa5585 - DCU DC301FW',NULL,798,'DC301FW','no',NULL,'2018-02-21 10:01:01','RTadmin'),(313,'Asa5585 - DCU DC301FW',NULL,798,'DC301FW','no',NULL,'2018-02-21 10:01:32','RTadmin'),(314,'PortConsoles DC301TS',NULL,1644,'DC301TS','no',NULL,'2018-02-21 10:04:22','RTadmin'),(314,'PortConsoles DC301TS',NULL,1644,'DC301TS','no',NULL,'2018-02-21 10:06:15','RTadmin'),(315,'OBS RTR NSOC DC405RT',NULL,7,'DC405RT','no',NULL,'2018-02-21 10:08:46','RTadmin'),(315,'OBS RTR NSOC DC305RT',NULL,7,'DC305RT','no',NULL,'2018-02-21 10:12:48','RTadmin'),(317,'Plateau NAS',NULL,11,NULL,'no',NULL,'2018-02-21 10:17:52','RTadmin'),(318,'PA3-Compellent',NULL,5,NULL,'no',NULL,'2018-02-21 10:21:28','RTadmin'),(318,'PA3-Compellent',NULL,5,NULL,'no','Baie Compellent ','2018-02-21 10:22:32','RTadmin'),(231,'Oracle Prod TC LIL240NT',NULL,4,'LIL240NT','no','Hotel Oracle Prod TeamCenter','2018-02-21 10:25:16','RTadmin'),(234,'Nas Synology SA04M928',NULL,4,'SA04M928','no','Software : Linux\nNAS sur site RUM pour seeding DFS-R RUM17NT ','2018-02-21 10:29:32','RTadmin'),(84,'PA3-Cabling F5-2 / F14-2',NULL,9,NULL,'no','6 Fiber OM3 LC/LC vers 103\nF5-2 : 18 ports\nF14-2 : 12 ports','2018-02-21 10:31:37','RTadmin'),(84,'PA3-Cabling F5-2 / F14-2',NULL,9,NULL,'no','6 Fiber OM3 LC/LC vers 103\nF5-2 : 18 ports\nF14-2 : 12 ports','2018-02-21 10:32:10','RTadmin'),(88,'PA3-Cabling CP2-3',NULL,9,NULL,'no','12 Copper RJ45 Cat 6. vers 104\n12 Fiber OM3 LC/LC vers 103','2018-02-21 10:32:43','RTadmin'),(88,'PA3-Cabling CP2-3 / F7-2',NULL,9,NULL,'no','12 Copper RJ45 Cat 6. vers 104\n12 Fiber OM3 LC/LC vers 103\nCP2-3 : 12 ports\nF7-2 : 12 ports','2018-02-21 10:33:15','RTadmin'),(88,'PA3-Cabling CP2-3 / F7-2',NULL,9,NULL,'no','12 Copper RJ45 Cat 6. vers 104\n12 Fiber OM3 LC/LC vers 103\nCP2-3 : 12 ports\nF7-2 : 12 ports','2018-02-21 10:33:20','RTadmin'),(319,'ExaGate SL01R986',NULL,4,'SL01R986','no',NULL,'2018-02-21 10:35:03','RTadmin'),(319,'ExaGate SL01R986',NULL,4,'SL01R986','no','OS : linux ','2018-02-21 10:36:14','RTadmin'),(319,'ExaGate SL01R986',NULL,4,'SL01R986','no','OS : linux ','2018-02-21 10:36:24','RTadmin'),(104,'PA4-Cabling F12-2 / F13-1 / F14-1',NULL,9,NULL,'no','F12-1 : 12 ports\nF13-1 : 6 ports\nF14-1 : 12 ports\n','2018-02-21 10:41:34','RTadmin'),(47,'PA3-Cabling F12-2 / F13-1 / F14-1',NULL,9,NULL,'no','F12-2 : 12 ports \nF13-1 : 6 ports\nF14-1 : 12 ports \n','2018-02-21 10:42:13','RTadmin'),(320,'DC402SW-2 (OOB)',NULL,8,NULL,'no',NULL,'2018-02-21 10:46:32','RTadmin'),(321,'DC402SW-1 (OOB)',NULL,8,NULL,'no',NULL,'2018-02-21 10:46:32','RTadmin'),(322,'DC401NX-FEX101',NULL,8,NULL,'no',NULL,'2018-02-21 10:46:33','RTadmin'),(323,'DC402NX-FEX102',NULL,8,NULL,'no',NULL,'2018-02-21 10:46:33','RTadmin'),(324,'DC401NX-FEX103',NULL,8,NULL,'no',NULL,'2018-02-21 10:46:33','RTadmin'),(325,'DC402NX-FEX104',NULL,8,NULL,'no',NULL,'2018-02-21 10:46:33','RTadmin'),(305,'OBS - 2960 DC405SW',NULL,8,'DC405SW','no','Cisco Switch 2960 (pour Ipanema)','2018-02-21 10:49:07','RTadmin'),(326,'WAN2960 Accueil DC401SW',NULL,8,'DC401SW','no',NULL,'2018-02-21 10:49:36','RTadmin'),(326,'WAN2960 Accueil DC401SW',NULL,8,'DC401SW','no','Cisco switch 2960 (accueil WAN)','2018-02-21 10:49:54','RTadmin'),(327,'ASR1001X Edge DC402RT',NULL,7,'DC402RT','no',NULL,'2018-02-21 10:50:33','RTadmin'),(327,'ASR1001X Edge DC402RT',NULL,7,'DC402RT','no',NULL,'2018-02-21 10:50:57','RTadmin'),(328,'ASA5545 Sebnet DC403FW',NULL,798,'DC403FW','no',NULL,'2018-02-21 10:51:22','RTadmin'),(328,'ASA5545 Sebnet DC403FW',NULL,798,'DC403FW','no',NULL,'2018-02-21 10:51:56','RTadmin'),(329,'Asa5512 - OOB DC402FW',NULL,798,'DC402FW','no',NULL,'2018-02-21 10:52:38','RTadmin'),(329,'Asa5512 - OOB DC402FW',NULL,798,'DC402FW','no',NULL,'2018-02-21 10:52:49','RTadmin'),(330,'Asa5585 - DCU DC401FW',NULL,798,'DC401FW','no',NULL,'2018-02-21 10:53:18','RTadmin'),(331,'PortConsoles DC401TS',NULL,1644,'DC401TS','no',NULL,'2018-02-21 10:54:05','RTadmin'),(332,'OBS RTR NSOC DC405RT',NULL,7,'DC405RT','no',NULL,'2018-02-21 10:54:50','RTadmin'),(332,'OBS RTR NSOC DC405RT',NULL,7,'DC405RT','no',NULL,'2018-02-21 10:55:19','RTadmin'),(317,'PA3-Plateau NAS',NULL,11,NULL,'no',NULL,'2018-02-21 10:56:59','RTadmin'),(333,'PA4-Plateau NAS',NULL,11,NULL,'no',NULL,'2018-02-21 10:57:13','RTadmin'),(334,'PA4-Compellent',NULL,5,NULL,'no',NULL,'2018-02-21 10:58:23','RTadmin'),(107,'PA4-Cabling F11-1 / F13-2',NULL,9,NULL,'no','18 Fiber OM3 LC/LC vers 104\nF11-1 : 18 ports\nF13-2 : 6 ports','2018-02-21 11:00:30','RTadmin'),(141,'PA4-Cabling F5-2 / F14-2',NULL,9,NULL,'no','6 Fiber OM3 LC/LC vers 103\nF5-2 : 18 ports\nF14-2 : 12 ports','2018-02-21 11:01:22','RTadmin'),(145,'PA4-Cabling CP2-3 / F7-2',NULL,9,NULL,'no','12 Copper RJ45 Cat 6. vers 104\nCP2-3 : 12 ports\nF7-2 : 12 ports','2018-02-21 11:03:32','RTadmin'),(145,'PA4-Cabling CP2-3 / F7-2',NULL,9,NULL,'no','12 Copper RJ45 Cat 6. vers 104\nCP2-3 : 12 ports\nF7-2 : 12 ports','2018-02-21 11:03:35','RTadmin'),(335,'ExaGate SL04G269',NULL,4,'SL04G269','no',NULL,'2018-02-21 11:05:05','RTadmin'),(335,'ExaGate SL04G269',NULL,4,'SL04G269','no','OS : Linux ','2018-02-21 11:05:31','RTadmin'),(335,'ExaGate SL04G269',NULL,4,'SL04G269','no','OS : Linux ','2018-02-21 11:05:35','RTadmin'),(335,'ExaGate SL04G269',NULL,4,'SL04G269','no','OS : Linux ','2018-02-21 11:05:54','RTadmin'),(336,'Baie de disque Dell-MD1200',NULL,5,NULL,'no',NULL,'2018-02-21 11:08:26','RTadmin'),(337,'Rserv Projet SAP ASP8',NULL,11,NULL,'no',NULL,'2018-02-21 15:20:41','RTadmin'),(337,'Rserv Projet SAP ASP8',NULL,11,NULL,'no','Boitier sur plateau e-voice qual Turquie','2018-02-21 15:22:55','RTadmin'),(337,'PA3-Rserv Projet SAP ASP8',NULL,11,NULL,'no','Boitier sur plateau e-voice qual Turquie','2018-02-21 15:31:22','RTadmin'),(338,'PA3-Projet SAP WMF PCM',NULL,11,NULL,'no',NULL,'2018-02-21 15:31:59','RTadmin'),(337,'Rserv Projet SAP ASP8-PA3',NULL,11,NULL,'no','Boitier sur plateau e-voice qual Turquie','2018-02-21 15:44:37','RTadmin'),(339,'Rserv OOB-OBS  venir - PA3',NULL,11,NULL,'no',NULL,'2018-02-21 15:46:26','RTadmin'),(339,'Rserv OOB-OBS  venir - PA3',NULL,11,NULL,'no','DC304RT','2018-02-21 15:48:29','RTadmin'),(340,'Baie sature, ne pas ajouter d&#039;quipement',NULL,11,NULL,'no',NULL,'2018-02-21 15:49:52','RTadmin'),(339,'Rserv OOB-OBS  venir - PA3',NULL,11,NULL,'no','DC304RT pour PA3\n','2018-02-21 15:53:03','RTadmin'),(339,'Rserv OOB-OBS  venir',NULL,11,NULL,'no','DC304RT pour PA3\n','2018-02-21 15:58:05','RTadmin'),(341,'Rserv cabling',NULL,11,NULL,'no',NULL,'2018-02-21 16:05:08','RTadmin'),(341,'Rserv cabling',NULL,11,NULL,'no',NULL,'2018-02-21 16:08:02','RTadmin'),(342,'Rserv KVM',NULL,11,NULL,'no',NULL,'2018-02-21 16:08:32','RTadmin'),(317,'PA3-Plateau NAS',NULL,11,NULL,'no','NAS QNAP envoy sur site SLO pour seeding Veeam','2018-02-22 08:37:55','RTadmin'),(343,'Rserv Dell MD1420',NULL,11,NULL,'no',NULL,'2018-02-22 08:39:04','RTadmin'),(343,'Rserv Dell MD1420',NULL,11,NULL,'no','Emplacement rserv pour stockage DAS infra DFS-R cible','2018-02-22 08:41:04','RTadmin'),(344,'Rserv NAS',NULL,11,NULL,'no',NULL,'2018-02-22 08:46:20','RTadmin'),(345,'Rserv ext compellent',NULL,11,NULL,'no',NULL,'2018-02-22 08:47:51','RTadmin'),(346,'Rserv MD1200',NULL,11,NULL,'no',NULL,'2018-02-22 08:54:15','RTadmin'),(337,'Rserv Projet SAP ASP8',NULL,11,NULL,'no','Boitier sur plateau e-voice qual Turquie','2018-02-22 08:57:06','RTadmin'),(344,'Rserv NAS',NULL,11,NULL,'no',NULL,'2018-02-22 08:57:43','RTadmin'),(343,'Rserv Dell MD1420',NULL,11,NULL,'no','Emplacement rserv pour stockage DAS infra DFS-R cible','2018-02-22 08:57:51','RTadmin'),(345,'Rserv ext compellent',NULL,11,NULL,'no',NULL,'2018-02-22 08:58:01','RTadmin'),(338,'Rserv Projet SAP WMF PCM',NULL,11,NULL,'no',NULL,'2018-02-22 09:16:59','RTadmin'),(312,'Asa5512 - OOB DC302FW',NULL,798,'DC302FW','no','Watt normal : 670 \nWatt max : 770 ','2018-02-22 10:39:10','RTadmin'),(329,'Asa5512 - OOB DC402FW',NULL,798,'DC402FW','no','Watt normal : 670 \nWatt max : 770 ','2018-02-22 10:39:36','RTadmin'),(311,'ASA5545 Sebnet DC303FW',NULL,798,'DC303FW','no','Watt normal : 670 \nWatt max : 770 ','2018-02-22 10:40:01','RTadmin'),(328,'ASA5545 Sebnet DC403FW',NULL,798,'DC403FW','no','Watt normal : 670 \nWatt max : 770 ','2018-02-22 10:40:28','RTadmin'),(313,'Asa5585 - DCU DC301FW',NULL,798,'DC301FW','no','Watt normal : 670 \nWatt max : 770 ','2018-02-22 10:40:41','RTadmin'),(330,'Asa5585 - DCU DC401FW',NULL,798,'DC401FW','no','Watt normal : 670 \nWatt max : 770 ','2018-02-22 10:40:56','RTadmin'),(167,'Nutanix SE00G627',NULL,4,'SE00G627','no',NULL,'2018-02-22 14:53:38','RTadmin'),(168,'Nutanix SE00P908',NULL,4,'SE00P908','no',NULL,'2018-02-22 14:54:46','RTadmin'),(349,'e-Invoice Prod',NULL,50012,NULL,'no',NULL,'2018-02-22 15:07:00','RTadmin'),(350,'e-Invoice Qual',NULL,50012,NULL,'no',NULL,'2018-02-22 15:09:55','RTadmin'),(350,'e-Invoice Qual',NULL,50012,NULL,'no','Boitier sur plateau e-invoice Qual Turquie','2018-02-22 15:10:32','RTadmin'),(351,'OBS - ETX (Lan2Lan)',NULL,50013,NULL,'no',NULL,'2018-02-22 15:14:01','RTadmin'),(352,'IPANEMA PA3',NULL,50012,NULL,'no',NULL,'2018-02-22 15:15:26','RTadmin'),(353,'IPANEMA PA4',NULL,50012,NULL,'no',NULL,'2018-02-22 15:16:05','RTadmin'),(168,'Nutanix SE00P908',NULL,4,'SE00P908','no',NULL,'2018-02-22 15:34:01','RTadmin'),(168,'Nutanix SE00P908',NULL,4,'SE00P908','no',NULL,'2018-02-22 15:34:57','RTadmin'),(18,'PA4-Rack 101',NULL,1560,NULL,'no','Size of rack :\nHeight : 46 U\nWidht : 600\nDepth : 800\n','2018-02-23 08:28:09','RTadmin'),(18,'PA4-Rack 101',NULL,1560,NULL,'no',NULL,'2018-02-23 08:28:24','RTadmin'),(19,'PA4-Rack 102',NULL,1560,NULL,'no',NULL,'2018-02-23 08:28:41','RTadmin'),(20,'PA4-Rack 103',NULL,1560,NULL,'no',NULL,'2018-02-23 08:29:01','RTadmin'),(21,'PA4-Rack 104',NULL,1560,NULL,'no',NULL,'2018-02-23 08:29:26','RTadmin'),(22,'PA4-Rack 105',NULL,1560,NULL,'no',NULL,'2018-02-23 08:29:48','RTadmin'),(23,'PA4-Rack 106',NULL,1560,NULL,'no','\n','2018-02-23 08:30:03','RTadmin'),(24,'PA4-Rack 201',NULL,1560,NULL,'no',NULL,'2018-02-23 08:30:18','RTadmin'),(25,'PA4-Rack 202',NULL,1560,NULL,'no',NULL,'2018-02-23 08:30:36','RTadmin'),(26,'PA4-Rack 203',NULL,1560,NULL,'no',NULL,'2018-02-23 08:30:50','RTadmin'),(27,'PA4-Rack 204',NULL,1560,NULL,'no',NULL,'2018-02-23 08:31:05','RTadmin'),(28,'PA4-Rack 205',NULL,1560,NULL,'no',NULL,'2018-02-23 08:31:35','RTadmin'),(29,'PA4-Rack 206',NULL,1560,NULL,'no',NULL,'2018-02-23 08:32:04','RTadmin'),(4,'PA3-Rack 101',NULL,1560,NULL,'no',NULL,'2018-02-23 08:32:25','RTadmin'),(5,'PA3-Rack 102',NULL,1560,NULL,'no',NULL,'2018-02-23 08:32:38','RTadmin'),(6,'PA3-Rack 103',NULL,1560,NULL,'no',NULL,'2018-02-23 08:32:49','RTadmin'),(7,'PA3-Rack 104',NULL,1560,NULL,'no',NULL,'2018-02-23 08:33:04','RTadmin'),(8,'PA3-Rack 105',NULL,1560,NULL,'no',NULL,'2018-02-23 08:33:16','RTadmin'),(9,'PA3-Rack 106',NULL,1560,NULL,'no',NULL,'2018-02-23 08:33:27','RTadmin'),(10,'PA3-Rack 201',NULL,1560,NULL,'no',NULL,'2018-02-23 08:33:39','RTadmin'),(11,'PA3-Rack 202',NULL,1560,NULL,'no',NULL,'2018-02-23 08:33:58','RTadmin'),(12,'PA3-Rack 203',NULL,1560,NULL,'no','Size of rack :\nHeight : 45 U\nWidht : 600\nDepth : 1200\n','2018-02-23 08:34:10','RTadmin'),(12,'PA3-Rack 203',NULL,1560,NULL,'no',NULL,'2018-02-23 08:34:14','RTadmin'),(13,'PA3-Rack 204',NULL,1560,NULL,'no','Size of rack :\nHeight : 46 U\nWidht : 600\nDepth : 800\n','2018-02-23 08:34:27','RTadmin'),(13,'PA3-Rack 204',NULL,1560,NULL,'no',NULL,'2018-02-23 08:34:42','RTadmin'),(14,'PA3-Rack 205',NULL,1560,NULL,'no',NULL,'2018-02-23 08:34:53','RTadmin'),(15,'PA3-Rack 206',NULL,1560,NULL,'no','\n','2018-02-23 08:35:07','RTadmin'),(15,'PA3-Rack 206',NULL,1560,NULL,'no',NULL,'2018-02-23 08:35:25','RTadmin'),(154,'Nutanix SE04E440',NULL,4,'SE04E440','no',NULL,'2018-02-23 08:36:15','RTadmin'),(155,'Nutanix SE04T077',NULL,4,'SE04T077','no',NULL,'2018-02-23 08:37:05','RTadmin'),(156,'Nutanix SE06Y803',NULL,4,'SE06Y803','no',NULL,'2018-02-23 08:37:32','RTadmin'),(157,'Nutanix SE07V166',NULL,4,'SE07V166','no',NULL,'2018-02-23 08:38:09','RTadmin'),(158,'Nutanix SE00E821',NULL,4,'SE00E821','no',NULL,'2018-02-23 08:38:50','RTadmin'),(200,'P8-HMC-PA3',NULL,1787,NULL,'no',NULL,'2018-02-23 08:40:17','RTadmin'),(204,'P8-S824 SX03V579',NULL,4,'SX03V579','no',NULL,'2018-02-23 08:42:03','RTadmin'),(205,'P8-S824+ SX03A643',NULL,4,'SX03A643','no',NULL,'2018-02-23 08:42:25','RTadmin'),(206,'P8-S824 SX03N189',NULL,4,'SX03N189','no',NULL,'2018-02-23 08:42:51','RTadmin'),(207,'P8-S824+ SX05H417',NULL,4,'SX05H417','no',NULL,'2018-02-23 08:43:15','RTadmin'),(208,'P8-S824 SX06T649',NULL,4,'SX06T649','no',NULL,'2018-02-23 08:43:36','RTadmin'),(159,'Nutanix SE00V332',NULL,4,'SE00V332','no','\n','2018-02-23 08:44:05','RTadmin'),(159,'Nutanix SE00V332',NULL,4,'SE00V332','no',NULL,'2018-02-23 08:45:09','RTadmin'),(160,'Nutanix SE00S562',NULL,4,'SE00S562','no',NULL,'2018-02-23 08:45:33','RTadmin'),(161,'Nutanix SE04A407',NULL,4,'SE04A407','no',NULL,'2018-02-23 08:46:11','RTadmin'),(162,'Nutanix SE05A854',NULL,4,'SE05A854','no',NULL,'2018-02-23 08:47:14','RTadmin'),(163,'Nutanix SE06Q143',NULL,4,'SE06Q143','no',NULL,'2018-02-23 08:48:51','RTadmin'),(164,'Nutanix SE07R689',NULL,4,'SE07R689','no',NULL,'2018-02-23 08:49:20','RTadmin'),(165,'Nutanix SE02W444',NULL,4,'SE02W444','no',NULL,'2018-02-23 08:49:46','RTadmin'),(166,'Nutanix SE06S085',NULL,4,'SE06S085','no','\n','2018-02-23 08:51:08','RTadmin'),(209,'P8-EXP-PA3',NULL,4,'Extension EXP24S (#5887)-PA3','no',NULL,'2018-02-23 08:51:34','RTadmin'),(210,'P8-S824+ SX03V173',NULL,4,'SX03V173','no',NULL,'2018-02-23 08:52:08','RTadmin'),(311,'ASA5545 Sebnet DC303FW',NULL,798,'DC303FW','no',NULL,'2018-02-23 08:54:22','RTadmin'),(311,'ASA5545 Sebnet DC303FW',NULL,798,'DC303FW','no',NULL,'2018-02-23 08:55:56','RTadmin'),(312,'Asa5512 - OOB DC302FW',NULL,798,'DC302FW','no','Watt normal : 670 \nWatt max : 770 ','2018-02-23 08:56:31','RTadmin'),(312,'Asa5512 - OOB DC302FW',NULL,798,'DC302FW','no',NULL,'2018-02-23 08:57:59','RTadmin'),(211,'P8-S824 SX04P280',NULL,4,'SX04P280','no',NULL,'2018-02-23 08:58:53','RTadmin'),(211,'P8-S824 SX04P280',NULL,4,'SX04P280','no',NULL,'2018-02-23 09:00:12','RTadmin'),(212,'P8-S824+ SX05R532',NULL,4,'SX05R532','no',NULL,'2018-02-23 09:00:27','RTadmin'),(239,'DD2500-PA3-1',NULL,5,NULL,'no','Datadomain 2500 + 2 tiroirs\n','2018-02-23 09:01:23','RTadmin'),(240,'DD2500-PA3-2',NULL,5,NULL,'no','Datadomain 2500 + 2 tiroirs\n','2018-02-23 09:01:51','RTadmin'),(169,'Nutanix SE01J248',NULL,4,'SE01J248','no','Watt normal : 533\nWatt max : 795\nBTU/h normal : 1 819\nBTU/h max : 2 713','2018-02-23 10:36:46','RTadmin'),(169,'Nutanix SE01J248',NULL,4,'SE01J248','no',NULL,'2018-02-23 10:36:55','RTadmin'),(169,'Nutanix SE01J248',NULL,4,'SE01J248','no',NULL,'2018-02-23 10:38:00','RTadmin'),(170,'Nutanix SE02X977',NULL,4,'SE02X977','no',NULL,'2018-02-23 10:38:23','RTadmin'),(171,'Nutanix SE03C255',NULL,4,'SE03C255','no',NULL,'2018-02-23 10:39:02','RTadmin'),(201,'P8-HMC-PA4',NULL,1787,NULL,'no','s/n:211160BD\n','2018-02-23 10:40:50','RTadmin'),(201,'P8-HMC-PA4',NULL,1787,NULL,'no',NULL,'2018-02-23 10:41:56','RTadmin'),(213,'P8-S824+ SX00H921',NULL,4,'SX00H921','no',NULL,'2018-02-23 10:42:16','RTadmin'),(214,'P8-S824 SX07N350',NULL,4,'SX07N350','no',NULL,'2018-02-23 10:42:34','RTadmin'),(215,'P8-S824+ SX02P903',NULL,4,'SX02P903','no',NULL,'2018-02-23 10:42:57','RTadmin'),(216,'P8-S824 SX06R180',NULL,4,'SX06R180','no',NULL,'2018-02-23 10:43:14','RTadmin'),(217,'P8-S824 SX01P931',NULL,4,'SX01P931','no',NULL,'2018-02-23 10:43:32','RTadmin'),(172,'Nutanix SE08K683',NULL,4,'SE08K683','no',NULL,'2018-02-23 10:44:07','RTadmin'),(173,'Nutanix SE03G978',NULL,4,'SE03G978','no',NULL,'2018-02-23 10:45:37','RTadmin'),(174,'Nutanix SE03H888',NULL,4,'SE03H888','no',NULL,'2018-02-23 10:46:00','RTadmin'),(175,'Nutanix SE07K778',NULL,4,'SE07K778','no',NULL,'2018-02-23 10:46:24','RTadmin'),(176,'Nutanix SE08L917',NULL,4,'SE08L917','no',NULL,'2018-02-23 10:46:53','RTadmin'),(177,'Nutanix SE09P421',NULL,4,'SE09P421','no',NULL,'2018-02-23 10:47:36','RTadmin'),(177,'Nutanix SE09P421',NULL,4,'SE09P421','no',NULL,'2018-02-23 10:48:32','RTadmin'),(178,'Nutanix SE05Z023',NULL,4,'SE05Z023','no',NULL,'2018-02-23 10:48:58','RTadmin'),(179,'Nutanix SE07Q955',NULL,4,'SE07Q955','no',NULL,'2018-02-23 10:49:28','RTadmin'),(218,'P8-EXP-PA4',NULL,4,'Extension EXP24S (#5887)-PA4','no',NULL,'2018-02-23 10:49:47','RTadmin'),(219,'P8-S824+ SX04Y714',NULL,4,'SX04Y714','no',NULL,'2018-02-23 10:50:10','RTadmin'),(219,'P8-S824+ SX04Y714',NULL,4,'SX04Y714','no',NULL,'2018-02-23 10:50:29','RTadmin'),(330,'Asa5585 - DCU DC401FW',NULL,798,'DC401FW','no','Watt normal : 670 \nWatt max : 770 ','2018-02-23 10:54:26','RTadmin'),(330,'Asa5585 - DCU DC401FW',NULL,798,'DC401FW','no',NULL,'2018-02-23 10:57:58','RTadmin'),(328,'ASA5545 Sebnet DC403FW',NULL,798,'DC403FW','no','Watt normal : 670 \nWatt max : 770 ','2018-02-23 11:01:03','RTadmin'),(328,'ASA5545 Sebnet DC403FW',NULL,798,'DC403FW','no',NULL,'2018-02-23 11:01:13','RTadmin'),(329,'Asa5512 - OOB DC402FW',NULL,798,'DC402FW','no',NULL,'2018-02-23 11:01:40','RTadmin'),(237,'DD4500-PA3',NULL,5,NULL,'no','Datadomain 4500 + 7 tiroirs\n','2018-02-23 11:03:23','RTadmin'),(238,'DD4500-PA4',NULL,5,NULL,'no','Datadomain 4500 + 7 tiroirs\nWatt normal : 2 245\nWatt max : 2 245\nBTU/h normal : 8 330\nBTU/h max : 8 330','2018-02-23 11:04:10','RTadmin'),(238,'DD4500-PA4',NULL,5,NULL,'no','Datadomain 4500 + 7 tiroirs\n\n','2018-02-23 11:04:15','RTadmin'),(241,'DD2500-PA4-1',NULL,5,NULL,'no','Datadomain 2500 + 2 tiroirs\n','2018-02-23 11:04:41','RTadmin'),(363,'PA4-101-PDU1',NULL,2,NULL,'no',NULL,'2018-04-10 12:07:18','RTadmin'),(370,'PA3-101-PDU1',NULL,2,NULL,'no',NULL,'2018-04-10 12:10:46','RTadmin'),(391,'PA3-101-PDU2',NULL,2,NULL,'no',NULL,'2018-04-11 08:35:01','RTadmin'),(392,'PA3-101-PDU3',NULL,2,NULL,'no',NULL,'2018-04-11 08:35:01','RTadmin'),(393,'PA3-101-PDU4',NULL,2,NULL,'no',NULL,'2018-04-11 08:35:01','RTadmin'),(394,'PA3-101-PDU5',NULL,2,NULL,'no',NULL,'2018-04-11 08:35:01','RTadmin'),(397,'PA3-101-PDU6',NULL,2,NULL,'no',NULL,'2018-04-11 08:52:09','RTadmin'),(401,'PA3-102-PDU1',NULL,2,NULL,'no',NULL,'2018-04-11 09:13:40','RTadmin'),(402,'PA3-102-PDU2',NULL,2,NULL,'no',NULL,'2018-04-11 09:13:40','RTadmin'),(403,'PA3-102-PDU3',NULL,2,NULL,'no',NULL,'2018-04-11 09:13:40','RTadmin'),(404,'PA3-102-PDU4',NULL,2,NULL,'no',NULL,'2018-04-11 09:13:40','RTadmin'),(405,'PA3-102-PDU5',NULL,2,NULL,'no',NULL,'2018-04-11 09:13:40','RTadmin'),(406,'PA3-102-PDU6',NULL,2,NULL,'no',NULL,'2018-04-11 09:13:40','RTadmin'),(409,'PA3-103-PDU1',NULL,2,NULL,'no',NULL,'2018-04-11 09:32:53','RTadmin'),(410,'PA3-103-PDU2',NULL,2,NULL,'no',NULL,'2018-04-11 09:32:53','RTadmin'),(411,'PA3-103-PDU3',NULL,2,NULL,'no',NULL,'2018-04-11 09:32:53','RTadmin'),(412,'PA3-103-PDU4',NULL,2,NULL,'no',NULL,'2018-04-11 09:32:53','RTadmin'),(413,'PA3-103-PDU5',NULL,2,NULL,'no',NULL,'2018-04-11 09:32:53','RTadmin'),(414,'PA3-103-PDU6',NULL,2,NULL,'no',NULL,'2018-04-11 09:32:54','RTadmin'),(415,'PA3-104-PDU1',NULL,2,NULL,'no',NULL,'2018-04-11 09:43:12','RTadmin'),(416,'PA3-104-PDU2',NULL,2,NULL,'no',NULL,'2018-04-11 09:43:13','RTadmin'),(417,'PA3-104-PDU3',NULL,2,NULL,'no',NULL,'2018-04-11 09:43:13','RTadmin'),(418,'PA3-104-PDU4',NULL,2,NULL,'no',NULL,'2018-04-11 09:43:13','RTadmin'),(419,'PA3-104-PDU5',NULL,2,NULL,'no',NULL,'2018-04-11 09:43:13','RTadmin'),(420,'PA3-104-PDU6',NULL,2,NULL,'no',NULL,'2018-04-11 09:43:13','RTadmin'),(421,'PA3-105-PDU1',NULL,2,NULL,'no',NULL,'2018-04-11 09:50:08','RTadmin'),(422,'PA3-105-PDU2',NULL,2,NULL,'no',NULL,'2018-04-11 09:50:08','RTadmin'),(423,'PA3-105-PDU3',NULL,2,NULL,'no',NULL,'2018-04-11 09:50:08','RTadmin'),(424,'PA3-105-PDU4',NULL,2,NULL,'no',NULL,'2018-04-11 09:50:08','RTadmin'),(425,'PA3-105-PDU5',NULL,2,NULL,'no',NULL,'2018-04-11 09:50:08','RTadmin'),(426,'PA3-105-PDU6',NULL,2,NULL,'no',NULL,'2018-04-11 09:50:08','RTadmin'),(427,'PA3-106-PDU1',NULL,2,NULL,'no',NULL,'2018-04-11 09:56:07','RTadmin'),(428,'PA3-106-PDU2',NULL,2,NULL,'no',NULL,'2018-04-11 09:56:07','RTadmin'),(429,'PA3-106-PDU3',NULL,2,NULL,'no',NULL,'2018-04-11 09:56:07','RTadmin'),(430,'PA3-106-PDU4',NULL,2,NULL,'no',NULL,'2018-04-11 09:56:07','RTadmin'),(431,'PA3-106-PDU5',NULL,2,NULL,'no',NULL,'2018-04-11 09:56:07','RTadmin'),(432,'PA3-106-PDU6',NULL,2,NULL,'no',NULL,'2018-04-11 09:56:07','RTadmin'),(434,'PA3-201-PDU1',NULL,2,NULL,'no',NULL,'2018-04-11 10:01:48','RTadmin'),(435,'PA3-201-PDU2',NULL,2,NULL,'no',NULL,'2018-04-11 10:01:48','RTadmin'),(436,'PA3-201-PDU3',NULL,2,NULL,'no',NULL,'2018-04-11 10:01:48','RTadmin'),(437,'PA3-201-PDU4',NULL,2,NULL,'no',NULL,'2018-04-11 10:01:48','RTadmin'),(438,'PA3-201-PDU5',NULL,2,NULL,'no',NULL,'2018-04-11 10:01:48','RTadmin'),(439,'PA3-202-PDU1',NULL,2,NULL,'no',NULL,'2018-04-11 12:02:26','RTadmin'),(440,'PA3-202-PDU2',NULL,2,NULL,'no',NULL,'2018-04-11 12:02:26','RTadmin'),(441,'PA3-202-PDU3',NULL,2,NULL,'no',NULL,'2018-04-11 12:02:26','RTadmin'),(442,'PA3-202-PDU4',NULL,2,NULL,'no',NULL,'2018-04-11 12:02:26','RTadmin'),(443,'PA3-202-PDU5',NULL,2,NULL,'no',NULL,'2018-04-11 12:02:26','RTadmin'),(444,'PA3-202-PDU6',NULL,2,NULL,'no',NULL,'2018-04-11 12:02:26','RTadmin'),(445,'PA3-203-PDU1',NULL,2,NULL,'no',NULL,'2018-04-11 12:05:19','RTadmin'),(446,'PA3-203-PDU2',NULL,2,NULL,'no',NULL,'2018-04-11 12:05:19','RTadmin'),(447,'PA3-203-PDU3',NULL,2,NULL,'no',NULL,'2018-04-11 12:05:19','RTadmin'),(448,'PA3-203-PDU4',NULL,2,NULL,'no',NULL,'2018-04-11 12:05:19','RTadmin'),(449,'PA3-203-PDU5',NULL,2,NULL,'no',NULL,'2018-04-11 12:05:20','RTadmin'),(450,'PA3-203-PDU6',NULL,2,NULL,'no',NULL,'2018-04-11 12:05:20','RTadmin'),(451,'PA3-201-PDU6',NULL,2,NULL,'no',NULL,'2018-04-11 12:08:13','RTadmin'),(452,'PA3-204-PDU1',NULL,2,NULL,'no',NULL,'2018-04-11 12:11:49','RTadmin'),(453,'PA3-204-PDU2',NULL,2,NULL,'no',NULL,'2018-04-11 12:11:49','RTadmin'),(454,'PA3-204-PDU3',NULL,2,NULL,'no',NULL,'2018-04-11 12:11:49','RTadmin'),(455,'PA3-204-PDU4',NULL,2,NULL,'no',NULL,'2018-04-11 12:11:49','RTadmin'),(456,'PA3-204-PDU5',NULL,2,NULL,'no',NULL,'2018-04-11 12:11:49','RTadmin'),(457,'PA3-204-PDU6',NULL,2,NULL,'no',NULL,'2018-04-11 12:11:49','RTadmin'),(458,'PA3-205-PDU1',NULL,2,NULL,'no',NULL,'2018-04-11 12:14:59','RTadmin'),(459,'PA3-205-PDU2',NULL,2,NULL,'no',NULL,'2018-04-11 12:14:59','RTadmin'),(460,'PA3-205-PDU3',NULL,2,NULL,'no',NULL,'2018-04-11 12:14:59','RTadmin'),(461,'PA3-205-PDU4',NULL,2,NULL,'no',NULL,'2018-04-11 12:14:59','RTadmin'),(462,'PA3-205-PDU5',NULL,2,NULL,'no',NULL,'2018-04-11 12:14:59','RTadmin'),(463,'PA3-205-PDU6',NULL,2,NULL,'no',NULL,'2018-04-11 12:14:59','RTadmin'),(464,'PA3-206-PDU1',NULL,2,NULL,'no',NULL,'2018-04-11 12:18:25','RTadmin'),(465,'PA3-206-PDU2',NULL,2,NULL,'no',NULL,'2018-04-11 12:18:25','RTadmin'),(466,'PA3-206-PDU3',NULL,2,NULL,'no',NULL,'2018-04-11 12:18:25','RTadmin'),(467,'PA3-206-PDU4',NULL,2,NULL,'no',NULL,'2018-04-11 12:18:25','RTadmin'),(468,'PA3-206-PDU5',NULL,2,NULL,'no',NULL,'2018-04-11 12:18:25','RTadmin'),(469,'PA3-206-PDU6',NULL,2,NULL,'no',NULL,'2018-04-11 12:18:25','RTadmin'),(472,'PA4-101-PDU2',NULL,2,NULL,'no',NULL,'2018-04-11 12:35:28','RTadmin'),(473,'PA4-101-PDU3',NULL,2,NULL,'no',NULL,'2018-04-11 12:35:28','RTadmin'),(474,'PA4-101-PDU4',NULL,2,NULL,'no',NULL,'2018-04-11 12:35:28','RTadmin'),(475,'PA4-101-PDU5',NULL,2,NULL,'no',NULL,'2018-04-11 12:35:28','RTadmin'),(476,'PA4-101-PDU6',NULL,2,NULL,'no',NULL,'2018-04-11 12:35:28','RTadmin'),(477,'PA4-102-PDU1',NULL,2,NULL,'no',NULL,'2018-04-11 12:46:39','RTadmin'),(478,'PA4-102-PDU2',NULL,2,NULL,'no',NULL,'2018-04-11 12:46:39','RTadmin'),(479,'PA4-102-PDU3',NULL,2,NULL,'no',NULL,'2018-04-11 12:46:39','RTadmin'),(480,'PA4-102-PDU4',NULL,2,NULL,'no',NULL,'2018-04-11 12:46:39','RTadmin'),(481,'PA4-102-PDU5',NULL,2,NULL,'no',NULL,'2018-04-11 12:46:39','RTadmin'),(482,'PA4-102-PDU6',NULL,2,NULL,'no',NULL,'2018-04-11 12:46:39','RTadmin'),(484,'PA4-103-PDU1',NULL,2,NULL,'no',NULL,'2018-04-11 12:46:45','RTadmin'),(485,'PA4-103-PDU2',NULL,2,NULL,'no',NULL,'2018-04-11 12:46:45','RTadmin'),(486,'PA4-103-PDU3',NULL,2,NULL,'no',NULL,'2018-04-11 12:46:45','RTadmin'),(487,'PA4-103-PDU4',NULL,2,NULL,'no',NULL,'2018-04-11 12:46:45','RTadmin'),(488,'PA4-103-PDU5',NULL,2,NULL,'no',NULL,'2018-04-11 12:46:45','RTadmin'),(489,'PA4-103-PDU6',NULL,2,NULL,'no',NULL,'2018-04-11 12:46:45','RTadmin'),(490,'PA4-104-PDU1',NULL,2,NULL,'no',NULL,'2018-04-11 12:57:05','RTadmin'),(491,'PA4-104-PDU2',NULL,2,NULL,'no',NULL,'2018-04-11 12:57:05','RTadmin'),(492,'PA4-104-PDU3',NULL,2,NULL,'no',NULL,'2018-04-11 12:57:05','RTadmin'),(493,'PA4-104-PDU4',NULL,2,NULL,'no',NULL,'2018-04-11 12:57:05','RTadmin'),(494,'PA4-104-PDU5',NULL,2,NULL,'no',NULL,'2018-04-11 12:57:05','RTadmin'),(495,'PA4-104-PDU6',NULL,2,NULL,'no',NULL,'2018-04-11 12:57:05','RTadmin'),(496,'PA4-105-PDU1',NULL,2,NULL,'no',NULL,'2018-04-11 12:57:11','RTadmin'),(497,'PA4-105-PDU2',NULL,2,NULL,'no',NULL,'2018-04-11 12:57:11','RTadmin'),(498,'PA4-105-PDU3',NULL,2,NULL,'no',NULL,'2018-04-11 12:57:11','RTadmin'),(499,'PA4-105-PDU4',NULL,2,NULL,'no',NULL,'2018-04-11 12:57:11','RTadmin'),(500,'PA4-105-PDU5',NULL,2,NULL,'no',NULL,'2018-04-11 12:57:11','RTadmin'),(501,'PA4-105-PDU6',NULL,2,NULL,'no',NULL,'2018-04-11 12:57:11','RTadmin'),(503,'PA4-106-PDU1',NULL,2,NULL,'no',NULL,'2018-04-11 13:22:12','RTadmin'),(504,'PA4-106-PDU2',NULL,2,NULL,'no',NULL,'2018-04-11 13:22:12','RTadmin'),(505,'PA4-106-PDU3',NULL,2,NULL,'no',NULL,'2018-04-11 13:22:12','RTadmin'),(506,'PA4-106-PDU4',NULL,2,NULL,'no',NULL,'2018-04-11 13:22:12','RTadmin'),(507,'PA4-106-PDU5',NULL,2,NULL,'no',NULL,'2018-04-11 13:22:12','RTadmin'),(508,'PA4-106-PDU6',NULL,2,NULL,'no',NULL,'2018-04-11 13:22:12','RTadmin'),(510,'PA4-201-PDU1',NULL,2,NULL,'no',NULL,'2018-04-11 13:22:20','RTadmin'),(511,'PA4-201-PDU2',NULL,2,NULL,'no',NULL,'2018-04-11 13:22:20','RTadmin'),(512,'PA4-201-PDU3',NULL,2,NULL,'no',NULL,'2018-04-11 13:22:20','RTadmin'),(513,'PA4-201-PDU4',NULL,2,NULL,'no',NULL,'2018-04-11 13:22:20','RTadmin'),(514,'PA4-201-PDU5',NULL,2,NULL,'no',NULL,'2018-04-11 13:22:20','RTadmin'),(515,'PA4-201-PDU6',NULL,2,NULL,'no',NULL,'2018-04-11 13:22:20','RTadmin'),(516,'PA4-202-PDU1',NULL,2,NULL,'no',NULL,'2018-04-11 13:22:25','RTadmin'),(517,'PA4-202-PDU2',NULL,2,NULL,'no',NULL,'2018-04-11 13:22:26','RTadmin'),(518,'PA4-202-PDU3',NULL,2,NULL,'no',NULL,'2018-04-11 13:22:26','RTadmin'),(519,'PA4-202-PDU4',NULL,2,NULL,'no',NULL,'2018-04-11 13:22:26','RTadmin'),(520,'PA4-202-PDU5',NULL,2,NULL,'no',NULL,'2018-04-11 13:22:26','RTadmin'),(522,'PA4-203-PDU1',NULL,2,NULL,'no',NULL,'2018-04-11 13:22:33','RTadmin'),(523,'PA4-203-PDU2',NULL,2,NULL,'no',NULL,'2018-04-11 13:22:33','RTadmin'),(524,'PA4-203-PDU3',NULL,2,NULL,'no',NULL,'2018-04-11 13:22:33','RTadmin'),(525,'PA4-203-PDU4',NULL,2,NULL,'no',NULL,'2018-04-11 13:22:33','RTadmin'),(526,'PA4-203-PDU5',NULL,2,NULL,'no',NULL,'2018-04-11 13:22:33','RTadmin'),(527,'PA4-203-PDU6',NULL,2,NULL,'no',NULL,'2018-04-11 13:22:33','RTadmin'),(528,'PA4-204-PDU1',NULL,2,NULL,'no',NULL,'2018-04-11 13:22:47','RTadmin'),(529,'PA4-204-PDU2',NULL,2,NULL,'no',NULL,'2018-04-11 13:22:48','RTadmin'),(530,'PA4-204-PDU3',NULL,2,NULL,'no',NULL,'2018-04-11 13:22:48','RTadmin'),(531,'PA4-204-PDU4',NULL,2,NULL,'no',NULL,'2018-04-11 13:22:48','RTadmin'),(532,'PA4-204-PDU5',NULL,2,NULL,'no',NULL,'2018-04-11 13:22:48','RTadmin'),(533,'PA4-204-PDU6',NULL,2,NULL,'no',NULL,'2018-04-11 13:22:48','RTadmin'),(534,'PA4-205-PDU1',NULL,2,NULL,'no',NULL,'2018-04-11 13:23:06','RTadmin'),(535,'PA4-205-PDU2',NULL,2,NULL,'no',NULL,'2018-04-11 13:23:06','RTadmin'),(536,'PA4-205-PDU3',NULL,2,NULL,'no',NULL,'2018-04-11 13:23:06','RTadmin'),(537,'PA4-205-PDU4',NULL,2,NULL,'no',NULL,'2018-04-11 13:23:06','RTadmin'),(538,'PA4-205-PDU5',NULL,2,NULL,'no',NULL,'2018-04-11 13:23:06','RTadmin'),(539,'PA4-205-PDU6',NULL,2,NULL,'no',NULL,'2018-04-11 13:23:06','RTadmin'),(540,'PA4-206-PDU1',NULL,2,NULL,'no',NULL,'2018-04-11 13:23:18','RTadmin'),(541,'PA4-206-PDU2',NULL,2,NULL,'no',NULL,'2018-04-11 13:23:18','RTadmin'),(542,'PA4-206-PDU3',NULL,2,NULL,'no',NULL,'2018-04-11 13:23:19','RTadmin'),(543,'PA4-206-PDU4',NULL,2,NULL,'no',NULL,'2018-04-11 13:23:19','RTadmin'),(544,'PA4-206-PDU5',NULL,2,NULL,'no',NULL,'2018-04-11 13:23:19','RTadmin'),(545,'PA4-206-PDU6',NULL,2,NULL,'no',NULL,'2018-04-11 13:23:19','RTadmin'),(484,'PA4-103-PDU1',NULL,2,NULL,'no',NULL,'2018-04-11 13:35:39','RTadmin'),(484,'PA4-103-PDU1',NULL,2,NULL,'no',NULL,'2018-04-11 13:40:20','RTadmin'),(370,'PA3-101-PDU1',NULL,2,NULL,'no',NULL,'2018-04-12 07:27:52','RTadmin'),(391,'PA3-101-PDU2',NULL,2,NULL,'no',NULL,'2018-04-12 07:28:18','RTadmin'),(392,'PA3-101-PDU3',NULL,2,NULL,'no',NULL,'2018-04-12 07:28:31','RTadmin'),(393,'PA3-101-PDU4',NULL,2,NULL,'no',NULL,'2018-04-12 07:28:55','RTadmin'),(394,'PA3-101-PDU5',NULL,2,NULL,'no',NULL,'2018-04-12 07:29:10','RTadmin'),(397,'PA3-101-PDU6',NULL,2,NULL,'no',NULL,'2018-04-12 07:29:29','RTadmin'),(401,'PA3-102-PDU1',NULL,2,NULL,'no',NULL,'2018-04-12 07:30:00','RTadmin'),(402,'PA3-102-PDU2',NULL,2,NULL,'no',NULL,'2018-04-12 07:30:13','RTadmin'),(403,'PA3-102-PDU3',NULL,2,NULL,'no',NULL,'2018-04-12 07:30:28','RTadmin'),(404,'PA3-102-PDU4',NULL,2,NULL,'no',NULL,'2018-04-12 07:30:49','RTadmin'),(405,'PA3-102-PDU5',NULL,2,NULL,'no',NULL,'2018-04-12 07:31:02','RTadmin'),(406,'PA3-102-PDU6',NULL,2,NULL,'no',NULL,'2018-04-12 07:31:18','RTadmin'),(409,'PA3-103-PDU1',NULL,2,NULL,'no',NULL,'2018-04-12 07:31:40','RTadmin'),(410,'PA3-103-PDU2',NULL,2,NULL,'no',NULL,'2018-04-12 07:31:50','RTadmin'),(411,'PA3-103-PDU3',NULL,2,NULL,'no',NULL,'2018-04-12 07:32:01','RTadmin'),(412,'PA3-103-PDU4',NULL,2,NULL,'no',NULL,'2018-04-12 07:32:13','RTadmin'),(413,'PA3-103-PDU5',NULL,2,NULL,'no',NULL,'2018-04-12 07:32:42','RTadmin'),(414,'PA3-103-PDU6',NULL,2,NULL,'no',NULL,'2018-04-12 07:32:58','RTadmin'),(414,'PA3-103-PDU6',NULL,2,NULL,'no',NULL,'2018-04-12 07:33:20','RTadmin'),(415,'PA3-104-PDU1',NULL,2,NULL,'no',NULL,'2018-04-12 07:33:51','RTadmin'),(416,'PA3-104-PDU2',NULL,2,NULL,'no',NULL,'2018-04-12 07:34:04','RTadmin'),(416,'PA3-104-PDU2',NULL,2,NULL,'no',NULL,'2018-04-12 07:34:10','RTadmin'),(417,'PA3-104-PDU3',NULL,2,NULL,'no',NULL,'2018-04-12 07:34:36','RTadmin'),(418,'PA3-104-PDU4',NULL,2,NULL,'no',NULL,'2018-04-12 07:34:49','RTadmin'),(419,'PA3-104-PDU5',NULL,2,NULL,'no',NULL,'2018-04-12 07:35:00','RTadmin'),(420,'PA3-104-PDU6',NULL,2,NULL,'no',NULL,'2018-04-12 07:35:14','RTadmin'),(421,'PA3-105-PDU1',NULL,2,NULL,'no',NULL,'2018-04-12 07:35:50','RTadmin'),(422,'PA3-105-PDU2',NULL,2,NULL,'no',NULL,'2018-04-12 07:36:02','RTadmin'),(423,'PA3-105-PDU3',NULL,2,NULL,'no',NULL,'2018-04-12 07:36:14','RTadmin'),(424,'PA3-105-PDU4',NULL,2,NULL,'no',NULL,'2018-04-12 07:36:31','RTadmin'),(425,'PA3-105-PDU5',NULL,2,NULL,'no',NULL,'2018-04-12 07:36:49','RTadmin'),(426,'PA3-105-PDU6',NULL,2,NULL,'no',NULL,'2018-04-12 07:36:59','RTadmin'),(427,'PA3-106-PDU1',NULL,2,NULL,'no',NULL,'2018-04-12 07:37:17','RTadmin'),(428,'PA3-106-PDU2',NULL,2,NULL,'no',NULL,'2018-04-12 07:37:27','RTadmin'),(429,'PA3-106-PDU3',NULL,2,NULL,'no',NULL,'2018-04-12 07:38:26','RTadmin'),(430,'PA3-106-PDU4',NULL,2,NULL,'no',NULL,'2018-04-12 07:38:40','RTadmin'),(431,'PA3-106-PDU5',NULL,2,NULL,'no',NULL,'2018-04-12 07:38:52','RTadmin'),(432,'PA3-106-PDU6',NULL,2,NULL,'no',NULL,'2018-04-12 07:39:05','RTadmin'),(434,'PA3-201-PDU1',NULL,2,NULL,'no',NULL,'2018-04-12 07:39:53','RTadmin'),(435,'PA3-201-PDU2',NULL,2,NULL,'no',NULL,'2018-04-12 07:40:02','RTadmin'),(436,'PA3-201-PDU3',NULL,2,NULL,'no',NULL,'2018-04-12 07:40:21','RTadmin'),(437,'PA3-201-PDU4',NULL,2,NULL,'no',NULL,'2018-04-12 07:40:37','RTadmin'),(438,'PA3-201-PDU5',NULL,2,NULL,'no',NULL,'2018-04-12 07:40:59','RTadmin'),(451,'PA3-201-PDU6',NULL,2,NULL,'no',NULL,'2018-04-12 07:41:17','RTadmin'),(439,'PA3-202-PDU1',NULL,2,NULL,'no',NULL,'2018-04-12 07:42:18','RTadmin'),(440,'PA3-202-PDU2',NULL,2,NULL,'no',NULL,'2018-04-12 07:42:26','RTadmin'),(441,'PA3-202-PDU3',NULL,2,NULL,'no',NULL,'2018-04-12 07:42:37','RTadmin'),(442,'PA3-202-PDU4',NULL,2,NULL,'no',NULL,'2018-04-12 07:42:51','RTadmin'),(443,'PA3-202-PDU5',NULL,2,NULL,'no',NULL,'2018-04-12 07:43:08','RTadmin'),(444,'PA3-202-PDU6',NULL,2,NULL,'no',NULL,'2018-04-12 07:43:18','RTadmin'),(445,'PA3-203-PDU1',NULL,2,NULL,'no',NULL,'2018-04-12 07:46:18','RTadmin'),(446,'PA3-203-PDU2',NULL,2,NULL,'no',NULL,'2018-04-12 07:46:25','RTadmin'),(447,'PA3-203-PDU3',NULL,2,NULL,'no',NULL,'2018-04-12 07:46:34','RTadmin'),(448,'PA3-203-PDU4',NULL,2,NULL,'no',NULL,'2018-04-12 07:47:10','RTadmin'),(449,'PA3-203-PDU5',NULL,2,NULL,'no',NULL,'2018-04-12 07:47:26','RTadmin'),(450,'PA3-203-PDU6',NULL,2,NULL,'no',NULL,'2018-04-12 07:47:35','RTadmin'),(363,'PA4-101-PDU1',NULL,2,NULL,'no',NULL,'2018-04-12 07:52:14','RTadmin'),(472,'PA4-101-PDU2',NULL,2,NULL,'no',NULL,'2018-04-12 07:52:28','RTadmin'),(473,'PA4-101-PDU3',NULL,2,NULL,'no',NULL,'2018-04-12 07:52:42','RTadmin'),(474,'PA4-101-PDU4',NULL,2,NULL,'no',NULL,'2018-04-12 07:53:30','RTadmin'),(475,'PA4-101-PDU5',NULL,2,NULL,'no',NULL,'2018-04-12 07:53:45','RTadmin'),(476,'PA4-101-PDU6',NULL,2,NULL,'no',NULL,'2018-04-12 07:54:08','RTadmin'),(477,'PA4-102-PDU1',NULL,2,NULL,'no',NULL,'2018-04-12 07:54:30','RTadmin'),(478,'PA4-102-PDU2',NULL,2,NULL,'no',NULL,'2018-04-12 07:54:42','RTadmin'),(479,'PA4-102-PDU3',NULL,2,NULL,'no',NULL,'2018-04-12 07:54:55','RTadmin'),(480,'PA4-102-PDU4',NULL,2,NULL,'no',NULL,'2018-04-12 07:55:08','RTadmin'),(481,'PA4-102-PDU5',NULL,2,NULL,'no',NULL,'2018-04-12 07:55:48','RTadmin'),(482,'PA4-102-PDU6',NULL,2,NULL,'no',NULL,'2018-04-12 07:56:00','RTadmin'),(484,'PA4-103-PDU1',NULL,2,NULL,'no',NULL,'2018-04-12 08:01:48','RTadmin'),(485,'PA4-103-PDU2',NULL,2,NULL,'no',NULL,'2018-04-12 08:01:59','RTadmin'),(486,'PA4-103-PDU3',NULL,2,NULL,'no',NULL,'2018-04-12 08:02:09','RTadmin'),(487,'PA4-103-PDU4',NULL,2,NULL,'no',NULL,'2018-04-12 08:02:24','RTadmin'),(488,'PA4-103-PDU5',NULL,2,NULL,'no',NULL,'2018-04-12 08:02:38','RTadmin'),(489,'PA4-103-PDU6',NULL,2,NULL,'no',NULL,'2018-04-12 08:02:48','RTadmin'),(490,'PA4-104-PDU1',NULL,2,NULL,'no',NULL,'2018-04-12 08:03:17','RTadmin'),(491,'PA4-104-PDU2',NULL,2,NULL,'no',NULL,'2018-04-12 08:03:25','RTadmin'),(492,'PA4-104-PDU3',NULL,2,NULL,'no',NULL,'2018-04-12 08:03:32','RTadmin'),(493,'PA4-104-PDU4',NULL,2,NULL,'no',NULL,'2018-04-12 08:03:50','RTadmin'),(494,'PA4-104-PDU5',NULL,2,NULL,'no',NULL,'2018-04-12 08:04:02','RTadmin'),(495,'PA4-104-PDU6',NULL,2,NULL,'no',NULL,'2018-04-12 08:04:16','RTadmin'),(546,'PA4-105-PDU7',NULL,2,NULL,'no',NULL,'2018-04-12 08:16:07','RTadmin'),(547,'PA4-105-PDU8',NULL,2,NULL,'no',NULL,'2018-04-12 08:16:29','RTadmin'),(548,'PA4-105-PDU9',NULL,2,NULL,'no',NULL,'2018-04-12 08:16:54','RTadmin'),(496,'PA4-105-PDU1',NULL,2,NULL,'no',NULL,'2018-04-12 08:17:27','RTadmin'),(497,'PA4-105-PDU2',NULL,2,NULL,'no',NULL,'2018-04-12 08:17:36','RTadmin'),(498,'PA4-105-PDU3',NULL,2,NULL,'no',NULL,'2018-04-12 08:17:58','RTadmin'),(499,'PA4-105-PDU4',NULL,2,NULL,'no',NULL,'2018-04-12 08:18:15','RTadmin'),(500,'PA4-105-PDU5',NULL,2,NULL,'no',NULL,'2018-04-12 08:18:30','RTadmin'),(501,'PA4-105-PDU6',NULL,2,NULL,'no',NULL,'2018-04-12 08:18:44','RTadmin'),(546,'PA4-105-PDU7',NULL,2,NULL,'no',NULL,'2018-04-12 08:18:55','RTadmin'),(547,'PA4-105-PDU8',NULL,2,NULL,'no',NULL,'2018-04-12 08:19:06','RTadmin'),(548,'PA4-105-PDU9',NULL,2,NULL,'no',NULL,'2018-04-12 08:19:19','RTadmin'),(503,'PA4-106-PDU1',NULL,2,NULL,'no',NULL,'2018-04-12 08:20:28','RTadmin'),(504,'PA4-106-PDU2',NULL,2,NULL,'no',NULL,'2018-04-12 08:20:42','RTadmin'),(505,'PA4-106-PDU3',NULL,2,NULL,'no',NULL,'2018-04-12 08:20:54','RTadmin'),(506,'PA4-106-PDU4',NULL,2,NULL,'no',NULL,'2018-04-12 08:21:12','RTadmin'),(507,'PA4-106-PDU5',NULL,2,NULL,'no',NULL,'2018-04-12 08:21:20','RTadmin'),(508,'PA4-106-PDU6',NULL,2,NULL,'no',NULL,'2018-04-12 08:21:34','RTadmin'),(510,'PA4-201-PDU1',NULL,2,NULL,'no',NULL,'2018-04-12 08:22:15','RTadmin'),(511,'PA4-201-PDU2',NULL,2,NULL,'no',NULL,'2018-04-12 08:22:23','RTadmin'),(512,'PA4-201-PDU3',NULL,2,NULL,'no',NULL,'2018-04-12 08:22:41','RTadmin'),(513,'PA4-201-PDU4',NULL,2,NULL,'no',NULL,'2018-04-12 08:24:25','RTadmin'),(514,'PA4-201-PDU5',NULL,2,NULL,'no',NULL,'2018-04-12 08:24:41','RTadmin'),(515,'PA4-201-PDU6',NULL,2,NULL,'no',NULL,'2018-04-12 08:24:52','RTadmin'),(516,'PA4-202-PDU1',NULL,2,NULL,'no',NULL,'2018-04-12 08:25:25','RTadmin'),(517,'PA4-202-PDU2',NULL,2,NULL,'no',NULL,'2018-04-12 08:25:32','RTadmin'),(518,'PA4-202-PDU3',NULL,2,NULL,'no',NULL,'2018-04-12 08:25:40','RTadmin'),(519,'PA4-202-PDU4',NULL,2,NULL,'no',NULL,'2018-04-12 08:25:59','RTadmin'),(520,'PA4-202-PDU5',NULL,2,NULL,'no',NULL,'2018-04-12 08:26:08','RTadmin'),(522,'PA4-203-PDU1',NULL,2,NULL,'no',NULL,'2018-04-12 08:27:09','RTadmin'),(523,'PA4-203-PDU2',NULL,2,NULL,'no',NULL,'2018-04-12 08:27:16','RTadmin'),(524,'PA4-203-PDU3',NULL,2,NULL,'no',NULL,'2018-04-12 08:27:24','RTadmin'),(525,'PA4-203-PDU4',NULL,2,NULL,'no',NULL,'2018-04-12 08:27:34','RTadmin'),(526,'PA4-203-PDU5',NULL,2,NULL,'no',NULL,'2018-04-12 08:27:58','RTadmin'),(527,'PA4-203-PDU6',NULL,2,NULL,'no',NULL,'2018-04-12 08:28:07','RTadmin'),(528,'PA4-204-PDU1',NULL,2,NULL,'no',NULL,'2018-04-12 08:28:32','RTadmin'),(529,'PA4-204-PDU2',NULL,2,NULL,'no',NULL,'2018-04-12 08:28:39','RTadmin'),(530,'PA4-204-PDU3',NULL,2,NULL,'no',NULL,'2018-04-12 08:28:47','RTadmin'),(531,'PA4-204-PDU4',NULL,2,NULL,'no',NULL,'2018-04-12 08:28:56','RTadmin'),(532,'PA4-204-PDU5',NULL,2,NULL,'no',NULL,'2018-04-12 08:29:18','RTadmin'),(533,'PA4-204-PDU6',NULL,2,NULL,'no',NULL,'2018-04-12 08:29:46','RTadmin'),(534,'PA4-205-PDU1',NULL,2,NULL,'no',NULL,'2018-04-12 08:30:03','RTadmin'),(535,'PA4-205-PDU2',NULL,2,NULL,'no',NULL,'2018-04-12 08:30:13','RTadmin'),(535,'PA4-205-PDU2',NULL,2,NULL,'no',NULL,'2018-04-12 08:30:16','RTadmin'),(536,'PA4-205-PDU3',NULL,2,NULL,'no',NULL,'2018-04-12 08:30:24','RTadmin'),(537,'PA4-205-PDU4',NULL,2,NULL,'no',NULL,'2018-04-12 08:30:32','RTadmin'),(538,'PA4-205-PDU5',NULL,2,NULL,'no',NULL,'2018-04-12 08:30:39','RTadmin'),(538,'PA4-205-PDU5',NULL,2,NULL,'no',NULL,'2018-04-12 08:30:42','RTadmin'),(539,'PA4-205-PDU6',NULL,2,NULL,'no',NULL,'2018-04-12 08:30:50','RTadmin'),(540,'PA4-206-PDU1',NULL,2,NULL,'no',NULL,'2018-04-12 08:31:08','RTadmin'),(541,'PA4-206-PDU2',NULL,2,NULL,'no',NULL,'2018-04-12 08:31:15','RTadmin'),(542,'PA4-206-PDU3',NULL,2,NULL,'no',NULL,'2018-04-12 08:31:22','RTadmin'),(543,'PA4-206-PDU4',NULL,2,NULL,'no',NULL,'2018-04-12 08:31:31','RTadmin'),(544,'PA4-206-PDU5',NULL,2,NULL,'no',NULL,'2018-04-12 08:31:38','RTadmin'),(545,'PA4-206-PDU6',NULL,2,NULL,'no',NULL,'2018-04-12 08:31:52','RTadmin'),(221,'P8-S824 SX03D711',NULL,4,'SX03D711','no',NULL,'2018-04-12 08:35:08','RTadmin'),(23,'PA4-Rack 106',NULL,1560,NULL,'no',NULL,'2018-04-13 14:27:36','RTadmin'),(346,'Rserv MD1200',NULL,11,NULL,'no',NULL,'2018-04-19 09:33:58','RTadmin'),(342,'Rserv KVM',NULL,11,NULL,'no',NULL,'2018-04-19 09:34:13','RTadmin'),(274,'DC402NX-FEX106',NULL,8,NULL,'no','SNMP:172.16.21.253:v2c:gopnexusro\n','2018-04-24 14:39:08','RTadmin'),(274,'DC402NX-FEX106',NULL,8,NULL,'no','SNMP:172.16.21.253:v2c:gopnexusro\n','2018-04-24 14:49:56','RTadmin'),(274,'DC402NX-FEX106',NULL,8,'DC402NX','no','SNMP:172.16.21.253:v2c:gopnexusro\n','2018-04-24 14:50:25','RTadmin'),(325,'DC402NX-FEX104',NULL,8,NULL,'no',NULL,'2018-04-24 14:53:26','RTadmin'),(325,'DC402NX-FEX104',NULL,8,'DC402NX-FEX104','no',NULL,'2018-04-24 14:53:52','RTadmin'),(274,'DC402NX-FEX106',NULL,8,'DC402NX-FEX106','no','SNMP:172.16.21.253:v2c:gopnexusro\n','2018-04-24 14:54:08','RTadmin'),(325,'DC402NX-FEX104',NULL,8,NULL,'no','SNMP:172.16.21.253:v2c:gopnexusro\n','2018-04-24 14:54:27','RTadmin'),(325,'DC402NX-FEX104',NULL,8,'DC402NX-FEX104','no','SNMP:172.16.21.253:v2c:gopnexusro\n','2018-04-24 14:58:06','RTadmin'),(325,'DC402NX-FEX104',NULL,8,'DC402NX-FEX104','no','SNMP:172.16.21.253:v2c:gopnexusro\n','2018-04-24 15:04:12','RTadmin'),(323,'DC402NX-FEX102',NULL,8,'DC402NX-FEX102','no',NULL,'2018-04-24 15:24:41','RTadmin'),(323,'DC402NX-FEX102',NULL,8,NULL,'no','SNMP:172.16.21.253:v2c:gopnexusro\n','2018-04-24 15:24:51','RTadmin'),(323,'DC402NX-FEX102',NULL,8,NULL,'no','SNMP:172.16.21.253:v2c:gopnexusro\n','2018-04-24 15:28:03','RTadmin'),(323,'DC402NX-FEX102',NULL,8,'DC402NX-FEX102','no','SNMP:172.16.21.253:v2c:gopnexusro\n','2018-04-24 15:28:19','RTadmin'),(276,'DC402NX',NULL,8,'DC402NX','no',NULL,'2018-04-24 15:28:38','RTadmin'),(276,'DC402NX',NULL,8,NULL,'no','SNMP:172.16.21.253:v2c:gopnexusro\n','2018-04-24 15:28:49','RTadmin'),(276,'DC402NX',NULL,8,'DC402NX','no','SNMP:172.16.21.253:v2c:gopnexusro\n','2018-04-24 15:32:16','RTadmin'),(276,'DC402NX',NULL,8,'DC402NX','no','SNMP:172.16.21.253:v2c:gopnexusro\n','2018-04-24 15:33:17','RTadmin'),(273,'DC401NX-FEX105',NULL,8,'DC401NX-FEX105','no',NULL,'2018-04-24 15:34:33','RTadmin'),(273,'DC401NX-FEX105',NULL,8,NULL,'no','SNMP:172.16.21.252:v2c:public\n','2018-04-24 15:34:39','RTadmin'),(273,'DC401NX-FEX105',NULL,8,NULL,'no','SNMP:172.16.21.252:v2c:gop\n','2018-04-24 15:34:44','RTadmin'),(273,'DC401NX-FEX105',NULL,8,NULL,'no','SNMP:172.16.21.252:v2c:gopnexusro\n','2018-04-24 15:34:46','RTadmin'),(273,'DC401NX-FEX105',NULL,8,'DC401NX-FEX105','no','SNMP:172.16.21.252:v2c:gopnexusro\n','2018-04-24 15:37:30','RTadmin'),(324,'DC401NX-FEX103',NULL,8,NULL,'no','SNMP:172.16.21.252:v2c:gopnexusro\n','2018-04-24 15:37:49','RTadmin'),(324,'DC401NX-FEX103',NULL,8,'DC401NX-FEX103','no','SNMP:172.16.21.252:v2c:gopnexusro\n','2018-04-25 07:36:12','RTadmin'),(273,'DC401NX-FEX105',NULL,8,'DC401NX-FEX105','no','SNMP:172.16.21.252:v2c:gopnexusro\n','2018-04-25 07:52:37','RTadmin'),(324,'DC401NX-FEX103',NULL,8,'DC401NX-FEX103','no','SNMP:172.16.21.252:v2c:gopnexusro\n','2018-04-25 07:53:22','RTadmin'),(324,'DC401NX-FEX103',NULL,8,'DC401NX-FEX103','no','SNMP:172.16.21.252:v2c:gopnexusro\n','2018-04-25 07:53:40','RTadmin'),(322,'DC401NX-FEX101',NULL,8,'DC401NX-FEX101','no',NULL,'2018-04-25 07:54:42','RTadmin'),(322,'DC401NX-FEX101',NULL,8,NULL,'no','SNMP:172.16.21.252:v1:public\n','2018-04-25 07:54:46','RTadmin'),(322,'DC401NX-FEX101',NULL,8,NULL,'no','SNMP:172.16.21.252:v2c:gopnexusro\n','2018-04-25 07:55:05','RTadmin'),(322,'DC401NX-FEX101',NULL,8,'DC401NX-FEX101','no','SNMP:172.16.21.252:v2c:gopnexusro\n','2018-04-25 08:01:27','RTadmin'),(275,'DC401NX',NULL,8,'DC401NX','no',NULL,'2018-04-25 08:02:14','RTadmin'),(275,'DC401NX',NULL,8,NULL,'no','SNMP:172.16.21.252:v1:public\n','2018-04-25 08:02:20','RTadmin'),(275,'DC401NX',NULL,8,NULL,'no','SNMP:172.16.21.252:v2c:gopnexusro\n','2018-04-25 08:02:36','RTadmin'),(322,'DC401NX-FEX101',NULL,8,'DC401NX-FEX101','no','SNMP:172.16.21.252:v2c:gopnexusro\n','2018-04-25 08:04:33','RTadmin'),(246,'DC301NX',NULL,8,NULL,'no','SNMP:172.16.21.250:v2c:gopnexusro\n','2018-04-25 08:06:03','RTadmin'),(246,'DC301NX',NULL,8,'DC301NX','no','SNMP:172.16.21.250:v2c:gopnexusro\n','2018-04-25 08:10:29','RTadmin'),(252,'DC301NX-FEX101',NULL,8,'DC301NX-FEX101','no',NULL,'2018-04-25 08:24:12','RTadmin'),(252,'DC301NX-FEX101',NULL,8,NULL,'no','SNMP:172.16.21.250:v1:public\n','2018-04-25 08:24:17','RTadmin'),(252,'DC301NX-FEX101',NULL,8,NULL,'no','SNMP:172.16.21.250:v2c:gopnexusro\n','2018-04-25 08:24:32','RTadmin'),(252,'DC301NX-FEX101',NULL,8,'DC301NX-FEX101','no','SNMP:172.16.21.250:v2c:gopnexusro\n','2018-04-25 08:26:36','RTadmin'),(254,'DC301NX-FEX103',NULL,8,'DC301NX-FEX103','no',NULL,'2018-04-25 08:29:44','RTadmin'),(254,'DC301NX-FEX103',NULL,8,NULL,'no','SNMP:172.16.21.250:v1:public\n','2018-04-25 08:29:53','RTadmin'),(254,'DC301NX-FEX103',NULL,8,NULL,'no','SNMP:172.16.21.250:v2c:gopnexusro\n','2018-04-25 08:30:06','RTadmin'),(244,'DC301NX-FEX105',NULL,8,'DC301NX-FEX105','no',NULL,'2018-04-25 08:32:02','RTadmin'),(244,'DC301NX-FEX105',NULL,8,NULL,'no','SNMP:172.16.21.250:v2c:gopnexusro\n','2018-04-25 08:32:13','RTadmin'),(244,'DC301NX-FEX105',NULL,8,'DC301NX-FEX105','no','SNMP:172.16.21.250:v2c:gopnexusro\n','2018-04-25 08:33:44','RTadmin'),(254,'DC301NX-FEX103',NULL,8,' DC301NX-FEX103','no','SNMP:172.16.21.250:v2c:gopnexusro\n','2018-04-25 08:35:23','RTadmin'),(247,'DC302NX',NULL,8,NULL,'no','SNMP:172.16.21.251:v2c:gopnexusro\n','2018-04-25 08:36:55','RTadmin'),(245,'DC302NX-FEX106',NULL,8,NULL,'no','SNMP:172.16.21.251:v2c:gopnexusro\n','2018-04-25 08:45:15','RTadmin'),(245,'DC302NX-FEX106',NULL,8,'DC302NX-FEX106','no','SNMP:172.16.21.251:v2c:gopnexusro\n','2018-04-25 08:46:50','RTadmin'),(247,'DC302NX',NULL,8,'DC302NX','no','SNMP:172.16.21.251:v2c:gopnexusro\n','2018-04-25 08:47:20','RTadmin'),(253,'DC302NX-FEX102',NULL,8,'DC302NX-FEX102','no',NULL,'2018-04-25 08:48:17','RTadmin'),(253,'DC302NX-FEX102',NULL,8,NULL,'no','SNMP:172.16.21.251:v2c:gopnexusro\n','2018-04-25 08:48:23','RTadmin'),(253,'DC302NX-FEX102',NULL,8,'DC302NX-FEX102','no','SNMP:172.16.21.251:v2c:gopnexusro\n','2018-04-25 08:49:52','RTadmin'),(255,'DC302NX-FEX104',NULL,8,NULL,'no','SNMP:172.16.21.251:v2c:gopnexusro\n','2018-04-25 08:50:21','RTadmin'),(255,'DC302NX-FEX104',NULL,8,'DC302NX-FEX104','no','SNMP:172.16.21.251:v2c:gopnexusro\n','2018-04-25 08:51:45','RTadmin'),(275,'DC401NX',NULL,8,'DC401NX','no','SNMP:172.16.21.252:v2c:gopnexusro\n','2018-04-25 08:55:55','RTadmin'),(251,'DC302SW-1 (OOB)',NULL,8,NULL,'no','SNMP:172.16.21.242:v2c:EoN@ApX\n','2018-04-26 11:45:41','RTadmin'),(251,'DC302SW-1 (OOB)',NULL,8,'DC302SW-1 (OOB)','no','SNMP:172.16.21.242:v2c:EoN@ApX\n','2018-04-26 11:52:51','RTadmin'),(250,'DC302SW-2 (OOB)',NULL,8,NULL,'no','SNMP:172.16.21.242:v2c:EoN@ApX\n','2018-04-26 11:54:33','RTadmin'),(250,'DC302SW-2 (OOB)',NULL,8,'DC302SW-2 (OOB)','no','SNMP:172.16.21.242:v2c:EoN@ApX\n','2018-04-26 11:56:07','RTadmin'),(250,'DC302SW-2 (OOB)',NULL,8,'DC302SW-2 (OOB)','no','SNMP:172.16.21.242:v2c:EoN@ApX\n','2018-04-26 11:56:50','RTadmin'),(251,'DC302SW-1 (OOB)',NULL,8,'DC302SW-1 (OOB)','no','SNMP:172.16.21.242:v2c:EoN@ApX\n','2018-04-26 11:57:19','RTadmin'),(321,'DC402SW-1 (OOB)',NULL,8,NULL,'no','SNMP:172.16.21.243:v2c:EoN@ApX\n','2018-04-26 11:58:34','RTadmin'),(321,'DC402SW-1 (OOB)',NULL,8,'DC402SW-1 (OOB)','no','SNMP:172.16.21.243:v2c:EoN@ApX\n','2018-04-26 12:00:10','RTadmin'),(320,'DC402SW-2 (OOB)',NULL,8,NULL,'no','SNMP:172.16.21.243:v2c:EoN@ApX\n','2018-04-26 12:00:58','RTadmin'),(320,'DC402SW-2 (OOB)',NULL,8,'DC402SW-2 (OOB)','no','SNMP:172.16.21.243:v2c:EoN@ApX\n','2018-04-26 12:01:46','RTadmin'),(248,'DC304SW-1',NULL,8,NULL,'no','SNMP:172.16.21.232:v2c:EoN@ApX\n','2018-04-26 12:02:37','RTadmin'),(248,'DC304SW-1',NULL,8,'DC304SW-1','no','SNMP:172.16.21.232:v2c:EoN@ApX\n','2018-04-26 12:03:51','RTadmin'),(249,'DC304SW-2',NULL,8,NULL,'no','SNMP:172.16.21.232:v2c:EoN@ApX\n','2018-04-26 12:04:18','RTadmin'),(249,'DC304SW-2',NULL,8,'DC304SW-2','no','SNMP:172.16.21.232:v2c:EoN@ApX\n','2018-04-26 12:05:04','RTadmin'),(277,'DC404SW-1',NULL,8,NULL,'no','SNMP:172.16.21.233:v2c:EoN@ApX\n','2018-04-26 12:05:48','RTadmin'),(278,'DC404SW-2',NULL,8,NULL,'no','SNMP:172.16.21.233:v2c:EoN@ApX\n','2018-04-26 12:06:42','RTadmin'),(278,'DC404SW-2',NULL,8,'DC404SW-2','no','SNMP:172.16.21.233:v2c:EoN@ApX\n','2018-04-26 12:07:16','RTadmin'),(550,'PA3-Rack 207',NULL,1560,NULL,'no',NULL,'2018-04-26 12:57:29','RTadmin'),(550,'PA3-Rack 207',NULL,1560,NULL,'no',NULL,'2018-04-26 12:57:47','RTadmin'),(551,'PA3-Cabling F9-3/F15-1/F16-1',NULL,9,NULL,'no',NULL,'2018-04-26 13:41:36','RTadmin'),(552,'PA3-Cabling F17-1',NULL,9,NULL,'no',NULL,'2018-04-26 13:41:36','RTadmin'),(553,'PA3-Cabling C10-1',NULL,9,NULL,'no',NULL,'2018-04-26 13:41:36','RTadmin'),(554,'PA3-Cabling C11-1',NULL,9,NULL,'no',NULL,'2018-04-26 13:41:36','RTadmin'),(555,'PA3-Cabling C12-1',NULL,9,NULL,'no',NULL,'2018-04-26 13:41:37','RTadmin'),(556,'PA3-Cabling C13-1',NULL,9,NULL,'no',NULL,'2018-04-26 13:41:37','RTadmin'),(557,'PA3-Cabling C14-2',NULL,9,NULL,'no',NULL,'2018-04-26 13:41:37','RTadmin'),(558,'PA3-Cabling C15-1',NULL,9,NULL,'no',NULL,'2018-04-26 13:41:37','RTadmin'),(559,'DC303NX',NULL,8,NULL,'no',NULL,'2018-04-26 13:41:37','RTadmin'),(560,'DC304NX',NULL,8,NULL,'no',NULL,'2018-04-26 13:41:37','RTadmin'),(561,'DC303NX-FEX121',NULL,8,NULL,'no',NULL,'2018-04-26 13:41:37','RTadmin'),(562,'DC304NX-FEX122',NULL,8,NULL,'no',NULL,'2018-04-26 13:41:37','RTadmin'),(563,'DC303NX-FEX123',NULL,8,NULL,'no',NULL,'2018-04-26 13:41:37','RTadmin'),(564,'DC304NX-FEX124',NULL,8,NULL,'no',NULL,'2018-04-26 13:41:37','RTadmin'),(565,'DC302SW-3 (OOB)',NULL,8,NULL,'no',NULL,'2018-04-26 13:41:37','RTadmin'),(566,'PortConsoles DC302TS',NULL,1644,NULL,'no',NULL,'2018-04-26 13:41:37','RTadmin'),(559,'DC303NX',NULL,8,NULL,'no','SNMP:172.16.21.10:v2c:gopnexusro\n','2018-04-26 13:42:34','RTadmin'),(560,'DC304NX',NULL,8,NULL,'no','SNMP:172.16.21.11:v2c:gopnexusro\n','2018-04-26 13:43:30','RTadmin'),(567,'PA4-Rack 207',NULL,1560,NULL,'no',NULL,'2018-04-26 13:51:24','RTadmin'),(568,'PA4-Cabling F9-3/F15-1/F16-1',NULL,9,NULL,'no',NULL,'2018-04-26 13:51:45','RTadmin'),(569,'PA4-Cabling F17-1',NULL,9,NULL,'no',NULL,'2018-04-26 13:51:45','RTadmin'),(570,'PA4-Cabling C10-1',NULL,9,NULL,'no',NULL,'2018-04-26 13:51:45','RTadmin'),(571,'PA4-Cabling C11-1',NULL,9,NULL,'no',NULL,'2018-04-26 13:51:46','RTadmin'),(572,'PA4-Cabling C12-1',NULL,9,NULL,'no',NULL,'2018-04-26 13:51:46','RTadmin'),(573,'PA4-Cabling C13-1',NULL,9,NULL,'no',NULL,'2018-04-26 13:51:46','RTadmin'),(574,'PA4-Cabling C14-2',NULL,9,NULL,'no',NULL,'2018-04-26 13:51:46','RTadmin'),(575,'PA4-Cabling C15-1',NULL,9,NULL,'no',NULL,'2018-04-26 13:51:46','RTadmin'),(576,'DC403NX',NULL,8,NULL,'no',NULL,'2018-04-26 13:51:46','RTadmin'),(577,'DC404NX',NULL,8,NULL,'no',NULL,'2018-04-26 13:51:46','RTadmin'),(578,'DC403NX-FEX121',NULL,8,NULL,'no',NULL,'2018-04-26 13:51:46','RTadmin'),(579,'DC404NX-FEX122',NULL,8,NULL,'no',NULL,'2018-04-26 13:51:46','RTadmin'),(580,'DC403NX-FEX123',NULL,8,NULL,'no',NULL,'2018-04-26 13:51:46','RTadmin'),(581,'DC404NX-FEX124',NULL,8,NULL,'no',NULL,'2018-04-26 13:51:46','RTadmin'),(582,'DC402SW-3 (OOB)',NULL,8,NULL,'no',NULL,'2018-04-26 13:51:46','RTadmin'),(583,'PortConsoles DC402TS',NULL,1644,NULL,'no',NULL,'2018-04-26 13:51:46','RTadmin'),(277,'DC404SW-1',NULL,8,'DC404SW-1','no','SNMP:172.16.21.233:v2c:EoN@ApX\n','2018-04-27 08:34:32','RTadmin'),(455,'PA3-204-PDU4',NULL,2,NULL,'no',NULL,'2018-04-27 12:58:31','RTadmin'),(456,'PA3-204-PDU5',NULL,2,NULL,'no',NULL,'2018-04-27 12:59:19','RTadmin'),(457,'PA3-204-PDU6',NULL,2,NULL,'no',NULL,'2018-04-27 12:59:52','RTadmin'),(458,'PA3-205-PDU1',NULL,2,NULL,'no',NULL,'2018-04-27 13:00:41','RTadmin'),(459,'PA3-205-PDU2',NULL,2,NULL,'no',NULL,'2018-04-27 13:01:28','RTadmin'),(460,'PA3-205-PDU3',NULL,2,NULL,'no',NULL,'2018-04-27 13:01:46','RTadmin'),(461,'PA3-205-PDU4',NULL,2,NULL,'no',NULL,'2018-04-27 13:03:06','RTadmin'),(462,'PA3-205-PDU5',NULL,2,NULL,'no',NULL,'2018-04-27 13:03:34','RTadmin'),(463,'PA3-205-PDU6',NULL,2,NULL,'no',NULL,'2018-04-27 13:03:48','RTadmin'),(464,'PA3-206-PDU1',NULL,2,NULL,'no',NULL,'2018-04-27 13:04:24','RTadmin'),(466,'PA3-206-PDU3',NULL,2,NULL,'no',NULL,'2018-04-27 13:06:04','RTadmin'),(467,'PA3-206-PDU4',NULL,2,NULL,'no',NULL,'2018-04-27 13:06:16','RTadmin'),(469,'PA3-206-PDU6',NULL,2,NULL,'no',NULL,'2018-04-27 13:06:57','RTadmin'),(581,'DC404NX-FEX124',NULL,8,NULL,'no','SNMP:172.16.21.13:v2c:gopnexusro\n','2018-04-30 07:51:32','RTadmin'),(309,'WAN2960 Accueil DC301SW',NULL,8,NULL,'no','SNMP:172.16.21.240:v2c:EoN@ApX\nCisco switch 2960 (accueil WAN)','2018-04-30 07:55:46','RTadmin'),(330,'Asa5585 - DCU DC401FW',NULL,798,NULL,'no','SNMP:172.16.21.245:v2c:EoN@ApX\n','2018-04-30 07:58:32','RTadmin'),(42,'PA3-Cabling F1-1',NULL,9,NULL,'no','42 Fiber OM3 LC/LC vers 103','2018-04-30 08:24:16','RTadmin'),(568,'PA4-Cabling F9-3/F15-1/F16-1',NULL,9,NULL,'no','F9 vers 103 Nexus / F15 vers 104 OOB / F16 vers baie 205','2018-04-30 12:27:21','RTadmin'),(569,'PA4-Cabling F17-1',NULL,9,NULL,'no','F17 vers baie 206\n','2018-04-30 12:27:42','RTadmin'),(570,'PA4-Cabling C10-1',NULL,9,NULL,'no','C10 vers 202 , F18 baie 205 vers 102','2018-04-30 12:27:52','RTadmin'),(571,'PA4-Cabling C11-1',NULL,9,NULL,'no','C11 vers 204','2018-04-30 12:28:05','RTadmin'),(572,'PA4-Cabling C12-1',NULL,9,NULL,'no','C12 vers 205','2018-04-30 12:28:14','RTadmin'),(573,'PA4-Cabling C13-1',NULL,9,NULL,'no','C13 vers 205','2018-04-30 12:28:25','RTadmin'),(574,'PA4-Cabling C14-2',NULL,9,NULL,'no','C14 vers 206','2018-04-30 12:28:37','RTadmin'),(575,'PA4-Cabling C15-1',NULL,9,NULL,'no','C15 vers 206','2018-04-30 12:28:47','RTadmin'),(551,'PA3-Cabling F9-3/F15-1/F16-1',NULL,9,NULL,'no','F9 vers 103 Nexus / F15 vers 104 OOB / F16 vers baie 205','2018-04-30 12:31:59','RTadmin'),(552,'PA3-Cabling F17-1',NULL,9,NULL,'no','F17 vers 206,','2018-04-30 12:32:08','RTadmin'),(552,'PA3-Cabling F17-1',NULL,9,NULL,'no','F17 vers 206,','2018-04-30 12:32:15','RTadmin'),(551,'PA3-Cabling F9-3/F15-1/F16-1',NULL,9,NULL,'no','F9 vers 103 Nexus / F15 vers 104 OOB / F16 vers baie 205','2018-04-30 12:32:26','RTadmin'),(553,'PA3-Cabling C10-1',NULL,9,NULL,'no','C10 vers 202 , F18 baie 205 vers 102','2018-04-30 12:33:17','RTadmin'),(554,'PA3-Cabling C11-1',NULL,9,NULL,'no','C11 vers 204','2018-04-30 12:33:47','RTadmin'),(555,'PA3-Cabling C12-1',NULL,9,NULL,'no','C12 vers 205','2018-04-30 12:34:16','RTadmin'),(556,'PA3-Cabling C13-1',NULL,9,NULL,'no','C13 vers 205','2018-04-30 12:34:41','RTadmin'),(557,'PA3-Cabling C14-2',NULL,9,NULL,'no','C14 vers 206','2018-04-30 12:35:06','RTadmin'),(558,'PA3-Cabling C15-1',NULL,9,NULL,'no','C15 vers 206','2018-04-30 12:35:41','RTadmin'),(159,'Nutanix SE00V332',NULL,4,NULL,'no','SNMP:172.16.20.153:v2c:public\n','2018-05-14 12:02:33','RTadmin'),(156,'Nutanix SE06Y803',NULL,4,NULL,'no','SNMP:172.16.20.103:v1:public\n','2018-05-14 12:04:52','RTadmin'),(156,'Nutanix SE06Y803',NULL,4,NULL,'no','SNMP:172.16.20.103:v2c:public\n','2018-05-14 12:05:04','RTadmin'),(257,'ESXi DRP SE00E726',NULL,4,NULL,'no','SNMP:172.16.21.6:v2c:public\nServeur de rebond USB pour Migration Netbackup vers Veeam','2018-05-14 12:06:53','RTadmin'),(257,'ESXi DRP SE00E726',NULL,4,NULL,'no','SNMP:172.16.19.26:v2c:public\nServeur de rebond USB pour Migration Netbackup vers Veeam','2018-05-14 12:08:03','RTadmin'),(258,'DFS-R SE03U312',NULL,4,NULL,'no','SNMP:172.16.20.167:v2c:public\n','2018-05-14 12:09:08','RTadmin'),(16,'Pantin',NULL,1562,NULL,'no',NULL,'2018-05-14 14:44:12','RTadmin'),(16,'Pantin',NULL,1562,NULL,'no',NULL,'2018-05-14 14:44:22','RTadmin'),(246,'DC301NX',NULL,8,NULL,'no','SNMP:111.111.111.111:v2c:gopnexusro\n','2018-06-04 08:37:22','RTadmin'),(246,'DC301NX',NULL,8,NULL,'no','SNMP:172.16.21.250:v2c:gopnexusro\n','2018-06-04 08:40:34','RTadmin');
/*!40000 ALTER TABLE `ObjectHistory` ENABLE KEYS */;
UNLOCK TABLES;

--
-- Table structure for table `ObjectLog`
--

DROP TABLE IF EXISTS `ObjectLog`;
/*!40101 SET @saved_cs_client     = @@character_set_client */;
/*!40101 SET character_set_client = utf8 */;
CREATE TABLE `ObjectLog` (
  `id` int(10) unsigned NOT NULL AUTO_INCREMENT,
  `object_id` int(10) unsigned NOT NULL,
  `user` char(64) COLLATE utf8_unicode_ci NOT NULL,
  `date` datetime NOT NULL,
  `content` text COLLATE utf8_unicode_ci NOT NULL,
  PRIMARY KEY (`id`),
  KEY `object_id` (`object_id`),
  KEY `date` (`date`),
  CONSTRAINT `ObjectLog-FK-object_id` FOREIGN KEY (`object_id`) REFERENCES `Object` (`id`) ON DELETE CASCADE
) ENGINE=InnoDB DEFAULT CHARSET=utf8 COLLATE=utf8_unicode_ci;
/*!40101 SET character_set_client = @saved_cs_client */;

--
-- Dumping data for table `ObjectLog`
--

LOCK TABLES `ObjectLog` WRITE;
/*!40000 ALTER TABLE `ObjectLog` DISABLE KEYS */;
/*!40000 ALTER TABLE `ObjectLog` ENABLE KEYS */;
UNLOCK TABLES;

--
-- Table structure for table `ObjectParentCompat`
--

DROP TABLE IF EXISTS `ObjectParentCompat`;
/*!40101 SET @saved_cs_client     = @@character_set_client */;
/*!40101 SET character_set_client = utf8 */;
CREATE TABLE `ObjectParentCompat` (
  `parent_objtype_id` int(10) unsigned NOT NULL,
  `child_objtype_id` int(10) unsigned NOT NULL,
  UNIQUE KEY `parent_child` (`parent_objtype_id`,`child_objtype_id`)
) ENGINE=InnoDB DEFAULT CHARSET=utf8 COLLATE=utf8_unicode_ci;
/*!40101 SET character_set_client = @saved_cs_client */;

--
-- Dumping data for table `ObjectParentCompat`
--

LOCK TABLES `ObjectParentCompat` WRITE;
/*!40000 ALTER TABLE `ObjectParentCompat` DISABLE KEYS */;
INSERT INTO `ObjectParentCompat` VALUES (3,13),(4,1504),(4,1507),(1397,1398),(1502,4),(1503,8),(1505,4),(1505,1504),(1505,1506),(1505,1507),(1506,4),(1506,1504),(1787,4),(1787,8),(1787,1502);
/*!40000 ALTER TABLE `ObjectParentCompat` ENABLE KEYS */;
UNLOCK TABLES;

--
-- Table structure for table `PatchCableConnector`
--

DROP TABLE IF EXISTS `PatchCableConnector`;
/*!40101 SET @saved_cs_client     = @@character_set_client */;
/*!40101 SET character_set_client = utf8 */;
CREATE TABLE `PatchCableConnector` (
  `id` int(10) unsigned NOT NULL AUTO_INCREMENT,
  `origin` enum('default','custom') COLLATE utf8_unicode_ci NOT NULL DEFAULT 'custom',
  `connector` char(32) COLLATE utf8_unicode_ci NOT NULL,
  PRIMARY KEY (`id`),
  UNIQUE KEY `connector_per_origin` (`connector`,`origin`)
) ENGINE=InnoDB AUTO_INCREMENT=1000 DEFAULT CHARSET=utf8 COLLATE=utf8_unicode_ci;
/*!40101 SET character_set_client = @saved_cs_client */;

--
-- Dumping data for table `PatchCableConnector`
--

LOCK TABLES `PatchCableConnector` WRITE;
/*!40000 ALTER TABLE `PatchCableConnector` DISABLE KEYS */;
INSERT INTO `PatchCableConnector` VALUES (999,'default','CX4/SFF-8470'),(2,'default','FC/APC'),(1,'default','FC/PC'),(4,'default','LC/APC'),(3,'default','LC/PC'),(6,'default','MPO-12/APC'),(5,'default','MPO-12/PC'),(8,'default','MPO-24/APC'),(7,'default','MPO-24/PC'),(10,'default','SC/APC'),(9,'default','SC/PC'),(14,'default','SFP-1000'),(15,'default','SFP+'),(12,'default','ST/APC'),(11,'default','ST/PC'),(13,'default','T568/8P8C/RJ45');
/*!40000 ALTER TABLE `PatchCableConnector` ENABLE KEYS */;
UNLOCK TABLES;

--
-- Table structure for table `PatchCableConnectorCompat`
--

DROP TABLE IF EXISTS `PatchCableConnectorCompat`;
/*!40101 SET @saved_cs_client     = @@character_set_client */;
/*!40101 SET character_set_client = utf8 */;
CREATE TABLE `PatchCableConnectorCompat` (
  `pctype_id` int(10) unsigned NOT NULL,
  `connector_id` int(10) unsigned NOT NULL,
  PRIMARY KEY (`pctype_id`,`connector_id`),
  KEY `connector_id` (`connector_id`),
  CONSTRAINT `PatchCableConnectorCompat-FK-connector_id` FOREIGN KEY (`connector_id`) REFERENCES `PatchCableConnector` (`id`),
  CONSTRAINT `PatchCableConnectorCompat-FK-pctype_id` FOREIGN KEY (`pctype_id`) REFERENCES `PatchCableType` (`id`)
) ENGINE=InnoDB DEFAULT CHARSET=utf8 COLLATE=utf8_unicode_ci;
/*!40101 SET character_set_client = @saved_cs_client */;

--
-- Dumping data for table `PatchCableConnectorCompat`
--

LOCK TABLES `PatchCableConnectorCompat` WRITE;
/*!40000 ALTER TABLE `PatchCableConnectorCompat` DISABLE KEYS */;
INSERT INTO `PatchCableConnectorCompat` VALUES (1,1),(2,1),(3,1),(4,1),(5,1),(6,1),(7,1),(8,1),(9,1),(10,1),(11,1),(12,1),(1,2),(2,2),(3,2),(4,2),(5,2),(6,2),(7,2),(8,2),(9,2),(10,2),(11,2),(12,2),(1,3),(2,3),(3,3),(4,3),(5,3),(6,3),(7,3),(8,3),(9,3),(10,3),(11,3),(12,3),(1,4),(2,4),(3,4),(4,4),(5,4),(6,4),(7,4),(8,4),(9,4),(10,4),(11,4),(12,4),(18,5),(19,5),(18,6),(19,6),(21,7),(22,7),(21,8),(22,8),(1,9),(2,9),(3,9),(4,9),(5,9),(6,9),(7,9),(8,9),(9,9),(10,9),(11,9),(12,9),(1,10),(2,10),(3,10),(4,10),(5,10),(6,10),(7,10),(8,10),(9,10),(10,10),(11,10),(12,10),(1,11),(2,11),(3,11),(4,11),(5,11),(6,11),(7,11),(8,11),(9,11),(10,11),(11,11),(12,11),(1,12),(2,12),(3,12),(4,12),(5,12),(6,12),(7,12),(8,12),(9,12),(10,12),(11,12),(12,12),(13,13),(14,13),(15,13),(16,13),(17,13),(999,13),(23,14),(24,15),(25,15),(26,15),(27,15),(20,999);
/*!40000 ALTER TABLE `PatchCableConnectorCompat` ENABLE KEYS */;
UNLOCK TABLES;

--
-- Table structure for table `PatchCableHeap`
--

DROP TABLE IF EXISTS `PatchCableHeap`;
/*!40101 SET @saved_cs_client     = @@character_set_client */;
/*!40101 SET character_set_client = utf8 */;
CREATE TABLE `PatchCableHeap` (
  `id` int(10) unsigned NOT NULL AUTO_INCREMENT,
  `pctype_id` int(10) unsigned NOT NULL,
  `end1_conn_id` int(10) unsigned NOT NULL,
  `end2_conn_id` int(10) unsigned NOT NULL,
  `amount` smallint(5) unsigned NOT NULL DEFAULT '0',
  `length` decimal(5,2) unsigned NOT NULL DEFAULT '1.00',
  `description` char(255) COLLATE utf8_unicode_ci DEFAULT NULL,
  PRIMARY KEY (`id`),
  KEY `compat1` (`pctype_id`,`end1_conn_id`),
  KEY `compat2` (`pctype_id`,`end2_conn_id`),
  CONSTRAINT `PatchCableHeap-FK-compat1` FOREIGN KEY (`pctype_id`, `end1_conn_id`) REFERENCES `PatchCableConnectorCompat` (`pctype_id`, `connector_id`),
  CONSTRAINT `PatchCableHeap-FK-compat2` FOREIGN KEY (`pctype_id`, `end2_conn_id`) REFERENCES `PatchCableConnectorCompat` (`pctype_id`, `connector_id`)
) ENGINE=InnoDB AUTO_INCREMENT=3 DEFAULT CHARSET=utf8 COLLATE=utf8_unicode_ci;
/*!40101 SET character_set_client = @saved_cs_client */;

--
-- Dumping data for table `PatchCableHeap`
--

LOCK TABLES `PatchCableHeap` WRITE;
/*!40000 ALTER TABLE `PatchCableHeap` DISABLE KEYS */;
/*!40000 ALTER TABLE `PatchCableHeap` ENABLE KEYS */;
UNLOCK TABLES;

--
-- Table structure for table `PatchCableHeapLog`
--

DROP TABLE IF EXISTS `PatchCableHeapLog`;
/*!40101 SET @saved_cs_client     = @@character_set_client */;
/*!40101 SET character_set_client = utf8 */;
CREATE TABLE `PatchCableHeapLog` (
  `id` int(10) unsigned NOT NULL AUTO_INCREMENT,
  `heap_id` int(10) unsigned NOT NULL,
  `date` datetime NOT NULL,
  `user` char(64) COLLATE utf8_unicode_ci NOT NULL,
  `message` char(255) COLLATE utf8_unicode_ci NOT NULL,
  PRIMARY KEY (`id`),
  KEY `heap_id-date` (`heap_id`,`date`),
  CONSTRAINT `PatchCableHeapLog-FK-heap_id` FOREIGN KEY (`heap_id`) REFERENCES `PatchCableHeap` (`id`) ON DELETE CASCADE
) ENGINE=InnoDB DEFAULT CHARSET=utf8 COLLATE=utf8_unicode_ci;
/*!40101 SET character_set_client = @saved_cs_client */;

--
-- Dumping data for table `PatchCableHeapLog`
--

LOCK TABLES `PatchCableHeapLog` WRITE;
/*!40000 ALTER TABLE `PatchCableHeapLog` DISABLE KEYS */;
/*!40000 ALTER TABLE `PatchCableHeapLog` ENABLE KEYS */;
UNLOCK TABLES;

--
-- Table structure for table `PatchCableOIFCompat`
--

DROP TABLE IF EXISTS `PatchCableOIFCompat`;
/*!40101 SET @saved_cs_client     = @@character_set_client */;
/*!40101 SET character_set_client = utf8 */;
CREATE TABLE `PatchCableOIFCompat` (
  `pctype_id` int(10) unsigned NOT NULL,
  `oif_id` int(10) unsigned NOT NULL,
  PRIMARY KEY (`pctype_id`,`oif_id`),
  KEY `oif_id` (`oif_id`),
  CONSTRAINT `PatchCableOIFCompat-FK-oif_id` FOREIGN KEY (`oif_id`) REFERENCES `PortOuterInterface` (`id`),
  CONSTRAINT `PatchCableOIFCompat-FK-pctype_id` FOREIGN KEY (`pctype_id`) REFERENCES `PatchCableType` (`id`)
) ENGINE=InnoDB DEFAULT CHARSET=utf8 COLLATE=utf8_unicode_ci;
/*!40101 SET character_set_client = @saved_cs_client */;

--
-- Dumping data for table `PatchCableOIFCompat`
--

LOCK TABLES `PatchCableOIFCompat` WRITE;
/*!40000 ALTER TABLE `PatchCableOIFCompat` DISABLE KEYS */;
INSERT INTO `PatchCableOIFCompat` VALUES (13,18),(14,18),(15,18),(16,18),(17,18),(999,18),(13,19),(14,19),(15,19),(16,19),(17,19),(13,24),(14,24),(15,24),(16,24),(17,24),(1,30),(2,30),(3,30),(4,30),(5,34),(6,34),(5,35),(6,35),(5,36),(6,36),(1,37),(2,37),(3,37),(4,37),(5,38),(6,38),(1,39),(2,39),(3,39),(4,39),(5,39),(6,39),(20,40),(23,1077),(24,1084),(25,1084),(26,1084),(27,1084),(11,1088),(12,1088),(11,1089),(12,1089),(11,1090),(12,1090),(11,1091),(12,1091),(1,1195),(2,1195),(3,1195),(4,1195),(1,1196),(2,1196),(3,1196),(4,1196),(5,1197),(6,1197),(11,1198),(12,1198),(11,1199),(12,1199),(5,1200),(6,1200),(5,1201),(6,1201),(1,1202),(2,1202),(3,1202),(4,1202),(1,1203),(2,1203),(3,1203),(4,1203),(5,1204),(6,1204),(5,1205),(6,1205),(11,1206),(12,1206),(11,1207),(12,1207),(14,1642),(15,1642),(16,1642),(17,1642),(5,1660),(6,1660),(5,1662),(6,1662),(18,1663),(19,1663),(5,1664),(6,1664),(21,1669),(22,1669),(5,1670),(6,1670),(5,1671),(6,1671),(18,1672),(19,1672),(5,1675),(6,1675),(5,1676),(6,1676);
/*!40000 ALTER TABLE `PatchCableOIFCompat` ENABLE KEYS */;
UNLOCK TABLES;

--
-- Table structure for table `PatchCableType`
--

DROP TABLE IF EXISTS `PatchCableType`;
/*!40101 SET @saved_cs_client     = @@character_set_client */;
/*!40101 SET character_set_client = utf8 */;
CREATE TABLE `PatchCableType` (
  `id` int(10) unsigned NOT NULL AUTO_INCREMENT,
  `origin` enum('default','custom') COLLATE utf8_unicode_ci NOT NULL DEFAULT 'custom',
  `pctype` char(64) COLLATE utf8_unicode_ci NOT NULL,
  PRIMARY KEY (`id`),
  UNIQUE KEY `pctype_per_origin` (`pctype`,`origin`)
) ENGINE=InnoDB AUTO_INCREMENT=1000 DEFAULT CHARSET=utf8 COLLATE=utf8_unicode_ci;
/*!40101 SET character_set_client = @saved_cs_client */;

--
-- Dumping data for table `PatchCableType`
--

LOCK TABLES `PatchCableType` WRITE;
/*!40000 ALTER TABLE `PatchCableType` DISABLE KEYS */;
INSERT INTO `PatchCableType` VALUES (24,'default','10Gb/s 24AWG twinax'),(25,'default','10Gb/s 26AWG twinax'),(26,'default','10Gb/s 28AWG twinax'),(27,'default','10Gb/s 30AWG twinax'),(20,'default','10Gb/s CX4 coax'),(18,'default','12-fiber OM3'),(19,'default','12-fiber OM4'),(23,'default','1Gb/s 50cm shielded'),(21,'default','24-fiber OM3'),(22,'default','24-fiber OM4'),(999,'default','Cat.3 TP'),(13,'default','Cat.5 TP'),(14,'default','Cat.6 TP'),(15,'default','Cat.6a TP'),(16,'default','Cat.7 TP'),(17,'default','Cat.7a TP'),(1,'default','duplex OM1'),(2,'default','duplex OM2'),(3,'default','duplex OM3'),(4,'default','duplex OM4'),(5,'default','duplex OS1'),(6,'default','duplex OS2'),(7,'default','simplex OM1'),(8,'default','simplex OM2'),(9,'default','simplex OM3'),(10,'default','simplex OM4'),(11,'default','simplex OS1'),(12,'default','simplex OS2');
/*!40000 ALTER TABLE `PatchCableType` ENABLE KEYS */;
UNLOCK TABLES;

--
-- Table structure for table `Port`
--

DROP TABLE IF EXISTS `Port`;
/*!40101 SET @saved_cs_client     = @@character_set_client */;
/*!40101 SET character_set_client = utf8 */;
CREATE TABLE `Port` (
  `id` int(10) unsigned NOT NULL AUTO_INCREMENT,
  `object_id` int(10) unsigned NOT NULL DEFAULT '0',
  `name` char(255) COLLATE utf8_unicode_ci NOT NULL DEFAULT '',
  `iif_id` int(10) unsigned NOT NULL,
  `type` int(10) unsigned NOT NULL DEFAULT '0',
  `l2address` char(64) COLLATE utf8_unicode_ci DEFAULT NULL,
  `reservation_comment` char(255) COLLATE utf8_unicode_ci DEFAULT NULL,
  `label` char(255) COLLATE utf8_unicode_ci DEFAULT NULL,
  PRIMARY KEY (`id`),
  UNIQUE KEY `object_iif_oif_name` (`object_id`,`iif_id`,`type`,`name`),
  KEY `type` (`type`),
  KEY `comment` (`reservation_comment`),
  KEY `l2address` (`l2address`),
  KEY `Port-FK-iif-oif` (`iif_id`,`type`),
  CONSTRAINT `Port-FK-iif-oif` FOREIGN KEY (`iif_id`, `type`) REFERENCES `PortInterfaceCompat` (`iif_id`, `oif_id`),
  CONSTRAINT `Port-FK-object_id` FOREIGN KEY (`object_id`) REFERENCES `Object` (`id`) ON DELETE CASCADE
) ENGINE=InnoDB AUTO_INCREMENT=6518 DEFAULT CHARSET=utf8 COLLATE=utf8_unicode_ci;
/*!40101 SET character_set_client = @saved_cs_client */;

--
-- Dumping data for table `Port`
--

LOCK TABLES `Port` WRITE;
/*!40000 ALTER TABLE `Port` DISABLE KEYS */;
INSERT INTO `Port` VALUES (52,274,'AC-7',1,16,NULL,NULL,''),(53,325,'AC-5',1,16,NULL,NULL,''),(54,325,'AC-6',1,16,NULL,NULL,''),(55,325,'e104/1/1',1,24,'40A6E8D44D02',NULL,'Exadata'),(56,325,'e104/1/2',1,24,'40A6E8D44D03',NULL,'Exadata'),(57,325,'e104/1/3',1,24,'40A6E8D44D04',NULL,'Exadata'),(58,325,'e104/1/4',1,24,'40A6E8D44D05',NULL,'Backup'),(59,325,'e104/1/5',1,24,'40A6E8D44D06',NULL,'DD2500 M:5'),(60,325,'e104/1/6',1,24,'40A6E8D44D07',NULL,'SE09G812 - CU2 - PROD'),(61,325,'e104/1/7',1,24,'40A6E8D44D08',NULL,''),(62,325,'e104/1/8',1,24,'40A6E8D44D09',NULL,''),(63,325,'e104/1/9',1,24,'40A6E8D44D0A',NULL,'21D3C4V'),(64,325,'e104/1/10',1,24,'40A6E8D44D0B',NULL,'SX00H921 - C7-port3 - PROD'),(65,325,'e104/1/11',1,24,'40A6E8D44D0C',NULL,'SX00Y513 - C7-port3 - PROD'),(66,325,'e104/1/12',1,24,'40A6E8D44D0D',NULL,'SX01P931 - C7-port3 - PROD'),(67,323,'AC-3',1,16,NULL,NULL,''),(68,323,'AC-4',1,16,NULL,NULL,''),(69,323,'e102/1/1',1,24,'BCC49310D422',NULL,''),(70,323,'e102/1/2',1,24,'BCC49310D423',NULL,''),(71,323,'e102/1/3',1,24,'BCC49310D424',NULL,''),(72,323,'e102/1/4',1,24,'BCC49310D425',NULL,''),(73,323,'e102/1/5',1,24,'BCC49310D426',NULL,'21D3C4V - hmc2'),(74,323,'e102/1/6',1,24,'BCC49310D427',NULL,'SX07N350 - HMC1 - ADM'),(75,323,'e102/1/7',1,24,'BCC49310D428',NULL,'SX06R180 - HMC1 - ADM'),(76,323,'e102/1/8',1,24,'BCC49310D429',NULL,''),(77,323,'e102/1/9',1,24,'BCC49310D42A',NULL,''),(78,323,'e102/1/10',1,24,'BCC49310D42B',NULL,''),(79,323,'e102/1/11',1,24,'BCC49310D42C',NULL,''),(80,323,'e102/1/12',1,24,'BCC49310D42D',NULL,''),(81,323,'e102/1/13',1,24,'BCC49310D42E',NULL,'HMC_PA4_Port-1 -  - 1G RJ45'),(82,323,'e102/1/14',1,24,'BCC49310D42F',NULL,'--'),(83,323,'e102/1/15',1,24,'BCC49310D430',NULL,''),(84,323,'e102/1/16',1,24,'BCC49310D431',NULL,'Serveur Veeam SW09S706 Repository'),(85,323,'e102/1/17',1,24,'BCC49310D432',NULL,''),(86,323,'e102/1/18',1,24,'BCC49310D433',NULL,'Serveur Veeam SW03P452 Repository'),(87,323,'e102/1/19',1,24,'BCC49310D434',NULL,'SE09B748 - P2'),(88,323,'e102/1/20',1,24,'BCC49310D435',NULL,'SE09R485 - P2'),(89,323,'e102/1/21',1,24,'BCC49310D436',NULL,'ESXi DRP SE09Z400'),(90,323,'e102/1/22',1,24,'BCC49310D437',NULL,'SE094934'),(91,323,'e102/1/23',1,24,'BCC49310D438',NULL,'P8-HMC2'),(92,323,'e102/1/24',1,24,'BCC49310D439',NULL,'SX00Y513 - port-hmc2 - ADM'),(93,323,'e102/1/25',1,24,'BCC49310D43A',NULL,'SW09K804- CU2 - PROD'),(94,323,'e102/1/26',1,24,'BCC49310D43B',NULL,'SW04W891- CU2 - PROD'),(95,323,'e102/1/27',1,24,'BCC49310D43C',NULL,'SX00Y012-HMC2'),(96,323,'e102/1/28',1,24,'BCC49310D43D',NULL,''),(97,323,'e102/1/29',1,24,'BCC49310D43E',NULL,'SE00Z798'),(98,323,'e102/1/30',1,24,'BCC49310D43F',NULL,'SE03Q375'),(99,323,'e102/1/31',1,24,'BCC49310D440',NULL,'ESXi SE00F717'),(100,323,'e102/1/32',1,24,'BCC49310D441',NULL,''),(101,323,'e102/1/33',1,24,'BCC49310D442',NULL,''),(102,323,'e102/1/34',1,24,'BCC49310D443',NULL,''),(103,323,'e102/1/35',1,24,'BCC49310D444',NULL,''),(104,323,'e102/1/36',1,24,'BCC49310D445',NULL,''),(105,323,'e102/1/37',1,24,'BCC49310D446',NULL,''),(106,323,'e102/1/38',1,24,'BCC49310D447',NULL,''),(107,323,'e102/1/39',1,24,'BCC49310D448',NULL,'BackupV SW00W676 Teaming Server'),(108,323,'e102/1/40',1,24,'BCC49310D449',NULL,''),(109,323,'e102/1/41',1,24,'BCC49310D44A',NULL,'BackupV SW06L364 CU1B'),(110,323,'e102/1/42',1,24,'BCC49310D44B',NULL,'BackupV SW08M774 CU1B'),(111,323,'e102/1/43',1,24,'BCC49310D44C',NULL,'SX00H921 - HMC2 - ADM'),(112,323,'e102/1/44',1,24,'BCC49310D44D',NULL,'SX02P903 - HMC2 - ADM'),(113,323,'e102/1/45',1,24,'BCC49310D44E',NULL,'SX01P931 - HMC2 - ADM'),(114,323,'e102/1/46',1,24,'BCC49310D44F',NULL,''),(115,323,'e102/1/47',1,24,'BCC49310D450',NULL,''),(116,323,'e102/1/48',1,24,'BCC49310D451',NULL,''),(117,276,'AC-1',1,16,NULL,NULL,''),(118,276,'AC-2',1,16,NULL,NULL,''),(119,276,'mgmt0',1,24,'5C838FEE8382',NULL,'DC401NX vPC Keep-alive back-to-back RJ45 cuivre'),(120,276,'e1/1',1,24,'5C838FEE838A',NULL,'DC301NX-FEX106 4x10G vers 40G Uplink 1'),(121,276,'e1/2',1,24,'5C838FEE838B',NULL,'DC301NX-FEX106 4x10G vers 40G Uplink 1'),(122,276,'e1/3',1,24,'5C838FEE838C',NULL,'DC301NX-FEX106 4x10G vers 40G Uplink 1'),(123,276,'e1/4',1,24,'5C838FEE838D',NULL,'DC301NX-FEX106 4x10G vers 40G Uplink 1'),(124,276,'e1/5',1,24,'5C838FEE838E',NULL,'SA06F312 - FX2 - A2Te0/10'),(125,276,'e1/6',1,24,'5C838FEE838F',NULL,'SX00H921 - C6-port1 - PROD'),(126,276,'e1/7',1,24,'5C838FEE8390',NULL,'SX00H921 - C7-port1 - PROD'),(127,276,'e1/8',1,24,'5C838FEE8391',NULL,'SX07N350 - C6-port1 - PROD'),(128,276,'e1/9',1,24,'5C838FEE8392',NULL,'SX07N350 - C7-port1 - PROD'),(129,276,'e1/10',1,24,'5C838FEE8393',NULL,'SX02P903 - C7-port1 - PROD'),(130,276,'e1/11',1,24,'5C838FEE8394',NULL,'SX02P903 - C8-port1 - PROD'),(131,276,'e1/12',1,24,'5C838FEE8395',NULL,'SX06R180 - C6-port1 - PROD'),(132,276,'e1/13',1,24,'5C838FEE8396',NULL,'SX06R180 - C7-port1 - PROD'),(133,276,'e1/14',1,24,'5C838FEE8397',NULL,'SX01P931 - C6-port1 - PROD'),(134,276,'e1/15',1,24,'5C838FEE8398',NULL,'SX01P931 - C7-port1 - PROD'),(135,276,'e1/16',1,24,'5C838FEE8399',NULL,'DC301NX-FEX106 4x10G vers 40G Uplink 2'),(136,276,'e1/17',1,24,'5C838FEE839A',NULL,'DC301NX-FEX106 4x10G vers 40G Uplink 2'),(137,276,'e1/18',1,24,'5C838FEE839B',NULL,'DC301NX-FEX106 4x10G vers 40G Uplink 2'),(138,276,'e1/19',1,24,'5C838FEE839C',NULL,'DC301NX-FEX106 4x10G vers 40G Uplink 2'),(139,276,'e1/20',1,24,'5C838FEE839D',NULL,'21D3C4V'),(140,276,'e1/21',1,24,'5C838FEE839E',NULL,'SX02P903 - C10-Port1 - PROD'),(141,276,'e1/22',1,24,'5C838FEE839F',NULL,'SX00Y012'),(142,276,'e1/23',1,24,'5C838FEE83A0',NULL,'SX00Y012'),(143,276,'e1/24',1,24,'5C838FEE83A1',NULL,'SX03D711 - C7-port1 - PROD'),(144,276,'e1/25',1,24,'5C838FEE83A2',NULL,'SX00Y513 - C10-port1 - PROD'),(145,276,'e1/26',1,24,'5C838FEE83A3',NULL,'21D3C4V'),(146,276,'e1/27',1,24,'5C838FEE83A4',NULL,'SX00Y513 - C6-port1 - PROD'),(147,276,'e1/28',1,24,'5C838FEE83A5',NULL,'SX03D711 - C6-port1 - PROD'),(148,276,'e1/29',1,24,'5C838FEE83A6',NULL,'SX00Y513 - C7-port1 - PROD'),(149,276,'e1/30',1,24,'5C838FEE83A7',NULL,'BackupV SW06L364 FO2A'),(150,276,'e1/31',1,24,'5C838FEE83A8',NULL,'BackupV SW08M774 FO2A'),(151,276,'e1/32',1,24,'5C838FEE83A9',NULL,'SA06F312 - FX2 - A1Te0/10'),(152,276,'e1/33',1,24,'5C838FEE83AA',NULL,'DD4500 DD45-PA4-eth2b 2:1'),(153,276,'e1/34',1,24,'5C838FEE83AB',NULL,'DD4500 DD45-PA4-eth3b 3:1'),(154,276,'e1/35',1,24,'5C838FEE83AC',NULL,'DD4500 DD45-PA4-eth4b 4:1'),(155,276,'e1/36',1,24,'5C838FEE83AD',NULL,'Exadata exaadb01 PCI2'),(156,276,'e1/37',1,24,'5C838FEE83AE',NULL,'Exadata exaadb02 PCI2'),(157,276,'e1/38',1,24,'5C838FEE83AF',NULL,'Exadata exaadb03 PCI2'),(158,276,'e1/39',1,24,'5C838FEE83B0',NULL,'DD2500 DD25-PA4-eth0b 0:1'),(159,276,'e1/40',1,24,'5C838FEE83B1',NULL,'DC401FW_ASA5585X Te0/7 (Inside)'),(160,276,'e1/41',1,24,'5C838FEE83B2',NULL,'DC401FW_ASA5585X Te0/9 (Failover)'),(161,276,'e1/42',1,24,'5C838FEE83B3',NULL,'vers DC401NX-FEX104 Uplink 1'),(162,276,'e1/43',1,24,'5C838FEE83B4',NULL,'vers DC401NX-FEX104 Uplink 2'),(163,276,'e1/44',1,24,'5C838FEE83B5',NULL,'vers DC401NX-FEX104 Uplink 3'),(164,276,'e1/45',1,24,'5C838FEE83B6',NULL,'vers DC401NX-FEX104 Uplink 4'),(165,276,'e1/46',1,24,'5C838FEE83B7',NULL,'vers DC401NX-FEX102 Uplink 1'),(166,276,'e1/47',1,24,'5C838FEE83B8',NULL,'vers DC401NX-FEX102 Uplink 1'),(167,276,'e1/48',1,24,'5C838FEE83B9',NULL,'DC302NX E1/48 (Intersite)'),(168,276,'e1/49',1,24,'5C838FEE83BA',NULL,''),(169,276,'e1/50',1,24,'5C838FEE83BB',NULL,''),(170,276,'e1/51',1,24,'5C838FEE83BC',NULL,''),(171,276,'e1/52',1,24,'5C838FEE83BD',NULL,''),(172,276,'e1/53',1,24,'5C838FEE83BE',NULL,'vers DC401NX E1/53'),(173,276,'e1/54',1,24,'5C838FEE83BF',NULL,'vers DC401NX E1/54'),(175,324,'AC-5',1,16,NULL,NULL,''),(176,324,'AC-6',1,16,NULL,NULL,''),(177,324,'e103/1/1',1,24,'40A6E8D44A82',NULL,'Exadata'),(178,324,'e103/1/2',1,24,'40A6E8D44A83',NULL,'Exadata'),(179,324,'e103/1/3',1,24,'40A6E8D44A84',NULL,'Exadata'),(180,324,'e103/1/4',1,24,'40A6E8D44A85',NULL,'Backup'),(181,324,'e103/1/5',1,24,'40A6E8D44A86',NULL,'DD2500 M:4'),(182,324,'e103/1/6',1,24,'40A6E8D44A87',NULL,'SE09G812 - CU1 - PROD'),(233,273,'AC-7',1,16,NULL,NULL,''),(234,324,'e103/1/7',1,24,'40A6E8D44A88',NULL,'NAS SEL01IT'),(235,324,'e103/1/8',1,24,'40A6E8D44A89',NULL,''),(236,324,'e103/1/9',1,24,'40A6E8D44A8A',NULL,'21D3C4V'),(237,324,'e103/1/10',1,24,'40A6E8D44A8B',NULL,'SX00H921 - C3-port3 - PROD'),(238,324,'e103/1/11',1,24,'40A6E8D44A8C',NULL,'SX00Y513 - C3-port3 - PROD'),(239,324,'e103/1/12',1,24,'40A6E8D44A8D',NULL,'SX01P931 - C3-port3 - PROD'),(240,324,'e103/1/13',1,24,'40A6E8D44A8E',NULL,'SX02P903 - C3-port3 - PROD'),(241,324,'e103/1/14',1,24,'40A6E8D44A8F',NULL,'SX03D711 - C3-port3 - PROD'),(242,324,'e103/1/15',1,24,'40A6E8D44A90',NULL,'SX06R180 - C3-port3 - PROD'),(243,324,'e103/1/16',1,24,'40A6E8D44A91',NULL,'SX07N350 - C3-port3 - PROD'),(244,324,'e103/1/17',1,24,'40A6E8D44A92',NULL,'SL00S680 - em1'),(245,324,'e103/1/18',1,24,'40A6E8D44A93',NULL,'SL00S680 - p3p1'),(246,324,'e103/1/19',1,24,'40A6E8D44A94',NULL,'se00z798'),(247,324,'e103/1/20',1,24,'40A6E8D44A95',NULL,'SE00Z798'),(248,324,'e103/1/21',1,24,'40A6E8D44A96',NULL,'SL00G881-em1'),(249,324,'e103/1/22',1,24,'40A6E8D44A97',NULL,'SL00G881-p3p1'),(250,324,'e103/1/23',1,24,'40A6E8D44A98',NULL,'SW01P453'),(251,324,'e103/1/24',1,24,'40A6E8D44A99',NULL,''),(252,324,'e103/1/25',1,24,'40A6E8D44A9A',NULL,''),(253,324,'e103/1/26',1,24,'40A6E8D44A9B',NULL,''),(254,324,'e103/1/27',1,24,'40A6E8D44A9C',NULL,''),(255,324,'e103/1/28',1,24,'40A6E8D44A9D',NULL,''),(256,324,'e103/1/29',1,24,'40A6E8D44A9E',NULL,''),(257,324,'e103/1/30',1,24,'40A6E8D44A9F',NULL,''),(258,324,'e103/1/31',1,24,'40A6E8D44AA0',NULL,''),(259,324,'e103/1/32',1,24,'40A6E8D44AA1',NULL,''),(260,273,'e105/1/1',1,24,'DCCEC1FB2282',NULL,'Nutanix SE00G627 - Te1-P1 - PROD'),(261,273,'e105/1/2',1,24,'DCCEC1FB2283',NULL,'Nutanix SE00G627 - Te1-P2 - PROD'),(262,273,'e105/1/3',1,24,'DCCEC1FB2284',NULL,'Nutanix SE00P908 - Te1-P1 - PROD'),(263,273,'e105/1/4',1,24,'DCCEC1FB2285',NULL,'Nutanix SE00P908 - Te1-P2 - PROD'),(264,273,'e105/1/5',1,24,'DCCEC1FB2286',NULL,'Nutanix SE01J248 - Te1-P1 - PROD'),(265,273,'e105/1/6',1,24,'DCCEC1FB2287',NULL,'Nutanix SE01J248 - Te1-P2 - PROD'),(266,273,'e105/1/7',1,24,'DCCEC1FB2288',NULL,'Nutanix SE02X977 - Te1-P1 - PROD'),(267,273,'e105/1/8',1,24,'DCCEC1FB2289',NULL,'Nutanix SE02X977 - Te1-P2 - PROD'),(268,273,'e105/1/9',1,24,'DCCEC1FB228A',NULL,'Nutanix SE03G978 - Te1-P1 - PROD'),(269,273,'e105/1/10',1,24,'DCCEC1FB228B',NULL,'Nutanix SE03G978 - Te1-P2 - PROD'),(270,273,'e105/1/11',1,24,'DCCEC1FB228C',NULL,'Nutanix SE03H888 - Te1-P1 - PROD'),(271,273,'e105/1/12',1,24,'DCCEC1FB228D',NULL,'Nutanix SE03H888 - Te1-P2 - PROD'),(272,273,'e105/1/13',1,24,'DCCEC1FB228E',NULL,'Nutanix SE07K778 - Te1-P1 - PROD'),(273,273,'e105/1/14',1,24,'DCCEC1FB228F',NULL,'Nutanix SE07K778 - Te1-P2 - PROD'),(274,273,'e105/1/15',1,24,'DCCEC1FB2290',NULL,'Nutanix SE08L917 - Te1-P1 - PROD'),(275,273,'e105/1/16',1,24,'DCCEC1FB2291',NULL,'Nutanix SE08L917 - Te1-P2 - PROD'),(276,273,'e105/1/17',1,24,'DCCEC1FB2292',NULL,'Veeam BKP SW00W676'),(277,273,'e105/1/18',1,24,'DCCEC1FB2293',NULL,'Serveur Veeam SW03M248 Repository'),(278,273,'e105/1/19',1,24,'DCCEC1FB2294',NULL,'Serveur Veeam SW09S706 Repository'),(279,273,'e105/1/20',1,24,'DCCEC1FB2295',NULL,'Nutanix SE08K683'),(280,273,'e105/1/21',1,24,'DCCEC1FB2296',NULL,'Nutanix SE08K683'),(281,273,'e105/1/22',1,24,'DCCEC1FB2297',NULL,'Nutanix SE07Q955'),(282,273,'e105/1/23',1,24,'DCCEC1FB2298',NULL,'Nutanix SE07Q955'),(283,273,'e105/1/24',1,24,'DCCEC1FB2299',NULL,'SX00Y012'),(284,273,'e105/1/25',1,24,'DCCEC1FB229A',NULL,'SX00Y012'),(285,273,'e105/1/26',1,24,'DCCEC1FB229B',NULL,'Chassis FX2 Premium PROD'),(286,273,'e105/1/27',1,24,'DCCEC1FB229C',NULL,'Chassis FX2 Premium PROD'),(287,273,'e105/1/28',1,24,'DCCEC1FB229D',NULL,'Chassis FX2 Premium PROD'),(288,273,'e105/1/29',1,24,'DCCEC1FB229E',NULL,'Chassis FX2 Premium PROD'),(289,273,'e105/1/30',1,24,'DCCEC1FB229F',NULL,''),(290,273,'e105/1/31',1,24,'DCCEC1FB22A0',NULL,''),(291,273,'e105/1/32',1,24,'DCCEC1FB22A1',NULL,''),(292,273,'e105/1/33',1,24,'DCCEC1FB22A2',NULL,''),(293,273,'e105/1/34',1,24,'DCCEC1FB22A3',NULL,''),(294,273,'e105/1/35',1,24,'DCCEC1FB22A4',NULL,''),(295,273,'e105/1/36',1,24,'DCCEC1FB22A5',NULL,''),(296,273,'e105/1/37',1,24,'DCCEC1FB22A6',NULL,''),(297,273,'e105/1/38',1,24,'DCCEC1FB22A7',NULL,''),(298,273,'e105/1/39',1,24,'DCCEC1FB22A8',NULL,''),(299,273,'e105/1/40',1,24,'DCCEC1FB22A9',NULL,''),(300,273,'e105/1/41',1,24,'DCCEC1FB22AA',NULL,''),(301,273,'e105/1/42',1,24,'DCCEC1FB22AB',NULL,''),(302,273,'e105/1/43',1,24,'DCCEC1FB22AC',NULL,''),(303,273,'e105/1/44',1,24,'DCCEC1FB22AD',NULL,''),(304,273,'e105/1/45',1,24,'DCCEC1FB22AE',NULL,''),(305,273,'e105/1/46',1,24,'DCCEC1FB22AF',NULL,''),(306,273,'e105/1/47',1,24,'DCCEC1FB22B0',NULL,''),(307,273,'e105/1/48',1,24,'DCCEC1FB22B1',NULL,''),(308,325,'e104/1/13',1,24,'40A6E8D44D0E',NULL,'SX02P903 - C7-port3 - PROD'),(309,325,'e104/1/14',1,24,'40A6E8D44D0F',NULL,'SX03D711 - C7-port3 - PROD'),(310,325,'e104/1/15',1,24,'40A6E8D44D10',NULL,'SX06R180 - C7-port3 - PROD'),(311,325,'e104/1/16',1,24,'40A6E8D44D11',NULL,'SX07N350 - C7-port3 - PROD'),(312,325,'e104/1/17',1,24,'40A6E8D44D12',NULL,'SL00S680 - em2'),(313,325,'e104/1/18',1,24,'40A6E8D44D13',NULL,'SL00S680 - p3p2'),(314,325,'e104/1/19',1,24,'40A6E8D44D14',NULL,'se00z798'),(315,325,'e104/1/20',1,24,'40A6E8D44D15',NULL,'SE00Z798'),(316,325,'e104/1/21',1,24,'40A6E8D44D16',NULL,'SL00G881-em2'),(317,325,'e104/1/22',1,24,'40A6E8D44D17',NULL,'SL00G881-p3p2'),(318,325,'e104/1/23',1,24,'40A6E8D44D18',NULL,'SW01P453'),(319,325,'e104/1/24',1,24,'40A6E8D44D19',NULL,''),(320,325,'e104/1/25',1,24,'40A6E8D44D1A',NULL,''),(321,325,'e104/1/26',1,24,'40A6E8D44D1B',NULL,''),(322,325,'e104/1/27',1,24,'40A6E8D44D1C',NULL,''),(323,325,'e104/1/28',1,24,'40A6E8D44D1D',NULL,''),(324,325,'e104/1/29',1,24,'40A6E8D44D1E',NULL,''),(325,325,'e104/1/30',1,24,'40A6E8D44D1F',NULL,''),(326,325,'e104/1/31',1,24,'40A6E8D44D20',NULL,''),(327,325,'e104/1/32',1,24,'40A6E8D44D21',NULL,''),(328,274,'e106/1/1',1,24,'DCCEC1FB20A2',NULL,'Nutanix SE00G627 Te2-P1'),(329,274,'e106/1/2',1,24,'DCCEC1FB20A3',NULL,'Nutanix SE06Q143 Te1-P1'),(330,274,'e106/1/3',1,24,'DCCEC1FB20A4',NULL,'Nutanix SE00P908 Te2-P1'),(331,274,'e106/1/4',1,24,'DCCEC1FB20A5',NULL,'Nutanix SE06Q143 Te1-P1'),(332,274,'e106/1/5',1,24,'DCCEC1FB20A6',NULL,'Nutanix SE01J248 Te2-P1'),(333,274,'e106/1/6',1,24,'DCCEC1FB20A7',NULL,'Nutanix SE06Q143 Te1-P1'),(334,274,'e106/1/7',1,24,'DCCEC1FB20A8',NULL,'Nutanix SE02X977 Te2-P1'),(335,274,'e106/1/8',1,24,'DCCEC1FB20A9',NULL,'Nutanix SE06Q143 Te1-P1'),(336,274,'e106/1/9',1,24,'DCCEC1FB20AA',NULL,'Nutanix SE03G978 Te2-P1'),(337,274,'e106/1/10',1,24,'DCCEC1FB20AB',NULL,'SE03G978-Te2-P2'),(338,274,'e106/1/11',1,24,'DCCEC1FB20AC',NULL,'Nutanix SE03H888 Te2-P1'),(339,274,'e106/1/12',1,24,'DCCEC1FB20AD',NULL,'Nutanix SE06Q143 Te1-P1'),(340,274,'e106/1/13',1,24,'DCCEC1FB20AE',NULL,'Nutanix SE07K778 Te2-P1'),(341,274,'e106/1/14',1,24,'DCCEC1FB20AF',NULL,'Nutanix SE06Q143 Te1-P1'),(342,274,'e106/1/15',1,24,'DCCEC1FB20B0',NULL,'Nutanix SE08L917 Te2-P1'),(343,274,'e106/1/16',1,24,'DCCEC1FB20B1',NULL,'Nutanix SE06Q143 Te1-P1'),(344,274,'e106/1/17',1,24,'DCCEC1FB20B2',NULL,'Veeam BKP SW00W676'),(345,274,'e106/1/18',1,24,'DCCEC1FB20B3',NULL,'Serveur Veeam SW03M248 Repository'),(346,274,'e106/1/19',1,24,'DCCEC1FB20B4',NULL,'Serveur Veeam SW09S706 Repository'),(347,274,'e106/1/20',1,24,'DCCEC1FB20B5',NULL,'Nutanix SE08K683'),(348,274,'e106/1/21',1,24,'DCCEC1FB20B6',NULL,'Nutanix SE08K683'),(349,274,'e106/1/22',1,24,'DCCEC1FB20B7',NULL,'Nutanix SE07Q955'),(350,274,'e106/1/23',1,24,'DCCEC1FB20B8',NULL,'Nutanix SE07Q955'),(351,274,'e106/1/24',1,24,'DCCEC1FB20B9',NULL,'SX00Y012'),(352,274,'e106/1/25',1,24,'DCCEC1FB20BA',NULL,'SX00Y012'),(353,274,'e106/1/26',1,24,'DCCEC1FB20BB',NULL,'Chassis FX2 Premium PROD'),(354,274,'e106/1/27',1,24,'DCCEC1FB20BC',NULL,'Chassis FX2 Premium PROD'),(355,274,'e106/1/28',1,24,'DCCEC1FB20BD',NULL,'Chassis FX2 Premium PROD'),(356,274,'e106/1/29',1,24,'DCCEC1FB20BE',NULL,'Chassis FX2 Premium PROD'),(357,274,'e106/1/30',1,24,'DCCEC1FB20BF',NULL,''),(358,274,'e106/1/31',1,24,'DCCEC1FB20C0',NULL,''),(359,274,'e106/1/32',1,24,'DCCEC1FB20C1',NULL,''),(360,274,'e106/1/33',1,24,'DCCEC1FB20C2',NULL,''),(361,274,'e106/1/34',1,24,'DCCEC1FB20C3',NULL,''),(362,274,'e106/1/35',1,24,'DCCEC1FB20C4',NULL,''),(363,274,'e106/1/36',1,24,'DCCEC1FB20C5',NULL,''),(364,274,'e106/1/37',1,24,'DCCEC1FB20C6',NULL,''),(365,274,'e106/1/38',1,24,'DCCEC1FB20C7',NULL,''),(366,274,'e106/1/39',1,24,'DCCEC1FB20C8',NULL,''),(367,274,'e106/1/40',1,24,'DCCEC1FB20C9',NULL,''),(368,274,'e106/1/41',1,24,'DCCEC1FB20CA',NULL,''),(369,274,'e106/1/42',1,24,'DCCEC1FB20CB',NULL,''),(370,274,'e106/1/43',1,24,'DCCEC1FB20CC',NULL,''),(371,274,'e106/1/44',1,24,'DCCEC1FB20CD',NULL,''),(372,274,'e106/1/45',1,24,'DCCEC1FB20CE',NULL,''),(373,274,'e106/1/46',1,24,'DCCEC1FB20CF',NULL,''),(374,274,'e106/1/47',1,24,'DCCEC1FB20D0',NULL,''),(375,274,'e106/1/48',1,24,'DCCEC1FB20D1',NULL,''),(476,322,'AC-3',1,16,NULL,NULL,''),(477,322,'AC-4',1,16,NULL,NULL,''),(478,322,'e101/1/1',1,24,'A0554FA1DF42',NULL,''),(479,322,'e101/1/2',1,24,'A0554FA1DF43',NULL,''),(480,322,'e101/1/3',1,24,'A0554FA1DF44',NULL,''),(481,322,'e101/1/4',1,24,'A0554FA1DF45',NULL,''),(482,322,'e101/1/5',1,24,'A0554FA1DF46',NULL,'21D3C4V - hmc1'),(483,322,'e101/1/6',1,24,'A0554FA1DF47',NULL,'SX00H921 - HMC1 - ADM'),(484,322,'e101/1/7',1,24,'A0554FA1DF48',NULL,'SX02P903 - HMC1 - ADM'),(485,322,'e101/1/8',1,24,'A0554FA1DF49',NULL,'SX01P931 - HMC1 - ADM'),(486,322,'e101/1/9',1,24,'A0554FA1DF4A',NULL,''),(487,322,'e101/1/10',1,24,'A0554FA1DF4B',NULL,''),(488,322,'e101/1/11',1,24,'A0554FA1DF4C',NULL,''),(489,322,'e101/1/12',1,24,'A0554FA1DF4D',NULL,''),(490,322,'e101/1/13',1,24,'A0554FA1DF4E',NULL,''),(491,322,'e101/1/14',1,24,'A0554FA1DF4F',NULL,''),(492,322,'e101/1/15',1,24,'A0554FA1DF50',NULL,''),(493,322,'e101/1/16',1,24,'A0554FA1DF51',NULL,'Serveur Veeam SW09S706 Repository'),(494,322,'e101/1/17',1,24,'A0554FA1DF52',NULL,''),(495,322,'e101/1/18',1,24,'A0554FA1DF53',NULL,'Serveur Veeam SW03P452 Repository'),(496,322,'e101/1/19',1,24,'A0554FA1DF54',NULL,'SE09B748 - P1'),(497,322,'e101/1/20',1,24,'A0554FA1DF55',NULL,'SE09R485 - P1'),(498,322,'e101/1/21',1,24,'A0554FA1DF56',NULL,'ESXi DRP SE09Z400'),(499,322,'e101/1/22',1,24,'A0554FA1DF57',NULL,'SE094934'),(500,322,'e101/1/23',1,24,'A0554FA1DF58',NULL,'SX00Y513 - port-hmc1 - ADM'),(501,322,'e101/1/24',1,24,'A0554FA1DF59',NULL,'P8-HMC1'),(502,322,'e101/1/25',1,24,'A0554FA1DF5A',NULL,'SW09K804- CU1 - PROD'),(503,322,'e101/1/26',1,24,'A0554FA1DF5B',NULL,'Qlikview-SW04W891'),(504,322,'e101/1/27',1,24,'A0554FA1DF5C',NULL,'SX00Y012-HMC1'),(505,322,'e101/1/28',1,24,'A0554FA1DF5D',NULL,''),(506,322,'e101/1/29',1,24,'A0554FA1DF5E',NULL,'SE00Z798'),(507,322,'e101/1/30',1,24,'A0554FA1DF5F',NULL,'SE03Q375'),(508,322,'e101/1/31',1,24,'A0554FA1DF60',NULL,'ESXi SE00F717'),(509,322,'e101/1/32',1,24,'A0554FA1DF61',NULL,''),(510,322,'e101/1/33',1,24,'A0554FA1DF62',NULL,''),(511,322,'e101/1/34',1,24,'A0554FA1DF63',NULL,''),(512,322,'e101/1/35',1,24,'A0554FA1DF64',NULL,''),(513,322,'e101/1/36',1,24,'A0554FA1DF65',NULL,'BackupV SW00W676 Teaming Server'),(514,322,'e101/1/37',1,24,'A0554FA1DF66',NULL,'E-Invoice Turquie QUAL'),(515,322,'e101/1/38',1,24,'A0554FA1DF67',NULL,''),(516,322,'e101/1/39',1,24,'A0554FA1DF68',NULL,''),(517,322,'e101/1/40',1,24,'A0554FA1DF69',NULL,''),(518,322,'e101/1/41',1,24,'A0554FA1DF6A',NULL,'BackupV SW06L364 CU1A'),(519,322,'e101/1/42',1,24,'A0554FA1DF6B',NULL,'BackupV SW08M774 CU1A'),(520,322,'e101/1/43',1,24,'A0554FA1DF6C',NULL,'SX07N350 - HMC2 - ADM'),(521,322,'e101/1/44',1,24,'A0554FA1DF6D',NULL,'SX06R180 - HMC2 - ADM'),(522,322,'e101/1/45',1,24,'A0554FA1DF6E',NULL,''),(523,322,'e101/1/46',1,24,'A0554FA1DF6F',NULL,''),(524,322,'e101/1/47',1,24,'A0554FA1DF70',NULL,''),(525,322,'e101/1/48',1,24,'A0554FA1DF71',NULL,''),(526,275,'AC-1',1,16,NULL,NULL,''),(527,275,'AC-2',1,16,NULL,NULL,''),(528,275,'e1/1',1,24,'5C838FEE7540',NULL,'DC301NX-FEX105 4x10G vers 40G Uplink 1'),(529,275,'e1/2',1,24,'5C838FEE7541',NULL,'DC301NX-FEX105 4x10G vers 40G Uplink 1'),(530,275,'e1/3',1,24,'5C838FEE7542',NULL,'DC301NX-FEX105 4x10G vers 40G Uplink 1'),(531,275,'e1/4',1,24,'5C838FEE7543',NULL,'DC301NX-FEX105 4x10G vers 40G Uplink 1'),(532,275,'e1/5',1,24,'5C838FEE7544',NULL,'SA06F312 - FX2 - A2Te0/9'),(533,275,'e1/6',1,24,'5C838FEE7545',NULL,'SX00H921 - C3-port1 - PROD'),(534,275,'e1/7',1,24,'5C838FEE7546',NULL,'SX00H921 - C5-port1 - PROD'),(535,275,'e1/8',1,24,'5C838FEE7547',NULL,'SX07N350 - C3-port1 - PROD'),(536,275,'e1/9',1,24,'5C838FEE7548',NULL,'SX07N350 - C5-port1 - PROD'),(537,275,'e1/10',1,24,'5C838FEE7549',NULL,'SX02P903 - C3-port1 - PROD'),(538,275,'e1/11',1,24,'5C838FEE754A',NULL,'SX02P903 - C5-port1 - PROD'),(539,275,'e1/12',1,24,'5C838FEE754B',NULL,'SX06R180 - C3-port1 - PROD'),(540,275,'e1/13',1,24,'5C838FEE754C',NULL,'SX06R180 - C5-port1 - PROD'),(541,275,'e1/14',1,24,'5C838FEE754D',NULL,'SX01P931 - C3-port1 - PROD'),(542,275,'e1/15',1,24,'5C838FEE754E',NULL,'SX01P931 - C5-port1 - PROD'),(543,275,'e1/16',1,24,'5C838FEE754F',NULL,'DC301NX-FEX105 4x10G vers 40G Uplink 2'),(544,275,'e1/17',1,24,'5C838FEE7550',NULL,'DC301NX-FEX105 4x10G vers 40G Uplink 2'),(545,275,'e1/18',1,24,'5C838FEE7551',NULL,'DC301NX-FEX105 4x10G vers 40G Uplink 2'),(546,275,'e1/19',1,24,'5C838FEE7552',NULL,'DC301NX-FEX105 4x10G vers 40G Uplink 2'),(547,275,'e1/20',1,24,'5C838FEE7553',NULL,'21D3C4V'),(548,275,'e1/21',1,24,'5C838FEE7554',NULL,'SX02P903 - C6-port1 - PROD'),(549,275,'e1/22',1,24,'5C838FEE7555',NULL,'SX00Y012'),(550,275,'e1/23',1,24,'5C838FEE7556',NULL,'SX00Y012'),(551,275,'e1/24',1,24,'5C838FEE7557',NULL,'SX03D711 - C5-port1 - PROD'),(552,275,'e1/25',1,24,'5C838FEE7558',NULL,'SX00Y513 - C8-port1 - PROD'),(553,275,'e1/26',1,24,'5C838FEE7559',NULL,'SX04Y714'),(554,275,'e1/27',1,24,'5C838FEE755A',NULL,'SX00Y513 - C3-port1 - PROD'),(555,275,'e1/28',1,24,'5C838FEE755B',NULL,'SX03D711 - C3-port1 - PROD'),(556,275,'e1/29',1,24,'5C838FEE755C',NULL,'SX00Y513 - C5-port1 - PROD'),(557,275,'e1/30',1,24,'5C838FEE755D',NULL,'BackupV SW06L364 FO1A'),(558,275,'e1/31',1,24,'5C838FEE755E',NULL,'BackupV SW08M774 FO1A'),(559,275,'e1/32',1,24,'5C838FEE755F',NULL,'SA06F312 - FX2 - A1Te0/9'),(560,275,'e1/33',1,24,'5C838FEE7560',NULL,'DD4500 DD45-PA4-eth2a 2:0'),(561,275,'e1/34',1,24,'5C838FEE7561',NULL,'DD4500 DD45-PA4-eth3a 3:0'),(562,275,'e1/35',1,24,'5C838FEE7562',NULL,'DD4500 DD45-PA4-eth4a 4:0'),(563,275,'e1/36',1,24,'5C838FEE7563',NULL,'Exadata exaadb01 PCI1'),(564,275,'e1/37',1,24,'5C838FEE7564',NULL,'Exadata exaadb02 PCI1'),(565,275,'e1/38',1,24,'5C838FEE7565',NULL,'Exadata exaadb03 PCI1'),(566,275,'e1/39',1,24,'5C838FEE7566',NULL,'DD2500 DD25-PA4-eth0a 0:0'),(567,275,'e1/40',1,24,'5C838FEE7567',NULL,'DC401FW_ASA5585X Te1/7 Inside Secondary'),(568,275,'e1/41',1,24,'5C838FEE7568',NULL,'DC401FW_ASA5585X Te0/8 (Failover)'),(569,275,'e1/42',1,24,'5C838FEE7569',NULL,'vers DC401NX-FEX103 Uplink 1'),(570,275,'e1/43',1,24,'5C838FEE756A',NULL,'vers DC401NX-FEX103 Uplink 2'),(571,275,'e1/44',1,24,'5C838FEE756B',NULL,'vers DC401NX-FEX103 Uplink 3'),(572,275,'e1/45',1,24,'5C838FEE756C',NULL,'vers DC401NX-FEX103 Uplink 4'),(573,275,'e1/46',1,24,'5C838FEE756D',NULL,'DC401NX-FEX101 Uplink 1'),(574,275,'e1/47',1,24,'5C838FEE756E',NULL,'DC401NX-FEX101 Uplink 2'),(575,275,'e1/48',1,24,'5C838FEE756F',NULL,'DC301NX E1/48 (Intersite)'),(576,275,'e1/49',1,24,'5C838FEE7570',NULL,''),(577,275,'e1/50',1,24,'5C838FEE7571',NULL,''),(578,275,'e1/51',1,24,'5C838FEE7572',NULL,''),(579,275,'e1/52',1,24,'5C838FEE7573',NULL,''),(580,275,'e1/53',1,24,'5C838FEE7574',NULL,'DC402NX E1/53'),(581,275,'e1/54',1,24,'5C838FEE7575',NULL,'DC402NX E1/54'),(582,246,'AC-1',1,16,NULL,NULL,''),(583,246,'AC-2',1,16,NULL,NULL,''),(584,246,'e1/1',1,24,'5C838FEE6EE6',NULL,'DC301NX-FEX105 Uplink 1'),(585,246,'e1/2',1,24,'5C838FEE6EE7',NULL,'DC301NX-FEX105 Uplink 1'),(586,246,'e1/3',1,24,'5C838FEE6EE8',NULL,'DC301NX-FEX105 Uplink 1'),(587,246,'e1/4',1,24,'5C838FEE6EE9',NULL,'DC301NX-FEX105 Uplink 1'),(588,246,'e1/5',1,24,'5C838FEE6EEA',NULL,''),(589,246,'e1/6',9,30,'5C838FEE6EEB',NULL,'SX03V579 - C3-port1 - PROD'),(590,246,'e1/7',1,24,'5C838FEE6EEC',NULL,'SX03V579 - C5-port1 - PROD'),(591,246,'e1/8',1,24,'5C838FEE6EED',NULL,'SX03N189 - C3-port1 - PROD'),(592,246,'e1/9',1,24,'5C838FEE6EEE',NULL,'SX03N189 - C5-port1 - PROD'),(593,246,'e1/10',1,24,'5C838FEE6EEF',NULL,'SX03A643 - C3-port1 - PROD'),(594,246,'e1/11',1,24,'5C838FEE6EF0',NULL,'SX03A643 - C5-port1 - PROD'),(595,246,'e1/12',1,24,'5C838FEE6EF1',NULL,'SX05H417 - C3-port1 - PROD'),(596,246,'e1/13',1,24,'5C838FEE6EF2',NULL,'SX05H417 - C5-port1 - PROD'),(597,246,'e1/14',1,24,'5C838FEE6EF3',NULL,'SX06T649 - C3-port1 - PROD'),(598,246,'e1/15',1,24,'5C838FEE6EF4',NULL,'SX06T649 - C5-port1 - PROD'),(599,246,'e1/16',1,24,'5C838FEE6EF5',NULL,'DC301NX-FEX105 Uplink 2'),(600,246,'e1/17',1,24,'5C838FEE6EF6',NULL,'DC301NX-FEX105 Uplink 2'),(601,246,'e1/18',1,24,'5C838FEE6EF7',NULL,'DC301NX-FEX105 Uplink 2'),(602,246,'e1/19',1,24,'5C838FEE6EF8',NULL,'DC301NX-FEX105 Uplink 2'),(603,246,'e1/20',1,24,'5C838FEE6EF9',NULL,'SA05G859 - FX2 - A2Te0/9'),(604,246,'e1/21',1,24,'5C838FEE6EFA',NULL,'P8-S824 21F91CV-C6-port1'),(605,246,'e1/22',1,24,'5C838FEE6EFB',NULL,'21B62EV'),(606,246,'e1/23',1,24,'5C838FEE6EFC',NULL,'21B62EV'),(607,246,'e1/24',1,24,'5C838FEE6EFD',NULL,'SX04P280 - C3-port1 - PROD'),(608,246,'e1/25',1,24,'5C838FEE6EFE',NULL,'SX05R532 - C3-port1 - PROD'),(609,246,'e1/26',1,24,'5C838FEE6EFF',NULL,'- -'),(610,246,'e1/27',1,24,'5C838FEE6F00',NULL,'SX05R532 - C6-port1 - PROD'),(611,246,'e1/28',1,24,'5C838FEE6F01',NULL,'SX07V577'),(612,246,'e1/29',1,24,'5C838FEE6F02',NULL,'SX07V577'),(613,246,'e1/30',1,24,'5C838FEE6F03',NULL,'BackupV SW09B993 FO1A'),(614,246,'e1/31',1,24,'5C838FEE6F04',NULL,'BackupV SW08P973 FO1A'),(615,246,'e1/32',1,24,'5C838FEE6F05',NULL,'SA05G859 - FX2 - A1Te0/9'),(616,246,'e1/33',1,24,'5C838FEE6F06',NULL,'DD4500 DD45-PA3-eth2a 2:0'),(617,246,'e1/34',1,24,'5C838FEE6F07',NULL,'DD4500 DD45-PA3-eth3a 3:0'),(618,246,'e1/35',1,24,'5C838FEE6F08',NULL,'DD4500 DD45-PA3-eth4a 4:0'),(619,246,'e1/36',1,24,'5C838FEE6F09',NULL,'Exadata exaadb01 PCI1'),(620,246,'e1/37',1,24,'5C838FEE6F0A',NULL,'Exadata exaadb02 PCI1'),(621,246,'e1/38',1,24,'5C838FEE6F0B',NULL,'Exadata exaadb03 PCI1'),(622,246,'e1/39',1,24,'5C838FEE6F0C',NULL,'DD2500 DD25-PA3-eth0a 0:0'),(623,246,'e1/40',1,24,'5C838FEE6F0D',NULL,'DC301FW_ASA5585X Te1/7 (Inside)'),(624,246,'e1/41',1,24,'5C838FEE6F0E',NULL,'DC301FW_ASA5585X Te0/8 (Failover)'),(625,246,'e1/42',1,24,'5C838FEE6F0F',NULL,'vers DC401NX-FEX103 Uplink 1'),(626,246,'e1/43',1,24,'5C838FEE6F10',NULL,'vers DC401NX-FEX103 Uplink 2'),(627,246,'e1/44',1,24,'5C838FEE6F11',NULL,'vers DC401NX-FEX103 Uplink 3'),(628,246,'e1/45',1,24,'5C838FEE6F12',NULL,'vers DC401NX-FEX103 Uplink 4'),(629,246,'e1/46',1,24,'5C838FEE6F13',NULL,'DC401NX-FEX101 Uplink 1'),(630,246,'e1/47',1,24,'5C838FEE6F14',NULL,'DC401NX-FEX101 Uplink 2'),(631,246,'e1/48',1,24,'5C838FEE6F15',NULL,'DC401NX E1/48 (Intersite)'),(632,246,'e1/49',1,24,'5C838FEE6F16',NULL,'DC303NX E1/49'),(633,246,'e1/50',1,24,'5C838FEE6F17',NULL,'DC304NX E1/49'),(634,246,'e1/51',1,24,'5C838FEE6F18',NULL,''),(635,246,'e1/52',1,24,'5C838FEE6F19',NULL,''),(636,246,'e1/53',1,24,'5C838FEE6F1A',NULL,'DC302NX E1/53'),(637,246,'e1/54',1,24,'5C838FEE6F1B',NULL,'DC302NX E1/54'),(715,252,'AC-3',1,16,NULL,NULL,''),(716,252,'AC-4',1,16,NULL,NULL,''),(717,252,'e101/1/1',1,24,'BCC49310D2E2',NULL,''),(718,252,'e101/1/2',1,24,'BCC49310D2E3',NULL,''),(719,252,'e101/1/3',1,24,'BCC49310D2E4',NULL,''),(720,252,'e101/1/4',1,24,'BCC49310D2E5',NULL,''),(721,252,'e101/1/5',1,24,'BCC49310D2E6',NULL,'21B62EV - hmc1'),(722,252,'e101/1/6',1,24,'BCC49310D2E7',NULL,'SX03V579 - hmc1 - ADM'),(723,252,'e101/1/7',1,24,'BCC49310D2E8',NULL,'SX03A643 - hmc1 - ADM'),(724,252,'e101/1/8',1,24,'BCC49310D2E9',NULL,'SX06T649 - hmc1 - ADM'),(725,252,'e101/1/9',1,24,'BCC49310D2EA',NULL,''),(726,252,'e101/1/10',1,24,'BCC49310D2EB',NULL,''),(727,252,'e101/1/11',1,24,'BCC49310D2EC',NULL,'Boitier E-Invoice PROD PA3'),(728,252,'e101/1/12',1,24,'BCC49310D2ED',NULL,'LIL226NT (IXOS)'),(729,252,'e101/1/13',1,24,'BCC49310D2EE',NULL,''),(730,252,'e101/1/14',1,24,'BCC49310D2EF',NULL,'HMC_PA3_Port-2 - PROD'),(731,252,'e101/1/15',1,24,'BCC49310D2F0',NULL,''),(732,252,'e101/1/16',1,24,'BCC49310D2F1',NULL,''),(733,252,'e101/1/17',1,24,'BCC49310D2F2',NULL,'SE03U312 vers 104 Front U38-1'),(734,252,'e101/1/18',1,24,'BCC49310D2F3',NULL,'temp pour intervenant'),(735,252,'e101/1/19',1,24,'BCC49310D2F4',NULL,'SE05R107 - P1'),(736,252,'e101/1/20',1,24,'BCC49310D2F5',NULL,'SE01B603 - P1'),(737,252,'e101/1/21',1,24,'BCC49310D2F6',NULL,'ESXi DRP SE06B438'),(738,252,'e101/1/22',1,24,'BCC49310D2F7',NULL,'SE00E726'),(739,252,'e101/1/23',1,24,'BCC49310D2F8',NULL,'SX04P280 - port-hmc1 - ADM'),(740,252,'e101/1/24',1,24,'BCC49310D2F9',NULL,'P8-HMC1'),(741,252,'e101/1/25',1,24,'BCC49310D2FA',NULL,'SW07L878 - CU1 - PROD'),(742,252,'e101/1/26',1,24,'BCC49310D2FB',NULL,'SW02F744 - CU1 - PROD'),(743,252,'e101/1/27',1,24,'BCC49310D2FC',NULL,'SX07V577-HMC1'),(744,252,'e101/1/28',1,24,'BCC49310D2FD',NULL,''),(745,252,'e101/1/29',1,24,'BCC49310D2FE',NULL,''),(746,252,'e101/1/30',1,24,'BCC49310D2FF',NULL,''),(747,252,'e101/1/31',1,24,'BCC49310D300',NULL,''),(748,252,'e101/1/32',1,24,'BCC49310D301',NULL,''),(749,252,'e101/1/33',1,24,'BCC49310D302',NULL,'LIL240NT - CU1 - PROD'),(750,252,'e101/1/34',1,24,'BCC49310D303',NULL,''),(751,252,'e101/1/35',1,24,'BCC49310D304',NULL,''),(752,252,'e101/1/36',1,24,'BCC49310D305',NULL,''),(753,252,'e101/1/37',1,24,'BCC49310D306',NULL,'VEEAM REPLICATION LOOS SW04A435 - CU1A - PROD'),(754,252,'e101/1/38',1,24,'BCC49310D307',NULL,'BackupV SW05Q686 Teaming Server'),(755,252,'e101/1/39',1,24,'BCC49310D308',NULL,'DD2500 M:1'),(756,252,'e101/1/40',1,24,'BCC49310D309',NULL,'DD25V-PA3-ethMd - M:3 - 1G RJ45'),(757,252,'e101/1/41',1,24,'BCC49310D30A',NULL,'BackupV SW09B993 CU1A'),(758,252,'e101/1/42',1,24,'BCC49310D30B',NULL,'BackupV SW08P973 CU1A'),(759,252,'e101/1/43',1,24,'BCC49310D30C',NULL,'SX03N189 - hmc2 - ADM'),(760,252,'e101/1/44',1,24,'BCC49310D30D',NULL,'SX05H417 - hmc2 - ADM'),(761,252,'e101/1/45',1,24,'BCC49310D30E',NULL,'SX01E405 - hmc2 - ADM'),(762,252,'e101/1/46',1,24,'BCC49310D30F',NULL,''),(763,252,'e101/1/47',1,24,'BCC49310D310',NULL,''),(764,252,'e101/1/48',1,24,'BCC49310D311',NULL,''),(765,254,'AC-5',1,16,NULL,NULL,''),(766,254,'AC-6',1,16,NULL,NULL,''),(767,254,'e103/1/1',1,24,'E0ACF1BABA02',NULL,'exaadb01 - NET2 - 10G RJ45'),(768,254,'e103/1/2',1,24,'E0ACF1BABA03',NULL,'exaadb02 - NET2 - 10G RJ45'),(769,254,'e103/1/3',1,24,'E0ACF1BABA04',NULL,'exaadb03 - NET2 - 10G RJ45'),(770,254,'e103/1/4',1,24,'E0ACF1BABA05',NULL,'Netbackup SL00J055 - ETH1 - 10G RJ45'),(771,254,'e103/1/5',1,24,'E0ACF1BABA06',NULL,'DD2500 M:4'),(772,254,'e103/1/6',1,24,'E0ACF1BABA07',NULL,'NAS SYNOLOGY1 - CU1 - PROD'),(773,254,'e103/1/7',1,24,'E0ACF1BABA08',NULL,'NAS SYNOLOGY2 - CU1 - PROD'),(774,254,'e103/1/8',1,24,'E0ACF1BABA09',NULL,''),(775,254,'e103/1/9',1,24,'E0ACF1BABA0A',NULL,'21B62EV'),(776,254,'e103/1/10',1,24,'E0ACF1BABA0B',NULL,'SX03V173 - C3-port3 - PROD'),(777,254,'e103/1/11',1,24,'E0ACF1BABA0C',NULL,'SX03N189 - C3-port3 - PROD'),(778,254,'e103/1/12',1,24,'E0ACF1BABA0D',NULL,'SX03V579 - C3-port3 - PROD'),(779,254,'e103/1/13',1,24,'E0ACF1BABA0E',NULL,'SX04P280 - C3-port3 - PROD'),(780,254,'e103/1/14',1,24,'E0ACF1BABA0F',NULL,'SX05R532 - C3-port3 - PROD'),(781,254,'e103/1/15',1,24,'E0ACF1BABA10',NULL,'P8-S824 214D15W-C3-port3 admin VIOS'),(782,254,'e103/1/16',1,24,'E0ACF1BABA11',NULL,'SX06T649 - C3-port3 - PROD'),(783,254,'e103/1/17',1,24,'E0ACF1BABA12',NULL,'SL04V759 - em1'),(784,254,'e103/1/18',1,24,'E0ACF1BABA13',NULL,'SL04V759 - p3p1'),(785,254,'e103/1/19',1,24,'E0ACF1BABA14',NULL,'ESXi DFS-R SE04W646'),(786,254,'e103/1/20',1,24,'E0ACF1BABA15',NULL,''),(787,254,'e103/1/21',1,24,'E0ACF1BABA16',NULL,'SL06T532-em1'),(788,254,'e103/1/22',1,24,'E0ACF1BABA17',NULL,'SL06T532-p3p1'),(789,254,'e103/1/23',1,24,'E0ACF1BABA18',NULL,'SL08D916.seb.com'),(790,254,'e103/1/24',1,24,'E0ACF1BABA19',NULL,'SL06F196.seb.com'),(791,254,'e103/1/25',1,24,'E0ACF1BABA1A',NULL,'SL09R128.seb.com'),(792,254,'e103/1/26',1,24,'E0ACF1BABA1B',NULL,'LIBRE'),(793,254,'e103/1/27',1,24,'E0ACF1BABA1C',NULL,'SL01G054.seb.com'),(794,254,'e103/1/28',1,24,'E0ACF1BABA1D',NULL,'SL08F994.seb.com'),(795,254,'e103/1/29',1,24,'E0ACF1BABA1E',NULL,'SL01N141.seb.com'),(796,254,'e103/1/30',1,24,'E0ACF1BABA1F',NULL,''),(797,254,'e103/1/31',1,24,'E0ACF1BABA20',NULL,''),(798,254,'e103/1/32',1,24,'E0ACF1BABA21',NULL,''),(799,244,'AC-7',1,16,NULL,NULL,''),(800,244,'e105/1/1',1,24,'DCCEC1FB29A2',NULL,'Nutanix SE04E440 Te1-P1'),(801,244,'e105/1/2',1,24,'DCCEC1FB29A3',NULL,'Nutanix SE06Q143 Te1-P1'),(802,244,'e105/1/3',1,24,'DCCEC1FB29A4',NULL,'Nutanix SE04T077 Te1-P1'),(803,244,'e105/1/4',1,24,'DCCEC1FB29A5',NULL,'Nutanix SE06Q143 Te1-P1'),(804,244,'e105/1/5',1,24,'DCCEC1FB29A6',NULL,'Nutanix SE06Y803 Te1-P1'),(805,244,'e105/1/6',1,24,'DCCEC1FB29A7',NULL,'Nutanix SE06Q143 Te1-P1'),(806,244,'e105/1/7',1,24,'DCCEC1FB29A8',NULL,'Nutanix SE07V166 Te1-P1'),(807,244,'e105/1/8',1,24,'DCCEC1FB29A9',NULL,'Nutanix SE06Q143 Te1-P1'),(808,244,'e105/1/9',1,24,'DCCEC1FB29AA',NULL,'Nutanix SE00S562 Te1-P1'),(809,244,'e105/1/10',1,24,'DCCEC1FB29AB',NULL,'Nutanix SE06Q143 Te1-P1'),(810,244,'e105/1/11',1,24,'DCCEC1FB29AC',NULL,'Nutanix SE04A407 Te1-P1'),(811,244,'e105/1/12',1,24,'DCCEC1FB29AD',NULL,'Nutanix SE06Q143 Te1-P1'),(812,244,'e105/1/13',1,24,'DCCEC1FB29AE',NULL,'Nutanix SE05A854 Te1-P1'),(813,244,'e105/1/14',1,24,'DCCEC1FB29AF',NULL,'Nutanix SE06Q143 Te1-P1'),(814,244,'e105/1/15',1,24,'DCCEC1FB29B0',NULL,'Nutanix SE06Q143 Te1-P1'),(815,244,'e105/1/16',1,24,'DCCEC1FB29B1',NULL,'Nutanix SE06Q143 Te1-P1'),(816,244,'e105/1/17',1,24,'DCCEC1FB29B2',NULL,'Veeam BKP SW05Q686'),(817,244,'e105/1/18',1,24,'DCCEC1FB29B3',NULL,'Serveur Veeam SW08M273 Repository'),(818,244,'e105/1/19',1,24,'DCCEC1FB29B4',NULL,'Repo VEEAM SW03P452'),(819,244,'e105/1/20',1,24,'DCCEC1FB29B5',NULL,'Nutanix SE00V332'),(820,244,'e105/1/21',1,24,'DCCEC1FB29B6',NULL,'Nutanix SE00V332'),(821,244,'e105/1/22',1,24,'DCCEC1FB29B7',NULL,'Nutanix SE06S085'),(822,244,'e105/1/23',1,24,'DCCEC1FB29B8',NULL,'Nutanix SE06S085'),(823,244,'e105/1/24',1,24,'DCCEC1FB29B9',NULL,'SX07V577'),(824,244,'e105/1/25',1,24,'DCCEC1FB29BA',NULL,'SX07V577'),(825,244,'e105/1/26',1,24,'DCCEC1FB29BB',NULL,'Chassis FX2 Premium PROD'),(826,244,'e105/1/27',1,24,'DCCEC1FB29BC',NULL,'Chassis FX2 Premium PROD'),(827,244,'e105/1/28',1,24,'DCCEC1FB29BD',NULL,'Chassis FX2 Premium PROD'),(828,244,'e105/1/29',1,24,'DCCEC1FB29BE',NULL,'Chassis FX2 Premium PROD'),(829,244,'e105/1/30',1,24,'DCCEC1FB29BF',NULL,''),(830,244,'e105/1/31',1,24,'DCCEC1FB29C0',NULL,''),(831,244,'e105/1/32',1,24,'DCCEC1FB29C1',NULL,''),(832,244,'e105/1/33',1,24,'DCCEC1FB29C2',NULL,''),(833,244,'e105/1/34',1,24,'DCCEC1FB29C3',NULL,''),(834,244,'e105/1/35',1,24,'DCCEC1FB29C4',NULL,''),(835,244,'e105/1/36',1,24,'DCCEC1FB29C5',NULL,''),(836,244,'e105/1/37',1,24,'DCCEC1FB29C6',NULL,''),(837,244,'e105/1/38',1,24,'DCCEC1FB29C7',NULL,''),(838,244,'e105/1/39',1,24,'DCCEC1FB29C8',NULL,''),(839,244,'e105/1/40',1,24,'DCCEC1FB29C9',NULL,''),(840,244,'e105/1/41',1,24,'DCCEC1FB29CA',NULL,''),(841,244,'e105/1/42',1,24,'DCCEC1FB29CB',NULL,''),(842,244,'e105/1/43',1,24,'DCCEC1FB29CC',NULL,''),(843,244,'e105/1/44',1,24,'DCCEC1FB29CD',NULL,''),(844,244,'e105/1/45',1,24,'DCCEC1FB29CE',NULL,''),(845,244,'e105/1/46',1,24,'DCCEC1FB29CF',NULL,''),(846,244,'e105/1/47',1,24,'DCCEC1FB29D0',NULL,''),(847,244,'e105/1/48',1,24,'DCCEC1FB29D1',NULL,''),(848,247,'AC-1',1,16,NULL,NULL,''),(849,247,'AC-2',1,16,NULL,NULL,''),(850,247,'e1/1',1,24,'5C838FEE7502',NULL,'DC301NX-FEX106 Uplink 1'),(851,247,'e1/2',1,24,'5C838FEE7503',NULL,'DC301NX-FEX106 Uplink 1'),(852,247,'e1/3',1,24,'5C838FEE7504',NULL,'DC301NX-FEX106 Uplink 1'),(853,247,'e1/4',1,24,'5C838FEE7505',NULL,'DC301NX-FEX106 Uplink 1'),(854,247,'e1/5',1,24,'5C838FEE7506',NULL,''),(855,247,'e1/6',1,24,'5C838FEE7507',NULL,'SX03V579 - C6-port1 - PROD'),(856,247,'e1/7',1,24,'5C838FEE7508',NULL,'SX03V579 - C7-port1 - PROD'),(857,247,'e1/8',1,24,'5C838FEE7509',NULL,'SX03N189 - C6-port1 - PROD'),(858,247,'e1/9',1,24,'5C838FEE750A',NULL,'SX03N189 - C7-port1 - PROD'),(859,247,'e1/10',1,24,'5C838FEE750B',NULL,'SX03A643 - C8'),(860,247,'e1/11',1,24,'5C838FEE750C',NULL,'SX03A643 - C7-port1 - PROD'),(861,247,'e1/12',1,24,'5C838FEE750D',NULL,'SX05H417 - C6-port1 - PROD'),(862,247,'e1/13',1,24,'5C838FEE750E',NULL,'SX05H417 - C7-port1 - PROD'),(863,247,'e1/14',1,24,'5C838FEE750F',NULL,'SX06T649 - C6-port1 - PROD'),(864,247,'e1/15',1,24,'5C838FEE7510',NULL,'SX06T649 - C7-port1 - PROD'),(865,247,'e1/16',1,24,'5C838FEE7511',NULL,'DC301NX-FEX106 Uplink 2'),(866,247,'e1/17',1,24,'5C838FEE7512',NULL,'DC301NX-FEX106 Uplink 2'),(867,247,'e1/18',1,24,'5C838FEE7513',NULL,'DC301NX-FEX106 Uplink 2'),(868,247,'e1/19',1,24,'5C838FEE7514',NULL,'DC301NX-FEX106 Uplink 2'),(869,247,'e1/20',1,24,'5C838FEE7515',NULL,'SA05G859 - FX2 - A2Te0/10'),(870,247,'e1/21',1,24,'5C838FEE7516',NULL,'SX03A643 - C7'),(871,247,'e1/22',1,24,'5C838FEE7517',NULL,'21B62EV'),(872,247,'e1/23',1,24,'5C838FEE7518',NULL,'21B62EV'),(873,247,'e1/24',1,24,'5C838FEE7519',NULL,'SX04P280 - C6-port1 - PROD'),(874,247,'e1/25',1,24,'5C838FEE751A',NULL,'SX05R532 - C5-port1 - PROD'),(875,247,'e1/26',1,24,'5C838FEE751B',NULL,'SX04P280 - C7-port1 - PROD'),(876,247,'e1/27',1,24,'5C838FEE751C',NULL,'SX05R532 - C7-port1 - PROD'),(877,247,'e1/28',1,24,'5C838FEE751D',NULL,'SX07V577'),(878,247,'e1/29',1,24,'5C838FEE751E',NULL,'SX07V577'),(879,247,'e1/30',1,24,'5C838FEE751F',NULL,'BackupV SW09B993 FO2A'),(880,247,'e1/31',1,24,'5C838FEE7520',NULL,'BackupV SW08P973 FO2A'),(881,247,'e1/32',1,24,'5C838FEE7521',NULL,'SA05G859 - FX2 - A1Te0/10'),(882,247,'e1/33',1,24,'5C838FEE7522',NULL,'DD4500 DD45-PA3-eth2b 2:1'),(883,247,'e1/34',1,24,'5C838FEE7523',NULL,'DD4500 DD45-PA3-eth3b 3:1'),(884,247,'e1/35',1,24,'5C838FEE7524',NULL,'DD4500 DD45-PA3-eth4b 4:1'),(885,247,'e1/36',1,24,'5C838FEE7525',NULL,'Exadata exaadb01 PCI2'),(886,247,'e1/37',1,24,'5C838FEE7526',NULL,'Exadata exaadb02 PCI2'),(887,247,'e1/38',1,24,'5C838FEE7527',NULL,'Exadata exaadb03 PCI2'),(888,247,'e1/39',1,24,'5C838FEE7528',NULL,'DD2500 DD25-PA3-eth0b 0:1'),(889,247,'e1/40',1,24,'5C838FEE7529',NULL,'DC301FW_ASA5585X Te0/7 (Inside)'),(890,247,'e1/41',1,24,'5C838FEE752A',NULL,'DC301FW_ASA5585X Te1/8 (Failover Backup)'),(891,247,'e1/42',1,24,'5C838FEE752B',NULL,'vers DC301NX-FEX104 Uplink 1'),(892,247,'e1/43',1,24,'5C838FEE752C',NULL,'vers DC301NX-FEX104 Uplink 2'),(893,247,'e1/44',1,24,'5C838FEE752D',NULL,'vers DC301NX-FEX104 Uplink 3'),(894,247,'e1/45',1,24,'5C838FEE752E',NULL,'vers DC301NX-FEX104 Uplink 4'),(895,247,'e1/46',1,24,'5C838FEE752F',NULL,'vers DC301NX-FEX102 Uplink 1'),(896,247,'e1/47',1,24,'5C838FEE7530',NULL,'vers DC301NX-FEX102 Uplink 2'),(897,247,'e1/48',1,24,'5C838FEE7531',NULL,'DC402NX E1/48 (Intersite)'),(898,247,'e1/49',1,24,'5C838FEE7532',NULL,'DC303NX E1/50'),(899,247,'e1/50',1,24,'5C838FEE7533',NULL,'DC304NX E1/50'),(900,247,'e1/51',1,24,'5C838FEE7534',NULL,''),(901,247,'e1/52',1,24,'5C838FEE7535',NULL,''),(902,247,'e1/53',1,24,'5C838FEE7536',NULL,'vers DC301NX E1/53'),(903,247,'e1/54',1,24,'5C838FEE7537',NULL,'vers DC301NX E1/54'),(918,245,'AC-7',1,16,NULL,NULL,''),(919,245,'e106/1/1',1,24,'DCCEC1FB2462',NULL,'Nutanix SE04E440 Te2-P1'),(920,245,'e106/1/2',1,24,'DCCEC1FB2463',NULL,'Nutanix SE06Q143 Te1-P1'),(921,245,'e106/1/3',1,24,'DCCEC1FB2464',NULL,'Nutanix SE04T077 Te2-P1'),(922,245,'e106/1/4',1,24,'DCCEC1FB2465',NULL,'Nutanix SE06Q143 Te1-P1'),(923,245,'e106/1/5',1,24,'DCCEC1FB2466',NULL,'Nutanix SE06Y803 Te2-P1'),(924,245,'e106/1/6',1,24,'DCCEC1FB2467',NULL,'Nutanix SE06Q143 Te1-P1'),(925,245,'e106/1/7',1,24,'DCCEC1FB2468',NULL,'Nutanix SE07V166 Te2-P1'),(926,245,'e106/1/8',1,24,'DCCEC1FB2469',NULL,'Nutanix SE06Q143 Te1-P1'),(927,245,'e106/1/9',1,24,'DCCEC1FB246A',NULL,'Nutanix SE00S562 Te2-P1'),(928,245,'e106/1/10',1,24,'DCCEC1FB246B',NULL,'Nutanix SE06Q143 Te1-P1'),(929,245,'e106/1/11',1,24,'DCCEC1FB246C',NULL,'Nutanix SE04A407 Te2-P1'),(930,245,'e106/1/12',1,24,'DCCEC1FB246D',NULL,'Nutanix SE06Q143 Te1-P1'),(931,245,'e106/1/13',1,24,'DCCEC1FB246E',NULL,'Nutanix SE05A854 Te2-P1'),(932,245,'e106/1/14',1,24,'DCCEC1FB246F',NULL,'Nutanix SE06Q143 Te1-P1'),(933,245,'e106/1/15',1,24,'DCCEC1FB2470',NULL,'Nutanix SE06Q143 Te2-P1'),(934,245,'e106/1/16',1,24,'DCCEC1FB2471',NULL,'Nutanix SE06Q143 Te1-P1'),(935,245,'e106/1/17',1,24,'DCCEC1FB2472',NULL,'Veeam BKP SW05Q686'),(936,245,'e106/1/18',1,24,'DCCEC1FB2473',NULL,'Serveur Veeam SW08M273 Repository'),(937,245,'e106/1/19',1,24,'DCCEC1FB2474',NULL,'Repo VEEAM SW03P452'),(938,245,'e106/1/20',1,24,'DCCEC1FB2475',NULL,'Nutanix SE00V332'),(939,245,'e106/1/21',1,24,'DCCEC1FB2476',NULL,'Nutanix SE00V332'),(940,245,'e106/1/22',1,24,'DCCEC1FB2477',NULL,'Nutanix SE06S085'),(941,245,'e106/1/23',1,24,'DCCEC1FB2478',NULL,'Nutanix SE06S085'),(942,245,'e106/1/24',1,24,'DCCEC1FB2479',NULL,'SX07V577'),(943,245,'e106/1/25',1,24,'DCCEC1FB247A',NULL,'SX07V577'),(944,245,'e106/1/26',1,24,'DCCEC1FB247B',NULL,'Chassis FX2 Premium PROD'),(945,245,'e106/1/27',1,24,'DCCEC1FB247C',NULL,'Chassis FX2 Premium PROD'),(946,245,'e106/1/28',1,24,'DCCEC1FB247D',NULL,'Chassis FX2 Premium PROD'),(947,245,'e106/1/29',1,24,'DCCEC1FB247E',NULL,'Chassis FX2 Premium PROD'),(948,245,'e106/1/30',1,24,'DCCEC1FB247F',NULL,''),(949,245,'e106/1/31',1,24,'DCCEC1FB2480',NULL,''),(950,245,'e106/1/32',1,24,'DCCEC1FB2481',NULL,''),(951,245,'e106/1/33',1,24,'DCCEC1FB2482',NULL,''),(952,245,'e106/1/34',1,24,'DCCEC1FB2483',NULL,''),(953,245,'e106/1/35',1,24,'DCCEC1FB2484',NULL,''),(954,245,'e106/1/36',1,24,'DCCEC1FB2485',NULL,''),(955,245,'e106/1/37',1,24,'DCCEC1FB2486',NULL,''),(956,245,'e106/1/38',1,24,'DCCEC1FB2487',NULL,''),(957,245,'e106/1/39',1,24,'DCCEC1FB2488',NULL,''),(958,245,'e106/1/40',1,24,'DCCEC1FB2489',NULL,''),(959,245,'e106/1/41',1,24,'DCCEC1FB248A',NULL,''),(960,245,'e106/1/42',1,24,'DCCEC1FB248B',NULL,''),(961,245,'e106/1/43',1,24,'DCCEC1FB248C',NULL,''),(962,245,'e106/1/44',1,24,'DCCEC1FB248D',NULL,''),(963,245,'e106/1/45',1,24,'DCCEC1FB248E',NULL,''),(964,245,'e106/1/46',1,24,'DCCEC1FB248F',NULL,''),(965,245,'e106/1/47',1,24,'DCCEC1FB2490',NULL,''),(966,245,'e106/1/48',1,24,'DCCEC1FB2491',NULL,''),(967,253,'AC-3',1,16,NULL,NULL,''),(968,253,'AC-4',1,16,NULL,NULL,''),(969,253,'e102/1/1',1,24,'A0554FA1E302',NULL,''),(970,253,'e102/1/2',1,24,'A0554FA1E303',NULL,''),(971,253,'e102/1/3',1,24,'A0554FA1E304',NULL,''),(972,253,'e102/1/4',1,24,'A0554FA1E305',NULL,''),(973,253,'e102/1/5',1,24,'A0554FA1E306',NULL,'21B62EV - hmc2'),(974,253,'e102/1/6',1,24,'A0554FA1E307',NULL,'SX03N189 - hmc1 - ADM'),(975,253,'e102/1/7',1,24,'A0554FA1E308',NULL,'SX05H417 - hmc1 - ADM'),(976,253,'e102/1/8',1,24,'A0554FA1E309',NULL,''),(977,253,'e102/1/9',1,24,'A0554FA1E30A',NULL,''),(978,253,'e102/1/10',1,24,'A0554FA1E30B',NULL,'- -'),(979,253,'e102/1/11',1,24,'A0554FA1E30C',NULL,'Boitier E-Invoice PROD PA3'),(980,253,'e102/1/12',1,24,'A0554FA1E30D',NULL,'LIL226NT (IXOS)'),(981,253,'e102/1/13',1,24,'A0554FA1E30E',NULL,'HMC_PA3_Port-1 -  - ADM'),(982,253,'e102/1/14',1,24,'A0554FA1E30F',NULL,'SX01E405 - hmc1 - ADM'),(983,253,'e102/1/15',1,24,'A0554FA1E310',NULL,'- -'),(984,253,'e102/1/16',1,24,'A0554FA1E311',NULL,'- -'),(985,253,'e102/1/17',1,24,'A0554FA1E312',NULL,'SE03U312 vers 104 Front U38-2'),(986,253,'e102/1/18',1,24,'A0554FA1E313',NULL,'NAS Seeding Veeam SLO'),(987,253,'e102/1/19',1,24,'A0554FA1E314',NULL,'SE05R107 - P2'),(988,253,'e102/1/20',1,24,'A0554FA1E315',NULL,'SE01B603 - P2'),(989,253,'e102/1/21',1,24,'A0554FA1E316',NULL,'ESXi DRP SE06B438'),(990,253,'e102/1/22',1,24,'A0554FA1E317',NULL,'SE00E726'),(991,253,'e102/1/23',1,24,'A0554FA1E318',NULL,'SX05R532-P8-HMC2'),(992,253,'e102/1/24',1,24,'A0554FA1E319',NULL,'SX04P280 - port-hmc2 - ADM'),(993,253,'e102/1/25',1,24,'A0554FA1E31A',NULL,'SW07L878 - CU2 - PROD'),(994,253,'e102/1/26',1,24,'A0554FA1E31B',NULL,'SW02F744 - CU2 - PROD'),(995,253,'e102/1/27',1,24,'A0554FA1E31C',NULL,'SX07V577-HMC2'),(996,253,'e102/1/28',1,24,'A0554FA1E31D',NULL,''),(997,253,'e102/1/29',1,24,'A0554FA1E31E',NULL,''),(998,253,'e102/1/30',1,24,'A0554FA1E31F',NULL,''),(999,253,'e102/1/31',1,24,'A0554FA1E320',NULL,''),(1000,253,'e102/1/32',1,24,'A0554FA1E321',NULL,''),(1001,253,'e102/1/33',1,24,'A0554FA1E322',NULL,'LIL240NT - CU2 - PROD'),(1002,253,'e102/1/34',1,24,'A0554FA1E323',NULL,''),(1003,253,'e102/1/35',1,24,'A0554FA1E324',NULL,''),(1004,253,'e102/1/36',1,24,'A0554FA1E325',NULL,''),(1005,253,'e102/1/37',1,24,'A0554FA1E326',NULL,''),(1006,253,'e102/1/38',1,24,'A0554FA1E327',NULL,'BackupV SW05Q686 Teaming Server'),(1007,253,'e102/1/39',1,24,'A0554FA1E328',NULL,'DD2500 M:2'),(1008,253,'e102/1/40',1,24,'A0554FA1E329',NULL,'DD25V-PA3-ethMa - M:0 - OOB-INBAND!'),(1009,253,'e102/1/41',1,24,'A0554FA1E32A',NULL,'BackupV SW09B993 CU1B'),(1010,253,'e102/1/42',1,24,'A0554FA1E32B',NULL,'BackupV SW08P973 CU1B'),(1011,253,'e102/1/43',1,24,'A0554FA1E32C',NULL,'SX03V579 - hmc2 - ADM'),(1012,253,'e102/1/44',1,24,'A0554FA1E32D',NULL,'SX03A643 - hmc2 - ADM'),(1013,253,'e102/1/45',1,24,'A0554FA1E32E',NULL,'SX06T649 - hmc2 - ADM'),(1014,253,'e102/1/46',1,24,'A0554FA1E32F',NULL,'- -'),(1015,253,'e102/1/47',1,24,'A0554FA1E330',NULL,'- -'),(1016,253,'e102/1/48',1,24,'A0554FA1E331',NULL,''),(1017,255,'AC-3',1,16,NULL,NULL,''),(1018,255,'AC-4',1,16,NULL,NULL,''),(1019,255,'e104/1/1',1,24,'40A6E8D44B42',NULL,'exaadb01 - NET3 - 10G RJ45'),(1020,255,'e104/1/2',1,24,'40A6E8D44B43',NULL,'exaadb02 - NET3 - 10G RJ45'),(1021,255,'e104/1/3',1,24,'40A6E8D44B44',NULL,'exaadb03 - NET3 - 10G RJ45'),(1022,255,'e104/1/4',1,24,'40A6E8D44B45',NULL,'netbackup SL00J055 - ETH0 - 10G RJ45'),(1023,255,'e104/1/5',1,24,'40A6E8D44B46',NULL,'DD2500 M:5'),(1024,255,'e104/1/6',1,24,'40A6E8D44B47',NULL,'NAS SYNOLOGY1 - CU2 - PROD'),(1025,255,'e104/1/7',1,24,'40A6E8D44B48',NULL,'NAS SYNOLOGY2 - CU2 - PROD'),(1026,255,'e104/1/8',1,24,'40A6E8D44B49',NULL,''),(1027,255,'e104/1/9',1,24,'40A6E8D44B4A',NULL,'21B62EV'),(1028,255,'e104/1/10',1,24,'40A6E8D44B4B',NULL,'SX03V173 - C7-port3 - PROD'),(1029,255,'e104/1/11',1,24,'40A6E8D44B4C',NULL,'SX03N189 - C7-port3 - PROD'),(1030,255,'e104/1/12',1,24,'40A6E8D44B4D',NULL,'SX03V579 - C7-port3 - PROD'),(1031,255,'e104/1/13',1,24,'40A6E8D44B4E',NULL,'SX04P280 - C7-port3 - PROD'),(1032,255,'e104/1/14',1,24,'40A6E8D44B4F',NULL,'SX05R532 - C7-port3 - PROD'),(1033,255,'e104/1/15',1,24,'40A6E8D44B50',NULL,'P8-S824 214D15W-C7-port3 admin VIOS'),(1034,255,'e104/1/16',1,24,'40A6E8D44B51',NULL,'SX06T649 - C7-port3 - PROD'),(1035,255,'e104/1/17',1,24,'40A6E8D44B52',NULL,'SL04V759 - em2'),(1036,255,'e104/1/18',1,24,'40A6E8D44B53',NULL,'SL04V759 - p3p2'),(1037,255,'e104/1/19',1,24,'40A6E8D44B54',NULL,'ESXi DFS-R SE04W646'),(1038,255,'e104/1/20',1,24,'40A6E8D44B55',NULL,''),(1039,255,'e104/1/21',1,24,'40A6E8D44B56',NULL,'SL06T532-em2'),(1040,255,'e104/1/22',1,24,'40A6E8D44B57',NULL,'SL06T532-p3p2'),(1041,255,'e104/1/23',1,24,'40A6E8D44B58',NULL,'SL08D916.seb.com'),(1042,255,'e104/1/24',1,24,'40A6E8D44B59',NULL,'SL06F196.seb.com'),(1043,255,'e104/1/25',1,24,'40A6E8D44B5A',NULL,'SL09R128.seb.com'),(1044,255,'e104/1/26',1,24,'40A6E8D44B5B',NULL,'SL08F994.seb.com'),(1045,255,'e104/1/27',1,24,'40A6E8D44B5C',NULL,'SL01G054.seb.com'),(1046,255,'e104/1/28',1,24,'40A6E8D44B5D',NULL,'SL01N141.seb.com'),(1047,255,'e104/1/29',1,24,'40A6E8D44B5E',NULL,''),(1048,255,'e104/1/30',1,24,'40A6E8D44B5F',NULL,''),(1049,255,'e104/1/31',1,24,'40A6E8D44B60',NULL,''),(1050,255,'e104/1/32',1,24,'40A6E8D44B61',NULL,''),(1088,251,'AC-1',1,16,NULL,NULL,''),(1089,251,'con0',1,29,NULL,NULL,''),(1090,251,'AC-in',1,16,NULL,NULL,''),(1091,251,'gi1/0/1',1,24,'AC7E8A374181',NULL,''),(1092,251,'gi1/0/2',1,24,'AC7E8A374182',NULL,''),(1093,251,'gi1/0/3',1,24,'AC7E8A374183',NULL,''),(1094,251,'gi1/0/4',1,24,'AC7E8A374184',NULL,''),(1095,251,'gi1/0/5',1,24,'AC7E8A374185',NULL,''),(1096,251,'gi1/0/6',1,24,'AC7E8A374186',NULL,''),(1097,251,'gi1/0/7',1,24,'AC7E8A374187',NULL,'DC304SW-1 Gig0/0 OOB'),(1098,251,'gi1/0/8',1,24,'AC7E8A374188',NULL,''),(1099,251,'gi1/0/9',1,24,'AC7E8A374189',NULL,''),(1100,251,'gi1/0/10',1,24,'AC7E8A37418A',NULL,''),(1101,251,'gi1/0/11',1,24,'AC7E8A37418B',NULL,''),(1102,251,'gi1/0/12',1,24,'AC7E8A37418C',NULL,''),(1103,251,'gi1/0/13',1,24,'AC7E8A37418D',NULL,''),(1104,251,'gi1/0/14',1,24,'AC7E8A37418E',NULL,''),(1105,251,'gi1/0/15',1,24,'AC7E8A37418F',NULL,''),(1106,251,'gi1/0/16',1,24,'AC7E8A374190',NULL,''),(1107,251,'gi1/0/17',1,24,'AC7E8A374191',NULL,''),(1108,251,'gi1/0/18',1,24,'AC7E8A374192',NULL,''),(1109,251,'gi1/0/19',1,24,'AC7E8A374193',NULL,''),(1110,251,'gi1/0/20',1,24,'AC7E8A374194',NULL,''),(1111,251,'gi1/0/21',1,24,'AC7E8A374195',NULL,''),(1112,251,'gi1/0/22',1,24,'AC7E8A374196',NULL,''),(1113,251,'gi1/0/23',1,24,'AC7E8A374197',NULL,''),(1114,251,'gi1/0/24',1,24,'AC7E8A374198',NULL,''),(1115,251,'gi1/0/25',1,24,'AC7E8A374199',NULL,''),(1116,251,'gi1/0/26',1,24,'AC7E8A37419A',NULL,''),(1117,251,'gi1/0/27',1,24,'AC7E8A37419B',NULL,''),(1118,251,'gi1/0/28',1,24,'AC7E8A37419C',NULL,''),(1119,251,'gi1/0/29',1,24,'AC7E8A37419D',NULL,''),(1120,251,'gi1/0/30',1,24,'AC7E8A37419E',NULL,''),(1121,251,'gi1/0/31',1,24,'AC7E8A37419F',NULL,''),(1122,251,'gi1/0/32',1,24,'AC7E8A3741A0',NULL,''),(1123,251,'gi1/0/33',1,24,'AC7E8A3741A1',NULL,''),(1124,251,'gi1/0/34',1,24,'AC7E8A3741A2',NULL,''),(1125,251,'gi1/0/35',1,24,'AC7E8A3741A3',NULL,''),(1126,251,'gi1/0/36',1,24,'AC7E8A3741A4',NULL,''),(1127,251,'gi1/0/37',1,24,'AC7E8A3741A5',NULL,'DC304RT Gi0/1 CPE OOB OBS'),(1128,251,'gi1/0/38',1,24,'AC7E8A3741A6',NULL,'DC302FW Gi0/2 HA VLAN 997'),(1129,251,'gi1/0/39',1,24,'AC7E8A3741A7',NULL,''),(1130,251,'gi1/0/40',1,24,'AC7E8A3741A8',NULL,'DC301TS (OpenGear Terminal Server)'),(1131,251,'gi1/0/41',1,24,'AC7E8A3741A9',NULL,'DC301NX mgmt0 OOB'),(1132,251,'gi1/0/42',1,24,'AC7E8A3741AA',NULL,'DC302NX mgmt0 OOB'),(1133,251,'gi1/0/43',1,24,'AC7E8A3741AB',NULL,'DC301FW mgmt0/0 Primaire 5585X'),(1134,251,'gi1/0/44',1,24,'AC7E8A3741AC',NULL,'DC301FW mgmt1/0 IPS'),(1135,251,'gi1/0/45',1,24,'AC7E8A3741AD',NULL,''),(1136,251,'gi1/0/46',1,24,'AC7E8A3741AE',NULL,'DC301SW Fas 0 OOB'),(1137,251,'gi1/0/47',1,24,'AC7E8A3741AF',NULL,'DC301SW Gig 1/0/4 Intersite Extension L2 VLAN 20'),(1138,251,'gi1/0/48',1,24,'AC7E8A3741B0',NULL,'DC302FW Gi0/0 (FW OOB Primaire)'),(1139,251,'gi1/0/49',1,24,'AC7E8A3741B1',NULL,''),(1140,251,'gi1/0/50',1,24,'AC7E8A3741B2',NULL,''),(1141,251,'gi1/0/51',1,24,'AC7E8A3741B3',NULL,''),(1142,251,'gi1/0/52',1,24,'AC7E8A3741B4',NULL,'DC402SW-OOB Gi1/0/52 (Intersite)'),(1143,250,'AC-2',1,16,NULL,NULL,''),(1144,250,'con0',1,29,NULL,NULL,''),(1145,250,'AC-in',1,16,NULL,NULL,''),(1146,250,'gi2/0/1',1,24,'0041D2BB0301',NULL,''),(1147,250,'gi2/0/2',1,24,'0041D2BB0302',NULL,''),(1148,250,'gi2/0/3',1,24,'0041D2BB0303',NULL,''),(1149,250,'gi2/0/4',1,24,'0041D2BB0304',NULL,''),(1150,250,'gi2/0/5',1,24,'0041D2BB0305',NULL,''),(1151,250,'gi2/0/6',1,24,'0041D2BB0306',NULL,'IDRAC Veeam Vaulting'),(1152,250,'gi2/0/7',1,24,'0041D2BB0307',NULL,'DC304SW-2 Gig0/0 OOB'),(1153,250,'gi2/0/8',1,24,'0041D2BB0308',NULL,''),(1154,250,'gi2/0/9',1,24,'0041D2BB0309',NULL,''),(1155,250,'gi2/0/10',1,24,'0041D2BB030A',NULL,''),(1156,250,'gi2/0/11',1,24,'0041D2BB030B',NULL,''),(1157,250,'gi2/0/12',1,24,'0041D2BB030C',NULL,''),(1158,250,'gi2/0/13',1,24,'0041D2BB030D',NULL,''),(1159,250,'gi2/0/14',1,24,'0041D2BB030E',NULL,''),(1160,250,'gi2/0/15',1,24,'0041D2BB030F',NULL,''),(1161,250,'gi2/0/16',1,24,'0041D2BB0310',NULL,''),(1162,250,'gi2/0/17',1,24,'0041D2BB0311',NULL,''),(1163,250,'gi2/0/18',1,24,'0041D2BB0312',NULL,''),(1164,250,'gi2/0/19',1,24,'0041D2BB0313',NULL,''),(1165,250,'gi2/0/20',1,24,'0041D2BB0314',NULL,''),(1166,250,'gi2/0/21',1,24,'0041D2BB0315',NULL,''),(1167,250,'gi2/0/22',1,24,'0041D2BB0316',NULL,''),(1168,250,'gi2/0/23',1,24,'0041D2BB0317',NULL,''),(1169,250,'gi2/0/24',1,24,'0041D2BB0318',NULL,''),(1170,250,'gi2/0/25',1,24,'0041D2BB0319',NULL,''),(1171,250,'gi2/0/26',1,24,'0041D2BB031A',NULL,'Chassis FX2 Premium CMC'),(1172,250,'gi2/0/27',1,24,'0041D2BB031B',NULL,'Chassis FX2 Premium CMC'),(1173,250,'gi2/0/28',1,24,'0041D2BB031C',NULL,''),(1174,250,'gi2/0/29',1,24,'0041D2BB031D',NULL,''),(1175,250,'gi2/0/30',1,24,'0041D2BB031E',NULL,''),(1176,250,'gi2/0/31',1,24,'0041D2BB031F',NULL,''),(1177,250,'gi2/0/32',1,24,'0041D2BB0320',NULL,''),(1178,250,'gi2/0/33',1,24,'0041D2BB0321',NULL,''),(1179,250,'gi2/0/34',1,24,'0041D2BB0322',NULL,''),(1180,250,'gi2/0/35',1,24,'0041D2BB0323',NULL,''),(1181,250,'gi2/0/36',1,24,'0041D2BB0324',NULL,''),(1182,250,'gi2/0/37',1,24,'0041D2BB0325',NULL,'DC304RT Gi0/2 CPE OOB OBS (Backup)'),(1183,250,'gi2/0/38',1,24,'0041D2BB0326',NULL,'DC302FW Gi0/3 HA backup VLAN 997'),(1184,250,'gi2/0/39',1,24,'0041D2BB0327',NULL,''),(1185,250,'gi2/0/40',1,24,'0041D2BB0328',NULL,''),(1186,250,'gi2/0/41',1,24,'0041D2BB0329',NULL,''),(1187,250,'gi2/0/42',1,24,'0041D2BB032A',NULL,''),(1188,250,'gi2/0/43',1,24,'0041D2BB032B',NULL,''),(1189,250,'gi2/0/44',1,24,'0041D2BB032C',NULL,''),(1190,250,'gi2/0/45',1,24,'0041D2BB032D',NULL,''),(1191,250,'gi2/0/46',1,24,'0041D2BB032E',NULL,''),(1192,250,'gi2/0/47',1,24,'0041D2BB032F',NULL,''),(1193,250,'gi2/0/48',1,24,'0041D2BB0330',NULL,'DC302FW Gi0/1 (FW OOB Primaire)'),(1194,250,'gi2/0/49',1,24,'0041D2BB0331',NULL,''),(1195,250,'gi2/0/50',1,24,'0041D2BB0332',NULL,''),(1196,250,'gi2/0/51',1,24,'0041D2BB0333',NULL,''),(1197,250,'gi2/0/52',1,24,'0041D2BB0334',NULL,'DC402SW-OOB Gi2/0/52 (Intersite)'),(1198,321,'AC-1',1,16,NULL,NULL,''),(1199,321,'con0',1,29,NULL,NULL,''),(1200,321,'AC-in',1,16,NULL,NULL,''),(1201,321,'gi1/0/1',1,24,'AC7E8A379481',NULL,''),(1202,321,'gi1/0/2',1,24,'AC7E8A379482',NULL,''),(1203,321,'gi1/0/3',1,24,'AC7E8A379483',NULL,''),(1204,321,'gi1/0/4',1,24,'AC7E8A379484',NULL,''),(1205,321,'gi1/0/5',1,24,'AC7E8A379485',NULL,''),(1206,321,'gi1/0/6',1,24,'AC7E8A379486',NULL,''),(1207,321,'gi1/0/7',1,24,'AC7E8A379487',NULL,'DC404SW-1 Gig0/0 OOB'),(1208,321,'gi1/0/8',1,24,'AC7E8A379488',NULL,''),(1209,321,'gi1/0/9',1,24,'AC7E8A379489',NULL,''),(1210,321,'gi1/0/10',1,24,'AC7E8A37948A',NULL,''),(1211,321,'gi1/0/11',1,24,'AC7E8A37948B',NULL,''),(1212,321,'gi1/0/12',1,24,'AC7E8A37948C',NULL,''),(1213,321,'gi1/0/13',1,24,'AC7E8A37948D',NULL,''),(1214,321,'gi1/0/14',1,24,'AC7E8A37948E',NULL,''),(1215,321,'gi1/0/15',1,24,'AC7E8A37948F',NULL,''),(1216,321,'gi1/0/16',1,24,'AC7E8A379490',NULL,''),(1217,321,'gi1/0/17',1,24,'AC7E8A379491',NULL,''),(1218,321,'gi1/0/18',1,24,'AC7E8A379492',NULL,''),(1219,321,'gi1/0/19',1,24,'AC7E8A379493',NULL,''),(1220,321,'gi1/0/20',1,24,'AC7E8A379494',NULL,''),(1221,321,'gi1/0/21',1,24,'AC7E8A379495',NULL,''),(1222,321,'gi1/0/22',1,24,'AC7E8A379496',NULL,''),(1223,321,'gi1/0/23',1,24,'AC7E8A379497',NULL,''),(1224,321,'gi1/0/24',1,24,'AC7E8A379498',NULL,''),(1225,321,'gi1/0/25',1,24,'AC7E8A379499',NULL,''),(1226,321,'gi1/0/26',1,24,'AC7E8A37949A',NULL,''),(1227,321,'gi1/0/27',1,24,'AC7E8A37949B',NULL,''),(1228,321,'gi1/0/28',1,24,'AC7E8A37949C',NULL,''),(1229,321,'gi1/0/29',1,24,'AC7E8A37949D',NULL,''),(1230,321,'gi1/0/30',1,24,'AC7E8A37949E',NULL,''),(1231,321,'gi1/0/31',1,24,'AC7E8A37949F',NULL,''),(1232,321,'gi1/0/32',1,24,'AC7E8A3794A0',NULL,''),(1233,321,'gi1/0/33',1,24,'AC7E8A3794A1',NULL,''),(1234,321,'gi1/0/34',1,24,'AC7E8A3794A2',NULL,''),(1235,321,'gi1/0/35',1,24,'AC7E8A3794A3',NULL,''),(1236,321,'gi1/0/36',1,24,'AC7E8A3794A4',NULL,''),(1237,321,'gi1/0/37',1,24,'AC7E8A3794A5',NULL,'DC404RT Gi0/1 CPE OOB OBS'),(1238,321,'gi1/0/38',1,24,'AC7E8A3794A6',NULL,'DC402FW Gi0/2 HA VLAN 997'),(1239,321,'gi1/0/39',1,24,'AC7E8A3794A7',NULL,''),(1240,321,'gi1/0/40',1,24,'AC7E8A3794A8',NULL,'DC401TS (OpenGear Terminal Server)'),(1241,321,'gi1/0/41',1,24,'AC7E8A3794A9',NULL,'DC401NX mgmt0 OOB'),(1242,321,'gi1/0/42',1,24,'AC7E8A3794AA',NULL,'DC402NX mgmt0 OOB'),(1243,321,'gi1/0/43',1,24,'AC7E8A3794AB',NULL,'DC401FW mgmt0/0 Secondaire 5585X'),(1244,321,'gi1/0/44',1,24,'AC7E8A3794AC',NULL,'DC401FW mgmt1/0 IPS'),(1245,321,'gi1/0/45',1,24,'AC7E8A3794AD',NULL,''),(1246,321,'gi1/0/46',1,24,'AC7E8A3794AE',NULL,'DC401SW Fas 0 OOB'),(1247,321,'gi1/0/47',1,24,'AC7E8A3794AF',NULL,'DC401SW Gig 1/0/4 Intersite Extension L2 VLAN 20'),(1248,321,'gi1/0/48',1,24,'AC7E8A3794B0',NULL,'DC402FW Gi0/0 (FW OOB Secondaire)'),(1249,321,'gi1/0/49',1,24,'AC7E8A3794B1',NULL,''),(1250,321,'gi1/0/50',1,24,'AC7E8A3794B2',NULL,''),(1251,321,'gi1/0/51',1,24,'AC7E8A3794B3',NULL,''),(1252,321,'gi1/0/52',1,24,'AC7E8A3794B4',NULL,'DC302SW-OOB Gi1/0/52 (Intersite)'),(1253,320,'AC-2',1,16,NULL,NULL,''),(1254,320,'con0',1,29,NULL,NULL,''),(1255,320,'AC-in',1,16,NULL,NULL,''),(1256,320,'gi2/0/1',1,24,'0041D2BA8D01',NULL,''),(1257,320,'gi2/0/2',1,24,'0041D2BA8D02',NULL,''),(1258,320,'gi2/0/3',1,24,'0041D2BA8D03',NULL,''),(1259,320,'gi2/0/4',1,24,'0041D2BA8D04',NULL,''),(1260,320,'gi2/0/5',1,24,'0041D2BA8D05',NULL,''),(1261,320,'gi2/0/6',1,24,'0041D2BA8D06',NULL,''),(1262,320,'gi2/0/7',1,24,'0041D2BA8D07',NULL,'DC404SW-2 Gig0/0 OOB'),(1263,320,'gi2/0/8',1,24,'0041D2BA8D08',NULL,''),(1264,320,'gi2/0/9',1,24,'0041D2BA8D09',NULL,''),(1265,320,'gi2/0/10',1,24,'0041D2BA8D0A',NULL,''),(1266,320,'gi2/0/11',1,24,'0041D2BA8D0B',NULL,''),(1267,320,'gi2/0/12',1,24,'0041D2BA8D0C',NULL,''),(1268,320,'gi2/0/13',1,24,'0041D2BA8D0D',NULL,''),(1269,320,'gi2/0/14',1,24,'0041D2BA8D0E',NULL,''),(1270,320,'gi2/0/15',1,24,'0041D2BA8D0F',NULL,''),(1271,320,'gi2/0/16',1,24,'0041D2BA8D10',NULL,''),(1272,320,'gi2/0/17',1,24,'0041D2BA8D11',NULL,''),(1273,320,'gi2/0/18',1,24,'0041D2BA8D12',NULL,''),(1274,320,'gi2/0/19',1,24,'0041D2BA8D13',NULL,''),(1275,320,'gi2/0/20',1,24,'0041D2BA8D14',NULL,''),(1276,320,'gi2/0/21',1,24,'0041D2BA8D15',NULL,''),(1277,320,'gi2/0/22',1,24,'0041D2BA8D16',NULL,''),(1278,320,'gi2/0/23',1,24,'0041D2BA8D17',NULL,''),(1279,320,'gi2/0/24',1,24,'0041D2BA8D18',NULL,''),(1280,320,'gi2/0/25',1,24,'0041D2BA8D19',NULL,''),(1281,320,'gi2/0/26',1,24,'0041D2BA8D1A',NULL,'Chassis FX2 Premium CMC'),(1282,320,'gi2/0/27',1,24,'0041D2BA8D1B',NULL,'Chassis FX2 Premium CMC'),(1283,320,'gi2/0/28',1,24,'0041D2BA8D1C',NULL,''),(1284,320,'gi2/0/29',1,24,'0041D2BA8D1D',NULL,''),(1285,320,'gi2/0/30',1,24,'0041D2BA8D1E',NULL,''),(1286,320,'gi2/0/31',1,24,'0041D2BA8D1F',NULL,''),(1287,320,'gi2/0/32',1,24,'0041D2BA8D20',NULL,''),(1288,320,'gi2/0/33',1,24,'0041D2BA8D21',NULL,''),(1289,320,'gi2/0/34',1,24,'0041D2BA8D22',NULL,''),(1290,320,'gi2/0/35',1,24,'0041D2BA8D23',NULL,''),(1291,320,'gi2/0/36',1,24,'0041D2BA8D24',NULL,''),(1292,320,'gi2/0/37',1,24,'0041D2BA8D25',NULL,'DC404RT Gi0/2 CPE OOB OBS (Backup)'),(1293,320,'gi2/0/38',1,24,'0041D2BA8D26',NULL,'DC402FW Gi0/3 HA backup VLAN 997'),(1294,320,'gi2/0/39',1,24,'0041D2BA8D27',NULL,''),(1295,320,'gi2/0/40',1,24,'0041D2BA8D28',NULL,''),(1296,320,'gi2/0/41',1,24,'0041D2BA8D29',NULL,''),(1297,320,'gi2/0/42',1,24,'0041D2BA8D2A',NULL,''),(1298,320,'gi2/0/43',1,24,'0041D2BA8D2B',NULL,''),(1299,320,'gi2/0/44',1,24,'0041D2BA8D2C',NULL,''),(1300,320,'gi2/0/45',1,24,'0041D2BA8D2D',NULL,''),(1301,320,'gi2/0/46',1,24,'0041D2BA8D2E',NULL,''),(1302,320,'gi2/0/47',1,24,'0041D2BA8D2F',NULL,''),(1303,320,'gi2/0/48',1,24,'0041D2BA8D30',NULL,'DC402FW Gi0/1 (FW OOB Secondaire)'),(1304,320,'gi2/0/49',1,24,'0041D2BA8D31',NULL,''),(1305,320,'gi2/0/50',1,24,'0041D2BA8D32',NULL,''),(1306,320,'gi2/0/51',1,24,'0041D2BA8D33',NULL,''),(1307,320,'gi2/0/52',1,24,'0041D2BA8D34',NULL,'DC302SW-OOB Gi2/0/52 (Intersite)'),(1308,248,'AC-1',1,16,NULL,NULL,''),(1309,248,'AC-2',1,16,NULL,NULL,''),(1310,248,'con0',1,29,NULL,NULL,''),(1311,248,'AC-in',1,16,NULL,NULL,''),(1312,248,'te1/0/1',1,24,'DCCEC1983681',NULL,'Nutanix SE00E821 Te1-P1'),(1313,248,'te1/0/2',1,24,'DCCEC1983682',NULL,''),(1314,248,'te1/0/3',1,24,'DCCEC1983683',NULL,'Nutanix SE07R689 Te1-P1'),(1315,248,'te1/0/4',1,24,'DCCEC1983684',NULL,''),(1316,248,'te1/0/5',1,24,'DCCEC1983685',NULL,'Nutanix SE02W444 Te1-P1'),(1317,248,'te1/0/6',1,24,'DCCEC1983686',NULL,'Nutanix SE02W444 Te2-P2'),(1318,248,'te1/0/7',1,24,'DCCEC1983687',NULL,'TEST'),(1319,248,'te1/0/8',1,24,'DCCEC1983688',NULL,'Compellent Premium Mgmt'),(1320,248,'te1/0/9',1,24,'DCCEC1983689',NULL,''),(1321,248,'te1/0/10',1,24,'DCCEC198368A',NULL,'DELL_Compellent'),(1322,248,'te1/0/11',1,24,'DCCEC198368B',NULL,'DC301FW Te0/6'),(1328,249,'AC-3',1,16,NULL,NULL,''),(1329,249,'AC-4',1,16,NULL,NULL,''),(1330,249,'con0',1,29,NULL,NULL,''),(1331,249,'AC-in',1,16,NULL,NULL,''),(1332,249,'te2/0/1',1,24,'DCCEC1912681',NULL,'Nutanix SE00E821 Te2-P2'),(1333,249,'te2/0/2',1,24,'DCCEC1912682',NULL,''),(1334,249,'te2/0/3',1,24,'DCCEC1912683',NULL,'Nutanix SE07R689 Te2-P2'),(1335,249,'te2/0/4',1,24,'DCCEC1912684',NULL,''),(1336,249,'te2/0/5',1,24,'DCCEC1912685',NULL,''),(1337,249,'te2/0/6',1,24,'DCCEC1912686',NULL,''),(1338,249,'te2/0/7',1,24,'DCCEC1912687',NULL,''),(1339,249,'te2/0/8',1,24,'DCCEC1912688',NULL,'Compellent Premium Mgmt'),(1340,249,'te2/0/9',1,24,'DCCEC1912689',NULL,''),(1341,249,'te2/0/10',1,24,'DCCEC191268A',NULL,'DELL_Compellent'),(1342,249,'te2/0/11',1,24,'DCCEC191268B',NULL,'DC301FW Te1/6'),(1343,249,'te2/0/12',1,24,'DCCEC191268C',NULL,'DC404SW Te2/0/12 (Inter-sites)'),(1348,277,'AC-1',1,16,NULL,NULL,''),(1349,277,'AC-2',1,16,NULL,NULL,''),(1350,277,'con0',1,29,NULL,NULL,''),(1351,277,'AC-in',1,16,NULL,NULL,''),(1352,277,'te1/0/1',1,24,'DCCEC1983601',NULL,'Nutanix SE03C255 Te1-P1'),(1353,277,'te1/0/2',1,24,'DCCEC1983602',NULL,''),(1354,277,'te1/0/3',1,24,'DCCEC1983603',NULL,'Nutanix SE09P421 Te1-P1'),(1355,277,'te1/0/4',1,24,'DCCEC1983604',NULL,''),(1356,277,'te1/0/5',1,24,'DCCEC1983605',NULL,'Nutanix SE05Z023 Te1-P1'),(1357,277,'te1/0/6',1,24,'DCCEC1983606',NULL,'Nutanix SE05Z023 Te2-P2'),(1358,277,'te1/0/7',1,24,'DCCEC1983607',NULL,'Interco C-Storage vers RAD PP:0105:209718'),(1359,277,'te1/0/8',1,24,'DCCEC1983608',NULL,'Compellent Premium Mgmt'),(1360,277,'te1/0/9',1,24,'DCCEC1983609',NULL,''),(1361,277,'te1/0/10',1,24,'DCCEC198360A',NULL,'DELL_Compellent'),(1362,277,'te1/0/11',1,24,'DCCEC198360B',NULL,'DC401FW Te0/6'),(1363,277,'te1/0/12',1,24,'DCCEC198360C',NULL,'DC404SW Te1/0/12 (Inter-sites)'),(1368,278,'AC-3',1,16,NULL,NULL,''),(1369,278,'AC-4',1,16,NULL,NULL,''),(1370,278,'con0',1,29,NULL,NULL,''),(1371,278,'AC-in',1,16,NULL,NULL,''),(1372,278,'te2/0/1',1,24,'DCCEC191A901',NULL,'Nutanix SE03C255 Te2-P2'),(1373,278,'te2/0/2',1,24,'DCCEC191A902',NULL,''),(1374,278,'te2/0/3',1,24,'DCCEC191A903',NULL,'Nutanix SE09P421 Te2-P2'),(1375,278,'te2/0/4',1,24,'DCCEC191A904',NULL,''),(1376,278,'te2/0/5',1,24,'DCCEC191A905',NULL,''),(1377,278,'te2/0/6',1,24,'DCCEC191A906',NULL,''),(1378,278,'te2/0/7',1,24,'DCCEC191A907',NULL,''),(1379,278,'te2/0/8',1,24,'DCCEC191A908',NULL,'Compellent Premium Mgmt'),(1380,278,'te2/0/9',1,24,'DCCEC191A909',NULL,''),(1381,278,'te2/0/10',1,24,'DCCEC191A90A',NULL,'DELL_Compellent'),(1382,278,'te2/0/11',1,24,'DCCEC191A90B',NULL,'DC401FW Te1/6'),(1383,278,'te2/0/12',1,24,'DCCEC191A90C',NULL,'DC404SW Te2/0/12 (Inter-sites)'),(1389,248,'te1/0/12',1,24,'DCCEC198368C',NULL,'DC404SW Te1/0/12 (Inter-sites)'),(1432,370,'Prise 1',1,1322,NULL,NULL,'1'),(1433,370,'Prise 2',1,1322,NULL,NULL,'2'),(1434,370,'Prise 3',1,1322,NULL,NULL,'3'),(1435,370,'Prise 4',1,1322,NULL,NULL,'4'),(1436,370,'Prise 5',1,1322,NULL,NULL,'5'),(1437,370,'Prise 6',1,1322,NULL,NULL,'6'),(1438,370,'Prise 7',1,1322,NULL,NULL,'7'),(1439,370,'Prise 8',1,1322,NULL,NULL,'8'),(1440,370,'Prise 9',1,1322,NULL,NULL,'9'),(1441,370,'Prise 10',1,1322,NULL,NULL,'10'),(1442,370,'Prise 11',1,1322,NULL,NULL,'11'),(1443,370,'Prise 12',1,1322,NULL,NULL,'12'),(1444,370,'Prise 13',1,1322,NULL,NULL,'13'),(1445,370,'Prise 14',1,1322,NULL,NULL,'14'),(1446,391,'Prise 1',1,1322,NULL,NULL,'1'),(1447,391,'Prise 2',1,1322,NULL,NULL,'2'),(1448,391,'Prise 3',1,1322,NULL,NULL,'3'),(1449,391,'Prise 4',1,1322,NULL,NULL,'4'),(1450,391,'Prise 5',1,1322,NULL,NULL,'5'),(1451,391,'Prise 6',1,1322,NULL,NULL,'6'),(1452,391,'Prise 7',1,1322,NULL,NULL,'7'),(1453,391,'Prise 8',1,1322,NULL,NULL,'8'),(1454,391,'Prise 9',1,1322,NULL,NULL,'9'),(1455,391,'Prise 10',1,1322,NULL,NULL,'10'),(1456,391,'Prise 11',1,1322,NULL,NULL,'11'),(1457,391,'Prise 12',1,1322,NULL,NULL,'12'),(1458,391,'Prise 13',1,1322,NULL,NULL,'13'),(1459,391,'Prise 14',1,1322,NULL,NULL,'14'),(1460,392,'Prise 1',1,1322,NULL,NULL,'1'),(1461,392,'Prise 2',1,1322,NULL,NULL,'2'),(1462,392,'Prise 3',1,1322,NULL,NULL,'3'),(1463,392,'Prise 4',1,1322,NULL,NULL,'4'),(1464,392,'Prise 5',1,1322,NULL,NULL,'5'),(1465,392,'Prise 6',1,1322,NULL,NULL,'6'),(1466,392,'Prise 7',1,1322,NULL,NULL,'7'),(1467,392,'Prise 8',1,1322,NULL,NULL,'8'),(1468,392,'Prise 9',1,1322,NULL,NULL,'9'),(1469,392,'Prise 10',1,1322,NULL,NULL,'10'),(1470,392,'Prise 11',1,1322,NULL,NULL,'11'),(1471,392,'Prise 12',1,1322,NULL,NULL,'12'),(1472,392,'Prise 13',1,1322,NULL,NULL,'13'),(1473,392,'Prise 14',1,1322,NULL,NULL,'14'),(1474,393,'Prise 1',1,1322,NULL,NULL,'1'),(1475,393,'Prise 2',1,1322,NULL,NULL,'2'),(1476,393,'Prise 3',1,1322,NULL,NULL,'3'),(1477,393,'Prise 4',1,1322,NULL,NULL,'4'),(1478,393,'Prise 5',1,1322,NULL,NULL,'5'),(1479,393,'Prise 6',1,1322,NULL,NULL,'6'),(1480,393,'Prise 7',1,1322,NULL,NULL,'7'),(1481,393,'Prise 8',1,1322,NULL,NULL,'8'),(1482,393,'Prise 9',1,1322,NULL,NULL,'9'),(1483,393,'Prise 10',1,1322,NULL,NULL,'10'),(1484,393,'Prise 11',1,1322,NULL,NULL,'11'),(1485,393,'Prise 12',1,1322,NULL,NULL,'12'),(1486,393,'Prise 13',1,1322,NULL,NULL,'13'),(1487,393,'Prise 14',1,1322,NULL,NULL,'14'),(1488,394,'Prise 1',1,1322,NULL,NULL,'1'),(1489,394,'Prise 2',1,1322,NULL,NULL,'2'),(1490,394,'Prise 3',1,1322,NULL,NULL,'3'),(1491,394,'Prise 4',1,1322,NULL,NULL,'4'),(1492,394,'Prise 5',1,1322,NULL,NULL,'5'),(1493,394,'Prise 6',1,1322,NULL,NULL,'6'),(1494,394,'Prise 7',1,1322,NULL,NULL,'7'),(1495,394,'Prise 8',1,1322,NULL,NULL,'8'),(1496,394,'Prise 9',1,1322,NULL,NULL,'9'),(1497,394,'Prise 10',1,1322,NULL,NULL,'10'),(1498,394,'Prise 11',1,1322,NULL,NULL,'11'),(1499,394,'Prise 12',1,1322,NULL,NULL,'12'),(1500,394,'Prise 13',1,1322,NULL,NULL,'13'),(1501,394,'Prise 14',1,1322,NULL,NULL,'14'),(1502,397,'Prise 1',1,1322,NULL,NULL,'1'),(1503,397,'Prise 2',1,1322,NULL,NULL,'2'),(1504,397,'Prise 3',1,1322,NULL,NULL,'3'),(1505,397,'Prise 4',1,1322,NULL,NULL,'4'),(1506,397,'Prise 5',1,1322,NULL,NULL,'5'),(1507,397,'Prise 6',1,1322,NULL,NULL,'6'),(1508,397,'Prise 7',1,1322,NULL,NULL,'7'),(1509,397,'Prise 8',1,1322,NULL,NULL,'8'),(1510,397,'Prise 9',1,1322,NULL,NULL,'9'),(1511,397,'Prise 10',1,1322,NULL,NULL,'10'),(1512,397,'Prise 11',1,1322,NULL,NULL,'11'),(1513,397,'Prise 12',1,1322,NULL,NULL,'12'),(1514,397,'Prise 13',1,1322,NULL,NULL,'13'),(1515,397,'Prise 14',1,1322,NULL,NULL,'14'),(1516,401,'Prise 1',1,1322,NULL,NULL,'1'),(1517,401,'Prise 2',1,1322,NULL,NULL,'2'),(1518,401,'Prise 3',1,1322,NULL,NULL,'3'),(1519,401,'Prise 4',1,1322,NULL,NULL,'4'),(1520,401,'Prise 5',1,1322,NULL,NULL,'5'),(1521,401,'Prise 6',1,1322,NULL,NULL,'6'),(1522,401,'Prise 7',1,1322,NULL,NULL,'7'),(1523,401,'Prise 8',1,1322,NULL,NULL,'8'),(1524,401,'Prise 9',1,1322,NULL,NULL,'9'),(1525,401,'Prise 10',1,1322,NULL,NULL,'10'),(1526,401,'Prise 11',1,1322,NULL,NULL,'11'),(1527,401,'Prise 12',1,1322,NULL,NULL,'12'),(1528,401,'Prise 13',1,1322,NULL,NULL,'13'),(1529,401,'Prise 14',1,1322,NULL,NULL,'14'),(1530,402,'Prise 1',1,1322,NULL,NULL,'1'),(1531,402,'Prise 2',1,1322,NULL,NULL,'2'),(1532,402,'Prise 3',1,1322,NULL,NULL,'3'),(1533,402,'Prise 4',1,1322,NULL,NULL,'4'),(1534,402,'Prise 5',1,1322,NULL,NULL,'5'),(1535,402,'Prise 6',1,1322,NULL,NULL,'6'),(1536,402,'Prise 7',1,1322,NULL,NULL,'7'),(1537,402,'Prise 8',1,1322,NULL,NULL,'8'),(1538,402,'Prise 9',1,1322,NULL,NULL,'9'),(1539,402,'Prise 10',1,1322,NULL,NULL,'10'),(1540,402,'Prise 11',1,1322,NULL,NULL,'11'),(1541,402,'Prise 12',1,1322,NULL,NULL,'12'),(1542,402,'Prise 13',1,1322,NULL,NULL,'13'),(1543,402,'Prise 14',1,1322,NULL,NULL,'14'),(1544,403,'Prise 1',1,1322,NULL,NULL,'1'),(1545,403,'Prise 2',1,1322,NULL,NULL,'2'),(1546,403,'Prise 3',1,1322,NULL,NULL,'3'),(1547,403,'Prise 4',1,1322,NULL,NULL,'4'),(1548,403,'Prise 5',1,1322,NULL,NULL,'5'),(1549,403,'Prise 6',1,1322,NULL,NULL,'6'),(1550,403,'Prise 7',1,1322,NULL,NULL,'7'),(1551,403,'Prise 8',1,1322,NULL,NULL,'8'),(1552,403,'Prise 9',1,1322,NULL,NULL,'9'),(1553,403,'Prise 10',1,1322,NULL,NULL,'10'),(1554,403,'Prise 11',1,1322,NULL,NULL,'11'),(1555,403,'Prise 12',1,1322,NULL,NULL,'12'),(1556,403,'Prise 13',1,1322,NULL,NULL,'13'),(1557,403,'Prise 14',1,1322,NULL,NULL,'14'),(1558,404,'Prise 1',1,1322,NULL,NULL,'1'),(1559,404,'Prise 2',1,1322,NULL,NULL,'2'),(1560,404,'Prise 3',1,1322,NULL,NULL,'3'),(1561,404,'Prise 4',1,1322,NULL,NULL,'4'),(1562,404,'Prise 5',1,1322,NULL,NULL,'5'),(1563,404,'Prise 6',1,1322,NULL,NULL,'6'),(1564,404,'Prise 7',1,1322,NULL,NULL,'7'),(1565,404,'Prise 8',1,1322,NULL,NULL,'8'),(1566,404,'Prise 9',1,1322,NULL,NULL,'9'),(1567,404,'Prise 10',1,1322,NULL,NULL,'10'),(1568,404,'Prise 11',1,1322,NULL,NULL,'11'),(1569,404,'Prise 12',1,1322,NULL,NULL,'12'),(1570,404,'Prise 13',1,1322,NULL,NULL,'13'),(1571,404,'Prise 14',1,1322,NULL,NULL,'14'),(1572,405,'Prise 1',1,1322,NULL,NULL,'1'),(1573,405,'Prise 2',1,1322,NULL,NULL,'2'),(1574,405,'Prise 3',1,1322,NULL,NULL,'3'),(1575,405,'Prise 4',1,1322,NULL,NULL,'4'),(1576,405,'Prise 5',1,1322,NULL,NULL,'5'),(1577,405,'Prise 6',1,1322,NULL,NULL,'6'),(1578,405,'Prise 7',1,1322,NULL,NULL,'7'),(1579,405,'Prise 8',1,1322,NULL,NULL,'8'),(1580,405,'Prise 9',1,1322,NULL,NULL,'9'),(1581,405,'Prise 10',1,1322,NULL,NULL,'10'),(1582,405,'Prise 11',1,1322,NULL,NULL,'11'),(1583,405,'Prise 12',1,1322,NULL,NULL,'12'),(1584,405,'Prise 13',1,1322,NULL,NULL,'13'),(1585,405,'Prise 14',1,1322,NULL,NULL,'14'),(1600,406,'Prise 1',1,1322,NULL,NULL,'1'),(1601,406,'Prise 2',1,1322,NULL,NULL,'2'),(1602,406,'Prise 3',1,1322,NULL,NULL,'3'),(1603,406,'Prise 4',1,1322,NULL,NULL,'4'),(1604,406,'Prise 5',1,1322,NULL,NULL,'5'),(1605,406,'Prise 6',1,1322,NULL,NULL,'6'),(1606,406,'Prise 7',1,1322,NULL,NULL,'7'),(1607,406,'Prise 8',1,1322,NULL,NULL,'8'),(1608,406,'Prise 9',1,1322,NULL,NULL,'9'),(1609,406,'Prise 10',1,1322,NULL,NULL,'10'),(1610,406,'Prise 11',1,1322,NULL,NULL,'11'),(1611,406,'Prise 12',1,1322,NULL,NULL,'12'),(1612,406,'Prise 13',1,1322,NULL,NULL,'13'),(1613,406,'Prise 14',1,1322,NULL,NULL,'14'),(1614,409,'Prise 1',1,1322,NULL,NULL,'1'),(1615,409,'Prise 2',1,1322,NULL,NULL,'2'),(1616,409,'Prise 3',1,1322,NULL,NULL,'3'),(1617,409,'Prise 4',1,1322,NULL,NULL,'4'),(1618,409,'Prise 5',1,1322,NULL,NULL,'5'),(1619,409,'Prise 6',1,1322,NULL,NULL,'6'),(1620,409,'Prise 7',1,1322,NULL,NULL,'7'),(1621,409,'Prise 8',1,1322,NULL,NULL,'8'),(1622,409,'Prise 9',1,1322,NULL,NULL,'9'),(1623,409,'Prise 10',1,1322,NULL,NULL,'10'),(1624,409,'Prise 11',1,1322,NULL,NULL,'11'),(1625,409,'Prise 12',1,1322,NULL,NULL,'12'),(1626,409,'Prise 13',1,1322,NULL,NULL,'13'),(1627,409,'Prise 14',1,1322,NULL,NULL,'14'),(1628,410,'Prise 1',1,1322,NULL,NULL,'1'),(1629,410,'Prise 2',1,1322,NULL,NULL,'2'),(1630,410,'Prise 3',1,1322,NULL,NULL,'3'),(1631,410,'Prise 4',1,1322,NULL,NULL,'4'),(1632,410,'Prise 5',1,1322,NULL,NULL,'5'),(1633,410,'Prise 6',1,1322,NULL,NULL,'6'),(1634,410,'Prise 7',1,1322,NULL,NULL,'7'),(1635,410,'Prise 8',1,1322,NULL,NULL,'8'),(1636,410,'Prise 9',1,1322,NULL,NULL,'9'),(1637,410,'Prise 10',1,1322,NULL,NULL,'10'),(1638,410,'Prise 11',1,1322,NULL,NULL,'11'),(1639,410,'Prise 12',1,1322,NULL,NULL,'12'),(1640,410,'Prise 13',1,1322,NULL,NULL,'13'),(1641,410,'Prise 14',1,1322,NULL,NULL,'14'),(1642,411,'Prise 1',1,1322,NULL,NULL,'1'),(1643,411,'Prise 2',1,1322,NULL,NULL,'2'),(1644,411,'Prise 3',1,1322,NULL,NULL,'3'),(1645,411,'Prise 4',1,1322,NULL,NULL,'4'),(1646,411,'Prise 5',1,1322,NULL,NULL,'5'),(1647,411,'Prise 6',1,1322,NULL,NULL,'6'),(1648,411,'Prise 7',1,1322,NULL,NULL,'7'),(1649,411,'Prise 8',1,1322,NULL,NULL,'8'),(1650,411,'Prise 9',1,1322,NULL,NULL,'9'),(1651,411,'Prise 10',1,1322,NULL,NULL,'10'),(1652,411,'Prise 11',1,1322,NULL,NULL,'11'),(1653,411,'Prise 12',1,1322,NULL,NULL,'12'),(1654,411,'Prise 13',1,1322,NULL,NULL,'13'),(1655,411,'Prise 14',1,1322,NULL,NULL,'14'),(1657,412,'Prise 1',1,1322,NULL,NULL,'1'),(1658,412,'Prise 2',1,1322,NULL,NULL,'2'),(1659,412,'Prise 3',1,1322,NULL,NULL,'3'),(1660,412,'Prise 4',1,1322,NULL,NULL,'4'),(1661,412,'Prise 5',1,1322,NULL,NULL,'5'),(1662,412,'Prise 6',1,1322,NULL,NULL,'6'),(1663,412,'Prise 7',1,1322,NULL,NULL,'7'),(1664,412,'Prise 8',1,1322,NULL,NULL,'8'),(1665,412,'Prise 9',1,1322,NULL,NULL,'9'),(1666,412,'Prise 10',1,1322,NULL,NULL,'10'),(1667,412,'Prise 11',1,1322,NULL,NULL,'11'),(1668,412,'Prise 12',1,1322,NULL,NULL,'12'),(1669,412,'Prise 13',1,1322,NULL,NULL,'13'),(1670,412,'Prise 14',1,1322,NULL,NULL,'14'),(1671,413,'Prise 1',1,1322,NULL,NULL,'1'),(1672,413,'Prise 2',1,1322,NULL,NULL,'2'),(1673,413,'Prise 3',1,1322,NULL,NULL,'3'),(1674,413,'Prise 4',1,1322,NULL,NULL,'4'),(1675,413,'Prise 5',1,1322,NULL,NULL,'5'),(1676,413,'Prise 6',1,1322,NULL,NULL,'6'),(1677,413,'Prise 7',1,1322,NULL,NULL,'7'),(1678,413,'Prise 8',1,1322,NULL,NULL,'8'),(1679,413,'Prise 9',1,1322,NULL,NULL,'9'),(1680,413,'Prise 10',1,1322,NULL,NULL,'10'),(1681,413,'Prise 11',1,1322,NULL,NULL,'11'),(1682,413,'Prise 12',1,1322,NULL,NULL,'12'),(1683,413,'Prise 13',1,1322,NULL,NULL,'13'),(1684,413,'Prise 14',1,1322,NULL,NULL,'14'),(1685,414,'Prise 1',1,1322,NULL,NULL,'1'),(1686,414,'Prise 2',1,1322,NULL,NULL,'2'),(1687,414,'Prise 3',1,1322,NULL,NULL,'3'),(1688,414,'Prise 4',1,1322,NULL,NULL,'4'),(1689,414,'Prise 5',1,1322,NULL,NULL,'5'),(1690,414,'Prise 6',1,1322,NULL,NULL,'6'),(1691,414,'Prise 7',1,1322,NULL,NULL,'7'),(1692,414,'Prise 8',1,1322,NULL,NULL,'8'),(1693,414,'Prise 9',1,1322,NULL,NULL,'9'),(1694,414,'Prise 10',1,1322,NULL,NULL,'10'),(1695,414,'Prise 11',1,1322,NULL,NULL,'11'),(1696,414,'Prise 12',1,1322,NULL,NULL,'12'),(1697,414,'Prise 13',1,1322,NULL,NULL,'13'),(1698,414,'Prise 14',1,1322,NULL,NULL,'14'),(1699,415,'Prise 1',1,1322,NULL,NULL,'1'),(1700,415,'Prise 2',1,1322,NULL,NULL,'2'),(1701,415,'Prise 3',1,1322,NULL,NULL,'3'),(1702,415,'Prise 4',1,1322,NULL,NULL,'4'),(1703,415,'Prise 5',1,1322,NULL,NULL,'5'),(1704,415,'Prise 6',1,1322,NULL,NULL,'6'),(1705,415,'Prise 7',1,1322,NULL,NULL,'7'),(1706,415,'Prise 8',1,1322,NULL,NULL,'8'),(1707,415,'Prise 9',1,1322,NULL,NULL,'9'),(1708,415,'Prise 10',1,1322,NULL,NULL,'10'),(1709,415,'Prise 11',1,1322,NULL,NULL,'11'),(1710,415,'Prise 12',1,1322,NULL,NULL,'12'),(1711,415,'Prise 13',1,1322,NULL,NULL,'13'),(1712,415,'Prise 14',1,1322,NULL,NULL,'14'),(1713,416,'Prise 1',1,1322,NULL,NULL,'1'),(1714,416,'Prise 2',1,1322,NULL,NULL,'2'),(1715,416,'Prise 3',1,1322,NULL,NULL,'3'),(1716,416,'Prise 4',1,1322,NULL,NULL,'4'),(1717,416,'Prise 5',1,1322,NULL,NULL,'5'),(1718,416,'Prise 6',1,1322,NULL,NULL,'6'),(1719,416,'Prise 7',1,1322,NULL,NULL,'7'),(1720,416,'Prise 8',1,1322,NULL,NULL,'8'),(1721,416,'Prise 9',1,1322,NULL,NULL,'9'),(1722,416,'Prise 10',1,1322,NULL,NULL,'10'),(1723,416,'Prise 11',1,1322,NULL,NULL,'11'),(1724,416,'Prise 12',1,1322,NULL,NULL,'12'),(1725,416,'Prise 13',1,1322,NULL,NULL,'13'),(1726,416,'Prise 14',1,1322,NULL,NULL,'14'),(1727,417,'Prise 1',1,1322,NULL,NULL,'1'),(1728,417,'Prise 2',1,1322,NULL,NULL,'2'),(1729,417,'Prise 3',1,1322,NULL,NULL,'3'),(1730,417,'Prise 4',1,1322,NULL,NULL,'4'),(1731,417,'Prise 5',1,1322,NULL,NULL,'5'),(1732,417,'Prise 6',1,1322,NULL,NULL,'6'),(1733,417,'Prise 7',1,1322,NULL,NULL,'7'),(1734,417,'Prise 8',1,1322,NULL,NULL,'8'),(1735,417,'Prise 9',1,1322,NULL,NULL,'9'),(1736,417,'Prise 10',1,1322,NULL,NULL,'10'),(1737,417,'Prise 11',1,1322,NULL,NULL,'11'),(1738,417,'Prise 12',1,1322,NULL,NULL,'12'),(1739,417,'Prise 13',1,1322,NULL,NULL,'13'),(1740,417,'Prise 14',1,1322,NULL,NULL,'14'),(1755,418,'Prise 1',1,1322,NULL,NULL,'1'),(1756,418,'Prise 2',1,1322,NULL,NULL,'2'),(1757,418,'Prise 3',1,1322,NULL,NULL,'3'),(1758,418,'Prise 4',1,1322,NULL,NULL,'4'),(1759,418,'Prise 5',1,1322,NULL,NULL,'5'),(1760,418,'Prise 6',1,1322,NULL,NULL,'6'),(1761,418,'Prise 7',1,1322,NULL,NULL,'7'),(1762,418,'Prise 8',1,1322,NULL,NULL,'8'),(1763,418,'Prise 9',1,1322,NULL,NULL,'9'),(1764,418,'Prise 10',1,1322,NULL,NULL,'10'),(1765,418,'Prise 11',1,1322,NULL,NULL,'11'),(1766,418,'Prise 12',1,1322,NULL,NULL,'12'),(1767,418,'Prise 13',1,1322,NULL,NULL,'13'),(1768,418,'Prise 14',1,1322,NULL,NULL,'14'),(1769,419,'Prise 1',1,1322,NULL,NULL,'1'),(1770,419,'Prise 2',1,1322,NULL,NULL,'2'),(1771,419,'Prise 3',1,1322,NULL,NULL,'3'),(1772,419,'Prise 4',1,1322,NULL,NULL,'4'),(1773,419,'Prise 5',1,1322,NULL,NULL,'5'),(1774,419,'Prise 6',1,1322,NULL,NULL,'6'),(1775,419,'Prise 7',1,1322,NULL,NULL,'7'),(1776,419,'Prise 8',1,1322,NULL,NULL,'8'),(1777,419,'Prise 9',1,1322,NULL,NULL,'9'),(1778,419,'Prise 10',1,1322,NULL,NULL,'10'),(1779,419,'Prise 11',1,1322,NULL,NULL,'11'),(1780,419,'Prise 12',1,1322,NULL,NULL,'12'),(1781,419,'Prise 13',1,1322,NULL,NULL,'13'),(1782,419,'Prise 14',1,1322,NULL,NULL,'14'),(1783,420,'Prise 1',1,1322,NULL,NULL,'1'),(1784,420,'Prise 2',1,1322,NULL,NULL,'2'),(1785,420,'Prise 3',1,1322,NULL,NULL,'3'),(1786,420,'Prise 4',1,1322,NULL,NULL,'4'),(1787,420,'Prise 5',1,1322,NULL,NULL,'5'),(1788,420,'Prise 6',1,1322,NULL,NULL,'6'),(1789,420,'Prise 7',1,1322,NULL,NULL,'7'),(1790,420,'Prise 8',1,1322,NULL,NULL,'8'),(1791,420,'Prise 9',1,1322,NULL,NULL,'9'),(1792,420,'Prise 10',1,1322,NULL,NULL,'10'),(1793,420,'Prise 11',1,1322,NULL,NULL,'11'),(1794,420,'Prise 12',1,1322,NULL,NULL,'12'),(1795,420,'Prise 13',1,1322,NULL,NULL,'13'),(1796,420,'Prise 14',1,1322,NULL,NULL,'14'),(1797,421,'Prise 1',1,1322,NULL,NULL,'1'),(1798,421,'Prise 2',1,1322,NULL,NULL,'2'),(1799,421,'Prise 3',1,1322,NULL,NULL,'3'),(1800,421,'Prise 4',1,1322,NULL,NULL,'4'),(1801,421,'Prise 5',1,1322,NULL,NULL,'5'),(1802,421,'Prise 6',1,1322,NULL,NULL,'6'),(1803,421,'Prise 7',1,1322,NULL,NULL,'7'),(1804,421,'Prise 8',1,1322,NULL,NULL,'8'),(1805,421,'Prise 9',1,1322,NULL,NULL,'9'),(1806,421,'Prise 10',1,1322,NULL,NULL,'10'),(1807,421,'Prise 11',1,1322,NULL,NULL,'11'),(1808,421,'Prise 12',1,1322,NULL,NULL,'12'),(1809,421,'Prise 13',1,1322,NULL,NULL,'13'),(1810,421,'Prise 14',1,1322,NULL,NULL,'14'),(1811,422,'Prise 1',1,1322,NULL,NULL,'1'),(1812,422,'Prise 2',1,1322,NULL,NULL,'2'),(1813,422,'Prise 3',1,1322,NULL,NULL,'3'),(1814,422,'Prise 4',1,1322,NULL,NULL,'4'),(1815,422,'Prise 5',1,1322,NULL,NULL,'5'),(1816,422,'Prise 6',1,1322,NULL,NULL,'6'),(1817,422,'Prise 7',1,1322,NULL,NULL,'7'),(1818,422,'Prise 8',1,1322,NULL,NULL,'8'),(1819,422,'Prise 9',1,1322,NULL,NULL,'9'),(1820,422,'Prise 10',1,1322,NULL,NULL,'10'),(1821,422,'Prise 11',1,1322,NULL,NULL,'11'),(1822,422,'Prise 12',1,1322,NULL,NULL,'12'),(1823,422,'Prise 13',1,1322,NULL,NULL,'13'),(1824,422,'Prise 14',1,1322,NULL,NULL,'14'),(1825,423,'Prise 1',1,1322,NULL,NULL,'1'),(1826,423,'Prise 2',1,1322,NULL,NULL,'2'),(1827,423,'Prise 3',1,1322,NULL,NULL,'3'),(1828,423,'Prise 4',1,1322,NULL,NULL,'4'),(1829,423,'Prise 5',1,1322,NULL,NULL,'5'),(1830,423,'Prise 6',1,1322,NULL,NULL,'6'),(1831,423,'Prise 7',1,1322,NULL,NULL,'7'),(1832,423,'Prise 8',1,1322,NULL,NULL,'8'),(1833,423,'Prise 9',1,1322,NULL,NULL,'9'),(1834,423,'Prise 10',1,1322,NULL,NULL,'10'),(1835,423,'Prise 11',1,1322,NULL,NULL,'11'),(1836,423,'Prise 12',1,1322,NULL,NULL,'12'),(1837,423,'Prise 13',1,1322,NULL,NULL,'13'),(1838,423,'Prise 14',1,1322,NULL,NULL,'14'),(1839,424,'Prise 1',1,1322,NULL,NULL,'1'),(1840,424,'Prise 2',1,1322,NULL,NULL,'2'),(1841,424,'Prise 3',1,1322,NULL,NULL,'3'),(1842,424,'Prise 4',1,1322,NULL,NULL,'4'),(1843,424,'Prise 5',1,1322,NULL,NULL,'5'),(1844,424,'Prise 6',1,1322,NULL,NULL,'6'),(1845,424,'Prise 7',1,1322,NULL,NULL,'7'),(1846,424,'Prise 8',1,1322,NULL,NULL,'8'),(1847,424,'Prise 9',1,1322,NULL,NULL,'9'),(1848,424,'Prise 10',1,1322,NULL,NULL,'10'),(1849,424,'Prise 11',1,1322,NULL,NULL,'11'),(1850,424,'Prise 12',1,1322,NULL,NULL,'12'),(1851,424,'Prise 13',1,1322,NULL,NULL,'13'),(1852,424,'Prise 14',1,1322,NULL,NULL,'14'),(1853,425,'Prise 1',1,1322,NULL,NULL,'1'),(1854,425,'Prise 2',1,1322,NULL,NULL,'2'),(1855,425,'Prise 3',1,1322,NULL,NULL,'3'),(1856,425,'Prise 4',1,1322,NULL,NULL,'4'),(1857,425,'Prise 5',1,1322,NULL,NULL,'5'),(1858,425,'Prise 6',1,1322,NULL,NULL,'6'),(1859,425,'Prise 7',1,1322,NULL,NULL,'7'),(1860,425,'Prise 8',1,1322,NULL,NULL,'8'),(1861,425,'Prise 9',1,1322,NULL,NULL,'9'),(1862,425,'Prise 10',1,1322,NULL,NULL,'10'),(1863,425,'Prise 11',1,1322,NULL,NULL,'11'),(1864,425,'Prise 12',1,1322,NULL,NULL,'12'),(1865,425,'Prise 13',1,1322,NULL,NULL,'13'),(1866,425,'Prise 14',1,1322,NULL,NULL,'14'),(1867,426,'Prise 1',1,1322,NULL,NULL,'1'),(1868,426,'Prise 2',1,1322,NULL,NULL,'2'),(1869,426,'Prise 3',1,1322,NULL,NULL,'3'),(1870,426,'Prise 4',1,1322,NULL,NULL,'4'),(1871,426,'Prise 5',1,1322,NULL,NULL,'5'),(1872,426,'Prise 6',1,1322,NULL,NULL,'6'),(1873,426,'Prise 7',1,1322,NULL,NULL,'7'),(1874,426,'Prise 8',1,1322,NULL,NULL,'8'),(1875,426,'Prise 9',1,1322,NULL,NULL,'9'),(1876,426,'Prise 10',1,1322,NULL,NULL,'10'),(1877,426,'Prise 11',1,1322,NULL,NULL,'11'),(1878,426,'Prise 12',1,1322,NULL,NULL,'12'),(1879,426,'Prise 13',1,1322,NULL,NULL,'13'),(1880,426,'Prise 14',1,1322,NULL,NULL,'14'),(1881,427,'Prise 1',1,1322,NULL,NULL,'1'),(1882,427,'Prise 2',1,1322,NULL,NULL,'2'),(1883,427,'Prise 3',1,1322,NULL,NULL,'3'),(1884,427,'Prise 4',1,1322,NULL,NULL,'4'),(1885,427,'Prise 5',1,1322,NULL,NULL,'5'),(1886,427,'Prise 6',1,1322,NULL,NULL,'6'),(1887,427,'Prise 7',1,1322,NULL,NULL,'7'),(1888,427,'Prise 8',1,1322,NULL,NULL,'8'),(1889,427,'Prise 9',1,1322,NULL,NULL,'9'),(1890,427,'Prise 10',1,1322,NULL,NULL,'10'),(1891,427,'Prise 11',1,1322,NULL,NULL,'11'),(1892,427,'Prise 12',1,1322,NULL,NULL,'12'),(1893,427,'Prise 13',1,1322,NULL,NULL,'13'),(1894,427,'Prise 14',1,1322,NULL,NULL,'14'),(1895,363,'Prise 1',1,1322,NULL,NULL,'1'),(1896,363,'Prise 2',1,1322,NULL,NULL,'2'),(1897,363,'Prise 3',1,1322,NULL,NULL,'3'),(1898,363,'Prise 4',1,1322,NULL,NULL,'4'),(1899,363,'Prise 5',1,1322,NULL,NULL,'5'),(1900,363,'Prise 6',1,1322,NULL,NULL,'6'),(1901,363,'Prise 7',1,1322,NULL,NULL,'7'),(1902,363,'Prise 8',1,1322,NULL,NULL,'8'),(1903,363,'Prise 9',1,1322,NULL,NULL,'9'),(1904,363,'Prise 10',1,1322,NULL,NULL,'10'),(1905,363,'Prise 11',1,1322,NULL,NULL,'11'),(1906,363,'Prise 12',1,1322,NULL,NULL,'12'),(1907,363,'Prise 13',1,1322,NULL,NULL,'13'),(1908,363,'Prise 14',1,1322,NULL,NULL,'14'),(1909,428,'Prise1',1,1322,NULL,NULL,'1'),(1910,428,'Prise2',1,1322,NULL,NULL,'2'),(1911,428,'Prise3',1,1322,NULL,NULL,'3'),(1912,428,'Prise4',1,1322,NULL,NULL,'4'),(1913,428,'Prise5',1,1322,NULL,NULL,'5'),(1914,428,'Prise6',1,1322,NULL,NULL,'6'),(1915,428,'Prise7',1,1322,NULL,NULL,'7'),(1916,428,'Prise8',1,1322,NULL,NULL,'8'),(1917,428,'Prise9',1,1322,NULL,NULL,'9'),(1918,428,'Prise10',1,1322,NULL,NULL,'10'),(1919,428,'Prise11',1,1322,NULL,NULL,'11'),(1920,428,'Prise12',1,1322,NULL,NULL,'12'),(1921,428,'Prise13',1,1322,NULL,NULL,'13'),(1922,428,'Prise14',1,1322,NULL,NULL,'14'),(1923,429,'Prise 1',1,1322,NULL,NULL,'1'),(1924,429,'Prise 2',1,1322,NULL,NULL,'2'),(1925,429,'Prise 3',1,1322,NULL,NULL,'3'),(1926,429,'Prise 4',1,1322,NULL,NULL,'4'),(1927,429,'Prise 5',1,1322,NULL,NULL,'5'),(1928,429,'Prise 6',1,1322,NULL,NULL,'6'),(1929,429,'Prise 7',1,1322,NULL,NULL,'7'),(1930,429,'Prise 8',1,1322,NULL,NULL,'8'),(1931,429,'Prise 9',1,1322,NULL,NULL,'9'),(1932,429,'Prise 10',1,1322,NULL,NULL,'10'),(1933,429,'Prise 11',1,1322,NULL,NULL,'11'),(1934,429,'Prise 12',1,1322,NULL,NULL,'12'),(1935,429,'Prise 13',1,1322,NULL,NULL,'13'),(1936,429,'Prise 14',1,1322,NULL,NULL,'14'),(1937,430,'Prise 1',1,1322,NULL,NULL,'1'),(1938,430,'Prise 2',1,1322,NULL,NULL,'2'),(1939,430,'Prise 3',1,1322,NULL,NULL,'3'),(1940,430,'Prise 4',1,1322,NULL,NULL,'4'),(1941,430,'Prise 5',1,1322,NULL,NULL,'5'),(1942,430,'Prise 6',1,1322,NULL,NULL,'6'),(1943,430,'Prise 7',1,1322,NULL,NULL,'7'),(1944,430,'Prise 8',1,1322,NULL,NULL,'8'),(1945,430,'Prise 9',1,1322,NULL,NULL,'9'),(1946,430,'Prise 10',1,1322,NULL,NULL,'10'),(1947,430,'Prise 11',1,1322,NULL,NULL,'11'),(1948,430,'Prise 12',1,1322,NULL,NULL,'12'),(1949,430,'Prise 13',1,1322,NULL,NULL,'13'),(1950,430,'Prise 14',1,1322,NULL,NULL,'14'),(1951,431,'Prise 1',1,1322,NULL,NULL,'1'),(1952,431,'Prise 2',1,1322,NULL,NULL,'2'),(1953,431,'Prise 3',1,1322,NULL,NULL,'3'),(1954,431,'Prise 4',1,1322,NULL,NULL,'4'),(1955,431,'Prise 5',1,1322,NULL,NULL,'5'),(1956,431,'Prise 6',1,1322,NULL,NULL,'6'),(1957,431,'Prise 7',1,1322,NULL,NULL,'7'),(1958,431,'Prise 8',1,1322,NULL,NULL,'8'),(1959,431,'Prise 9',1,1322,NULL,NULL,'9'),(1960,431,'Prise 10',1,1322,NULL,NULL,'10'),(1961,431,'Prise 11',1,1322,NULL,NULL,'11'),(1962,431,'Prise 12',1,1322,NULL,NULL,'12'),(1963,431,'Prise 13',1,1322,NULL,NULL,'13'),(1964,431,'Prise 14',1,1322,NULL,NULL,'14'),(1965,432,'Prise 1',1,1322,NULL,NULL,'1'),(1966,432,'Prise 2',1,1322,NULL,NULL,'2'),(1967,432,'Prise 3',1,1322,NULL,NULL,'3'),(1968,432,'Prise 4',1,1322,NULL,NULL,'4'),(1969,432,'Prise 5',1,1322,NULL,NULL,'5'),(1970,432,'Prise 6',1,1322,NULL,NULL,'6'),(1971,432,'Prise 7',1,1322,NULL,NULL,'7'),(1972,432,'Prise 8',1,1322,NULL,NULL,'8'),(1973,432,'Prise 9',1,1322,NULL,NULL,'9'),(1974,432,'Prise 10',1,1322,NULL,NULL,'10'),(1975,432,'Prise 11',1,1322,NULL,NULL,'11'),(1976,432,'Prise 12',1,1322,NULL,NULL,'12'),(1977,432,'Prise 13',1,1322,NULL,NULL,'13'),(1978,432,'Prise 14',1,1322,NULL,NULL,'14'),(1979,434,'Prise 1',1,1322,NULL,NULL,'1'),(1980,434,'Prise 2',1,1322,NULL,NULL,'2'),(1981,434,'Prise 3',1,1322,NULL,NULL,'3'),(1982,434,'Prise 4',1,1322,NULL,NULL,'4'),(1983,434,'Prise 5',1,1322,NULL,NULL,'5'),(1984,434,'Prise 6',1,1322,NULL,NULL,'6'),(1985,434,'Prise 7',1,1322,NULL,NULL,'7'),(1986,434,'Prise 8',1,1322,NULL,NULL,'8'),(1987,434,'Prise 9',1,1322,NULL,NULL,'9'),(1988,434,'Prise 10',1,1322,NULL,NULL,'10'),(1989,434,'Prise 11',1,1322,NULL,NULL,'11'),(1990,434,'Prise 12',1,1322,NULL,NULL,'12'),(1991,434,'Prise 13',1,1322,NULL,NULL,'13'),(1992,434,'Prise 14',1,1322,NULL,NULL,'14'),(1993,435,'Prise 1',1,1322,NULL,NULL,' 1'),(1994,435,'Prise 2',1,1322,NULL,NULL,' 2'),(1995,435,'Prise 3',1,1322,NULL,NULL,' 3'),(1996,435,'Prise 4',1,1322,NULL,NULL,' 4'),(1997,435,'Prise 5',1,1322,NULL,NULL,' 5'),(1998,435,'Prise 6',1,1322,NULL,NULL,' 6'),(1999,435,'Prise 7',1,1322,NULL,NULL,' 7'),(2000,435,'Prise 8',1,1322,NULL,NULL,' 8'),(2001,435,'Prise 9',1,1322,NULL,NULL,' 9'),(2002,435,'Prise 10',1,1322,NULL,NULL,' 10'),(2003,435,'Prise 11',1,1322,NULL,NULL,' 11'),(2004,435,'Prise 12',1,1322,NULL,NULL,' 12'),(2005,435,'Prise 13',1,1322,NULL,NULL,' 13'),(2006,435,'Prise 14',1,1322,NULL,NULL,' 14'),(2007,436,'Prise 1',1,24,NULL,NULL,'1'),(2008,436,'Prise 2',1,24,NULL,NULL,'2'),(2009,436,'Prise 3',1,24,NULL,NULL,'3'),(2010,436,'Prise 4',1,24,NULL,NULL,'4'),(2011,436,'Prise 5',1,24,NULL,NULL,'5'),(2012,436,'Prise 6',1,24,NULL,NULL,'6'),(2013,436,'Prise 7',1,24,NULL,NULL,'7'),(2014,436,'Prise 8',1,24,NULL,NULL,'8'),(2015,436,'Prise 9',1,24,NULL,NULL,'9'),(2016,436,'Prise 10',1,24,NULL,NULL,'10'),(2017,436,'Prise 11',1,24,NULL,NULL,'11'),(2018,436,'Prise 12',1,24,NULL,NULL,'12'),(2019,436,'Prise 13',1,24,NULL,NULL,'13'),(2020,436,'Prise 14',1,24,NULL,NULL,'14'),(2021,439,'Prise 1',1,1322,NULL,NULL,'1'),(2022,439,'Prise 2',1,1322,NULL,NULL,'2'),(2023,439,'Prise 3',1,1322,NULL,NULL,'3'),(2024,439,'Prise 4',1,1322,NULL,NULL,'4'),(2025,439,'Prise 5',1,1322,NULL,NULL,'5'),(2026,439,'Prise 6',1,1322,NULL,NULL,'6'),(2027,439,'Prise 7',1,1322,NULL,NULL,'7'),(2028,439,'Prise 8',1,1322,NULL,NULL,'8'),(2029,439,'Prise 9',1,1322,NULL,NULL,'9'),(2030,439,'Prise 10',1,1322,NULL,NULL,'10'),(2031,439,'Prise 11',1,1322,NULL,NULL,'11'),(2032,439,'Prise 12',1,1322,NULL,NULL,'12'),(2033,439,'Prise 13',1,1322,NULL,NULL,'13'),(2034,439,'Prise 14',1,1322,NULL,NULL,'14'),(2035,437,'Prise 1',1,1322,NULL,NULL,'1'),(2036,437,'Prise 2',1,1322,NULL,NULL,'2'),(2037,437,'Prise 3',1,1322,NULL,NULL,'3'),(2038,437,'Prise 4',1,1322,NULL,NULL,'4'),(2039,437,'Prise 5',1,1322,NULL,NULL,'5'),(2040,437,'Prise 6',1,1322,NULL,NULL,'6'),(2041,437,'Prise 7',1,1322,NULL,NULL,'7'),(2042,437,'Prise 8',1,1322,NULL,NULL,'8'),(2043,437,'Prise 9',1,1322,NULL,NULL,'9'),(2044,437,'Prise 10',1,1322,NULL,NULL,'10'),(2045,437,'Prise 11',1,1322,NULL,NULL,'11'),(2046,437,'Prise 12',1,1322,NULL,NULL,'12'),(2047,437,'Prise 13',1,1322,NULL,NULL,'13'),(2048,437,'Prise 14',1,1322,NULL,NULL,'14'),(2049,438,'Prise 1',1,1322,NULL,NULL,'1'),(2050,438,'Prise 2',1,1322,NULL,NULL,'2'),(2051,438,'Prise 3',1,1322,NULL,NULL,'3'),(2052,438,'Prise 4',1,1322,NULL,NULL,'4'),(2053,438,'Prise 5',1,1322,NULL,NULL,'5'),(2054,438,'Prise 6',1,1322,NULL,NULL,'6'),(2055,438,'Prise 7',1,1322,NULL,NULL,'7'),(2056,438,'Prise 8',1,1322,NULL,NULL,'8'),(2057,438,'Prise 9',1,1322,NULL,NULL,'9'),(2058,438,'Prise 10',1,1322,NULL,NULL,'10'),(2059,438,'Prise 11',1,1322,NULL,NULL,'11'),(2060,438,'Prise 12',1,1322,NULL,NULL,'12'),(2061,438,'Prise 13',1,1322,NULL,NULL,'13'),(2062,438,'Prise 14',1,1322,NULL,NULL,'14'),(2063,451,'Prise1',1,1322,NULL,NULL,'1'),(2064,451,'Prise2',1,1322,NULL,NULL,'2'),(2065,451,'Prise3',1,1322,NULL,NULL,'3'),(2066,451,'Prise4',1,1322,NULL,NULL,'4'),(2067,451,'Prise5',1,1322,NULL,NULL,'5'),(2068,451,'Prise6',1,1322,NULL,NULL,'6'),(2069,451,'Prise7',1,1322,NULL,NULL,'7'),(2070,451,'Prise8',1,1322,NULL,NULL,'8'),(2071,451,'Prise9',1,1322,NULL,NULL,'9'),(2072,451,'Prise10',1,1322,NULL,NULL,'10'),(2073,451,'Prise11',1,1322,NULL,NULL,'11'),(2074,451,'Prise12',1,1322,NULL,NULL,'12'),(2075,451,'Prise13',1,1322,NULL,NULL,'13'),(2076,451,'Prise14',1,1322,NULL,NULL,'14'),(2077,440,'Prise 1',1,1322,NULL,NULL,'1'),(2078,440,'Prise 2',1,1322,NULL,NULL,'2'),(2079,440,'Prise 3',1,1322,NULL,NULL,'3'),(2080,440,'Prise 4',1,1322,NULL,NULL,'4'),(2081,440,'Prise 5',1,1322,NULL,NULL,'5'),(2082,440,'Prise 6',1,1322,NULL,NULL,'6'),(2083,440,'Prise 7',1,1322,NULL,NULL,'7'),(2084,440,'Prise 8',1,1322,NULL,NULL,'8'),(2085,440,'Prise 9',1,1322,NULL,NULL,'9'),(2086,440,'Prise 10',1,1322,NULL,NULL,'10'),(2087,440,'Prise 11',1,1322,NULL,NULL,'11'),(2088,440,'Prise 12',1,1322,NULL,NULL,'12'),(2089,440,'Prise 13',1,1322,NULL,NULL,'13'),(2090,440,'Prise 14',1,1322,NULL,NULL,'14'),(2091,441,'Prise 1',1,1322,NULL,NULL,'1'),(2092,441,'Prise 2',1,1322,NULL,NULL,'2'),(2093,441,'Prise 3',1,1322,NULL,NULL,'3'),(2094,441,'Prise 4',1,1322,NULL,NULL,'4'),(2095,441,'Prise 5',1,1322,NULL,NULL,'5'),(2096,441,'Prise 6',1,1322,NULL,NULL,'6'),(2097,441,'Prise 7',1,1322,NULL,NULL,'7'),(2098,441,'Prise 8',1,1322,NULL,NULL,'8'),(2099,441,'Prise 9',1,1322,NULL,NULL,'9'),(2100,441,'Prise 10',1,1322,NULL,NULL,'10'),(2101,441,'Prise 11',1,1322,NULL,NULL,'11'),(2102,441,'Prise 12',1,1322,NULL,NULL,'12'),(2103,441,'Prise 13',1,1322,NULL,NULL,'13'),(2104,441,'Prise 14',1,1322,NULL,NULL,'14'),(2105,442,'Prise 1',1,1322,NULL,NULL,'1'),(2106,442,'Prise 2',1,1322,NULL,NULL,'2'),(2107,442,'Prise 3',1,1322,NULL,NULL,'3'),(2108,442,'Prise 4',1,1322,NULL,NULL,'4'),(2109,442,'Prise 5',1,1322,NULL,NULL,'5'),(2110,442,'Prise 6',1,1322,NULL,NULL,'6'),(2111,442,'Prise 7',1,1322,NULL,NULL,'7'),(2112,442,'Prise 8',1,1322,NULL,NULL,'8'),(2113,442,'Prise 9',1,1322,NULL,NULL,'9'),(2114,442,'Prise 10',1,1322,NULL,NULL,'10'),(2115,442,'Prise 11',1,1322,NULL,NULL,'11'),(2116,442,'Prise 12',1,1322,NULL,NULL,'12'),(2117,442,'Prise 13',1,1322,NULL,NULL,'13'),(2118,442,'Prise 14',1,1322,NULL,NULL,'14'),(2119,443,'Prise 1',1,1322,NULL,NULL,' 1'),(2120,443,'Prise 2',1,1322,NULL,NULL,' 2'),(2121,443,'Prise 3',1,1322,NULL,NULL,' 3'),(2122,443,'Prise 4',1,1322,NULL,NULL,' 4'),(2123,443,'Prise 5',1,1322,NULL,NULL,' 5'),(2124,443,'Prise 6',1,1322,NULL,NULL,' 6'),(2125,443,'Prise 7',1,1322,NULL,NULL,' 7'),(2126,443,'Prise 8',1,1322,NULL,NULL,' 8'),(2127,443,'Prise 9',1,1322,NULL,NULL,' 9'),(2128,443,'Prise 10',1,1322,NULL,NULL,' 10'),(2129,443,'Prise 11',1,1322,NULL,NULL,' 11'),(2130,443,'Prise 12',1,1322,NULL,NULL,' 12'),(2131,443,'Prise 13',1,1322,NULL,NULL,' 13'),(2132,443,'Prise 14',1,1322,NULL,NULL,' 14'),(2133,444,'Prise 1',1,1322,NULL,NULL,' 1'),(2134,444,'Prise 2',1,1322,NULL,NULL,' 2'),(2135,444,'Prise 3',1,1322,NULL,NULL,' 3'),(2136,444,'Prise 4',1,1322,NULL,NULL,' 4'),(2137,444,'Prise 5',1,1322,NULL,NULL,' 5'),(2138,444,'Prise 6',1,1322,NULL,NULL,' 6'),(2139,444,'Prise 7',1,1322,NULL,NULL,' 7'),(2140,444,'Prise 8',1,1322,NULL,NULL,' 8'),(2141,444,'Prise 9',1,1322,NULL,NULL,' 9'),(2142,444,'Prise 10',1,1322,NULL,NULL,' 10'),(2143,444,'Prise 11',1,1322,NULL,NULL,' 11'),(2144,444,'Prise 12',1,1322,NULL,NULL,' 12'),(2145,444,'Prise 13',1,1322,NULL,NULL,' 13'),(2146,444,'Prise 14',1,1322,NULL,NULL,' 14'),(2147,445,'Prise 1',1,1322,NULL,NULL,'1'),(2148,445,'Prise 2',1,1322,NULL,NULL,'2'),(2149,445,'Prise 3',1,1322,NULL,NULL,'3'),(2150,445,'Prise 4',1,1322,NULL,NULL,'4'),(2151,445,'Prise 5',1,1322,NULL,NULL,'5'),(2152,445,'Prise 6',1,1322,NULL,NULL,'6'),(2153,445,'Prise 7',1,1322,NULL,NULL,'7'),(2154,445,'Prise 8',1,1322,NULL,NULL,'8'),(2155,445,'Prise 9',1,1322,NULL,NULL,'9'),(2156,445,'Prise 10',1,1322,NULL,NULL,'10'),(2157,445,'Prise 11',1,1322,NULL,NULL,'11'),(2158,445,'Prise 12',1,1322,NULL,NULL,'12'),(2159,445,'Prise 13',1,1322,NULL,NULL,'13'),(2160,445,'Prise 14',1,1322,NULL,NULL,'14'),(2161,446,'Prise 1',1,1322,NULL,NULL,' 1'),(2162,446,'Prise 2',1,1322,NULL,NULL,' 2'),(2163,446,'Prise 3',1,1322,NULL,NULL,' 3'),(2164,446,'Prise 4',1,1322,NULL,NULL,' 4'),(2165,446,'Prise 5',1,1322,NULL,NULL,' 5'),(2166,446,'Prise 6',1,1322,NULL,NULL,' 6'),(2167,446,'Prise 7',1,1322,NULL,NULL,' 7'),(2168,446,'Prise 8',1,1322,NULL,NULL,' 8'),(2169,446,'Prise 9',1,1322,NULL,NULL,' 9'),(2170,446,'Prise 10',1,1322,NULL,NULL,' 10'),(2171,446,'Prise 11',1,1322,NULL,NULL,' 11'),(2172,446,'Prise 12',1,1322,NULL,NULL,' 12'),(2173,446,'Prise 13',1,1322,NULL,NULL,' 13'),(2174,446,'Prise 14',1,1322,NULL,NULL,' 14'),(2175,447,'Prise 1',1,1322,NULL,NULL,' 1'),(2176,447,'Prise 2',1,1322,NULL,NULL,' 2'),(2177,447,'Prise 3',1,1322,NULL,NULL,' 3'),(2178,447,'Prise 4',1,1322,NULL,NULL,' 4'),(2179,447,'Prise 5',1,1322,NULL,NULL,' 5'),(2180,447,'Prise 6',1,1322,NULL,NULL,' 6'),(2181,447,'Prise 7',1,1322,NULL,NULL,' 7'),(2182,447,'Prise 8',1,1322,NULL,NULL,' 8'),(2183,447,'Prise 9',1,1322,NULL,NULL,' 9'),(2184,447,'Prise 10',1,1322,NULL,NULL,' 10'),(2185,447,'Prise 11',1,1322,NULL,NULL,' 11'),(2186,447,'Prise 12',1,1322,NULL,NULL,' 12'),(2187,447,'Prise 13',1,1322,NULL,NULL,' 13'),(2188,447,'Prise 14',1,1322,NULL,NULL,' 14'),(2189,448,'Prise 1',1,1322,NULL,NULL,' 1'),(2190,448,'Prise 2',1,1322,NULL,NULL,' 2'),(2191,448,'Prise 3',1,1322,NULL,NULL,' 3'),(2192,448,'Prise 4',1,1322,NULL,NULL,' 4'),(2193,448,'Prise 5',1,1322,NULL,NULL,' 5'),(2194,448,'Prise 6',1,1322,NULL,NULL,' 6'),(2195,448,'Prise 7',1,1322,NULL,NULL,' 7'),(2196,448,'Prise 8',1,1322,NULL,NULL,' 8'),(2197,448,'Prise 9',1,1322,NULL,NULL,' 9'),(2198,448,'Prise 10',1,1322,NULL,NULL,' 10'),(2199,448,'Prise 11',1,1322,NULL,NULL,' 11'),(2200,448,'Prise 12',1,1322,NULL,NULL,' 12'),(2201,448,'Prise 13',1,1322,NULL,NULL,' 13'),(2202,448,'Prise 14',1,1322,NULL,NULL,' 14'),(2203,449,'Prise 1',1,1322,NULL,NULL,' 1'),(2204,449,'Prise 2',1,1322,NULL,NULL,' 2'),(2205,449,'Prise 3',1,1322,NULL,NULL,' 3'),(2206,449,'Prise 4',1,1322,NULL,NULL,' 4'),(2207,449,'Prise 5',1,1322,NULL,NULL,' 5'),(2208,449,'Prise 6',1,1322,NULL,NULL,' 6'),(2209,449,'Prise 7',1,1322,NULL,NULL,' 7'),(2210,449,'Prise 8',1,1322,NULL,NULL,' 8'),(2211,449,'Prise 9',1,1322,NULL,NULL,' 9'),(2212,449,'Prise 10',1,1322,NULL,NULL,' 10'),(2213,449,'Prise 11',1,1322,NULL,NULL,' 11'),(2214,449,'Prise 12',1,1322,NULL,NULL,' 12'),(2215,449,'Prise 13',1,1322,NULL,NULL,' 13'),(2216,449,'Prise 14',1,1322,NULL,NULL,' 14'),(2217,450,'Prise 1',1,1322,NULL,NULL,' 1'),(2218,450,'Prise 2',1,1322,NULL,NULL,' 2'),(2219,450,'Prise 3',1,1322,NULL,NULL,' 3'),(2220,450,'Prise 4',1,1322,NULL,NULL,' 4'),(2221,450,'Prise 5',1,1322,NULL,NULL,' 5'),(2222,450,'Prise 6',1,1322,NULL,NULL,' 6'),(2223,450,'Prise 7',1,1322,NULL,NULL,' 7'),(2224,450,'Prise 8',1,1322,NULL,NULL,' 8'),(2225,450,'Prise 9',1,1322,NULL,NULL,' 9'),(2226,450,'Prise 10',1,1322,NULL,NULL,' 10'),(2227,450,'Prise 11',1,1322,NULL,NULL,' 11'),(2228,450,'Prise 12',1,1322,NULL,NULL,' 12'),(2229,450,'Prise 13',1,1322,NULL,NULL,' 13'),(2230,450,'Prise 14',1,1322,NULL,NULL,' 14'),(2231,452,'Prise 1',1,1322,NULL,NULL,'1'),(2232,452,'Prise 2',1,1322,NULL,NULL,'2'),(2233,452,'Prise 3',1,1322,NULL,NULL,'3'),(2234,452,'Prise 4',1,1322,NULL,NULL,'4'),(2235,452,'Prise 5',1,1322,NULL,NULL,'5'),(2236,452,'Prise 6',1,1322,NULL,NULL,'6'),(2237,452,'Prise 7',1,1322,NULL,NULL,'7'),(2238,452,'Prise 8',1,1322,NULL,NULL,'8'),(2239,452,'Prise 9',1,1322,NULL,NULL,'9'),(2240,452,'Prise 10',1,1322,NULL,NULL,'10'),(2241,452,'Prise 11',1,1322,NULL,NULL,'11'),(2242,452,'Prise 12',1,1322,NULL,NULL,'12'),(2243,452,'Prise 13',1,1322,NULL,NULL,'13'),(2244,452,'Prise 14',1,1322,NULL,NULL,'14'),(2245,453,'Prise 1',1,1322,NULL,NULL,'1'),(2246,453,'Prise 2',1,1322,NULL,NULL,'2'),(2247,453,'Prise 3',1,1322,NULL,NULL,'3'),(2248,453,'Prise 4',1,1322,NULL,NULL,'4'),(2249,453,'Prise 5',1,1322,NULL,NULL,'5'),(2250,453,'Prise 6',1,1322,NULL,NULL,'6'),(2251,453,'Prise 7',1,1322,NULL,NULL,'7'),(2252,453,'Prise 8',1,1322,NULL,NULL,'8'),(2253,453,'Prise 9',1,1322,NULL,NULL,'9'),(2254,453,'Prise 10',1,1322,NULL,NULL,'10'),(2255,453,'Prise 11',1,1322,NULL,NULL,'11'),(2256,453,'Prise 12',1,1322,NULL,NULL,'12'),(2257,453,'Prise 13',1,1322,NULL,NULL,'13'),(2258,453,'Prise 14',1,1322,NULL,NULL,'14'),(2259,454,'Prise 1',1,1322,NULL,NULL,'1'),(2260,454,'Prise 2',1,1322,NULL,NULL,'2'),(2261,454,'Prise 3',1,1322,NULL,NULL,'3'),(2262,454,'Prise 4',1,1322,NULL,NULL,'4'),(2263,454,'Prise 5',1,1322,NULL,NULL,'5'),(2264,454,'Prise 6',1,1322,NULL,NULL,'6'),(2265,454,'Prise 7',1,1322,NULL,NULL,'7'),(2266,454,'Prise 8',1,1322,NULL,NULL,'8'),(2267,454,'Prise 9',1,1322,NULL,NULL,'9'),(2268,454,'Prise 10',1,1322,NULL,NULL,'10'),(2269,454,'Prise 11',1,1322,NULL,NULL,'11'),(2270,454,'Prise 12',1,1322,NULL,NULL,'12'),(2271,454,'Prise 13',1,1322,NULL,NULL,'13'),(2272,454,'Prise 14',1,1322,NULL,NULL,'14'),(2273,455,'Prise 1',1,1322,NULL,NULL,'1'),(2274,455,'Prise 2',1,1322,NULL,NULL,'2'),(2275,455,'Prise 3',1,1322,NULL,NULL,'3'),(2276,455,'Prise 4',1,1322,NULL,NULL,'4'),(2277,455,'Prise 5',1,1322,NULL,NULL,'5'),(2278,455,'Prise 6',1,1322,NULL,NULL,'6'),(2279,455,'Prise 7',1,1322,NULL,NULL,'7'),(2280,455,'Prise 8',1,1322,NULL,NULL,'8'),(2281,455,'Prise 9',1,1322,NULL,NULL,'9'),(2282,455,'Prise 10',1,1322,NULL,NULL,'10'),(2283,455,'Prise 11',1,1322,NULL,NULL,'11'),(2284,455,'Prise 12',1,1322,NULL,NULL,'12'),(2285,455,'Prise 13',1,1322,NULL,NULL,'13'),(2286,455,'Prise 14',1,1322,NULL,NULL,'14'),(2287,456,'Prise 1',1,1322,NULL,NULL,'1'),(2288,456,'Prise 2',1,1322,NULL,NULL,'2'),(2289,456,'Prise 3',1,1322,NULL,NULL,'3'),(2290,456,'Prise 4',1,1322,NULL,NULL,'4'),(2291,456,'Prise 5',1,1322,NULL,NULL,'5'),(2292,456,'Prise 6',1,1322,NULL,NULL,'6'),(2293,456,'Prise 7',1,1322,NULL,NULL,'7'),(2294,456,'Prise 8',1,1322,NULL,NULL,'8'),(2295,456,'Prise 9',1,1322,NULL,NULL,'9'),(2296,456,'Prise 10',1,1322,NULL,NULL,'10'),(2297,456,'Prise 11',1,1322,NULL,NULL,'11'),(2298,456,'Prise 12',1,1322,NULL,NULL,'12'),(2299,456,'Prise 13',1,1322,NULL,NULL,'13'),(2300,456,'Prise 14',1,1322,NULL,NULL,'14'),(2301,457,'Prise 1',1,1322,NULL,NULL,'1'),(2302,457,'Prise 2',1,1322,NULL,NULL,'2'),(2303,457,'Prise 3',1,1322,NULL,NULL,'3'),(2304,457,'Prise 4',1,1322,NULL,NULL,'4'),(2305,457,'Prise 5',1,1322,NULL,NULL,'5'),(2306,457,'Prise 6',1,1322,NULL,NULL,'6'),(2307,457,'Prise 7',1,1322,NULL,NULL,'7'),(2308,457,'Prise 8',1,1322,NULL,NULL,'8'),(2309,457,'Prise 9',1,1322,NULL,NULL,'9'),(2310,457,'Prise 10',1,1322,NULL,NULL,'10'),(2311,457,'Prise 11',1,1322,NULL,NULL,'11'),(2312,457,'Prise 12',1,1322,NULL,NULL,'12'),(2313,457,'Prise 13',1,1322,NULL,NULL,'13'),(2314,457,'Prise 14',1,1322,NULL,NULL,'14'),(2315,458,'Prise 1',1,1322,NULL,NULL,'1'),(2316,458,'Prise 2',1,1322,NULL,NULL,'2'),(2317,458,'Prise 3',1,1322,NULL,NULL,'3'),(2318,458,'Prise 4',1,1322,NULL,NULL,'4'),(2319,458,'Prise 5',1,1322,NULL,NULL,'5'),(2320,458,'Prise 6',1,1322,NULL,NULL,'6'),(2321,458,'Prise 7',1,1322,NULL,NULL,'7'),(2322,458,'Prise 8',1,1322,NULL,NULL,'8'),(2323,458,'Prise 9',1,1322,NULL,NULL,'9'),(2324,458,'Prise 10',1,1322,NULL,NULL,'10'),(2325,458,'Prise 11',1,1322,NULL,NULL,'11'),(2326,458,'Prise 12',1,1322,NULL,NULL,'12'),(2327,458,'Prise 13',1,1322,NULL,NULL,'13'),(2328,458,'Prise 14',1,1322,NULL,NULL,'14'),(2329,459,'Prise 1',1,1322,NULL,NULL,'1'),(2330,459,'Prise 2',1,1322,NULL,NULL,'2'),(2331,459,'Prise 3',1,1322,NULL,NULL,'3'),(2332,459,'Prise 4',1,1322,NULL,NULL,'4'),(2333,459,'Prise 5',1,1322,NULL,NULL,'5'),(2334,459,'Prise 6',1,1322,NULL,NULL,'6'),(2335,459,'Prise 7',1,1322,NULL,NULL,'7'),(2336,459,'Prise 8',1,1322,NULL,NULL,'8'),(2337,459,'Prise 9',1,1322,NULL,NULL,'9'),(2338,459,'Prise 10',1,1322,NULL,NULL,'10'),(2339,459,'Prise 11',1,1322,NULL,NULL,'11'),(2340,459,'Prise 12',1,1322,NULL,NULL,'12'),(2341,459,'Prise 13',1,1322,NULL,NULL,'13'),(2342,459,'Prise 14',1,1322,NULL,NULL,'14'),(2343,460,'Prise 1',1,1322,NULL,NULL,'1'),(2344,460,'Prise 2',1,1322,NULL,NULL,'2'),(2345,460,'Prise 3',1,1322,NULL,NULL,'3'),(2346,460,'Prise 4',1,1322,NULL,NULL,'4'),(2347,460,'Prise 5',1,1322,NULL,NULL,'5'),(2348,460,'Prise 6',1,1322,NULL,NULL,'6'),(2349,460,'Prise 7',1,1322,NULL,NULL,'7'),(2350,460,'Prise 8',1,1322,NULL,NULL,'8'),(2351,460,'Prise 9',1,1322,NULL,NULL,'9'),(2352,460,'Prise 10',1,1322,NULL,NULL,'10'),(2353,460,'Prise 11',1,1322,NULL,NULL,'11'),(2354,460,'Prise 12',1,1322,NULL,NULL,'12'),(2355,460,'Prise 13',1,1322,NULL,NULL,'13'),(2356,460,'Prise 14',1,1322,NULL,NULL,'14'),(2357,461,'Prise 1',1,1322,NULL,NULL,'1'),(2358,461,'Prise 2',1,1322,NULL,NULL,'2'),(2359,461,'Prise 3',1,1322,NULL,NULL,'3'),(2360,461,'Prise 4',1,1322,NULL,NULL,'4'),(2361,461,'Prise 5',1,1322,NULL,NULL,'5'),(2362,461,'Prise 6',1,1322,NULL,NULL,'6'),(2363,461,'Prise 7',1,1322,NULL,NULL,'7'),(2364,461,'Prise 8',1,1322,NULL,NULL,'8'),(2365,461,'Prise 9',1,1322,NULL,NULL,'9'),(2366,461,'Prise 10',1,1322,NULL,NULL,'10'),(2367,461,'Prise 11',1,1322,NULL,NULL,'11'),(2368,461,'Prise 12',1,1322,NULL,NULL,'12'),(2369,461,'Prise 13',1,1322,NULL,NULL,'13'),(2370,461,'Prise 14',1,1322,NULL,NULL,'14'),(2371,462,'Prise 1',1,1322,NULL,NULL,'1'),(2372,462,'Prise 2',1,1322,NULL,NULL,'2'),(2373,462,'Prise 3',1,1322,NULL,NULL,'3'),(2374,462,'Prise 4',1,1322,NULL,NULL,'4'),(2375,462,'Prise 5',1,1322,NULL,NULL,'5'),(2376,462,'Prise 6',1,1322,NULL,NULL,'6'),(2377,462,'Prise 7',1,1322,NULL,NULL,'7'),(2378,462,'Prise 8',1,1322,NULL,NULL,'8'),(2379,462,'Prise 9',1,1322,NULL,NULL,'9'),(2380,462,'Prise 10',1,1322,NULL,NULL,'10'),(2381,462,'Prise 11',1,1322,NULL,NULL,'11'),(2382,462,'Prise 12',1,1322,NULL,NULL,'12'),(2383,462,'Prise 13',1,1322,NULL,NULL,'13'),(2384,462,'Prise 14',1,1322,NULL,NULL,'14'),(2385,463,'Prise 1',1,1322,NULL,NULL,'1'),(2386,463,'Prise 2',1,1322,NULL,NULL,'2'),(2387,463,'Prise 3',1,1322,NULL,NULL,'3'),(2388,463,'Prise 4',1,1322,NULL,NULL,'4'),(2389,463,'Prise 5',1,1322,NULL,NULL,'5'),(2390,463,'Prise 6',1,1322,NULL,NULL,'6'),(2391,463,'Prise 7',1,1322,NULL,NULL,'7'),(2392,463,'Prise 8',1,1322,NULL,NULL,'8'),(2393,463,'Prise 9',1,1322,NULL,NULL,'9'),(2394,463,'Prise 10',1,1322,NULL,NULL,'10'),(2395,463,'Prise 11',1,1322,NULL,NULL,'11'),(2396,463,'Prise 12',1,1322,NULL,NULL,'12'),(2397,463,'Prise 13',1,1322,NULL,NULL,'13'),(2398,463,'Prise 14',1,1322,NULL,NULL,'14'),(2399,464,'Prise 1',1,1322,NULL,NULL,'1'),(2400,464,'Prise 2',1,1322,NULL,NULL,'2'),(2401,464,'Prise 3',1,1322,NULL,NULL,'3'),(2402,464,'Prise 4',1,1322,NULL,NULL,'4'),(2403,464,'Prise 5',1,1322,NULL,NULL,'5'),(2404,464,'Prise 6',1,1322,NULL,NULL,'6'),(2405,464,'Prise 7',1,1322,NULL,NULL,'7'),(2406,464,'Prise 8',1,1322,NULL,NULL,'8'),(2407,464,'Prise 9',1,1322,NULL,NULL,'9'),(2408,464,'Prise 10',1,1322,NULL,NULL,'10'),(2409,464,'Prise 11',1,1322,NULL,NULL,'11'),(2410,464,'Prise 12',1,1322,NULL,NULL,'12'),(2411,464,'Prise 13',1,1322,NULL,NULL,'13'),(2412,464,'Prise 14',1,1322,NULL,NULL,'14'),(2413,465,'Prise 1',1,1322,NULL,NULL,' 1'),(2414,465,'Prise 2',1,1322,NULL,NULL,' 2'),(2415,465,'Prise 3',1,1322,NULL,NULL,' 3'),(2416,465,'Prise 4',1,1322,NULL,NULL,' 4'),(2417,465,'Prise 5',1,1322,NULL,NULL,' 5'),(2418,465,'Prise 6',1,1322,NULL,NULL,' 6'),(2419,465,'Prise 7',1,1322,NULL,NULL,' 7'),(2420,465,'Prise 8',1,1322,NULL,NULL,' 8'),(2421,465,'Prise 9',1,1322,NULL,NULL,' 9'),(2422,465,'Prise 10',1,1322,NULL,NULL,' 10'),(2423,465,'Prise 11',1,1322,NULL,NULL,' 11'),(2424,465,'Prise 12',1,1322,NULL,NULL,' 12'),(2425,465,'Prise 13',1,1322,NULL,NULL,' 13'),(2426,465,'Prise 14',1,1322,NULL,NULL,' 14'),(2427,466,'Prise 1',1,1322,NULL,NULL,'1'),(2428,466,'Prise 2',1,1322,NULL,NULL,'2'),(2429,466,'Prise 3',1,1322,NULL,NULL,'3'),(2430,466,'Prise 4',1,1322,NULL,NULL,'4'),(2431,466,'Prise 5',1,1322,NULL,NULL,'5'),(2432,466,'Prise 6',1,1322,NULL,NULL,'6'),(2433,466,'Prise 7',1,1322,NULL,NULL,'7'),(2434,466,'Prise 8',1,1322,NULL,NULL,'8'),(2435,466,'Prise 9',1,1322,NULL,NULL,'9'),(2436,466,'Prise 10',1,1322,NULL,NULL,'10'),(2437,466,'Prise 11',1,1322,NULL,NULL,'11'),(2438,466,'Prise 12',1,1322,NULL,NULL,'12'),(2439,466,'Prise 13',1,1322,NULL,NULL,'13'),(2440,466,'Prise 14',1,1322,NULL,NULL,'14'),(2441,467,'Prise 1',1,1322,NULL,NULL,'1'),(2442,467,'Prise 2',1,1322,NULL,NULL,'2'),(2443,467,'Prise 3',1,1322,NULL,NULL,'3'),(2444,467,'Prise 4',1,1322,NULL,NULL,'4'),(2445,467,'Prise 5',1,1322,NULL,NULL,'5'),(2446,467,'Prise 6',1,1322,NULL,NULL,'6'),(2447,467,'Prise 7',1,1322,NULL,NULL,'7'),(2448,467,'Prise 8',1,1322,NULL,NULL,'8'),(2449,467,'Prise 9',1,1322,NULL,NULL,'9'),(2450,467,'Prise 10',1,1322,NULL,NULL,'10'),(2451,467,'Prise 11',1,1322,NULL,NULL,'11'),(2452,467,'Prise 12',1,1322,NULL,NULL,'12'),(2453,467,'Prise 13',1,1322,NULL,NULL,'13'),(2454,467,'Prise 14',1,1322,NULL,NULL,'14'),(2455,469,'Prise 1',1,1322,NULL,NULL,' 1'),(2456,469,'Prise 2',1,1322,NULL,NULL,' 2'),(2457,469,'Prise 3',1,1322,NULL,NULL,' 3'),(2458,469,'Prise 4',1,1322,NULL,NULL,' 4'),(2459,469,'Prise 5',1,1322,NULL,NULL,' 5'),(2460,469,'Prise 6',1,1322,NULL,NULL,' 6'),(2461,469,'Prise 7',1,1322,NULL,NULL,' 7'),(2462,469,'Prise 8',1,1322,NULL,NULL,' 8'),(2463,469,'Prise 9',1,1322,NULL,NULL,' 9'),(2464,469,'Prise 10',1,1322,NULL,NULL,' 10'),(2465,469,'Prise 11',1,1322,NULL,NULL,' 11'),(2466,469,'Prise 12',1,1322,NULL,NULL,' 12'),(2467,469,'Prise 13',1,1322,NULL,NULL,' 13'),(2468,469,'Prise 14',1,1322,NULL,NULL,' 14'),(2469,472,'Prise 1',1,1322,NULL,NULL,'1'),(2470,472,'Prise 2',1,1322,NULL,NULL,'2'),(2471,472,'Prise 3',1,1322,NULL,NULL,'3'),(2472,472,'Prise 4',1,1322,NULL,NULL,'4'),(2473,472,'Prise 5',1,1322,NULL,NULL,'5'),(2474,472,'Prise 6',1,1322,NULL,NULL,'6'),(2475,472,'Prise 7',1,1322,NULL,NULL,'7'),(2476,472,'Prise 8',1,1322,NULL,NULL,'8'),(2477,472,'Prise 9',1,1322,NULL,NULL,'9'),(2478,472,'Prise 10',1,1322,NULL,NULL,'10'),(2479,472,'Prise 11',1,1322,NULL,NULL,'11'),(2480,472,'Prise 12',1,1322,NULL,NULL,'12'),(2481,472,'Prise 13',1,1322,NULL,NULL,'13'),(2482,472,'Prise 14',1,1322,NULL,NULL,'14'),(2483,473,'Prise 1',1,1322,NULL,NULL,'1'),(2484,473,'Prise 2',1,1322,NULL,NULL,'2'),(2485,473,'Prise 3',1,1322,NULL,NULL,'3'),(2486,473,'Prise 4',1,1322,NULL,NULL,'4'),(2487,473,'Prise 5',1,1322,NULL,NULL,'5'),(2488,473,'Prise 6',1,1322,NULL,NULL,'6'),(2489,473,'Prise 7',1,1322,NULL,NULL,'7'),(2490,473,'Prise 8',1,1322,NULL,NULL,'8'),(2491,473,'Prise 9',1,1322,NULL,NULL,'9'),(2492,473,'Prise 10',1,1322,NULL,NULL,'10'),(2493,473,'Prise 11',1,1322,NULL,NULL,'11'),(2494,473,'Prise 12',1,1322,NULL,NULL,'12'),(2495,473,'Prise 13',1,1322,NULL,NULL,'13'),(2496,473,'Prise 14',1,1322,NULL,NULL,'14'),(2497,474,'Prise 1',1,1322,NULL,NULL,'1'),(2498,474,'Prise 2',1,1322,NULL,NULL,'2'),(2499,474,'Prise 3',1,1322,NULL,NULL,'3'),(2500,474,'Prise 4',1,1322,NULL,NULL,'4'),(2501,474,'Prise 5',1,1322,NULL,NULL,'5'),(2502,474,'Prise 6',1,1322,NULL,NULL,'6'),(2503,474,'Prise 7',1,1322,NULL,NULL,'7'),(2504,474,'Prise 8',1,1322,NULL,NULL,'8'),(2505,474,'Prise 9',1,1322,NULL,NULL,'9'),(2506,474,'Prise 10',1,1322,NULL,NULL,'10'),(2507,474,'Prise 11',1,1322,NULL,NULL,'11'),(2508,474,'Prise 12',1,1322,NULL,NULL,'12'),(2509,474,'Prise 13',1,1322,NULL,NULL,'13'),(2510,474,'Prise 14',1,1322,NULL,NULL,'14'),(2511,475,'Prise 1',1,1322,NULL,NULL,'1'),(2512,475,'Prise 2',1,1322,NULL,NULL,'2'),(2513,475,'Prise 3',1,1322,NULL,NULL,'3'),(2514,475,'Prise 4',1,1322,NULL,NULL,'4'),(2515,475,'Prise 5',1,1322,NULL,NULL,'5'),(2516,475,'Prise 6',1,1322,NULL,NULL,'6'),(2517,475,'Prise 7',1,1322,NULL,NULL,'7'),(2518,475,'Prise 8',1,1322,NULL,NULL,'8'),(2519,475,'Prise 9',1,1322,NULL,NULL,'9'),(2520,475,'Prise 10',1,1322,NULL,NULL,'10'),(2521,475,'Prise 11',1,1322,NULL,NULL,'11'),(2522,475,'Prise 12',1,1322,NULL,NULL,'12'),(2523,475,'Prise 13',1,1322,NULL,NULL,'13'),(2524,475,'Prise 14',1,1322,NULL,NULL,'14'),(2525,476,'Prise 1',1,1322,NULL,NULL,'1'),(2526,476,'Prise 2',1,1322,NULL,NULL,'2'),(2527,476,'Prise 3',1,1322,NULL,NULL,'3'),(2528,476,'Prise 4',1,1322,NULL,NULL,'4'),(2529,476,'Prise 5',1,1322,NULL,NULL,'5'),(2530,476,'Prise 6',1,1322,NULL,NULL,'6'),(2531,476,'Prise 7',1,1322,NULL,NULL,'7'),(2532,476,'Prise 8',1,1322,NULL,NULL,'8'),(2533,476,'Prise 9',1,1322,NULL,NULL,'9'),(2534,476,'Prise 10',1,1322,NULL,NULL,'10'),(2535,476,'Prise 11',1,1322,NULL,NULL,'11'),(2536,476,'Prise 12',1,1322,NULL,NULL,'12'),(2537,476,'Prise 13',1,1322,NULL,NULL,'13'),(2538,476,'Prise 14',1,1322,NULL,NULL,'14'),(2539,477,'Prise 1',1,1322,NULL,NULL,'1'),(2540,477,'Prise 2',1,1322,NULL,NULL,'2'),(2541,477,'Prise 3',1,1322,NULL,NULL,'3'),(2542,477,'Prise 4',1,1322,NULL,NULL,'4'),(2543,477,'Prise 5',1,1322,NULL,NULL,'5'),(2544,477,'Prise 6',1,1322,NULL,NULL,'6'),(2545,477,'Prise 7',1,1322,NULL,NULL,'7'),(2546,477,'Prise 8',1,1322,NULL,NULL,'8'),(2547,477,'Prise 9',1,1322,NULL,NULL,'9'),(2548,477,'Prise 10',1,1322,NULL,NULL,'10'),(2549,477,'Prise 11',1,1322,NULL,NULL,'11'),(2550,477,'Prise 12',1,1322,NULL,NULL,'12'),(2551,477,'Prise 13',1,1322,NULL,NULL,'13'),(2552,477,'Prise 14',1,1322,NULL,NULL,'14'),(2553,478,'Prise 1',1,1322,NULL,NULL,'1'),(2554,478,'Prise 2',1,1322,NULL,NULL,'2'),(2555,478,'Prise 3',1,1322,NULL,NULL,'3'),(2556,478,'Prise 4',1,1322,NULL,NULL,'4'),(2557,478,'Prise 5',1,1322,NULL,NULL,'5'),(2558,478,'Prise 6',1,1322,NULL,NULL,'6'),(2559,478,'Prise 7',1,1322,NULL,NULL,'7'),(2560,478,'Prise 8',1,1322,NULL,NULL,'8'),(2561,478,'Prise 9',1,1322,NULL,NULL,'9'),(2562,478,'Prise 10',1,1322,NULL,NULL,'10'),(2563,478,'Prise 11',1,1322,NULL,NULL,'11'),(2564,478,'Prise 12',1,1322,NULL,NULL,'12'),(2565,478,'Prise 13',1,1322,NULL,NULL,'13'),(2566,478,'Prise 14',1,1322,NULL,NULL,'14'),(2567,479,'Prise 1',1,1322,NULL,NULL,'1'),(2568,479,'Prise 2',1,1322,NULL,NULL,'2'),(2569,479,'Prise 3',1,1322,NULL,NULL,'3'),(2570,479,'Prise 4',1,1322,NULL,NULL,'4'),(2571,479,'Prise 5',1,1322,NULL,NULL,'5'),(2572,479,'Prise 6',1,1322,NULL,NULL,'6'),(2573,479,'Prise 7',1,1322,NULL,NULL,'7'),(2574,479,'Prise 8',1,1322,NULL,NULL,'8'),(2575,479,'Prise 9',1,1322,NULL,NULL,'9'),(2576,479,'Prise 10',1,1322,NULL,NULL,'10'),(2577,479,'Prise 11',1,1322,NULL,NULL,'11'),(2578,479,'Prise 12',1,1322,NULL,NULL,'12'),(2579,479,'Prise 13',1,1322,NULL,NULL,'13'),(2580,479,'Prise 14',1,1322,NULL,NULL,'14'),(2581,480,'Prise 1',1,1322,NULL,NULL,'1'),(2582,480,'Prise 2',1,1322,NULL,NULL,'2'),(2583,480,'Prise 3',1,1322,NULL,NULL,'3'),(2584,480,'Prise 4',1,1322,NULL,NULL,'4'),(2585,480,'Prise 5',1,1322,NULL,NULL,'5'),(2586,480,'Prise 6',1,1322,NULL,NULL,'6'),(2587,480,'Prise 7',1,1322,NULL,NULL,'7'),(2588,480,'Prise 8',1,1322,NULL,NULL,'8'),(2589,480,'Prise 9',1,1322,NULL,NULL,'9'),(2590,480,'Prise 10',1,1322,NULL,NULL,'10'),(2591,480,'Prise 11',1,1322,NULL,NULL,'11'),(2592,480,'Prise 12',1,1322,NULL,NULL,'12'),(2593,480,'Prise 13',1,1322,NULL,NULL,'13'),(2594,480,'Prise 14',1,1322,NULL,NULL,'14'),(2595,481,'Prise 1',1,1322,NULL,NULL,'1'),(2596,481,'Prise 2',1,1322,NULL,NULL,'2'),(2597,481,'Prise 3',1,1322,NULL,NULL,'3'),(2598,481,'Prise 4',1,1322,NULL,NULL,'4'),(2599,481,'Prise 5',1,1322,NULL,NULL,'5'),(2600,481,'Prise 6',1,1322,NULL,NULL,'6'),(2601,481,'Prise 7',1,1322,NULL,NULL,'7'),(2602,481,'Prise 8',1,1322,NULL,NULL,'8'),(2603,481,'Prise 9',1,1322,NULL,NULL,'9'),(2604,481,'Prise 10',1,1322,NULL,NULL,'10'),(2605,481,'Prise 11',1,1322,NULL,NULL,'11'),(2606,481,'Prise 12',1,1322,NULL,NULL,'12'),(2607,481,'Prise 13',1,1322,NULL,NULL,'13'),(2608,481,'Prise 14',1,1322,NULL,NULL,'14'),(2609,482,'Prise 1',1,1322,NULL,NULL,'1'),(2610,482,'Prise 2',1,1322,NULL,NULL,'2'),(2611,482,'Prise 3',1,1322,NULL,NULL,'3'),(2612,482,'Prise 4',1,1322,NULL,NULL,'4'),(2613,482,'Prise 5',1,1322,NULL,NULL,'5'),(2614,482,'Prise 6',1,1322,NULL,NULL,'6'),(2615,482,'Prise 7',1,1322,NULL,NULL,'7'),(2616,482,'Prise 8',1,1322,NULL,NULL,'8'),(2617,482,'Prise 9',1,1322,NULL,NULL,'9'),(2618,482,'Prise 10',1,1322,NULL,NULL,'10'),(2619,482,'Prise 11',1,1322,NULL,NULL,'11'),(2620,482,'Prise 12',1,1322,NULL,NULL,'12'),(2621,482,'Prise 13',1,1322,NULL,NULL,'13'),(2622,482,'Prise 14',1,1322,NULL,NULL,'14'),(2623,484,'Prise 1',1,1322,NULL,NULL,'1'),(2624,484,'Prise 2',1,1322,NULL,NULL,'2'),(2625,484,'Prise 3',1,1322,NULL,NULL,'3'),(2626,484,'Prise 4',1,1322,NULL,NULL,'4'),(2627,484,'Prise 5',1,1322,NULL,NULL,'5'),(2628,484,'Prise 6',1,1322,NULL,NULL,'6'),(2629,484,'Prise 7',1,1322,NULL,NULL,'7'),(2630,484,'Prise 8',1,1322,NULL,NULL,'8'),(2631,484,'Prise 9',1,1322,NULL,NULL,'9'),(2632,484,'Prise 10',1,1322,NULL,NULL,'10'),(2633,484,'Prise 11',1,1322,NULL,NULL,'11'),(2634,484,'Prise 12',1,1322,NULL,NULL,'12'),(2635,484,'Prise 13',1,1322,NULL,NULL,'13'),(2636,484,'Prise 14',1,1322,NULL,NULL,'14'),(2637,485,'Prise 1',1,1322,NULL,NULL,'1'),(2638,485,'Prise 2',1,1322,NULL,NULL,'2'),(2639,485,'Prise 3',1,1322,NULL,NULL,'3'),(2640,485,'Prise 4',1,1322,NULL,NULL,'4'),(2641,485,'Prise 5',1,1322,NULL,NULL,'5'),(2642,485,'Prise 6',1,1322,NULL,NULL,'6'),(2643,485,'Prise 7',1,1322,NULL,NULL,'7'),(2644,485,'Prise 8',1,1322,NULL,NULL,'8'),(2645,485,'Prise 9',1,1322,NULL,NULL,'9'),(2646,485,'Prise 10',1,1322,NULL,NULL,'10'),(2647,485,'Prise 11',1,1322,NULL,NULL,'11'),(2648,485,'Prise 12',1,1322,NULL,NULL,'12'),(2649,485,'Prise 13',1,1322,NULL,NULL,'13'),(2650,485,'Prise 14',1,1322,NULL,NULL,'14'),(2651,486,'Prise 1',1,1322,NULL,NULL,'1'),(2652,486,'Prise 2',1,1322,NULL,NULL,'2'),(2653,486,'Prise 3',1,1322,NULL,NULL,'3'),(2654,486,'Prise 4',1,1322,NULL,NULL,'4'),(2655,486,'Prise 5',1,1322,NULL,NULL,'5'),(2656,486,'Prise 6',1,1322,NULL,NULL,'6'),(2657,486,'Prise 7',1,1322,NULL,NULL,'7'),(2658,486,'Prise 8',1,1322,NULL,NULL,'8'),(2659,486,'Prise 9',1,1322,NULL,NULL,'9'),(2660,486,'Prise 10',1,1322,NULL,NULL,'10'),(2661,486,'Prise 11',1,1322,NULL,NULL,'11'),(2662,486,'Prise 12',1,1322,NULL,NULL,'12'),(2663,486,'Prise 13',1,1322,NULL,NULL,'13'),(2664,486,'Prise 14',1,1322,NULL,NULL,'14'),(2665,487,'Prise 1',1,1322,NULL,NULL,'1'),(2666,487,'Prise 2',1,1322,NULL,NULL,'2'),(2667,487,'Prise 3',1,1322,NULL,NULL,'3'),(2668,487,'Prise 4',1,1322,NULL,NULL,'4'),(2669,487,'Prise 5',1,1322,NULL,NULL,'5'),(2670,487,'Prise 6',1,1322,NULL,NULL,'6'),(2671,487,'Prise 7',1,1322,NULL,NULL,'7'),(2672,487,'Prise 8',1,1322,NULL,NULL,'8'),(2673,487,'Prise 9',1,1322,NULL,NULL,'9'),(2674,487,'Prise 10',1,1322,NULL,NULL,'10'),(2675,487,'Prise 11',1,1322,NULL,NULL,'11'),(2676,487,'Prise 12',1,1322,NULL,NULL,'12'),(2677,487,'Prise 13',1,1322,NULL,NULL,'13'),(2678,487,'Prise 14',1,1322,NULL,NULL,'14'),(2679,488,'Prise 1',1,1322,NULL,NULL,'1'),(2680,488,'Prise 2',1,1322,NULL,NULL,'2'),(2681,488,'Prise 3',1,1322,NULL,NULL,'3'),(2682,488,'Prise 4',1,1322,NULL,NULL,'4'),(2683,488,'Prise 5',1,1322,NULL,NULL,'5'),(2684,488,'Prise 6',1,1322,NULL,NULL,'6'),(2685,488,'Prise 7',1,1322,NULL,NULL,'7'),(2686,488,'Prise 8',1,1322,NULL,NULL,'8'),(2687,488,'Prise 9',1,1322,NULL,NULL,'9'),(2688,488,'Prise 10',1,1322,NULL,NULL,'10'),(2689,488,'Prise 11',1,1322,NULL,NULL,'11'),(2690,488,'Prise 12',1,1322,NULL,NULL,'12'),(2691,488,'Prise 13',1,1322,NULL,NULL,'13'),(2692,488,'Prise 14',1,1322,NULL,NULL,'14'),(2693,489,'Prise 1',1,1322,NULL,NULL,'1'),(2694,489,'Prise 2',1,1322,NULL,NULL,'2'),(2695,489,'Prise 3',1,1322,NULL,NULL,'3'),(2696,489,'Prise 4',1,1322,NULL,NULL,'4'),(2697,489,'Prise 5',1,1322,NULL,NULL,'5'),(2698,489,'Prise 6',1,1322,NULL,NULL,'6'),(2699,489,'Prise 7',1,1322,NULL,NULL,'7'),(2700,489,'Prise 8',1,1322,NULL,NULL,'8'),(2701,489,'Prise 9',1,1322,NULL,NULL,'9'),(2702,489,'Prise 10',1,1322,NULL,NULL,'10'),(2703,489,'Prise 11',1,1322,NULL,NULL,'11'),(2704,489,'Prise 12',1,1322,NULL,NULL,'12'),(2705,489,'Prise 13',1,1322,NULL,NULL,'13'),(2706,489,'Prise 14',1,1322,NULL,NULL,'14'),(2707,490,'Prise 1',1,1322,NULL,NULL,'1'),(2708,490,'Prise 2',1,1322,NULL,NULL,'2'),(2709,490,'Prise 3',1,1322,NULL,NULL,'3'),(2710,490,'Prise 4',1,1322,NULL,NULL,'4'),(2711,490,'Prise 5',1,1322,NULL,NULL,'5'),(2712,490,'Prise 6',1,1322,NULL,NULL,'6'),(2713,490,'Prise 7',1,1322,NULL,NULL,'7'),(2714,490,'Prise 8',1,1322,NULL,NULL,'8'),(2715,490,'Prise 9',1,1322,NULL,NULL,'9'),(2716,490,'Prise 10',1,1322,NULL,NULL,'10'),(2717,490,'Prise 11',1,1322,NULL,NULL,'11'),(2718,490,'Prise 12',1,1322,NULL,NULL,'12'),(2719,490,'Prise 13',1,1322,NULL,NULL,'13'),(2720,490,'Prise 14',1,1322,NULL,NULL,'14'),(2721,491,'Prise 1',1,1322,NULL,NULL,'1'),(2722,491,'Prise 2',1,1322,NULL,NULL,'2'),(2723,491,'Prise 3',1,1322,NULL,NULL,'3'),(2724,491,'Prise 4',1,1322,NULL,NULL,'4'),(2725,491,'Prise 5',1,1322,NULL,NULL,'5'),(2726,491,'Prise 6',1,1322,NULL,NULL,'6'),(2727,491,'Prise 7',1,1322,NULL,NULL,'7'),(2728,491,'Prise 8',1,1322,NULL,NULL,'8'),(2729,491,'Prise 9',1,1322,NULL,NULL,'9'),(2730,491,'Prise 10',1,1322,NULL,NULL,'10'),(2731,491,'Prise 11',1,1322,NULL,NULL,'11'),(2732,491,'Prise 12',1,1322,NULL,NULL,'12'),(2733,491,'Prise 13',1,1322,NULL,NULL,'13'),(2734,491,'Prise 14',1,1322,NULL,NULL,'14'),(2735,492,'Prise 1',1,1322,NULL,NULL,'1'),(2736,492,'Prise 2',1,1322,NULL,NULL,'2'),(2737,492,'Prise 3',1,1322,NULL,NULL,'3'),(2738,492,'Prise 4',1,1322,NULL,NULL,'4'),(2739,492,'Prise 5',1,1322,NULL,NULL,'5'),(2740,492,'Prise 6',1,1322,NULL,NULL,'6'),(2741,492,'Prise 7',1,1322,NULL,NULL,'7'),(2742,492,'Prise 8',1,1322,NULL,NULL,'8'),(2743,492,'Prise 9',1,1322,NULL,NULL,'9'),(2744,492,'Prise 10',1,1322,NULL,NULL,'10'),(2745,492,'Prise 11',1,1322,NULL,NULL,'11'),(2746,492,'Prise 12',1,1322,NULL,NULL,'12'),(2747,492,'Prise 13',1,1322,NULL,NULL,'13'),(2748,492,'Prise 14',1,1322,NULL,NULL,'14'),(2749,493,'Prise 1',1,1322,NULL,NULL,'1'),(2750,493,'Prise 2',1,1322,NULL,NULL,'2'),(2751,493,'Prise 3',1,1322,NULL,NULL,'3'),(2752,493,'Prise 4',1,1322,NULL,NULL,'4'),(2753,493,'Prise 5',1,1322,NULL,NULL,'5'),(2754,493,'Prise 6',1,1322,NULL,NULL,'6'),(2755,493,'Prise 7',1,1322,NULL,NULL,'7'),(2756,493,'Prise 8',1,1322,NULL,NULL,'8'),(2757,493,'Prise 9',1,1322,NULL,NULL,'9'),(2758,493,'Prise 10',1,1322,NULL,NULL,'10'),(2759,493,'Prise 11',1,1322,NULL,NULL,'11'),(2760,493,'Prise 12',1,1322,NULL,NULL,'12'),(2761,493,'Prise 13',1,1322,NULL,NULL,'13'),(2762,493,'Prise 14',1,1322,NULL,NULL,'14'),(2763,494,'Prise 1',1,1322,NULL,NULL,'1'),(2764,494,'Prise 2',1,1322,NULL,NULL,'2'),(2765,494,'Prise 3',1,1322,NULL,NULL,'3'),(2766,494,'Prise 4',1,1322,NULL,NULL,'4'),(2767,494,'Prise 5',1,1322,NULL,NULL,'5'),(2768,494,'Prise 6',1,1322,NULL,NULL,'6'),(2769,494,'Prise 7',1,1322,NULL,NULL,'7'),(2770,494,'Prise 8',1,1322,NULL,NULL,'8'),(2771,494,'Prise 9',1,1322,NULL,NULL,'9'),(2772,494,'Prise 10',1,1322,NULL,NULL,'10'),(2773,494,'Prise 11',1,1322,NULL,NULL,'11'),(2774,494,'Prise 12',1,1322,NULL,NULL,'12'),(2775,494,'Prise 13',1,1322,NULL,NULL,'13'),(2776,494,'Prise 14',1,1322,NULL,NULL,'14'),(2777,495,'Prise 1',1,1322,NULL,NULL,'1'),(2778,495,'Prise 2',1,1322,NULL,NULL,'2'),(2779,495,'Prise 3',1,1322,NULL,NULL,'3'),(2780,495,'Prise 4',1,1322,NULL,NULL,'4'),(2781,495,'Prise 5',1,1322,NULL,NULL,'5'),(2782,495,'Prise 6',1,1322,NULL,NULL,'6'),(2783,495,'Prise 7',1,1322,NULL,NULL,'7'),(2784,495,'Prise 8',1,1322,NULL,NULL,'8'),(2785,495,'Prise 9',1,1322,NULL,NULL,'9'),(2786,495,'Prise 10',1,1322,NULL,NULL,'10'),(2787,495,'Prise 11',1,1322,NULL,NULL,'11'),(2788,495,'Prise 12',1,1322,NULL,NULL,'12'),(2789,495,'Prise 13',1,1322,NULL,NULL,'13'),(2790,495,'Prise 14',1,1322,NULL,NULL,'14'),(2791,496,'Prise 1',1,1322,NULL,NULL,'1'),(2792,496,'Prise 2',1,1322,NULL,NULL,'2'),(2793,496,'Prise 3',1,1322,NULL,NULL,'3'),(2794,496,'Prise 4',1,1322,NULL,NULL,'4'),(2795,496,'Prise 5',1,1322,NULL,NULL,'5'),(2796,496,'Prise 6',1,1322,NULL,NULL,'6'),(2797,496,'Prise 7',1,1322,NULL,NULL,'7'),(2798,496,'Prise 8',1,1322,NULL,NULL,'8'),(2799,496,'Prise 9',1,1322,NULL,NULL,'9'),(2800,496,'Prise 10',1,1322,NULL,NULL,'10'),(2801,496,'Prise 11',1,1322,NULL,NULL,'11'),(2802,496,'Prise 12',1,1322,NULL,NULL,'12'),(2803,496,'Prise 13',1,1322,NULL,NULL,'13'),(2804,496,'Prise 14',1,1322,NULL,NULL,'14'),(2805,497,'Prise 1',1,1322,NULL,NULL,'1'),(2806,497,'Prise 2',1,1322,NULL,NULL,'2'),(2807,497,'Prise 3',1,1322,NULL,NULL,'3'),(2808,497,'Prise 4',1,1322,NULL,NULL,'4'),(2809,497,'Prise 5',1,1322,NULL,NULL,'5'),(2810,497,'Prise 6',1,1322,NULL,NULL,'6'),(2811,497,'Prise 7',1,1322,NULL,NULL,'7'),(2812,497,'Prise 8',1,1322,NULL,NULL,'8'),(2813,497,'Prise 9',1,1322,NULL,NULL,'9'),(2814,497,'Prise 10',1,1322,NULL,NULL,'10'),(2815,497,'Prise 11',1,1322,NULL,NULL,'11'),(2816,497,'Prise 12',1,1322,NULL,NULL,'12'),(2817,497,'Prise 13',1,1322,NULL,NULL,'13'),(2818,497,'Prise 14',1,1322,NULL,NULL,'14'),(2819,498,'Prise 1',1,1322,NULL,NULL,'1'),(2820,498,'Prise 2',1,1322,NULL,NULL,'2'),(2821,498,'Prise 3',1,1322,NULL,NULL,'3'),(2822,498,'Prise 4',1,1322,NULL,NULL,'4'),(2823,498,'Prise 5',1,1322,NULL,NULL,'5'),(2824,498,'Prise 6',1,1322,NULL,NULL,'6'),(2825,498,'Prise 7',1,1322,NULL,NULL,'7'),(2826,498,'Prise 8',1,1322,NULL,NULL,'8'),(2827,498,'Prise 9',1,1322,NULL,NULL,'9'),(2828,498,'Prise 10',1,1322,NULL,NULL,'10'),(2829,498,'Prise 11',1,1322,NULL,NULL,'11'),(2830,498,'Prise 12',1,1322,NULL,NULL,'12'),(2831,498,'Prise 13',1,1322,NULL,NULL,'13'),(2832,498,'Prise 14',1,1322,NULL,NULL,'14'),(2833,499,'Prise 1',1,1322,NULL,NULL,'1'),(2834,499,'Prise 2',1,1322,NULL,NULL,'2'),(2835,499,'Prise 3',1,1322,NULL,NULL,'3'),(2836,499,'Prise 4',1,1322,NULL,NULL,'4'),(2837,499,'Prise 5',1,1322,NULL,NULL,'5'),(2838,499,'Prise 6',1,1322,NULL,NULL,'6'),(2839,499,'Prise 7',1,1322,NULL,NULL,'7'),(2840,499,'Prise 8',1,1322,NULL,NULL,'8'),(2841,499,'Prise 9',1,1322,NULL,NULL,'9'),(2842,500,'Prise 1',1,1322,NULL,NULL,'1'),(2843,500,'Prise 2',1,1322,NULL,NULL,'2'),(2844,500,'Prise 3',1,1322,NULL,NULL,'3'),(2845,500,'Prise 4',1,1322,NULL,NULL,'4'),(2846,500,'Prise 5',1,1322,NULL,NULL,'5'),(2847,500,'Prise 6',1,1322,NULL,NULL,'6'),(2848,500,'Prise 7',1,1322,NULL,NULL,'7'),(2849,500,'Prise 8',1,1322,NULL,NULL,'8'),(2850,500,'Prise 9',1,1322,NULL,NULL,'9'),(2851,501,'Prise 1',1,1322,NULL,NULL,'1'),(2852,501,'Prise 2',1,1322,NULL,NULL,'2'),(2853,501,'Prise 3',1,1322,NULL,NULL,'3'),(2854,501,'Prise 4',1,1322,NULL,NULL,'4'),(2855,501,'Prise 5',1,1322,NULL,NULL,'5'),(2856,501,'Prise 6',1,1322,NULL,NULL,'6'),(2857,501,'Prise 7',1,1322,NULL,NULL,'7'),(2858,501,'Prise 8',1,1322,NULL,NULL,'8'),(2859,501,'Prise 9',1,1322,NULL,NULL,'9'),(2860,501,'Prise 10',1,1322,NULL,NULL,'10'),(2861,501,'Prise 11',1,1322,NULL,NULL,'11'),(2862,501,'Prise 12',1,1322,NULL,NULL,'12'),(2863,501,'Prise 13',1,1322,NULL,NULL,'13'),(2864,501,'Prise 14',1,1322,NULL,NULL,'14'),(2865,546,'Prise 1',1,1322,NULL,NULL,'1'),(2866,546,'Prise 2',1,1322,NULL,NULL,'2'),(2867,546,'Prise 3',1,1322,NULL,NULL,'3'),(2868,546,'Prise 4',1,1322,NULL,NULL,'4'),(2869,546,'Prise 5',1,1322,NULL,NULL,'5'),(2870,546,'Prise 6',1,1322,NULL,NULL,'6'),(2871,546,'Prise 7',1,1322,NULL,NULL,'7'),(2872,546,'Prise 8',1,1322,NULL,NULL,'8'),(2873,546,'Prise 9',1,1322,NULL,NULL,'9'),(2874,546,'Prise 10',1,1322,NULL,NULL,'10'),(2875,546,'Prise 11',1,1322,NULL,NULL,'11'),(2876,546,'Prise 12',1,1322,NULL,NULL,'12'),(2877,546,'Prise 13',1,1322,NULL,NULL,'13'),(2878,546,'Prise 14',1,1322,NULL,NULL,'14'),(2879,547,'Prise 1',1,1322,NULL,NULL,'1'),(2880,547,'Prise 2',1,1322,NULL,NULL,'2'),(2881,547,'Prise 3',1,1322,NULL,NULL,'3'),(2882,547,'Prise 4',1,1322,NULL,NULL,'4'),(2883,547,'Prise 5',1,1322,NULL,NULL,'5'),(2884,547,'Prise 6',1,1322,NULL,NULL,'6'),(2885,547,'Prise 7',1,1322,NULL,NULL,'7'),(2886,547,'Prise 8',1,1322,NULL,NULL,'8'),(2887,547,'Prise 9',1,1322,NULL,NULL,'9'),(2888,547,'Prise 10',1,1322,NULL,NULL,'10'),(2889,547,'Prise 11',1,1322,NULL,NULL,'11'),(2890,547,'Prise 12',1,1322,NULL,NULL,'12'),(2891,547,'Prise 13',1,1322,NULL,NULL,'13'),(2892,547,'Prise 14',1,1322,NULL,NULL,'14'),(2893,548,'Prise 1',1,1322,NULL,NULL,'1'),(2894,548,'Prise 2',1,1322,NULL,NULL,'2'),(2895,548,'Prise 3',1,1322,NULL,NULL,'3'),(2896,548,'Prise 4',1,1322,NULL,NULL,'4'),(2897,548,'Prise 5',1,1322,NULL,NULL,'5'),(2898,548,'Prise 6',1,1322,NULL,NULL,'6'),(2899,548,'Prise 7',1,1322,NULL,NULL,'7'),(2900,548,'Prise 8',1,1322,NULL,NULL,'8'),(2901,548,'Prise 9',1,1322,NULL,NULL,'9'),(2902,503,'Prise 1',1,1322,NULL,NULL,'1'),(2903,503,'Prise 2',1,1322,NULL,NULL,'2'),(2904,503,'Prise 3',1,1322,NULL,NULL,'3'),(2905,503,'Prise 4',1,1322,NULL,NULL,'4'),(2906,503,'Prise 5',1,1322,NULL,NULL,'5'),(2907,503,'Prise 6',1,1322,NULL,NULL,'6'),(2908,503,'Prise 7',1,1322,NULL,NULL,'7'),(2909,503,'Prise 8',1,1322,NULL,NULL,'8'),(2910,503,'Prise 9',1,1322,NULL,NULL,'9'),(2911,503,'Prise 10',1,1322,NULL,NULL,'10'),(2912,503,'Prise 11',1,1322,NULL,NULL,'11'),(2913,503,'Prise 12',1,1322,NULL,NULL,'12'),(2914,503,'Prise 13',1,1322,NULL,NULL,'13'),(2915,503,'Prise 14',1,1322,NULL,NULL,'14'),(2916,504,'Prise 1',1,1322,NULL,NULL,'1'),(2917,504,'Prise 2',1,1322,NULL,NULL,'2'),(2918,504,'Prise 3',1,1322,NULL,NULL,'3'),(2919,504,'Prise 4',1,1322,NULL,NULL,'4'),(2920,504,'Prise 5',1,1322,NULL,NULL,'5'),(2921,504,'Prise 6',1,1322,NULL,NULL,'6'),(2922,504,'Prise 7',1,1322,NULL,NULL,'7'),(2923,504,'Prise 8',1,1322,NULL,NULL,'8'),(2924,504,'Prise 9',1,1322,NULL,NULL,'9'),(2925,504,'Prise 10',1,1322,NULL,NULL,'10'),(2926,504,'Prise 11',1,1322,NULL,NULL,'11'),(2927,504,'Prise 12',1,1322,NULL,NULL,'12'),(2928,504,'Prise 13',1,1322,NULL,NULL,'13'),(2929,504,'Prise 14',1,1322,NULL,NULL,'14'),(2930,505,'Prise 1',1,1322,NULL,NULL,'1'),(2931,505,'Prise 2',1,1322,NULL,NULL,'2'),(2932,505,'Prise 3',1,1322,NULL,NULL,'3'),(2933,505,'Prise 4',1,1322,NULL,NULL,'4'),(2934,505,'Prise 5',1,1322,NULL,NULL,'5'),(2935,505,'Prise 6',1,1322,NULL,NULL,'6'),(2936,505,'Prise 7',1,1322,NULL,NULL,'7'),(2937,505,'Prise 8',1,1322,NULL,NULL,'8'),(2938,505,'Prise 9',1,1322,NULL,NULL,'9'),(2939,505,'Prise 10',1,1322,NULL,NULL,'10'),(2940,505,'Prise 11',1,1322,NULL,NULL,'11'),(2941,505,'Prise 12',1,1322,NULL,NULL,'12'),(2942,505,'Prise 13',1,1322,NULL,NULL,'13'),(2943,505,'Prise 14',1,1322,NULL,NULL,'14'),(2944,506,'Prise 1',1,1322,NULL,NULL,'1'),(2945,506,'Prise 2',1,1322,NULL,NULL,'2'),(2946,506,'Prise 3',1,1322,NULL,NULL,'3'),(2947,506,'Prise 4',1,1322,NULL,NULL,'4'),(2948,506,'Prise 5',1,1322,NULL,NULL,'5'),(2949,506,'Prise 6',1,1322,NULL,NULL,'6'),(2950,506,'Prise 7',1,1322,NULL,NULL,'7'),(2951,506,'Prise 8',1,1322,NULL,NULL,'8'),(2952,506,'Prise 9',1,1322,NULL,NULL,'9'),(2953,506,'Prise 10',1,1322,NULL,NULL,'10'),(2954,506,'Prise 11',1,1322,NULL,NULL,'11'),(2955,506,'Prise 12',1,1322,NULL,NULL,'12'),(2956,506,'Prise 13',1,1322,NULL,NULL,'13'),(2957,506,'Prise 14',1,1322,NULL,NULL,'14'),(2958,507,'Prise 1',1,1322,NULL,NULL,'1'),(2959,507,'Prise 2',1,1322,NULL,NULL,'2'),(2960,507,'Prise 3',1,1322,NULL,NULL,'3'),(2961,507,'Prise 4',1,1322,NULL,NULL,'4'),(2962,507,'Prise 5',1,1322,NULL,NULL,'5'),(2963,507,'Prise 6',1,1322,NULL,NULL,'6'),(2964,507,'Prise 7',1,1322,NULL,NULL,'7'),(2965,507,'Prise 8',1,1322,NULL,NULL,'8'),(2966,507,'Prise 9',1,1322,NULL,NULL,'9'),(2967,507,'Prise 10',1,1322,NULL,NULL,'10'),(2968,507,'Prise 11',1,1322,NULL,NULL,'11'),(2969,507,'Prise 12',1,1322,NULL,NULL,'12'),(2970,507,'Prise 13',1,1322,NULL,NULL,'13'),(2971,507,'Prise 14',1,1322,NULL,NULL,'14'),(2972,508,'Prise 1',1,1322,NULL,NULL,'1'),(2973,508,'Prise 2',1,1322,NULL,NULL,'2'),(2974,508,'Prise 3',1,1322,NULL,NULL,'3'),(2975,508,'Prise 4',1,1322,NULL,NULL,'4'),(2976,508,'Prise 5',1,1322,NULL,NULL,'5'),(2977,508,'Prise 6',1,1322,NULL,NULL,'6'),(2978,508,'Prise 7',1,1322,NULL,NULL,'7'),(2979,508,'Prise 8',1,1322,NULL,NULL,'8'),(2980,508,'Prise 9',1,1322,NULL,NULL,'9'),(2981,508,'Prise 10',1,1322,NULL,NULL,'10'),(2982,508,'Prise 11',1,1322,NULL,NULL,'11'),(2983,508,'Prise 12',1,1322,NULL,NULL,'12'),(2984,508,'Prise 13',1,1322,NULL,NULL,'13'),(2985,508,'Prise 14',1,1322,NULL,NULL,'14'),(2986,510,'Prise 1',1,1322,NULL,NULL,'1'),(2987,510,'Prise 2',1,1322,NULL,NULL,'2'),(2988,510,'Prise 3',1,1322,NULL,NULL,'3'),(2989,510,'Prise 4',1,1322,NULL,NULL,'4'),(2990,510,'Prise 5',1,1322,NULL,NULL,'5'),(2991,510,'Prise 6',1,1322,NULL,NULL,'6'),(2992,510,'Prise 7',1,1322,NULL,NULL,'7'),(2993,510,'Prise 8',1,1322,NULL,NULL,'8'),(2994,510,'Prise 9',1,1322,NULL,NULL,'9'),(2995,510,'Prise 10',1,1322,NULL,NULL,'10'),(2996,510,'Prise 11',1,1322,NULL,NULL,'11'),(2997,510,'Prise 12',1,1322,NULL,NULL,'12'),(2998,510,'Prise 13',1,1322,NULL,NULL,'13'),(2999,510,'Prise 14',1,1322,NULL,NULL,'14'),(3000,511,'Prise 1',1,1322,NULL,NULL,'1'),(3001,511,'Prise 2',1,1322,NULL,NULL,'2'),(3002,511,'Prise 3',1,1322,NULL,NULL,'3'),(3003,511,'Prise 4',1,1322,NULL,NULL,'4'),(3004,511,'Prise 5',1,1322,NULL,NULL,'5'),(3005,511,'Prise 6',1,1322,NULL,NULL,'6'),(3006,511,'Prise 7',1,1322,NULL,NULL,'7'),(3007,511,'Prise 8',1,1322,NULL,NULL,'8'),(3008,511,'Prise 9',1,1322,NULL,NULL,'9'),(3009,511,'Prise 10',1,1322,NULL,NULL,'10'),(3010,511,'Prise 11',1,1322,NULL,NULL,'11'),(3011,511,'Prise 12',1,1322,NULL,NULL,'12'),(3012,511,'Prise 13',1,1322,NULL,NULL,'13'),(3013,511,'Prise 14',1,1322,NULL,NULL,'14'),(3014,512,'Prise 1',1,1322,NULL,NULL,'1'),(3015,512,'Prise 2',1,1322,NULL,NULL,'2'),(3016,512,'Prise 3',1,1322,NULL,NULL,'3'),(3017,512,'Prise 4',1,1322,NULL,NULL,'4'),(3018,512,'Prise 5',1,1322,NULL,NULL,'5'),(3019,512,'Prise 6',1,1322,NULL,NULL,'6'),(3020,512,'Prise 7',1,1322,NULL,NULL,'7'),(3021,512,'Prise 8',1,1322,NULL,NULL,'8'),(3022,512,'Prise 9',1,1322,NULL,NULL,'9'),(3023,512,'Prise 10',1,1322,NULL,NULL,'10'),(3024,512,'Prise 11',1,1322,NULL,NULL,'11'),(3025,512,'Prise 12',1,1322,NULL,NULL,'12'),(3026,512,'Prise 13',1,1322,NULL,NULL,'13'),(3027,512,'Prise 14',1,1322,NULL,NULL,'14'),(3028,513,'Prise 1',1,1322,NULL,NULL,'1'),(3029,513,'Prise 2',1,1322,NULL,NULL,'2'),(3030,513,'Prise 3',1,1322,NULL,NULL,'3'),(3031,513,'Prise 4',1,1322,NULL,NULL,'4'),(3032,513,'Prise 5',1,1322,NULL,NULL,'5'),(3033,513,'Prise 6',1,1322,NULL,NULL,'6'),(3034,513,'Prise 7',1,1322,NULL,NULL,'7'),(3035,513,'Prise 8',1,1322,NULL,NULL,'8'),(3036,513,'Prise 9',1,1322,NULL,NULL,'9'),(3037,513,'Prise 10',1,1322,NULL,NULL,'10'),(3038,513,'Prise 11',1,1322,NULL,NULL,'11'),(3039,513,'Prise 12',1,1322,NULL,NULL,'12'),(3040,513,'Prise 13',1,1322,NULL,NULL,'13'),(3041,513,'Prise 14',1,1322,NULL,NULL,'14'),(3042,514,'Prise 1',1,1322,NULL,NULL,'1'),(3043,514,'Prise 2',1,1322,NULL,NULL,'2'),(3044,514,'Prise 3',1,1322,NULL,NULL,'3'),(3045,514,'Prise 4',1,1322,NULL,NULL,'4'),(3046,514,'Prise 5',1,1322,NULL,NULL,'5'),(3047,514,'Prise 6',1,1322,NULL,NULL,'6'),(3048,514,'Prise 7',1,1322,NULL,NULL,'7'),(3049,514,'Prise 8',1,1322,NULL,NULL,'8'),(3050,514,'Prise 9',1,1322,NULL,NULL,'9'),(3051,514,'Prise 10',1,1322,NULL,NULL,'10'),(3052,514,'Prise 11',1,1322,NULL,NULL,'11'),(3053,514,'Prise 12',1,1322,NULL,NULL,'12'),(3054,514,'Prise 13',1,1322,NULL,NULL,'13'),(3055,514,'Prise 14',1,1322,NULL,NULL,'14'),(3056,515,'Prise 1',1,1322,NULL,NULL,'1'),(3057,515,'Prise 2',1,1322,NULL,NULL,'2'),(3058,515,'Prise 3',1,1322,NULL,NULL,'3'),(3059,515,'Prise 4',1,1322,NULL,NULL,'4'),(3060,515,'Prise 5',1,1322,NULL,NULL,'5'),(3061,515,'Prise 6',1,1322,NULL,NULL,'6'),(3062,515,'Prise 7',1,1322,NULL,NULL,'7'),(3063,515,'Prise 8',1,1322,NULL,NULL,'8'),(3064,515,'Prise 9',1,1322,NULL,NULL,'9'),(3065,515,'Prise 10',1,1322,NULL,NULL,'10'),(3066,515,'Prise 11',1,1322,NULL,NULL,'11'),(3067,515,'Prise 12',1,1322,NULL,NULL,'12'),(3068,515,'Prise 13',1,1322,NULL,NULL,'13'),(3069,515,'Prise 14',1,1322,NULL,NULL,'14'),(3070,516,'Prise 1',1,1322,NULL,NULL,'1'),(3071,516,'Prise 2',1,1322,NULL,NULL,'2'),(3072,516,'Prise 3',1,1322,NULL,NULL,'3'),(3073,516,'Prise 4',1,1322,NULL,NULL,'4'),(3074,516,'Prise 5',1,1322,NULL,NULL,'5'),(3075,516,'Prise 6',1,1322,NULL,NULL,'6'),(3076,516,'Prise 7',1,1322,NULL,NULL,'7'),(3077,516,'Prise 8',1,1322,NULL,NULL,'8'),(3078,516,'Prise 9',1,1322,NULL,NULL,'9'),(3079,516,'Prise 10',1,1322,NULL,NULL,'10'),(3080,516,'Prise 11',1,1322,NULL,NULL,'11'),(3081,516,'Prise 12',1,1322,NULL,NULL,'12'),(3082,516,'Prise 13',1,1322,NULL,NULL,'13'),(3083,516,'Prise 14',1,1322,NULL,NULL,'14'),(3084,517,'Prise 1',1,1322,NULL,NULL,'1'),(3085,517,'Prise 2',1,1322,NULL,NULL,'2'),(3086,517,'Prise 3',1,1322,NULL,NULL,'3'),(3087,517,'Prise 4',1,1322,NULL,NULL,'4'),(3088,517,'Prise 5',1,1322,NULL,NULL,'5'),(3089,517,'Prise 6',1,1322,NULL,NULL,'6'),(3090,517,'Prise 7',1,1322,NULL,NULL,'7'),(3091,517,'Prise 8',1,1322,NULL,NULL,'8'),(3092,517,'Prise 9',1,1322,NULL,NULL,'9'),(3093,517,'Prise 10',1,1322,NULL,NULL,'10'),(3094,517,'Prise 11',1,1322,NULL,NULL,'11'),(3095,517,'Prise 12',1,1322,NULL,NULL,'12'),(3096,517,'Prise 13',1,1322,NULL,NULL,'13'),(3097,517,'Prise 14',1,1322,NULL,NULL,'14'),(3098,518,'Prise 1',1,1322,NULL,NULL,'1'),(3099,518,'Prise 2',1,1322,NULL,NULL,'2'),(3100,518,'Prise 3',1,1322,NULL,NULL,'3'),(3101,518,'Prise 4',1,1322,NULL,NULL,'4'),(3102,518,'Prise 5',1,1322,NULL,NULL,'5'),(3103,518,'Prise 6',1,1322,NULL,NULL,'6'),(3104,518,'Prise 7',1,1322,NULL,NULL,'7'),(3105,518,'Prise 8',1,1322,NULL,NULL,'8'),(3106,518,'Prise 9',1,1322,NULL,NULL,'9'),(3107,518,'Prise 10',1,1322,NULL,NULL,'10'),(3108,518,'Prise 11',1,1322,NULL,NULL,'11'),(3109,518,'Prise 12',1,1322,NULL,NULL,'12'),(3110,518,'Prise 13',1,1322,NULL,NULL,'13'),(3111,518,'Prise 14',1,1322,NULL,NULL,'14'),(3112,519,'Prise 1',1,1322,NULL,NULL,'1'),(3113,519,'Prise 2',1,1322,NULL,NULL,'2'),(3114,519,'Prise 3',1,1322,NULL,NULL,'3'),(3115,519,'Prise 4',1,1322,NULL,NULL,'4'),(3116,519,'Prise 5',1,1322,NULL,NULL,'5'),(3117,519,'Prise 6',1,1322,NULL,NULL,'6'),(3118,519,'Prise 7',1,1322,NULL,NULL,'7'),(3119,519,'Prise 8',1,1322,NULL,NULL,'8'),(3120,519,'Prise 9',1,1322,NULL,NULL,'9'),(3121,519,'Prise 10',1,1322,NULL,NULL,'10'),(3122,519,'Prise 11',1,1322,NULL,NULL,'11'),(3123,519,'Prise 12',1,1322,NULL,NULL,'12'),(3124,519,'Prise 13',1,1322,NULL,NULL,'13'),(3125,519,'Prise 14',1,1322,NULL,NULL,'14'),(3126,520,'Prise 1',1,1322,NULL,NULL,'1'),(3127,520,'Prise 2',1,1322,NULL,NULL,'2'),(3128,520,'Prise 3',1,1322,NULL,NULL,'3'),(3129,520,'Prise 4',1,1322,NULL,NULL,'4'),(3130,520,'Prise 5',1,1322,NULL,NULL,'5'),(3131,520,'Prise 6',1,1322,NULL,NULL,'6'),(3132,520,'Prise 7',1,1322,NULL,NULL,'7'),(3133,520,'Prise 8',1,1322,NULL,NULL,'8'),(3134,520,'Prise 9',1,1322,NULL,NULL,'9'),(3135,520,'Prise 10',1,1322,NULL,NULL,'10'),(3136,520,'Prise 11',1,1322,NULL,NULL,'11'),(3137,520,'Prise 12',1,1322,NULL,NULL,'12'),(3138,520,'Prise 13',1,1322,NULL,NULL,'13'),(3139,520,'Prise 14',1,1322,NULL,NULL,'14'),(3140,522,'Prise 1',1,1322,NULL,NULL,'1'),(3141,522,'Prise 2',1,1322,NULL,NULL,'2'),(3142,522,'Prise 3',1,1322,NULL,NULL,'3'),(3143,522,'Prise 4',1,1322,NULL,NULL,'4'),(3144,522,'Prise 5',1,1322,NULL,NULL,'5'),(3145,522,'Prise 6',1,1322,NULL,NULL,'6'),(3146,522,'Prise 7',1,1322,NULL,NULL,'7'),(3147,522,'Prise 8',1,1322,NULL,NULL,'8'),(3148,522,'Prise 9',1,1322,NULL,NULL,'9'),(3149,522,'Prise 10',1,1322,NULL,NULL,'10'),(3150,522,'Prise 11',1,1322,NULL,NULL,'11'),(3151,522,'Prise 12',1,1322,NULL,NULL,'12'),(3152,522,'Prise 13',1,1322,NULL,NULL,'13'),(3153,522,'Prise 14',1,1322,NULL,NULL,'14'),(3154,523,'Prise 1',1,1322,NULL,NULL,'1'),(3155,523,'Prise 2',1,1322,NULL,NULL,'2'),(3156,523,'Prise 3',1,1322,NULL,NULL,'3'),(3157,523,'Prise 4',1,1322,NULL,NULL,'4'),(3158,523,'Prise 5',1,1322,NULL,NULL,'5'),(3159,523,'Prise 6',1,1322,NULL,NULL,'6'),(3160,523,'Prise 7',1,1322,NULL,NULL,'7'),(3161,523,'Prise 8',1,1322,NULL,NULL,'8'),(3162,523,'Prise 9',1,1322,NULL,NULL,'9'),(3163,523,'Prise 10',1,1322,NULL,NULL,'10'),(3164,523,'Prise 11',1,1322,NULL,NULL,'11'),(3165,523,'Prise 12',1,1322,NULL,NULL,'12'),(3166,523,'Prise 13',1,1322,NULL,NULL,'13'),(3167,523,'Prise 14',1,1322,NULL,NULL,'14'),(3168,524,'Prise 1',1,1322,NULL,NULL,'1'),(3169,524,'Prise 2',1,1322,NULL,NULL,'2'),(3170,524,'Prise 3',1,1322,NULL,NULL,'3'),(3171,524,'Prise 4',1,1322,NULL,NULL,'4'),(3172,524,'Prise 5',1,1322,NULL,NULL,'5'),(3173,524,'Prise 6',1,1322,NULL,NULL,'6'),(3174,524,'Prise 7',1,1322,NULL,NULL,'7'),(3175,524,'Prise 8',1,1322,NULL,NULL,'8'),(3176,524,'Prise 9',1,1322,NULL,NULL,'9'),(3177,524,'Prise 10',1,1322,NULL,NULL,'10'),(3178,524,'Prise 11',1,1322,NULL,NULL,'11'),(3179,524,'Prise 12',1,1322,NULL,NULL,'12'),(3180,524,'Prise 13',1,1322,NULL,NULL,'13'),(3181,524,'Prise 14',1,1322,NULL,NULL,'14'),(3182,525,'Prise 1',1,1322,NULL,NULL,'1'),(3183,525,'Prise 2',1,1322,NULL,NULL,'2'),(3184,525,'Prise 3',1,1322,NULL,NULL,'3'),(3185,525,'Prise 4',1,1322,NULL,NULL,'4'),(3186,525,'Prise 5',1,1322,NULL,NULL,'5'),(3187,525,'Prise 6',1,1322,NULL,NULL,'6'),(3188,525,'Prise 7',1,1322,NULL,NULL,'7'),(3189,525,'Prise 8',1,1322,NULL,NULL,'8'),(3190,525,'Prise 9',1,1322,NULL,NULL,'9'),(3191,525,'Prise 10',1,1322,NULL,NULL,'10'),(3192,525,'Prise 11',1,1322,NULL,NULL,'11'),(3193,525,'Prise 12',1,1322,NULL,NULL,'12'),(3194,525,'Prise 13',1,1322,NULL,NULL,'13'),(3195,525,'Prise 14',1,1322,NULL,NULL,'14'),(3196,526,'Prise 1',1,1322,NULL,NULL,'1'),(3197,526,'Prise 2',1,1322,NULL,NULL,'2'),(3198,526,'Prise 3',1,1322,NULL,NULL,'3'),(3199,526,'Prise 4',1,1322,NULL,NULL,'4'),(3200,526,'Prise 5',1,1322,NULL,NULL,'5'),(3201,526,'Prise 6',1,1322,NULL,NULL,'6'),(3202,526,'Prise 7',1,1322,NULL,NULL,'7'),(3203,526,'Prise 8',1,1322,NULL,NULL,'8'),(3204,526,'Prise 9',1,1322,NULL,NULL,'9'),(3205,526,'Prise 10',1,1322,NULL,NULL,'10'),(3206,526,'Prise 11',1,1322,NULL,NULL,'11'),(3207,526,'Prise 12',1,1322,NULL,NULL,'12'),(3208,526,'Prise 13',1,1322,NULL,NULL,'13'),(3209,526,'Prise 14',1,1322,NULL,NULL,'14'),(3210,527,'Prise 1',1,1322,NULL,NULL,'1'),(3211,527,'Prise 2',1,1322,NULL,NULL,'2'),(3212,527,'Prise 3',1,1322,NULL,NULL,'3'),(3213,527,'Prise 4',1,1322,NULL,NULL,'4'),(3214,527,'Prise 5',1,1322,NULL,NULL,'5'),(3215,527,'Prise 6',1,1322,NULL,NULL,'6'),(3216,527,'Prise 7',1,1322,NULL,NULL,'7'),(3217,527,'Prise 8',1,1322,NULL,NULL,'8'),(3218,527,'Prise 9',1,1322,NULL,NULL,'9'),(3219,527,'Prise 10',1,1322,NULL,NULL,'10'),(3220,527,'Prise 11',1,1322,NULL,NULL,'11'),(3221,527,'Prise 12',1,1322,NULL,NULL,'12'),(3222,527,'Prise 13',1,1322,NULL,NULL,'13'),(3223,527,'Prise 14',1,1322,NULL,NULL,'14'),(3224,528,'Prise 1',1,1322,NULL,NULL,'1'),(3225,528,'Prise 2',1,1322,NULL,NULL,'2'),(3226,528,'Prise 3',1,1322,NULL,NULL,'3'),(3227,528,'Prise 4',1,1322,NULL,NULL,'4'),(3228,528,'Prise 5',1,1322,NULL,NULL,'5'),(3229,528,'Prise 6',1,1322,NULL,NULL,'6'),(3230,528,'Prise 7',1,1322,NULL,NULL,'7'),(3231,528,'Prise 8',1,1322,NULL,NULL,'8'),(3232,528,'Prise 9',1,1322,NULL,NULL,'9'),(3233,528,'Prise 10',1,1322,NULL,NULL,'10'),(3234,528,'Prise 11',1,1322,NULL,NULL,'11'),(3235,528,'Prise 12',1,1322,NULL,NULL,'12'),(3236,528,'Prise 13',1,1322,NULL,NULL,'13'),(3237,528,'Prise 14',1,1322,NULL,NULL,'14'),(3238,529,'Prise 1',1,1322,NULL,NULL,'1'),(3239,529,'Prise 2',1,1322,NULL,NULL,'2'),(3240,529,'Prise 3',1,1322,NULL,NULL,'3'),(3241,529,'Prise 4',1,1322,NULL,NULL,'4'),(3242,529,'Prise 5',1,1322,NULL,NULL,'5'),(3243,529,'Prise 6',1,1322,NULL,NULL,'6'),(3244,529,'Prise 7',1,1322,NULL,NULL,'7'),(3245,529,'Prise 8',1,1322,NULL,NULL,'8'),(3246,529,'Prise 9',1,1322,NULL,NULL,'9'),(3247,529,'Prise 10',1,1322,NULL,NULL,'10'),(3248,529,'Prise 11',1,1322,NULL,NULL,'11'),(3249,529,'Prise 12',1,1322,NULL,NULL,'12'),(3250,529,'Prise 13',1,1322,NULL,NULL,'13'),(3251,529,'Prise 14',1,1322,NULL,NULL,'14'),(3252,530,'Prise 1',1,1322,NULL,NULL,'1'),(3253,530,'Prise 2',1,1322,NULL,NULL,'2'),(3254,530,'Prise 3',1,1322,NULL,NULL,'3'),(3255,530,'Prise 4',1,1322,NULL,NULL,'4'),(3256,530,'Prise 5',1,1322,NULL,NULL,'5'),(3257,530,'Prise 6',1,1322,NULL,NULL,'6'),(3258,530,'Prise 7',1,1322,NULL,NULL,'7'),(3259,530,'Prise 8',1,1322,NULL,NULL,'8'),(3260,530,'Prise 9',1,1322,NULL,NULL,'9'),(3261,530,'Prise 10',1,1322,NULL,NULL,'10'),(3262,530,'Prise 11',1,1322,NULL,NULL,'11'),(3263,530,'Prise 12',1,1322,NULL,NULL,'12'),(3264,530,'Prise 13',1,1322,NULL,NULL,'13'),(3265,530,'Prise 14',1,1322,NULL,NULL,'14'),(3266,531,'Prise 1',1,1322,NULL,NULL,'1'),(3267,531,'Prise 2',1,1322,NULL,NULL,'2'),(3268,531,'Prise 3',1,1322,NULL,NULL,'3'),(3269,531,'Prise 4',1,1322,NULL,NULL,'4'),(3270,531,'Prise 5',1,1322,NULL,NULL,'5'),(3271,531,'Prise 6',1,1322,NULL,NULL,'6'),(3272,531,'Prise 7',1,1322,NULL,NULL,'7'),(3273,531,'Prise 8',1,1322,NULL,NULL,'8'),(3274,531,'Prise 9',1,1322,NULL,NULL,'9'),(3275,531,'Prise 10',1,1322,NULL,NULL,'10'),(3276,531,'Prise 11',1,1322,NULL,NULL,'11'),(3277,531,'Prise 12',1,1322,NULL,NULL,'12'),(3278,531,'Prise 13',1,1322,NULL,NULL,'13'),(3279,531,'Prise 14',1,1322,NULL,NULL,'14'),(3280,532,'Prise 1',1,1322,NULL,NULL,'1'),(3281,532,'Prise 2',1,1322,NULL,NULL,'2'),(3282,532,'Prise 3',1,1322,NULL,NULL,'3'),(3283,532,'Prise 4',1,1322,NULL,NULL,'4'),(3284,532,'Prise 5',1,1322,NULL,NULL,'5'),(3285,532,'Prise 6',1,1322,NULL,NULL,'6'),(3286,532,'Prise 7',1,1322,NULL,NULL,'7'),(3287,532,'Prise 8',1,1322,NULL,NULL,'8'),(3288,532,'Prise 9',1,1322,NULL,NULL,'9'),(3289,532,'Prise 10',1,1322,NULL,NULL,'10'),(3290,532,'Prise 11',1,1322,NULL,NULL,'11'),(3291,532,'Prise 12',1,1322,NULL,NULL,'12'),(3292,532,'Prise 13',1,1322,NULL,NULL,'13'),(3293,532,'Prise 14',1,1322,NULL,NULL,'14'),(3294,533,'Prise 1',1,1322,NULL,NULL,'1'),(3295,533,'Prise 2',1,1322,NULL,NULL,'2'),(3296,533,'Prise 3',1,1322,NULL,NULL,'3'),(3297,533,'Prise 4',1,1322,NULL,NULL,'4'),(3298,533,'Prise 5',1,1322,NULL,NULL,'5'),(3299,533,'Prise 6',1,1322,NULL,NULL,'6'),(3300,533,'Prise 7',1,1322,NULL,NULL,'7'),(3301,533,'Prise 8',1,1322,NULL,NULL,'8'),(3302,533,'Prise 9',1,1322,NULL,NULL,'9'),(3303,533,'Prise 10',1,1322,NULL,NULL,'10'),(3304,533,'Prise 11',1,1322,NULL,NULL,'11'),(3305,533,'Prise 12',1,1322,NULL,NULL,'12'),(3306,533,'Prise 13',1,1322,NULL,NULL,'13'),(3307,533,'Prise 14',1,1322,NULL,NULL,'14'),(3308,534,'Prise 1',1,1322,NULL,NULL,'1'),(3309,534,'Prise 2',1,1322,NULL,NULL,'2'),(3310,534,'Prise 3',1,1322,NULL,NULL,'3'),(3311,534,'Prise 4',1,1322,NULL,NULL,'4'),(3312,534,'Prise 5',1,1322,NULL,NULL,'5'),(3313,534,'Prise 6',1,1322,NULL,NULL,'6'),(3314,534,'Prise 7',1,1322,NULL,NULL,'7'),(3315,534,'Prise 8',1,1322,NULL,NULL,'8'),(3316,534,'Prise 9',1,1322,NULL,NULL,'9'),(3317,534,'Prise 10',1,1322,NULL,NULL,'10'),(3318,534,'Prise 11',1,1322,NULL,NULL,'11'),(3319,534,'Prise 12',1,1322,NULL,NULL,'12'),(3320,534,'Prise 13',1,1322,NULL,NULL,'13'),(3321,534,'Prise 14',1,1322,NULL,NULL,'14'),(3322,535,'Prise 1',1,1322,NULL,NULL,' 1'),(3323,535,'Prise 2',1,1322,NULL,NULL,' 2'),(3324,535,'Prise 3',1,1322,NULL,NULL,' 3'),(3325,535,'Prise 4',1,1322,NULL,NULL,' 4'),(3326,535,'Prise 5',1,1322,NULL,NULL,' 5'),(3327,535,'Prise 6',1,1322,NULL,NULL,' 6'),(3328,535,'Prise 7',1,1322,NULL,NULL,' 7'),(3329,535,'Prise 8',1,1322,NULL,NULL,' 8'),(3330,535,'Prise 9',1,1322,NULL,NULL,' 9'),(3331,535,'Prise 10',1,1322,NULL,NULL,' 10'),(3332,535,'Prise 11',1,1322,NULL,NULL,' 11'),(3333,535,'Prise 12',1,1322,NULL,NULL,' 12'),(3334,535,'Prise 13',1,1322,NULL,NULL,' 13'),(3335,535,'Prise 14',1,1322,NULL,NULL,' 14'),(3336,536,'Prise 1',1,1322,NULL,NULL,'1'),(3337,536,'Prise 2',1,1322,NULL,NULL,'2'),(3338,536,'Prise 3',1,1322,NULL,NULL,'3'),(3339,536,'Prise 4',1,1322,NULL,NULL,'4'),(3340,536,'Prise 5',1,1322,NULL,NULL,'5'),(3341,536,'Prise 6',1,1322,NULL,NULL,'6'),(3342,536,'Prise 7',1,1322,NULL,NULL,'7'),(3343,536,'Prise 8',1,1322,NULL,NULL,'8'),(3344,536,'Prise 9',1,1322,NULL,NULL,'9'),(3345,536,'Prise 10',1,1322,NULL,NULL,'10'),(3346,536,'Prise 11',1,1322,NULL,NULL,'11'),(3347,536,'Prise 12',1,1322,NULL,NULL,'12'),(3348,536,'Prise 13',1,1322,NULL,NULL,'13'),(3349,536,'Prise 14',1,1322,NULL,NULL,'14'),(3350,537,'Prise 1',1,1322,NULL,NULL,'1'),(3351,537,'Prise 2',1,1322,NULL,NULL,'2'),(3352,537,'Prise 3',1,1322,NULL,NULL,'3'),(3353,537,'Prise 4',1,1322,NULL,NULL,'4'),(3354,537,'Prise 5',1,1322,NULL,NULL,'5'),(3355,537,'Prise 6',1,1322,NULL,NULL,'6'),(3356,537,'Prise 7',1,1322,NULL,NULL,'7'),(3357,537,'Prise 8',1,1322,NULL,NULL,'8'),(3358,537,'Prise 9',1,1322,NULL,NULL,'9'),(3359,537,'Prise 10',1,1322,NULL,NULL,'10'),(3360,537,'Prise 11',1,1322,NULL,NULL,'11'),(3361,537,'Prise 12',1,1322,NULL,NULL,'12'),(3362,537,'Prise 13',1,1322,NULL,NULL,'13'),(3363,537,'Prise 14',1,1322,NULL,NULL,'14'),(3364,538,'Prise 1',1,1322,NULL,NULL,'1'),(3365,538,'Prise 2',1,1322,NULL,NULL,'2'),(3366,538,'Prise 3',1,1322,NULL,NULL,'3'),(3367,538,'Prise 4',1,1322,NULL,NULL,'4'),(3368,538,'Prise 5',1,1322,NULL,NULL,'5'),(3369,538,'Prise 6',1,1322,NULL,NULL,'6'),(3370,538,'Prise 7',1,1322,NULL,NULL,'7'),(3371,538,'Prise 8',1,1322,NULL,NULL,'8'),(3372,538,'Prise 9',1,1322,NULL,NULL,'9'),(3373,538,'Prise 10',1,1322,NULL,NULL,'10'),(3374,538,'Prise 11',1,1322,NULL,NULL,'11'),(3375,538,'Prise 12',1,1322,NULL,NULL,'12'),(3376,538,'Prise 13',1,1322,NULL,NULL,'13'),(3377,538,'Prise 14',1,1322,NULL,NULL,'14'),(3378,539,'Prise 1',1,1322,NULL,NULL,'1'),(3379,539,'Prise 2',1,1322,NULL,NULL,'2'),(3380,539,'Prise 3',1,1322,NULL,NULL,'3'),(3381,539,'Prise 4',1,1322,NULL,NULL,'4'),(3382,539,'Prise 5',1,1322,NULL,NULL,'5'),(3383,539,'Prise 6',1,1322,NULL,NULL,'6'),(3384,539,'Prise 7',1,1322,NULL,NULL,'7'),(3385,539,'Prise 8',1,1322,NULL,NULL,'8'),(3386,539,'Prise 9',1,1322,NULL,NULL,'9'),(3387,539,'Prise 10',1,1322,NULL,NULL,'10'),(3388,539,'Prise 11',1,1322,NULL,NULL,'11'),(3389,539,'Prise 12',1,1322,NULL,NULL,'12'),(3390,539,'Prise 13',1,1322,NULL,NULL,'13'),(3391,539,'Prise 14',1,1322,NULL,NULL,'14'),(3392,540,'Prise 1',1,1322,NULL,NULL,'1'),(3393,540,'Prise 2',1,1322,NULL,NULL,'2'),(3394,540,'Prise 3',1,1322,NULL,NULL,'3'),(3395,540,'Prise 4',1,1322,NULL,NULL,'4'),(3396,540,'Prise 5',1,1322,NULL,NULL,'5'),(3397,540,'Prise 6',1,1322,NULL,NULL,'6'),(3398,540,'Prise 7',1,1322,NULL,NULL,'7'),(3399,540,'Prise 8',1,1322,NULL,NULL,'8'),(3400,540,'Prise 9',1,1322,NULL,NULL,'9'),(3401,540,'Prise 10',1,1322,NULL,NULL,'10'),(3402,540,'Prise 11',1,1322,NULL,NULL,'11'),(3403,540,'Prise 12',1,1322,NULL,NULL,'12'),(3404,540,'Prise 13',1,1322,NULL,NULL,'13'),(3405,540,'Prise 14',1,1322,NULL,NULL,'14'),(3406,541,'Prise 1',1,1322,NULL,NULL,'1'),(3407,541,'Prise 2',1,1322,NULL,NULL,'2'),(3408,541,'Prise 3',1,1322,NULL,NULL,'3'),(3409,541,'Prise 4',1,1322,NULL,NULL,'4'),(3410,541,'Prise 5',1,1322,NULL,NULL,'5'),(3411,541,'Prise 6',1,1322,NULL,NULL,'6'),(3412,541,'Prise 7',1,1322,NULL,NULL,'7'),(3413,541,'Prise 8',1,1322,NULL,NULL,'8'),(3414,541,'Prise 9',1,1322,NULL,NULL,'9'),(3415,541,'Prise 10',1,1322,NULL,NULL,'10'),(3416,541,'Prise 11',1,1322,NULL,NULL,'11'),(3417,541,'Prise 12',1,1322,NULL,NULL,'12'),(3418,541,'Prise 13',1,1322,NULL,NULL,'13'),(3419,541,'Prise 14',1,1322,NULL,NULL,'14'),(3420,542,'Prise 1',1,1322,NULL,NULL,'1'),(3421,542,'Prise 2',1,1322,NULL,NULL,'2'),(3422,542,'Prise 3',1,1322,NULL,NULL,'3'),(3423,542,'Prise 4',1,1322,NULL,NULL,'4'),(3424,542,'Prise 5',1,1322,NULL,NULL,'5'),(3425,542,'Prise 6',1,1322,NULL,NULL,'6'),(3426,542,'Prise 7',1,1322,NULL,NULL,'7'),(3427,542,'Prise 8',1,1322,NULL,NULL,'8'),(3428,542,'Prise 9',1,1322,NULL,NULL,'9'),(3429,542,'Prise 10',1,1322,NULL,NULL,'10'),(3430,542,'Prise 11',1,1322,NULL,NULL,'11'),(3431,542,'Prise 12',1,1322,NULL,NULL,'12'),(3432,542,'Prise 13',1,1322,NULL,NULL,'13'),(3433,542,'Prise 14',1,1322,NULL,NULL,'14'),(3434,543,'Prise 1',1,1322,NULL,NULL,'1'),(3435,543,'Prise 2',1,1322,NULL,NULL,'2'),(3436,543,'Prise 3',1,1322,NULL,NULL,'3'),(3437,543,'Prise 4',1,1322,NULL,NULL,'4'),(3438,543,'Prise 5',1,1322,NULL,NULL,'5'),(3439,543,'Prise 6',1,1322,NULL,NULL,'6'),(3440,543,'Prise 7',1,1322,NULL,NULL,'7'),(3441,543,'Prise 8',1,1322,NULL,NULL,'8'),(3442,543,'Prise 9',1,1322,NULL,NULL,'9'),(3443,543,'Prise 10',1,1322,NULL,NULL,'10'),(3444,543,'Prise 11',1,1322,NULL,NULL,'11'),(3445,543,'Prise 12',1,1322,NULL,NULL,'12'),(3446,543,'Prise 13',1,1322,NULL,NULL,'13'),(3447,543,'Prise 14',1,1322,NULL,NULL,'14'),(3448,544,'Prise 1',1,1322,NULL,NULL,'1'),(3449,544,'Prise 2',1,1322,NULL,NULL,'2'),(3450,544,'Prise 3',1,1322,NULL,NULL,'3'),(3451,544,'Prise 4',1,1322,NULL,NULL,'4'),(3452,544,'Prise 5',1,1322,NULL,NULL,'5'),(3453,544,'Prise 6',1,1322,NULL,NULL,'6'),(3454,544,'Prise 7',1,1322,NULL,NULL,'7'),(3455,544,'Prise 8',1,1322,NULL,NULL,'8'),(3456,544,'Prise 9',1,1322,NULL,NULL,'9'),(3457,544,'Prise 10',1,1322,NULL,NULL,'10'),(3458,544,'Prise 11',1,1322,NULL,NULL,'11'),(3459,544,'Prise 12',1,1322,NULL,NULL,'12'),(3460,544,'Prise 13',1,1322,NULL,NULL,'13'),(3461,544,'Prise 14',1,1322,NULL,NULL,'14'),(3462,545,'Prise 1',1,1322,NULL,NULL,'1'),(3463,545,'Prise 2',1,1322,NULL,NULL,'2'),(3464,545,'Prise 3',1,1322,NULL,NULL,'3'),(3465,545,'Prise 4',1,1322,NULL,NULL,'4'),(3466,545,'Prise 5',1,1322,NULL,NULL,'5'),(3467,545,'Prise 6',1,1322,NULL,NULL,'6'),(3468,545,'Prise 7',1,1322,NULL,NULL,'7'),(3469,545,'Prise 8',1,1322,NULL,NULL,'8'),(3470,545,'Prise 9',1,1322,NULL,NULL,'9'),(3471,545,'Prise 10',1,1322,NULL,NULL,'10'),(3472,545,'Prise 11',1,1322,NULL,NULL,'11'),(3473,545,'Prise 12',1,1322,NULL,NULL,'12'),(3474,545,'Prise 13',1,1322,NULL,NULL,'13'),(3475,545,'Prise 14',1,1322,NULL,NULL,'14'),(3658,47,'Port1',3,1078,NULL,NULL,'F12-2: 1'),(3659,47,'Port2',3,1078,NULL,NULL,'F12-2: 2'),(3660,47,'Port3',3,1078,NULL,NULL,'F12-2: 3'),(3661,47,'Port4',3,1078,NULL,NULL,'F12-2: 4'),(3662,47,'Port5',3,1078,NULL,NULL,'F12-2: 5'),(3663,47,'Port6',3,1078,NULL,NULL,'F12-2: 6'),(3664,47,'Port7',3,1078,NULL,NULL,'F12-2: 7'),(3665,47,'Port8',3,1078,NULL,NULL,'F12-2: 8'),(3666,47,'Port9',3,1078,NULL,NULL,'F12-2: 9'),(3667,47,'Port10',3,1078,NULL,NULL,'F12-2: 10'),(3668,47,'Port11',3,1078,NULL,NULL,'F12-2: 11'),(3669,47,'Port12',3,1078,NULL,NULL,'F12-2: 12'),(3670,47,'Port13',3,1078,NULL,NULL,'F13-1: 13'),(3671,47,'Port14',3,1078,NULL,NULL,'F13-1: 14'),(3672,47,'Port15',3,1078,NULL,NULL,'F13-1: 15'),(3673,47,'Port16',3,1078,NULL,NULL,'F13-1: 16'),(3674,47,'Port17',3,1078,NULL,NULL,'F13-1: 17'),(3675,47,'Port18',3,1078,NULL,NULL,'F13-1: 18'),(3676,47,'Port19',3,1078,NULL,NULL,'F14-1: 19'),(3677,47,'Port20',3,1078,NULL,NULL,'F14-1: 20'),(3678,47,'Port21',3,1078,NULL,NULL,'F14-1: 21'),(3679,47,'Port22',3,1078,NULL,NULL,'F14-1: 22'),(3680,47,'Port23',3,1078,NULL,NULL,'F14-1: 23'),(3681,47,'Port24',3,1078,NULL,NULL,'F14-1: 24'),(3682,47,'Port25',3,1078,NULL,NULL,'F14-1: 25'),(3683,47,'Port26',3,1078,NULL,NULL,'F14-1: 26'),(3684,47,'Port27',3,1078,NULL,NULL,'F14-1: 27'),(3685,47,'Port28',3,1078,NULL,NULL,'F14-1: 28'),(3686,47,'Port29',3,1078,NULL,NULL,'F14-1: 29'),(3687,47,'Port30',3,1078,NULL,NULL,'F14-1: 30'),(3688,50,'Port1',3,1078,NULL,NULL,'F11-1: 1'),(3689,50,'Port2',3,1078,NULL,NULL,'F11-1: 2'),(3690,50,'Port3',3,1078,NULL,NULL,'F11-1: 3'),(3691,50,'Port4',3,1078,NULL,NULL,'F11-1: 4'),(3692,50,'Port5',3,1078,NULL,NULL,'F11-1: 5'),(3693,50,'Port6',3,1078,NULL,NULL,'F11-1: 6'),(3694,50,'Port7',3,1078,NULL,NULL,'F11-1: 7'),(3695,50,'Port8',3,1078,NULL,NULL,'F11-1: 8'),(3696,50,'Port9',3,1078,NULL,NULL,'F11-1: 9'),(3697,50,'Port10',3,1078,NULL,NULL,'F11-1: 10'),(3698,50,'Port11',3,1078,NULL,NULL,'F11-1: 11'),(3699,50,'Port12',3,1078,NULL,NULL,'F11-1: 12'),(3700,50,'Port13',3,1078,NULL,NULL,'F11-1: 13'),(3701,50,'Port14',3,1078,NULL,NULL,'F11-1: 14'),(3702,50,'Port15',3,1078,NULL,NULL,'F11-1: 15'),(3703,50,'Port16',3,1078,NULL,NULL,'F11-1: 16'),(3704,50,'Port17',3,1078,NULL,NULL,'F11-1: 17'),(3705,50,'Port18',3,1078,NULL,NULL,'F11-1: 18'),(3706,50,'Port19',3,1078,NULL,NULL,'F13-2: 19'),(3707,50,'Port20',3,1078,NULL,NULL,'F13-2: 20'),(3708,50,'Port21',3,1078,NULL,NULL,'F13-2: 21'),(3709,50,'Port22',3,1078,NULL,NULL,'F13-2: 22'),(3710,50,'Port23',3,1078,NULL,NULL,'F13-2: 23'),(3711,50,'Port24',3,1078,NULL,NULL,'F13-2: 24'),(3712,52,'Port1',3,1078,NULL,NULL,'F12-3: 1'),(3713,52,'Port2',3,1078,NULL,NULL,'F12-3: 2'),(3714,52,'Port3',3,1078,NULL,NULL,'F12-3: 3'),(3715,52,'Port4',3,1078,NULL,NULL,'F12-3: 4'),(3716,52,'Port5',3,1078,NULL,NULL,'F12-3: 5'),(3717,52,'Port6',3,1078,NULL,NULL,'F12-3: 6'),(3718,52,'Port7',3,1078,NULL,NULL,'F12-3: 7'),(3719,52,'Port8',3,1078,NULL,NULL,'F12-3: 8'),(3720,52,'Port9',3,1078,NULL,NULL,'F12-3: 9'),(3721,52,'Port10',3,1078,NULL,NULL,'F12-3: 10'),(3722,52,'Port11',3,1078,NULL,NULL,'F12-3: 11'),(3723,52,'Port12',3,1078,NULL,NULL,'F12-3: 12'),(3742,40,'Port1',1,24,NULL,NULL,'C1-1 : 1'),(3743,40,'Port2',1,24,NULL,NULL,'C1-1 : 2'),(3744,40,'Port3',1,24,NULL,NULL,'C1-1 : 3'),(3745,40,'Port4',1,24,NULL,NULL,'C1-1 : 4'),(3746,40,'Port5',1,24,NULL,NULL,'C1-1 : 5'),(3747,40,'Port6',1,24,NULL,NULL,'C1-1 : 6'),(3748,40,'Port7',1,24,NULL,NULL,'C1-1 : 7'),(3749,40,'Port8',1,24,NULL,NULL,'C1-1 : 8'),(3750,40,'Port9',1,24,NULL,NULL,'C1-1 : 9'),(3751,40,'Port10',1,24,NULL,NULL,'C1-1 : 10'),(3752,40,'Port11',1,24,NULL,NULL,'C1-1 : 11'),(3753,40,'Port12',1,24,NULL,NULL,'C1-1 : 12'),(3754,40,'Port13',1,24,NULL,NULL,'C1-1 : 13'),(3755,40,'Port14',1,24,NULL,NULL,'C1-1 : 14'),(3756,40,'Port15',1,24,NULL,NULL,'C1-1 : 15'),(3757,40,'Port16',1,24,NULL,NULL,'C1-1 : 16'),(3758,40,'Port17',1,24,NULL,NULL,'C1-1 : 17'),(3759,40,'Port18',1,24,NULL,NULL,'C1-1 : 18'),(3760,41,'Port1',1,24,NULL,NULL,'C2-1: 1'),(3761,41,'Port2',1,24,NULL,NULL,'C2-1: 2'),(3762,41,'Port3',1,24,NULL,NULL,'C2-1: 3'),(3763,41,'Port4',1,24,NULL,NULL,'C2-1: 4'),(3764,41,'Port5',1,24,NULL,NULL,'C2-1: 5'),(3765,41,'Port6',1,24,NULL,NULL,'C2-1: 6'),(3766,41,'Port7',1,24,NULL,NULL,'C2-1: 7'),(3767,41,'Port8',1,24,NULL,NULL,'C2-1: 8'),(3768,41,'Port9',1,24,NULL,NULL,'C2-1: 9'),(3769,41,'Port10',1,24,NULL,NULL,'C2-1: 10'),(3770,41,'Port11',1,24,NULL,NULL,'C2-1: 11'),(3771,41,'Port12',1,24,NULL,NULL,'C2-1: 12'),(3772,41,'Port13',1,24,NULL,NULL,'C2-1: 13'),(3773,41,'Port14',1,24,NULL,NULL,'C2-1: 14'),(3774,41,'Port15',1,24,NULL,NULL,'C2-1: 15'),(3775,41,'Port16',1,24,NULL,NULL,'C2-1: 16'),(3776,41,'Port17',1,24,NULL,NULL,'C2-1: 17'),(3777,41,'Port18',1,24,NULL,NULL,'C2-1: 18'),(3778,42,'Port1',3,1078,NULL,NULL,'F1-1: 1'),(3779,42,'Port2',3,1078,NULL,NULL,'F1-1: 2'),(3780,42,'Port3',3,1078,NULL,NULL,'F1-1: 3'),(3781,42,'Port4',3,1078,NULL,NULL,'F1-1: 4'),(3782,42,'Port5',3,1078,NULL,NULL,'F1-1: 5'),(3783,42,'Port6',3,1078,NULL,NULL,'F1-1: 6'),(3784,42,'Port7',3,1078,NULL,NULL,'F1-1: 7'),(3785,42,'Port8',3,1078,NULL,NULL,'F1-1: 8'),(3786,42,'Port9',3,1078,NULL,NULL,'F1-1: 9'),(3787,42,'Port10',3,1078,NULL,NULL,'F1-1: 10'),(3788,42,'Port11',3,1078,NULL,NULL,'F1-1: 11'),(3789,42,'Port12',3,1078,NULL,NULL,'F1-1: 12'),(3790,42,'Port13',3,1078,NULL,NULL,'F1-1: 13'),(3791,42,'Port14',3,1078,NULL,NULL,'F1-1: 14'),(3792,42,'Port15',3,1078,NULL,NULL,'F1-1: 15'),(3793,42,'Port16',3,1078,NULL,NULL,'F1-1: 16'),(3794,42,'Port17',3,1078,NULL,NULL,'F1-1: 17'),(3795,42,'Port18',3,1078,NULL,NULL,'F1-1: 18'),(3796,42,'Port19',3,1078,NULL,NULL,'F1-1: 19'),(3797,42,'Port20',3,1078,NULL,NULL,'F1-1: 20'),(3798,42,'Port21',3,1078,NULL,NULL,'F1-1: 21'),(3799,42,'Port22',3,1078,NULL,NULL,'F1-1: 22'),(3800,42,'Port23',3,1078,NULL,NULL,'F1-1: 23'),(3801,42,'Port24',3,1078,NULL,NULL,'F1-1: 24'),(3802,42,'Port25',3,1078,NULL,NULL,'F1-1: 25'),(3803,42,'Port26',3,1078,NULL,NULL,'F1-1: 26'),(3804,42,'Port27',3,1078,NULL,NULL,'F1-1: 27'),(3805,42,'Port28',3,1078,NULL,NULL,'F1-1: 28'),(3806,42,'Port29',3,1078,NULL,NULL,'F1-1: 29'),(3807,42,'Port30',3,1078,NULL,NULL,'F1-1: 30'),(3808,42,'Port31',3,1078,NULL,NULL,'F1-1: 31'),(3809,42,'Port32',3,1078,NULL,NULL,'F1-1: 32'),(3810,42,'Port33',3,1078,NULL,NULL,'F1-1: 33'),(3811,42,'Port34',3,1078,NULL,NULL,'F1-1: 34'),(3812,42,'Port35',3,1078,NULL,NULL,'F1-1: 35'),(3813,42,'Port36',3,1078,NULL,NULL,'F1-1: 36'),(3814,42,'Port37',3,1078,NULL,NULL,'F1-1: 37'),(3815,42,'Port38',3,1078,NULL,NULL,'F1-1: 38'),(3816,42,'Port39',3,1078,NULL,NULL,'F1-1: 39'),(3817,42,'Port40',3,1078,NULL,NULL,'F1-1: 40'),(3818,42,'Port41',3,1078,NULL,NULL,'F1-1: 41'),(3819,42,'Port42',3,1078,NULL,NULL,'F1-1: 42'),(3862,43,'Port1',3,1078,NULL,NULL,'F12-1: 1'),(3863,43,'Port2',3,1078,NULL,NULL,'F12-1: 2'),(3864,43,'Port3',3,1078,NULL,NULL,'F12-1: 3'),(3865,43,'Port4',3,1078,NULL,NULL,'F12-1: 4'),(3866,43,'Port5',3,1078,NULL,NULL,'F12-1: 5'),(3867,43,'Port6',3,1078,NULL,NULL,'F12-1: 6'),(3868,43,'Port7',3,1078,NULL,NULL,'F12-1: 7'),(3869,43,'Port8',3,1078,NULL,NULL,'F12-1: 8'),(3870,43,'Port9',3,1078,NULL,NULL,'F12-1: 9'),(3871,43,'Port10',3,1078,NULL,NULL,'F12-1: 10'),(3872,43,'Port11',3,1078,NULL,NULL,'F12-1: 11'),(3873,43,'Port12',3,1078,NULL,NULL,'F12-1: 12'),(3874,44,'Port1',1,24,NULL,NULL,'C3-1 : 1'),(3875,44,'Port2',1,24,NULL,NULL,'C3-1 : 2'),(3876,44,'Port3',1,24,NULL,NULL,'C3-1 : 3'),(3877,44,'Port4',1,24,NULL,NULL,'C3-1 : 4'),(3878,44,'Port5',1,24,NULL,NULL,'C3-1 : 5'),(3879,44,'Port6',1,24,NULL,NULL,'C3-1 : 6'),(3880,44,'Port7',1,24,NULL,NULL,'C3-1 : 7'),(3881,44,'Port8',1,24,NULL,NULL,'C3-1 : 8'),(3882,44,'Port9',1,24,NULL,NULL,'C3-1 : 9'),(3883,44,'Port10',1,24,NULL,NULL,'C3-1 : 10'),(3884,44,'Port11',1,24,NULL,NULL,'C3-1 : 11'),(3885,44,'Port12',1,24,NULL,NULL,'C3-1 : 12'),(3886,44,'Port13',1,24,NULL,NULL,'C3-1 : 13'),(3887,44,'Port14',1,24,NULL,NULL,'C3-1 : 14'),(3888,44,'Port15',1,24,NULL,NULL,'C3-1 : 15'),(3889,44,'Port16',1,24,NULL,NULL,'C3-1 : 16'),(3890,44,'Port17',1,24,NULL,NULL,'C3-1 : 17'),(3891,44,'Port18',1,24,NULL,NULL,'C3-1 : 18'),(3892,45,'Port1',1,24,NULL,NULL,'C4-1 : 1'),(3893,45,'Port2',1,24,NULL,NULL,'C4-1 : 2'),(3894,45,'Port3',1,24,NULL,NULL,'C4-1 : 3'),(3895,45,'Port4',1,24,NULL,NULL,'C4-1 : 4'),(3896,45,'Port5',1,24,NULL,NULL,'C4-1 : 5'),(3897,45,'Port6',1,24,NULL,NULL,'C4-1 : 6'),(3898,45,'Port7',1,24,NULL,NULL,'C4-1 : 7'),(3899,45,'Port8',1,24,NULL,NULL,'C4-1 : 8'),(3900,45,'Port9',1,24,NULL,NULL,'C4-1 : 9'),(3901,45,'Port10',1,24,NULL,NULL,'C4-1 : 10'),(3902,45,'Port11',1,24,NULL,NULL,'C4-1 : 11'),(3903,45,'Port12',1,24,NULL,NULL,'C4-1 : 12'),(3904,45,'Port13',1,24,NULL,NULL,'C4-1 : 13'),(3905,45,'Port14',1,24,NULL,NULL,'C4-1 : 14'),(3906,45,'Port15',1,24,NULL,NULL,'C4-1 : 15'),(3907,45,'Port16',1,24,NULL,NULL,'C4-1 : 16'),(3908,45,'Port17',1,24,NULL,NULL,'C4-1 : 17'),(3909,45,'Port18',1,24,NULL,NULL,'C4-1 : 18'),(3922,46,'Port1',3,1078,NULL,NULL,'F2-1:  1'),(3923,46,'Port2',3,1078,NULL,NULL,'F2-1:  2'),(3924,46,'Port3',3,1078,NULL,NULL,'F2-1:  3'),(3925,46,'Port4',3,1078,NULL,NULL,'F2-1:  4'),(3926,46,'Port5',3,1078,NULL,NULL,'F2-1:  5'),(3927,46,'Port6',3,1078,NULL,NULL,'F2-1:  6'),(3928,46,'Port7',3,1078,NULL,NULL,'F2-1:  7'),(3929,46,'Port8',3,1078,NULL,NULL,'F2-1:  8'),(3930,46,'Port9',3,1078,NULL,NULL,'F2-1:  9'),(3931,46,'Port10',3,1078,NULL,NULL,'F2-1:  10'),(3932,46,'Port11',3,1078,NULL,NULL,'F2-1:  11'),(3933,46,'Port12',3,1078,NULL,NULL,'F2-1:  12'),(3934,46,'Port13',3,1078,NULL,NULL,'F2-1:  13'),(3935,46,'Port14',3,1078,NULL,NULL,'F2-1:  14'),(3936,46,'Port15',3,1078,NULL,NULL,'F2-1:  15'),(3937,46,'Port16',3,1078,NULL,NULL,'F2-1:  16'),(3938,46,'Port17',3,1078,NULL,NULL,'F2-1:  17'),(3939,46,'Port18',3,1078,NULL,NULL,'F2-1:  18'),(3940,46,'Port19',3,1078,NULL,NULL,'F2-1:  19'),(3941,46,'Port20',3,1078,NULL,NULL,'F2-1:  20'),(3942,46,'Port21',3,1078,NULL,NULL,'F2-1:  21'),(3943,46,'Port22',3,1078,NULL,NULL,'F2-1:  22'),(3944,46,'Port23',3,1078,NULL,NULL,'F2-1:  23'),(3945,46,'Port24',3,1078,NULL,NULL,'F2-1:  24'),(3946,46,'Port25',3,1078,NULL,NULL,'F2-1:  25'),(3947,46,'Port26',3,1078,NULL,NULL,'F2-1:  26'),(3948,46,'Port27',3,1078,NULL,NULL,'F2-1:  27'),(3949,46,'Port28',3,1078,NULL,NULL,'F2-1:  28'),(3950,46,'Port29',3,1078,NULL,NULL,'F2-1:  29'),(3951,46,'Port30',3,1078,NULL,NULL,'F2-1:  30'),(3952,46,'Port31',3,1078,NULL,NULL,'F2-1:  31'),(3953,46,'Port32',3,1078,NULL,NULL,'F2-1:  32'),(3954,46,'Port33',3,1078,NULL,NULL,'F2-1:  33'),(3955,46,'Port34',3,1078,NULL,NULL,'F2-1:  34'),(3956,46,'Port35',3,1078,NULL,NULL,'F2-1:  35'),(3957,46,'Port36',3,1078,NULL,NULL,'F2-1:  36'),(3958,46,'Port37',3,1078,NULL,NULL,'F2-1:  37'),(3959,46,'Port38',3,1078,NULL,NULL,'F2-1:  38'),(3960,46,'Port39',3,1078,NULL,NULL,'F2-1:  39'),(3961,46,'Port40',3,1078,NULL,NULL,'F2-1:  40'),(3962,46,'Port41',3,1078,NULL,NULL,'F2-1:  41'),(3963,46,'Port42',3,1078,NULL,NULL,'F2-1:  42'),(3964,53,'Port1',3,1078,NULL,NULL,'F12-4 :  1'),(3965,53,'Port2',3,1078,NULL,NULL,'F12-4 :  2'),(3966,53,'Port3',3,1078,NULL,NULL,'F12-4 :  3'),(3967,53,'Port4',3,1078,NULL,NULL,'F12-4 :  4'),(3968,53,'Port5',3,1078,NULL,NULL,'F12-4 :  5'),(3969,53,'Port6',3,1078,NULL,NULL,'F12-4 :  6'),(3970,53,'Port7',3,1078,NULL,NULL,'F12-4 :  7'),(3971,53,'Port8',3,1078,NULL,NULL,'F12-4 :  8'),(3972,53,'Port9',3,1078,NULL,NULL,'F12-4 :  9'),(3973,53,'Port10',3,1078,NULL,NULL,'F12-4 :  10'),(3974,53,'Port11',3,1078,NULL,NULL,'F12-4 :  11'),(3975,53,'Port12',3,1078,NULL,NULL,'F12-4 :  12'),(3976,54,'Port1',3,1078,NULL,NULL,'F2-2: 1'),(3977,54,'Port2',3,1078,NULL,NULL,'F2-2: 2'),(3978,54,'Port3',3,1078,NULL,NULL,'F2-2: 3'),(3979,54,'Port4',3,1078,NULL,NULL,'F2-2: 4'),(3980,54,'Port5',3,1078,NULL,NULL,'F2-2: 5'),(3981,54,'Port6',3,1078,NULL,NULL,'F2-2: 6'),(3982,54,'Port7',3,1078,NULL,NULL,'F2-2: 7'),(3983,54,'Port8',3,1078,NULL,NULL,'F2-2: 8'),(3984,54,'Port9',3,1078,NULL,NULL,'F2-2: 9'),(3985,54,'Port10',3,1078,NULL,NULL,'F2-2: 10'),(3986,54,'Port11',3,1078,NULL,NULL,'F2-2: 11'),(3987,54,'Port12',3,1078,NULL,NULL,'F2-2: 12'),(3988,54,'Port13',3,1078,NULL,NULL,'F2-2: 13'),(3989,54,'Port14',3,1078,NULL,NULL,'F2-2: 14'),(3990,54,'Port15',3,1078,NULL,NULL,'F2-2: 15'),(3991,54,'Port16',3,1078,NULL,NULL,'F2-2: 16'),(3992,54,'Port17',3,1078,NULL,NULL,'F2-2: 17'),(3993,54,'Port18',3,1078,NULL,NULL,'F2-2: 18'),(3994,54,'Port19',3,1078,NULL,NULL,'F2-2: 19'),(3995,54,'Port20',3,1078,NULL,NULL,'F2-2: 20'),(3996,54,'Port21',3,1078,NULL,NULL,'F2-2: 21'),(3997,54,'Port22',3,1078,NULL,NULL,'F2-2: 22'),(3998,54,'Port23',3,1078,NULL,NULL,'F2-2: 23'),(3999,54,'Port24',3,1078,NULL,NULL,'F2-2: 24'),(4000,54,'Port25',3,1078,NULL,NULL,'F2-2: 25'),(4001,54,'Port26',3,1078,NULL,NULL,'F2-2: 26'),(4002,54,'Port27',3,1078,NULL,NULL,'F2-2: 27'),(4003,54,'Port28',3,1078,NULL,NULL,'F2-2: 28'),(4004,54,'Port29',3,1078,NULL,NULL,'F2-2: 29'),(4005,54,'Port30',3,1078,NULL,NULL,'F2-2: 30'),(4006,54,'Port31',3,1078,NULL,NULL,'F2-2: 31'),(4007,54,'Port32',3,1078,NULL,NULL,'F2-2: 32'),(4008,54,'Port33',3,1078,NULL,NULL,'F2-2: 33'),(4009,54,'Port34',3,1078,NULL,NULL,'F2-2: 34'),(4010,54,'Port35',3,1078,NULL,NULL,'F2-2: 35'),(4011,54,'Port36',3,1078,NULL,NULL,'F2-2: 36'),(4012,54,'Port37',3,1078,NULL,NULL,'F2-2: 37'),(4013,54,'Port38',3,1078,NULL,NULL,'F2-2: 38'),(4014,54,'Port39',3,1078,NULL,NULL,'F2-2: 39'),(4015,54,'Port40',3,1078,NULL,NULL,'F2-2: 40'),(4016,54,'Port41',3,1078,NULL,NULL,'F2-2: 41'),(4017,54,'Port42',3,1078,NULL,NULL,'F2-2: 42'),(4018,55,'Port1',3,1078,NULL,NULL,'F2-2 : 1'),(4019,55,'Port2',3,1078,NULL,NULL,'F2-2 : 2'),(4020,55,'Port3',3,1078,NULL,NULL,'F2-2 : 3'),(4021,55,'Port4',3,1078,NULL,NULL,'F2-2 : 4'),(4022,55,'Port5',3,1078,NULL,NULL,'F2-2 : 5'),(4023,55,'Port6',3,1078,NULL,NULL,'F2-2 : 6'),(4024,55,'Port7',3,1078,NULL,NULL,'F2-2 : 7'),(4025,55,'Port8',3,1078,NULL,NULL,'F2-2 : 8'),(4026,55,'Port9',3,1078,NULL,NULL,'F2-2 : 9'),(4027,55,'Port10',3,1078,NULL,NULL,'F2-2 : 10'),(4028,55,'Port11',3,1078,NULL,NULL,'F2-2 : 11'),(4029,55,'Port12',3,1078,NULL,NULL,'F2-2 : 12'),(4030,55,'Port13',3,1078,NULL,NULL,'F2-2 : 13'),(4031,55,'Port14',3,1078,NULL,NULL,'F2-2 : 14'),(4032,55,'Port15',3,1078,NULL,NULL,'F2-2 : 15'),(4033,55,'Port16',3,1078,NULL,NULL,'F2-2 : 16'),(4034,55,'Port17',3,1078,NULL,NULL,'F2-2 : 17'),(4035,55,'Port18',3,1078,NULL,NULL,'F2-2 : 18'),(4036,55,'Port19',3,1078,NULL,NULL,'F2-2 : 19'),(4037,55,'Port20',3,1078,NULL,NULL,'F2-2 : 20'),(4038,55,'Port21',3,1078,NULL,NULL,'F2-2 : 21'),(4039,55,'Port22',3,1078,NULL,NULL,'F2-2 : 22'),(4040,55,'Port23',3,1078,NULL,NULL,'F2-2 : 23'),(4041,55,'Port24',3,1078,NULL,NULL,'F2-2 : 24'),(4042,55,'Port25',3,1078,NULL,NULL,'F2-2 : 25'),(4043,55,'Port26',3,1078,NULL,NULL,'F2-2 : 26'),(4044,55,'Port27',3,1078,NULL,NULL,'F2-2 : 27'),(4045,55,'Port28',3,1078,NULL,NULL,'F2-2 : 28'),(4046,55,'Port29',3,1078,NULL,NULL,'F2-2 : 29'),(4047,55,'Port30',3,1078,NULL,NULL,'F2-2 : 30'),(4048,55,'Port31',3,1078,NULL,NULL,'F2-2 : 31'),(4049,55,'Port32',3,1078,NULL,NULL,'F2-2 : 32'),(4050,55,'Port33',3,1078,NULL,NULL,'F2-2 : 33'),(4051,55,'Port34',3,1078,NULL,NULL,'F2-2 : 34'),(4052,55,'Port35',3,1078,NULL,NULL,'F2-2 : 35'),(4053,55,'Port36',3,1078,NULL,NULL,'F2-2 : 36'),(4054,55,'Port37',3,1078,NULL,NULL,'F2-2 : 37'),(4055,55,'Port38',3,1078,NULL,NULL,'F2-2 : 38'),(4056,55,'Port39',3,1078,NULL,NULL,'F2-2 : 39'),(4057,55,'Port40',3,1078,NULL,NULL,'F2-2 : 40'),(4058,55,'Port41',3,1078,NULL,NULL,'F2-2 : 41'),(4059,55,'Port42',3,1078,NULL,NULL,'F2-2 : 42'),(4060,56,'Port1',3,1078,NULL,NULL,'F3-1 :  1'),(4061,56,'Port2',3,1078,NULL,NULL,'F3-1 :  2'),(4062,56,'Port3',3,1078,NULL,NULL,'F3-1 :  3'),(4063,56,'Port4',3,1078,NULL,NULL,'F3-1 :  4'),(4064,56,'Port5',3,1078,NULL,NULL,'F3-1 :  5'),(4065,56,'Port6',3,1078,NULL,NULL,'F3-1 :  6'),(4066,56,'Port7',3,1078,NULL,NULL,'F3-1 :  7'),(4067,56,'Port8',3,1078,NULL,NULL,'F3-1 :  8'),(4068,56,'Port9',3,1078,NULL,NULL,'F3-1 :  9'),(4069,56,'Port10',3,1078,NULL,NULL,'F3-1 :  10'),(4070,56,'Port11',3,1078,NULL,NULL,'F3-1 :  11'),(4071,56,'Port12',3,1078,NULL,NULL,'F3-1 :  12'),(4072,56,'Port13',3,1078,NULL,NULL,'F3-1 :  13'),(4073,56,'Port14',3,1078,NULL,NULL,'F3-1 :  14'),(4074,56,'Port15',3,1078,NULL,NULL,'F3-1 :  15'),(4075,56,'Port16',3,1078,NULL,NULL,'F3-1 :  16'),(4076,56,'Port17',3,1078,NULL,NULL,'F3-1 :  17'),(4077,56,'Port18',3,1078,NULL,NULL,'F3-1 :  18'),(4078,56,'Port19',3,1078,NULL,NULL,'F3-1 :  19'),(4079,56,'Port20',3,1078,NULL,NULL,'F3-1 :  20'),(4080,56,'Port21',3,1078,NULL,NULL,'F3-1 :  21'),(4081,56,'Port22',3,1078,NULL,NULL,'F3-1 :  22'),(4082,56,'Port23',3,1078,NULL,NULL,'F3-1 :  23'),(4083,56,'Port24',3,1078,NULL,NULL,'F3-1 :  24'),(4084,56,'Port25',3,1078,NULL,NULL,'F3-1 :  25'),(4085,56,'Port26',3,1078,NULL,NULL,'F3-1 :  26'),(4086,56,'Port27',3,1078,NULL,NULL,'F3-1 :  27'),(4087,56,'Port28',3,1078,NULL,NULL,'F3-1 :  28'),(4088,56,'Port29',3,1078,NULL,NULL,'F3-1 :  29'),(4089,56,'Port30',3,1078,NULL,NULL,'F3-1 :  30'),(4090,56,'Port31',3,1078,NULL,NULL,'F3-1 :  31'),(4091,56,'Port32',3,1078,NULL,NULL,'F3-1 :  32'),(4092,56,'Port33',3,1078,NULL,NULL,'F3-1 :  33'),(4093,56,'Port34',3,1078,NULL,NULL,'F3-1 :  34'),(4094,56,'Port35',3,1078,NULL,NULL,'F3-1 :  35'),(4095,56,'Port36',3,1078,NULL,NULL,'F3-1 :  36'),(4096,57,'Port1',3,1078,NULL,NULL,'F4-1: 1'),(4097,57,'Port2',3,1078,NULL,NULL,'F4-1: 2'),(4098,57,'Port3',3,1078,NULL,NULL,'F4-1: 3'),(4099,57,'Port4',3,1078,NULL,NULL,'F4-1: 4'),(4100,57,'Port5',3,1078,NULL,NULL,'F4-1: 5'),(4101,57,'Port6',3,1078,NULL,NULL,'F4-1: 6'),(4102,58,'Port1',3,1078,NULL,NULL,'F5-1 :  1'),(4103,58,'Port2',3,1078,NULL,NULL,'F5-1 :  2'),(4104,58,'Port3',3,1078,NULL,NULL,'F5-1 :  3'),(4105,58,'Port4',3,1078,NULL,NULL,'F5-1 :  4'),(4106,58,'Port5',3,1078,NULL,NULL,'F5-1 :  5'),(4107,58,'Port6',3,1078,NULL,NULL,'F5-1 :  6'),(4120,59,'Port1',3,1078,NULL,NULL,'F6-1 : 1'),(4121,59,'Port2',3,1078,NULL,NULL,'F6-1 : 2'),(4122,59,'Port3',3,1078,NULL,NULL,'F6-1 : 3'),(4123,59,'Port4',3,1078,NULL,NULL,'F6-1 : 4'),(4124,59,'Port5',3,1078,NULL,NULL,'F6-1 : 5'),(4125,59,'Port6',3,1078,NULL,NULL,'F6-1 : 6'),(4126,60,'Port1',3,1078,NULL,NULL,'F7-1 : 1'),(4127,60,'Port2',3,1078,NULL,NULL,'F7-1 : 2'),(4128,60,'Port3',3,1078,NULL,NULL,'F7-1 : 3'),(4129,60,'Port4',3,1078,NULL,NULL,'F7-1 : 4'),(4130,60,'Port5',3,1078,NULL,NULL,'F7-1 : 5'),(4131,60,'Port6',3,1078,NULL,NULL,'F7-1 : 6'),(4132,60,'Port7',3,1078,NULL,NULL,'F7-1 : 7'),(4133,60,'Port8',3,1078,NULL,NULL,'F7-1 : 8'),(4134,60,'Port9',3,1078,NULL,NULL,'F7-1 : 9'),(4135,60,'Port10',3,1078,NULL,NULL,'F7-1 : 10'),(4136,60,'Port11',3,1078,NULL,NULL,'F7-1 : 11'),(4137,60,'Port12',3,1078,NULL,NULL,'F7-1 : 12'),(4138,61,'Port1',3,1078,NULL,NULL,'F8-1: 1'),(4139,61,'Port2',3,1078,NULL,NULL,'F8-1: 2'),(4140,61,'Port3',3,1078,NULL,NULL,'F8-1: 3'),(4141,61,'Port4',3,1078,NULL,NULL,'F8-1: 4'),(4142,61,'Port5',3,1078,NULL,NULL,'F8-1: 5'),(4143,61,'Port6',3,1078,NULL,NULL,'F8-1: 6'),(4144,61,'Port7',3,1078,NULL,NULL,'F8-1: 7'),(4145,61,'Port8',3,1078,NULL,NULL,'F8-1: 8'),(4146,61,'Port9',3,1078,NULL,NULL,'F8-1: 9'),(4147,61,'Port10',3,1078,NULL,NULL,'F8-1: 10'),(4148,61,'Port11',3,1078,NULL,NULL,'F8-1: 11'),(4149,61,'Port12',3,1078,NULL,NULL,'F8-1: 12'),(4150,64,'Port1',3,1078,NULL,NULL,'F11-2 : 1'),(4151,64,'Port2',3,1078,NULL,NULL,'F11-2 : 2'),(4152,64,'Port3',3,1078,NULL,NULL,'F11-2 : 3'),(4153,64,'Port4',3,1078,NULL,NULL,'F11-2 : 4'),(4154,64,'Port5',3,1078,NULL,NULL,'F11-2 : 5'),(4155,64,'Port6',3,1078,NULL,NULL,'F11-2 : 6'),(4156,64,'Port7',3,1078,NULL,NULL,'F11-2 : 7'),(4157,64,'Port8',3,1078,NULL,NULL,'F11-2 : 8'),(4158,64,'Port9',3,1078,NULL,NULL,'F11-2 : 9'),(4159,64,'Port10',3,1078,NULL,NULL,'F11-2 : 10'),(4160,64,'Port11',3,1078,NULL,NULL,'F11-2 : 11'),(4161,64,'Port12',3,1078,NULL,NULL,'F11-2 : 12'),(4162,64,'Port13',3,1078,NULL,NULL,'F11-2 : 13'),(4163,64,'Port14',3,1078,NULL,NULL,'F11-2 : 14'),(4164,64,'Port15',3,1078,NULL,NULL,'F11-2 : 15'),(4165,64,'Port16',3,1078,NULL,NULL,'F11-2 : 16'),(4166,64,'Port17',3,1078,NULL,NULL,'F11-2 : 17'),(4167,64,'Port18',3,1078,NULL,NULL,'F11-2 : 18'),(4186,66,'Port1',1,24,NULL,NULL,'C2-2 : 1'),(4187,66,'Port2',1,24,NULL,NULL,'C2-2 : 2'),(4188,66,'Port3',1,24,NULL,NULL,'C2-2 : 3'),(4189,66,'Port4',1,24,NULL,NULL,'C2-2 : 4'),(4190,66,'Port5',1,24,NULL,NULL,'C2-2 : 5'),(4191,66,'Port6',1,24,NULL,NULL,'C2-2 : 6'),(4192,66,'Port7',1,24,NULL,NULL,'C2-2 : 7'),(4193,66,'Port8',1,24,NULL,NULL,'C2-2 : 8'),(4194,66,'Port9',1,24,NULL,NULL,'C2-2 : 9'),(4195,66,'Port10',1,24,NULL,NULL,'C2-2 : 10'),(4196,66,'Port11',1,24,NULL,NULL,'C2-2 : 11'),(4197,66,'Port12',1,24,NULL,NULL,'C2-2 : 12'),(4198,66,'Port13',1,24,NULL,NULL,'C2-2 : 13'),(4199,66,'Port14',1,24,NULL,NULL,'C2-2 : 14'),(4200,66,'Port15',1,24,NULL,NULL,'C2-2 : 15'),(4201,66,'Port16',1,24,NULL,NULL,'C2-2 : 16'),(4202,66,'Port17',1,24,NULL,NULL,'C2-2 : 17'),(4203,66,'Port18',1,24,NULL,NULL,'C2-2 : 18'),(4204,67,'Port1',1,24,NULL,NULL,'C3-2 : 1'),(4205,67,'Port2',1,24,NULL,NULL,'C3-2 : 2'),(4206,67,'Port3',1,24,NULL,NULL,'C3-2 : 3'),(4207,67,'Port4',1,24,NULL,NULL,'C3-2 : 4'),(4208,67,'Port5',1,24,NULL,NULL,'C3-2 : 5'),(4209,67,'Port6',1,24,NULL,NULL,'C3-2 : 6'),(4210,67,'Port7',1,24,NULL,NULL,'C3-2 : 7'),(4211,67,'Port8',1,24,NULL,NULL,'C3-2 : 8'),(4212,67,'Port9',1,24,NULL,NULL,'C3-2 : 9'),(4213,67,'Port10',1,24,NULL,NULL,'C3-2 : 10'),(4214,67,'Port11',1,24,NULL,NULL,'C3-2 : 11'),(4215,67,'Port12',1,24,NULL,NULL,'C3-2 : 12'),(4216,67,'Port13',1,24,NULL,NULL,'C3-2 : 13'),(4217,67,'Port14',1,24,NULL,NULL,'C3-2 : 14'),(4218,67,'Port15',1,24,NULL,NULL,'C3-2 : 15'),(4219,67,'Port16',1,24,NULL,NULL,'C3-2 : 16'),(4220,67,'Port17',1,24,NULL,NULL,'C3-2 : 17'),(4221,67,'Port18',1,24,NULL,NULL,'C3-2 : 18'),(4222,68,'Port1',1,24,NULL,NULL,'C4-2 : 1'),(4223,68,'Port2',1,24,NULL,NULL,'C4-2 : 2'),(4224,68,'Port3',1,24,NULL,NULL,'C4-2 : 3'),(4225,68,'Port4',1,24,NULL,NULL,'C4-2 : 4'),(4226,68,'Port5',1,24,NULL,NULL,'C4-2 : 5'),(4227,68,'Port6',1,24,NULL,NULL,'C4-2 : 6'),(4228,68,'Port7',1,24,NULL,NULL,'C4-2 : 7'),(4229,68,'Port8',1,24,NULL,NULL,'C4-2 : 8'),(4230,68,'Port9',1,24,NULL,NULL,'C4-2 : 9'),(4231,68,'Port10',1,24,NULL,NULL,'C4-2 : 10'),(4232,68,'Port11',1,24,NULL,NULL,'C4-2 : 11'),(4233,68,'Port12',1,24,NULL,NULL,'C4-2 : 12'),(4234,68,'Port13',1,24,NULL,NULL,'C4-2 : 13'),(4235,68,'Port14',1,24,NULL,NULL,'C4-2 : 14'),(4236,68,'Port15',1,24,NULL,NULL,'C4-2 : 15'),(4237,68,'Port16',1,24,NULL,NULL,'C4-2 : 16'),(4238,68,'Port17',1,24,NULL,NULL,'C4-2 : 17'),(4239,68,'Port18',1,24,NULL,NULL,'C4-2 : 18'),(4240,69,'Port1',1,24,NULL,NULL,'C5-1 : 1'),(4241,69,'Port2',1,24,NULL,NULL,'C5-1 : 2'),(4242,69,'Port3',1,24,NULL,NULL,'C5-1 : 3'),(4243,69,'Port4',1,24,NULL,NULL,'C5-1 : 4'),(4244,69,'Port5',1,24,NULL,NULL,'C5-1 : 5'),(4245,69,'Port6',1,24,NULL,NULL,'C5-1 : 6'),(4246,69,'Port7',1,24,NULL,NULL,'C5-1 : 7'),(4247,69,'Port8',1,24,NULL,NULL,'C5-1 : 8'),(4248,69,'Port9',1,24,NULL,NULL,'C5-1 : 9'),(4249,69,'Port10',1,24,NULL,NULL,'C5-1 : 10'),(4250,69,'Port11',1,24,NULL,NULL,'C5-1 : 11'),(4251,69,'Port12',1,24,NULL,NULL,'C5-1 : 12'),(4252,69,'Port13',1,24,NULL,NULL,'C5-1 : 13'),(4253,69,'Port14',1,24,NULL,NULL,'C5-1 : 14'),(4254,69,'Port15',1,24,NULL,NULL,'C5-1 : 15'),(4255,69,'Port16',1,24,NULL,NULL,'C5-1 : 16'),(4256,69,'Port17',1,24,NULL,NULL,'C5-1 : 17'),(4257,69,'Port18',1,24,NULL,NULL,'C5-1 : 18'),(4258,69,'Port19',1,24,NULL,NULL,'C5-1 : 19'),(4259,69,'Port20',1,24,NULL,NULL,'C5-1 : 20'),(4260,69,'Port21',1,24,NULL,NULL,'C5-1 : 21'),(4261,69,'Port22',1,24,NULL,NULL,'C5-1 : 22'),(4262,69,'Port23',1,24,NULL,NULL,'C5-1 : 23'),(4263,69,'Port24',1,24,NULL,NULL,'C5-1 : 24'),(4264,70,'Port1',1,24,NULL,NULL,'C6-1 : 1'),(4265,70,'Port2',1,24,NULL,NULL,'C6-1 : 2'),(4266,70,'Port3',1,24,NULL,NULL,'C6-1 : 3'),(4267,70,'Port4',1,24,NULL,NULL,'C6-1 : 4'),(4268,70,'Port5',1,24,NULL,NULL,'C6-1 : 5'),(4269,70,'Port6',1,24,NULL,NULL,'C6-1 : 6'),(4270,70,'Port7',1,24,NULL,NULL,'C6-1 : 7'),(4271,70,'Port8',1,24,NULL,NULL,'C6-1 : 8'),(4272,70,'Port9',1,24,NULL,NULL,'C6-1 : 9'),(4273,70,'Port10',1,24,NULL,NULL,'C6-1 : 10'),(4274,70,'Port11',1,24,NULL,NULL,'C6-1 : 11'),(4275,70,'Port12',1,24,NULL,NULL,'C6-1 : 12'),(4276,70,'Port13',1,24,NULL,NULL,'C6-1 : 13'),(4277,70,'Port14',1,24,NULL,NULL,'C6-1 : 14'),(4278,70,'Port15',1,24,NULL,NULL,'C6-1 : 15'),(4279,70,'Port16',1,24,NULL,NULL,'C6-1 : 16'),(4280,70,'Port17',1,24,NULL,NULL,'C6-1 : 17'),(4281,70,'Port18',1,24,NULL,NULL,'C6-1 : 18'),(4282,70,'Port19',1,24,NULL,NULL,'C6-1 : 19'),(4283,70,'Port20',1,24,NULL,NULL,'C6-1 : 20'),(4284,70,'Port21',1,24,NULL,NULL,'C6-1 : 21'),(4285,70,'Port22',1,24,NULL,NULL,'C6-1 : 22'),(4286,70,'Port23',1,24,NULL,NULL,'C6-1 : 23'),(4287,70,'Port24',1,24,NULL,NULL,'C6-1 : 24'),(4288,71,'Port1',1,24,NULL,NULL,'C7-1 : 1'),(4289,71,'Port2',1,24,NULL,NULL,'C7-1 : 2'),(4290,71,'Port3',1,24,NULL,NULL,'C7-1 : 3'),(4291,71,'Port4',1,24,NULL,NULL,'C7-1 : 4'),(4292,71,'Port5',1,24,NULL,NULL,'C7-1 : 5'),(4293,71,'Port6',1,24,NULL,NULL,'C7-1 : 6'),(4294,71,'Port7',1,24,NULL,NULL,'C7-1 : 7'),(4295,71,'Port8',1,24,NULL,NULL,'C7-1 : 8'),(4296,71,'Port9',1,24,NULL,NULL,'C7-1 : 9'),(4297,71,'Port10',1,24,NULL,NULL,'C7-1 : 10'),(4298,71,'Port11',1,24,NULL,NULL,'C7-1 : 11'),(4299,71,'Port12',1,24,NULL,NULL,'C7-1 : 12'),(4300,71,'Port13',1,24,NULL,NULL,'C7-1 : 13'),(4301,71,'Port14',1,24,NULL,NULL,'C7-1 : 14'),(4302,71,'Port15',1,24,NULL,NULL,'C7-1 : 15'),(4303,71,'Port16',1,24,NULL,NULL,'C7-1 : 16'),(4304,71,'Port17',1,24,NULL,NULL,'C7-1 : 17'),(4305,71,'Port18',1,24,NULL,NULL,'C7-1 : 18'),(4306,71,'Port19',1,24,NULL,NULL,'C7-1 : 19'),(4307,71,'Port20',1,24,NULL,NULL,'C7-1 : 20'),(4308,71,'Port21',1,24,NULL,NULL,'C7-1 : 21'),(4309,71,'Port22',1,24,NULL,NULL,'C7-1 : 22'),(4310,71,'Port23',1,24,NULL,NULL,'C7-1 : 23'),(4311,71,'Port24',1,24,NULL,NULL,'C7-1 : 24'),(4312,72,'Port1',1,24,NULL,NULL,'CP1-1 : 1'),(4313,72,'Port2',1,24,NULL,NULL,'CP1-1 : 2'),(4314,72,'Port3',1,24,NULL,NULL,'CP1-1 : 3'),(4315,72,'Port4',1,24,NULL,NULL,'CP1-1 : 4'),(4316,72,'Port5',1,24,NULL,NULL,'CP1-1 : 5'),(4317,72,'Port6',1,24,NULL,NULL,'CP1-1 : 6'),(4318,72,'Port7',1,24,NULL,NULL,'CP1-1 : 7'),(4319,72,'Port8',1,24,NULL,NULL,'CP1-1 : 8'),(4320,72,'Port9',1,24,NULL,NULL,'CP1-1 : 9'),(4321,72,'Port10',1,24,NULL,NULL,'CP1-1 : 10'),(4322,72,'Port11',1,24,NULL,NULL,'CP1-1 : 11'),(4323,72,'Port12',1,24,NULL,NULL,'CP1-1 : 12'),(4324,72,'Port13',1,24,NULL,NULL,'CP1-1 : 13'),(4325,72,'Port14',1,24,NULL,NULL,'CP1-1 : 14'),(4326,72,'Port15',1,24,NULL,NULL,'CP1-1 : 15'),(4327,72,'Port16',1,24,NULL,NULL,'CP1-1 : 16'),(4328,72,'Port17',1,24,NULL,NULL,'CP1-1 : 17'),(4329,72,'Port18',1,24,NULL,NULL,'CP1-1 : 18'),(4330,72,'Port19',1,24,NULL,NULL,'CP1-1 : 19'),(4331,72,'Port20',1,24,NULL,NULL,'CP1-1 : 20'),(4332,72,'Port21',1,24,NULL,NULL,'CP1-1 : 21'),(4333,72,'Port22',1,24,NULL,NULL,'CP1-1 : 22'),(4334,72,'Port23',1,24,NULL,NULL,'CP1-1 : 23'),(4335,72,'Port24',1,24,NULL,NULL,'CP1-1 : 24'),(4336,73,'Port1',1,24,NULL,NULL,'CP2-1 : 1'),(4337,73,'Port2',1,24,NULL,NULL,'CP2-1 : 2'),(4338,73,'Port3',1,24,NULL,NULL,'CP2-1 : 3'),(4339,73,'Port4',1,24,NULL,NULL,'CP2-1 : 4'),(4340,73,'Port5',1,24,NULL,NULL,'CP2-1 : 5'),(4341,73,'Port6',1,24,NULL,NULL,'CP2-1 : 6'),(4342,73,'Port7',1,24,NULL,NULL,'CP2-1 : 7'),(4343,73,'Port8',1,24,NULL,NULL,'CP2-1 : 8'),(4344,73,'Port9',1,24,NULL,NULL,'CP2-1 : 9'),(4345,73,'Port10',1,24,NULL,NULL,'CP2-1 : 10'),(4346,73,'Port11',1,24,NULL,NULL,'CP2-1 : 11'),(4347,73,'Port12',1,24,NULL,NULL,'CP2-1 : 12'),(4348,73,'Port13',1,24,NULL,NULL,'CP2-1 : 13'),(4349,73,'Port14',1,24,NULL,NULL,'CP2-1 : 14'),(4350,73,'Port15',1,24,NULL,NULL,'CP2-1 : 15'),(4351,73,'Port16',1,24,NULL,NULL,'CP2-1 : 16'),(4352,73,'Port17',1,24,NULL,NULL,'CP2-1 : 17'),(4353,73,'Port18',1,24,NULL,NULL,'CP2-1 : 18'),(4360,75,'Port1',1,24,NULL,NULL,'CP1-2 : 1'),(4361,75,'Port2',1,24,NULL,NULL,'CP1-2 : 2'),(4362,75,'Port3',1,24,NULL,NULL,'CP1-2 : 3'),(4363,75,'Port4',1,24,NULL,NULL,'CP1-2 : 4'),(4364,75,'Port5',1,24,NULL,NULL,'CP1-2 : 5'),(4365,75,'Port6',1,24,NULL,NULL,'CP1-2 : 6'),(4366,75,'Port7',1,24,NULL,NULL,'CP1-2 : 7'),(4367,75,'Port8',1,24,NULL,NULL,'CP1-2 : 8'),(4368,75,'Port9',1,24,NULL,NULL,'CP1-2 : 9'),(4369,75,'Port10',1,24,NULL,NULL,'CP1-2 : 10'),(4370,75,'Port11',1,24,NULL,NULL,'CP1-2 : 11'),(4371,75,'Port12',1,24,NULL,NULL,'CP1-2 : 12'),(4372,76,'Port1',3,1078,NULL,NULL,'F13-3 : 1'),(4373,76,'Port2',3,1078,NULL,NULL,'F13-3 : 2'),(4374,76,'Port3',3,1078,NULL,NULL,'F13-3 : 3'),(4375,76,'Port4',3,1078,NULL,NULL,'F13-3 : 4'),(4376,76,'Port5',3,1078,NULL,NULL,'F13-3 : 5'),(4377,76,'Port6',3,1078,NULL,NULL,'F13-3 : 6'),(4378,76,'Port7',3,1078,NULL,NULL,'F13-3 : 7'),(4379,76,'Port8',3,1078,NULL,NULL,'F13-3 : 8'),(4380,76,'Port9',3,1078,NULL,NULL,'F13-3 : 9'),(4381,76,'Port10',3,1078,NULL,NULL,'F13-3 : 10'),(4382,76,'Port11',3,1078,NULL,NULL,'F13-3 : 11'),(4383,76,'Port12',3,1078,NULL,NULL,'F13-3 : 12'),(4384,77,'Port1',3,1078,NULL,NULL,'F13-4 : 1'),(4385,77,'Port2',3,1078,NULL,NULL,'F13-4 : 2'),(4386,77,'Port3',3,1078,NULL,NULL,'F13-4 : 3'),(4387,77,'Port4',3,1078,NULL,NULL,'F13-4 : 4'),(4388,77,'Port5',3,1078,NULL,NULL,'F13-4 : 5'),(4389,77,'Port6',3,1078,NULL,NULL,'F13-4 : 6'),(4390,77,'Port7',3,1078,NULL,NULL,'F13-4 : 7'),(4391,77,'Port8',3,1078,NULL,NULL,'F13-4 : 8'),(4392,77,'Port9',3,1078,NULL,NULL,'F13-4 : 9'),(4393,77,'Port10',3,1078,NULL,NULL,'F13-4 : 10'),(4394,77,'Port11',3,1078,NULL,NULL,'F13-4 : 11'),(4395,77,'Port12',3,1078,NULL,NULL,'F13-4 : 12'),(4396,78,'Port1',1,24,NULL,NULL,'C14-1 : 1'),(4397,78,'Port2',1,24,NULL,NULL,'C14-1 : 2'),(4398,78,'Port3',1,24,NULL,NULL,'C14-1 : 3'),(4399,78,'Port4',1,24,NULL,NULL,'C14-1 : 4'),(4400,79,'Port1',3,1078,NULL,NULL,'F3-2 : 1'),(4401,79,'Port2',3,1078,NULL,NULL,'F3-2 : 2'),(4402,79,'Port3',3,1078,NULL,NULL,'F3-2 : 3'),(4403,79,'Port4',3,1078,NULL,NULL,'F3-2 : 4'),(4404,79,'Port5',3,1078,NULL,NULL,'F3-2 : 5'),(4405,79,'Port6',3,1078,NULL,NULL,'F3-2 : 6'),(4406,79,'Port7',3,1078,NULL,NULL,'F3-2 : 7'),(4407,79,'Port8',3,1078,NULL,NULL,'F3-2 : 8'),(4408,79,'Port9',3,1078,NULL,NULL,'F3-2 : 9'),(4409,79,'Port10',3,1078,NULL,NULL,'F3-2 : 10'),(4410,79,'Port11',3,1078,NULL,NULL,'F3-2 : 11'),(4411,79,'Port12',3,1078,NULL,NULL,'F3-2 : 12'),(4412,79,'Port13',3,1078,NULL,NULL,'F3-2 : 13'),(4413,79,'Port14',3,1078,NULL,NULL,'F3-2 : 14'),(4414,79,'Port15',3,1078,NULL,NULL,'F3-2 : 15'),(4415,79,'Port16',3,1078,NULL,NULL,'F3-2 : 16'),(4416,79,'Port17',3,1078,NULL,NULL,'F3-2 : 17'),(4417,79,'Port18',3,1078,NULL,NULL,'F3-2 : 18'),(4418,79,'Port19',3,1078,NULL,NULL,'F3-2 : 19'),(4419,79,'Port20',3,1078,NULL,NULL,'F3-2 : 20'),(4420,79,'Port21',3,1078,NULL,NULL,'F3-2 : 21'),(4421,79,'Port22',3,1078,NULL,NULL,'F3-2 : 22'),(4422,79,'Port23',3,1078,NULL,NULL,'F3-2 : 23'),(4423,79,'Port24',3,1078,NULL,NULL,'F3-2 : 24'),(4424,79,'Port25',3,1078,NULL,NULL,'F3-2 : 25'),(4425,79,'Port26',3,1078,NULL,NULL,'F3-2 : 26'),(4426,79,'Port27',3,1078,NULL,NULL,'F3-2 : 27'),(4427,79,'Port28',3,1078,NULL,NULL,'F3-2 : 28'),(4428,79,'Port29',3,1078,NULL,NULL,'F3-2 : 29'),(4429,79,'Port30',3,1078,NULL,NULL,'F3-2 : 30'),(4430,79,'Port31',3,1078,NULL,NULL,'F3-2 : 31'),(4431,79,'Port32',3,1078,NULL,NULL,'F3-2 : 32'),(4432,79,'Port33',3,1078,NULL,NULL,'F3-2 : 33'),(4433,79,'Port34',3,1078,NULL,NULL,'F3-2 : 34'),(4434,79,'Port35',3,1078,NULL,NULL,'F3-2 : 35'),(4435,79,'Port36',3,1078,NULL,NULL,'F3-2 : 36'),(4436,80,'Port1',1,24,NULL,NULL,'C5-2 : 1'),(4437,80,'Port2',1,24,NULL,NULL,'C5-2 : 2'),(4438,80,'Port3',1,24,NULL,NULL,'C5-2 : 3'),(4439,80,'Port4',1,24,NULL,NULL,'C5-2 : 4'),(4440,80,'Port5',1,24,NULL,NULL,'C5-2 : 5'),(4441,80,'Port6',1,24,NULL,NULL,'C5-2 : 6'),(4442,80,'Port7',1,24,NULL,NULL,'C5-2 : 7'),(4443,80,'Port8',1,24,NULL,NULL,'C5-2 : 8'),(4444,80,'Port9',1,24,NULL,NULL,'C5-2 : 9'),(4445,80,'Port10',1,24,NULL,NULL,'C5-2 : 10'),(4446,80,'Port11',1,24,NULL,NULL,'C5-2 : 11'),(4447,80,'Port12',1,24,NULL,NULL,'C5-2 : 12'),(4448,80,'Port13',1,24,NULL,NULL,'C5-2 : 13'),(4449,80,'Port14',1,24,NULL,NULL,'C5-2 : 14'),(4450,80,'Port15',1,24,NULL,NULL,'C5-2 : 15'),(4451,80,'Port16',1,24,NULL,NULL,'C5-2 : 16'),(4452,80,'Port17',1,24,NULL,NULL,'C5-2 : 17'),(4453,80,'Port18',1,24,NULL,NULL,'C5-2 : 18'),(4454,80,'Port19',1,24,NULL,NULL,'C5-2 : 19'),(4455,80,'Port20',1,24,NULL,NULL,'C5-2 : 20'),(4456,80,'Port21',1,24,NULL,NULL,'C5-2 : 21'),(4457,80,'Port22',1,24,NULL,NULL,'C5-2 : 22'),(4458,80,'Port23',1,24,NULL,NULL,'C5-2 : 23'),(4459,80,'Port24',1,24,NULL,NULL,'C5-2 : 24'),(4466,81,'Port1',1,24,NULL,NULL,'F4-2 : 1'),(4467,81,'Port2',1,24,NULL,NULL,'F4-2 : 2'),(4468,81,'Port3',1,24,NULL,NULL,'F4-2 : 3'),(4469,81,'Port4',1,24,NULL,NULL,'F4-2 : 4'),(4470,81,'Port5',1,24,NULL,NULL,'F4-2 : 5'),(4471,81,'Port6',1,24,NULL,NULL,'F4-2 : 6'),(4484,82,'Port1',1,24,NULL,NULL,'C7-2 : 1'),(4485,82,'Port2',1,24,NULL,NULL,'C7-2 : 2'),(4486,82,'Port3',1,24,NULL,NULL,'C7-2 : 3'),(4487,82,'Port4',1,24,NULL,NULL,'C7-2 : 4'),(4488,82,'Port5',1,24,NULL,NULL,'C7-2 : 5'),(4489,82,'Port6',1,24,NULL,NULL,'C7-2 : 6'),(4490,82,'Port7',1,24,NULL,NULL,'C7-2 : 7'),(4491,82,'Port8',1,24,NULL,NULL,'C7-2 : 8'),(4492,82,'Port9',1,24,NULL,NULL,'C7-2 : 9'),(4493,82,'Port10',1,24,NULL,NULL,'C7-2 : 10'),(4494,82,'Port11',1,24,NULL,NULL,'C7-2 : 11'),(4495,82,'Port12',1,24,NULL,NULL,'C7-2 : 12'),(4496,82,'Port13',1,24,NULL,NULL,'C7-2 : 13'),(4497,82,'Port14',1,24,NULL,NULL,'C7-2 : 14'),(4498,82,'Port15',1,24,NULL,NULL,'C7-2 : 15'),(4499,82,'Port16',1,24,NULL,NULL,'C7-2 : 16'),(4500,82,'Port17',1,24,NULL,NULL,'C7-2 : 17'),(4501,82,'Port18',1,24,NULL,NULL,'C7-2 : 18'),(4502,82,'Port19',1,24,NULL,NULL,'C7-2 : 19'),(4503,82,'Port20',1,24,NULL,NULL,'C7-2 : 20'),(4504,82,'Port21',1,24,NULL,NULL,'C7-2 : 21'),(4505,82,'Port22',1,24,NULL,NULL,'C7-2 : 22'),(4506,82,'Port23',1,24,NULL,NULL,'C7-2 : 23'),(4507,82,'Port24',1,24,NULL,NULL,'C7-2 : 24'),(4508,83,'Port1',1,24,NULL,NULL,'C6-2 : 1'),(4509,83,'Port2',1,24,NULL,NULL,'C6-2 : 2'),(4510,83,'Port3',1,24,NULL,NULL,'C6-2 : 3'),(4511,83,'Port4',1,24,NULL,NULL,'C6-2 : 4'),(4512,83,'Port5',1,24,NULL,NULL,'C6-2 : 5'),(4513,83,'Port6',1,24,NULL,NULL,'C6-2 : 6'),(4514,83,'Port7',1,24,NULL,NULL,'C6-2 : 7'),(4515,83,'Port8',1,24,NULL,NULL,'C6-2 : 8'),(4516,83,'Port9',1,24,NULL,NULL,'C6-2 : 9'),(4517,83,'Port10',1,24,NULL,NULL,'C6-2 : 10'),(4518,83,'Port11',1,24,NULL,NULL,'C6-2 : 11'),(4519,83,'Port12',1,24,NULL,NULL,'C6-2 : 12'),(4520,83,'Port13',1,24,NULL,NULL,'C6-2 : 13'),(4521,83,'Port14',1,24,NULL,NULL,'C6-2 : 14'),(4522,83,'Port15',1,24,NULL,NULL,'C6-2 : 15'),(4523,83,'Port16',1,24,NULL,NULL,'C6-2 : 16'),(4524,83,'Port17',1,24,NULL,NULL,'C6-2 : 17'),(4525,83,'Port18',1,24,NULL,NULL,'C6-2 : 18'),(4526,83,'Port19',1,24,NULL,NULL,'C6-2 : 19'),(4527,83,'Port20',1,24,NULL,NULL,'C6-2 : 20'),(4528,83,'Port21',1,24,NULL,NULL,'C6-2 : 21'),(4529,83,'Port22',1,24,NULL,NULL,'C6-2 : 22'),(4530,83,'Port23',1,24,NULL,NULL,'C6-2 : 23'),(4531,83,'Port24',1,24,NULL,NULL,'C6-2 : 24'),(4532,84,'Port1',3,1078,NULL,NULL,'F5-2 : 1'),(4533,84,'Port2',3,1078,NULL,NULL,'F5-2 : 2'),(4534,84,'Port3',3,1078,NULL,NULL,'F5-2 : 3'),(4535,84,'Port4',3,1078,NULL,NULL,'F5-2 : 4'),(4536,84,'Port5',3,1078,NULL,NULL,'F5-2 : 5'),(4537,84,'Port6',3,1078,NULL,NULL,'F5-2 : 6'),(4538,84,'Port7',3,1078,NULL,NULL,'F5-2 : 7'),(4539,84,'Port8',3,1078,NULL,NULL,'F5-2 : 8'),(4540,84,'Port9',3,1078,NULL,NULL,'F5-2 : 9'),(4541,84,'Port10',3,1078,NULL,NULL,'F5-2 : 10'),(4542,84,'Port11',3,1078,NULL,NULL,'F5-2 : 11'),(4543,84,'Port12',3,1078,NULL,NULL,'F5-2 : 12'),(4544,84,'Port13',3,1078,NULL,NULL,'F5-2 : 13'),(4545,84,'Port14',3,1078,NULL,NULL,'F5-2 : 14'),(4546,84,'Port15',3,1078,NULL,NULL,'F5-2 : 15'),(4547,84,'Port16',3,1078,NULL,NULL,'F5-2 : 16'),(4548,84,'Port17',3,1078,NULL,NULL,'F5-2 : 17'),(4549,84,'Port18',3,1078,NULL,NULL,'F5-2 : 18'),(4550,84,'Port19',3,1078,NULL,NULL,'F14-2 : 19'),(4551,84,'Port20',3,1078,NULL,NULL,'F14-2 : 20'),(4552,84,'Port21',3,1078,NULL,NULL,'F14-2 : 21'),(4553,84,'Port22',3,1078,NULL,NULL,'F14-2 : 22'),(4554,84,'Port23',3,1078,NULL,NULL,'F14-2 : 23'),(4555,84,'Port24',3,1078,NULL,NULL,'F14-2 : 24'),(4556,84,'Port25',3,1078,NULL,NULL,'F14-2 : 25'),(4557,84,'Port26',3,1078,NULL,NULL,'F14-2 : 26'),(4558,84,'Port27',3,1078,NULL,NULL,'F14-2 : 27'),(4559,84,'Port28',3,1078,NULL,NULL,'F14-2 : 28'),(4560,84,'Port29',3,1078,NULL,NULL,'F14-2 : 29'),(4561,84,'Port30',3,1078,NULL,NULL,'F14-2 : 30'),(4562,86,'Port1',3,1078,NULL,NULL,'CP2-2 : 1'),(4563,86,'Port2',3,1078,NULL,NULL,'CP2-2 : 2'),(4564,86,'Port3',3,1078,NULL,NULL,'CP2-2 : 3'),(4565,86,'Port4',3,1078,NULL,NULL,'CP2-2 : 4'),(4566,86,'Port5',3,1078,NULL,NULL,'CP2-2 : 5'),(4567,86,'Port6',3,1078,NULL,NULL,'CP2-2 : 6'),(4568,87,'Port1',3,1078,NULL,NULL,'F6-2 : 1'),(4569,87,'Port2',3,1078,NULL,NULL,'F6-2 : 2'),(4570,87,'Port3',3,1078,NULL,NULL,'F6-2 : 3'),(4571,87,'Port4',3,1078,NULL,NULL,'F6-2 : 4'),(4572,87,'Port5',3,1078,NULL,NULL,'F6-2 : 5'),(4573,87,'Port6',3,1078,NULL,NULL,'F6-2 : 6'),(4574,87,'Port7',3,1078,NULL,NULL,'F6-2 : 7'),(4575,87,'Port8',3,1078,NULL,NULL,'F6-2 : 8'),(4576,87,'Port9',3,1078,NULL,NULL,'F6-2 : 9'),(4577,87,'Port10',3,1078,NULL,NULL,'F6-2 : 10'),(4578,87,'Port11',3,1078,NULL,NULL,'F6-2 : 11'),(4579,87,'Port12',3,1078,NULL,NULL,'F6-2 : 12'),(4604,88,'Port1',1,24,NULL,NULL,'CP2-3 : 1'),(4605,88,'Port2',1,24,NULL,NULL,'CP2-3 : 2'),(4606,88,'Port3',1,24,NULL,NULL,'CP2-3 : 3'),(4607,88,'Port4',1,24,NULL,NULL,'CP2-3 : 4'),(4608,88,'Port5',1,24,NULL,NULL,'CP2-3 : 5'),(4609,88,'Port6',1,24,NULL,NULL,'CP2-3 : 6'),(4610,88,'Port7',1,24,NULL,NULL,'CP2-3 : 7'),(4611,88,'Port8',1,24,NULL,NULL,'CP2-3 : 8'),(4612,88,'Port9',1,24,NULL,NULL,'CP2-3 : 9'),(4613,88,'Port10',1,24,NULL,NULL,'CP2-3 : 10'),(4614,88,'Port11',1,24,NULL,NULL,'CP2-3 : 11'),(4615,88,'Port12',1,24,NULL,NULL,'CP2-3 : 12'),(4616,88,'Port 13',3,1078,NULL,NULL,'F7-2 : 13'),(4617,88,'Port 14',3,1078,NULL,NULL,'F7-2 : 14'),(4618,88,'Port 15',3,1078,NULL,NULL,'F7-2 : 15'),(4619,88,'Port 16',3,1078,NULL,NULL,'F7-2 : 16'),(4620,88,'Port 17',3,1078,NULL,NULL,'F7-2 : 17'),(4621,88,'Port 18',3,1078,NULL,NULL,'F7-2 : 18'),(4622,88,'Port 19',3,1078,NULL,NULL,'F7-2 : 19'),(4623,88,'Port 20',3,1078,NULL,NULL,'F7-2 : 20'),(4624,88,'Port 21',3,1078,NULL,NULL,'F7-2 : 21'),(4625,88,'Port 22',3,1078,NULL,NULL,'F7-2 : 22'),(4626,88,'Port 23',3,1078,NULL,NULL,'F7-2 : 23'),(4627,88,'Port 24',3,1078,NULL,NULL,'F7-2 : 24'),(4628,90,'Port1',1,24,NULL,NULL,'CP1-3 : 1'),(4629,90,'Port2',1,24,NULL,NULL,'CP1-3 : 2'),(4630,90,'Port3',1,24,NULL,NULL,'CP1-3 : 3'),(4631,90,'Port4',1,24,NULL,NULL,'CP1-3 : 4'),(4632,90,'Port5',1,24,NULL,NULL,'CP1-3 : 5'),(4633,90,'Port6',1,24,NULL,NULL,'CP1-3 : 6'),(4634,90,'Port7',1,24,NULL,NULL,'CP1-3 : 7'),(4635,90,'Port8',1,24,NULL,NULL,'CP1-3 : 8'),(4636,90,'Port9',1,24,NULL,NULL,'CP1-3 : 9'),(4637,90,'Port10',1,24,NULL,NULL,'CP1-3 : 10'),(4638,90,'Port11',1,24,NULL,NULL,'CP1-3 : 11'),(4639,90,'Port12',1,24,NULL,NULL,'CP1-3 : 12'),(4640,91,'Port1',3,1078,NULL,NULL,'F8-2 :  1'),(4641,91,'Port2',3,1078,NULL,NULL,'F8-2 :  2'),(4642,91,'Port3',3,1078,NULL,NULL,'F8-2 :  3'),(4643,91,'Port4',3,1078,NULL,NULL,'F8-2 :  4'),(4644,91,'Port5',3,1078,NULL,NULL,'F8-2 :  5'),(4645,91,'Port6',3,1078,NULL,NULL,'F8-2 :  6'),(4646,91,'Port7',3,1078,NULL,NULL,'F8-2 :  7'),(4647,91,'Port8',3,1078,NULL,NULL,'F8-2 :  8'),(4648,91,'Port9',3,1078,NULL,NULL,'F8-2 :  9'),(4649,91,'Port10',3,1078,NULL,NULL,'F8-2 :  10'),(4650,91,'Port11',3,1078,NULL,NULL,'F8-2 :  11'),(4651,91,'Port12',3,1078,NULL,NULL,'F8-2 :  12'),(4652,97,'Port1',1,24,NULL,NULL,'C1-1 : 1'),(4653,97,'Port2',1,24,NULL,NULL,'C1-1 : 2'),(4654,97,'Port3',1,24,NULL,NULL,'C1-1 : 3'),(4655,97,'Port4',1,24,NULL,NULL,'C1-1 : 4'),(4656,97,'Port5',1,24,NULL,NULL,'C1-1 : 5'),(4657,97,'Port6',1,24,NULL,NULL,'C1-1 : 6'),(4658,97,'Port7',1,24,NULL,NULL,'C1-1 : 7'),(4659,97,'Port8',1,24,NULL,NULL,'C1-1 : 8'),(4660,97,'Port9',1,24,NULL,NULL,'C1-1 : 9'),(4661,97,'Port10',1,24,NULL,NULL,'C1-1 : 10'),(4662,97,'Port11',1,24,NULL,NULL,'C1-1 : 11'),(4663,97,'Port12',1,24,NULL,NULL,'C1-1 : 12'),(4664,97,'Port13',1,24,NULL,NULL,'C1-1 : 13'),(4665,97,'Port14',1,24,NULL,NULL,'C1-1 : 14'),(4666,97,'Port15',1,24,NULL,NULL,'C1-1 : 15'),(4667,97,'Port16',1,24,NULL,NULL,'C1-1 : 16'),(4668,97,'Port17',1,24,NULL,NULL,'C1-1 : 17'),(4669,97,'Port18',1,24,NULL,NULL,'C1-1 : 18'),(4670,98,'Port1',1,24,NULL,NULL,'C2-1: 1'),(4671,98,'Port2',1,24,NULL,NULL,'C2-1: 2'),(4672,98,'Port3',1,24,NULL,NULL,'C2-1: 3'),(4673,98,'Port4',1,24,NULL,NULL,'C2-1: 4'),(4674,98,'Port5',1,24,NULL,NULL,'C2-1: 5'),(4675,98,'Port6',1,24,NULL,NULL,'C2-1: 6'),(4676,98,'Port7',1,24,NULL,NULL,'C2-1: 7'),(4677,98,'Port8',1,24,NULL,NULL,'C2-1: 8'),(4678,98,'Port9',1,24,NULL,NULL,'C2-1: 9'),(4679,98,'Port10',1,24,NULL,NULL,'C2-1: 10'),(4680,98,'Port11',1,24,NULL,NULL,'C2-1: 11'),(4681,98,'Port12',1,24,NULL,NULL,'C2-1: 12'),(4682,98,'Port13',1,24,NULL,NULL,'C2-1: 13'),(4683,98,'Port14',1,24,NULL,NULL,'C2-1: 14'),(4684,98,'Port15',1,24,NULL,NULL,'C2-1: 15'),(4685,98,'Port16',1,24,NULL,NULL,'C2-1: 16'),(4686,98,'Port17',1,24,NULL,NULL,'C2-1: 17'),(4687,98,'Port18',1,24,NULL,NULL,'C2-1: 18'),(4688,99,'Port1',3,1078,NULL,NULL,'F1-1 : 1'),(4689,99,'Port2',3,1078,NULL,NULL,'F1-1 : 2'),(4690,99,'Port3',3,1078,NULL,NULL,'F1-1 : 3'),(4691,99,'Port4',3,1078,NULL,NULL,'F1-1 : 4'),(4692,99,'Port5',3,1078,NULL,NULL,'F1-1 : 5'),(4693,99,'Port6',3,1078,NULL,NULL,'F1-1 : 6'),(4694,99,'Port7',3,1078,NULL,NULL,'F1-1 : 7'),(4695,99,'Port8',3,1078,NULL,NULL,'F1-1 : 8'),(4696,99,'Port9',3,1078,NULL,NULL,'F1-1 : 9'),(4697,99,'Port10',3,1078,NULL,NULL,'F1-1 : 10'),(4698,99,'Port11',3,1078,NULL,NULL,'F1-1 : 11'),(4699,99,'Port12',3,1078,NULL,NULL,'F1-1 : 12'),(4700,99,'Port13',3,1078,NULL,NULL,'F1-1 : 13'),(4701,99,'Port14',3,1078,NULL,NULL,'F1-1 : 14'),(4702,99,'Port15',3,1078,NULL,NULL,'F1-1 : 15'),(4703,99,'Port16',3,1078,NULL,NULL,'F1-1 : 16'),(4704,99,'Port17',3,1078,NULL,NULL,'F1-1 : 17'),(4705,99,'Port18',3,1078,NULL,NULL,'F1-1 : 18'),(4706,99,'Port19',3,1078,NULL,NULL,'F1-1 : 19'),(4707,99,'Port20',3,1078,NULL,NULL,'F1-1 : 20'),(4708,99,'Port21',3,1078,NULL,NULL,'F1-1 : 21'),(4709,99,'Port22',3,1078,NULL,NULL,'F1-1 : 22'),(4710,99,'Port23',3,1078,NULL,NULL,'F1-1 : 23'),(4711,99,'Port24',3,1078,NULL,NULL,'F1-1 : 24'),(4712,99,'Port25',3,1078,NULL,NULL,'F1-1 : 25'),(4713,99,'Port26',3,1078,NULL,NULL,'F1-1 : 26'),(4714,99,'Port27',3,1078,NULL,NULL,'F1-1 : 27'),(4715,99,'Port28',3,1078,NULL,NULL,'F1-1 : 28'),(4716,99,'Port29',3,1078,NULL,NULL,'F1-1 : 29'),(4717,99,'Port30',3,1078,NULL,NULL,'F1-1 : 30'),(4718,99,'Port31',3,1078,NULL,NULL,'F1-1 : 31'),(4719,99,'Port32',3,1078,NULL,NULL,'F1-1 : 32'),(4720,99,'Port33',3,1078,NULL,NULL,'F1-1 : 33'),(4721,99,'Port34',3,1078,NULL,NULL,'F1-1 : 34'),(4722,99,'Port35',3,1078,NULL,NULL,'F1-1 : 35'),(4723,99,'Port36',3,1078,NULL,NULL,'F1-1 : 36'),(4724,99,'Port37',3,1078,NULL,NULL,'F1-1 : 37'),(4725,99,'Port38',3,1078,NULL,NULL,'F1-1 : 38'),(4726,99,'Port39',3,1078,NULL,NULL,'F1-1 : 39'),(4727,99,'Port40',3,1078,NULL,NULL,'F1-1 : 40'),(4728,99,'Port41',3,1078,NULL,NULL,'F1-1 : 41'),(4729,99,'Port42',3,1078,NULL,NULL,'F1-1 : 42'),(4814,100,'Port1',3,1078,NULL,NULL,'F12-1 : 1'),(4815,100,'Port2',3,1078,NULL,NULL,'F12-1 : 2'),(4816,100,'Port3',3,1078,NULL,NULL,'F12-1 : 3'),(4817,100,'Port4',3,1078,NULL,NULL,'F12-1 : 4'),(4818,100,'Port5',3,1078,NULL,NULL,'F12-1 : 5'),(4819,100,'Port6',3,1078,NULL,NULL,'F12-1 : 6'),(4820,100,'Port7',3,1078,NULL,NULL,'F12-1 : 7'),(4821,100,'Port8',3,1078,NULL,NULL,'F12-1 : 8'),(4822,100,'Port9',3,1078,NULL,NULL,'F12-1 : 9'),(4823,100,'Port10',3,1078,NULL,NULL,'F12-1 : 10'),(4824,100,'Port11',3,1078,NULL,NULL,'F12-1 : 11'),(4825,100,'Port12',3,1078,NULL,NULL,'F12-1 : 12'),(4826,101,'Port1',1,24,NULL,NULL,'C3-1 : 1'),(4827,101,'Port2',1,24,NULL,NULL,'C3-1 : 2'),(4828,101,'Port3',1,24,NULL,NULL,'C3-1 : 3'),(4829,101,'Port4',1,24,NULL,NULL,'C3-1 : 4'),(4830,101,'Port5',1,24,NULL,NULL,'C3-1 : 5'),(4831,101,'Port6',1,24,NULL,NULL,'C3-1 : 6'),(4832,101,'Port7',1,24,NULL,NULL,'C3-1 : 7'),(4833,101,'Port8',1,24,NULL,NULL,'C3-1 : 8'),(4834,101,'Port9',1,24,NULL,NULL,'C3-1 : 9'),(4835,101,'Port10',1,24,NULL,NULL,'C3-1 : 10'),(4836,101,'Port11',1,24,NULL,NULL,'C3-1 : 11'),(4837,101,'Port12',1,24,NULL,NULL,'C3-1 : 12'),(4838,101,'Port13',1,24,NULL,NULL,'C3-1 : 13'),(4839,101,'Port14',1,24,NULL,NULL,'C3-1 : 14'),(4840,101,'Port15',1,24,NULL,NULL,'C3-1 : 15'),(4841,101,'Port16',1,24,NULL,NULL,'C3-1 : 16'),(4842,101,'Port17',1,24,NULL,NULL,'C3-1 : 17'),(4843,101,'Port18',1,24,NULL,NULL,'C3-1 : 18'),(4844,102,'Port1',1,24,NULL,NULL,'C4-1 : 1'),(4845,102,'Port2',1,24,NULL,NULL,'C4-1 : 2'),(4846,102,'Port3',1,24,NULL,NULL,'C4-1 : 3'),(4847,102,'Port4',1,24,NULL,NULL,'C4-1 : 4'),(4848,102,'Port5',1,24,NULL,NULL,'C4-1 : 5'),(4849,102,'Port6',1,24,NULL,NULL,'C4-1 : 6'),(4850,102,'Port7',1,24,NULL,NULL,'C4-1 : 7'),(4851,102,'Port8',1,24,NULL,NULL,'C4-1 : 8'),(4852,102,'Port9',1,24,NULL,NULL,'C4-1 : 9'),(4853,102,'Port10',1,24,NULL,NULL,'C4-1 : 10'),(4854,102,'Port11',1,24,NULL,NULL,'C4-1 : 11'),(4855,102,'Port12',1,24,NULL,NULL,'C4-1 : 12'),(4856,102,'Port13',1,24,NULL,NULL,'C4-1 : 13'),(4857,102,'Port14',1,24,NULL,NULL,'C4-1 : 14'),(4858,102,'Port15',1,24,NULL,NULL,'C4-1 : 15'),(4859,102,'Port16',1,24,NULL,NULL,'C4-1 : 16'),(4860,102,'Port17',1,24,NULL,NULL,'C4-1 : 17'),(4861,102,'Port18',1,24,NULL,NULL,'C4-1 : 18'),(4862,103,'Port1',1,24,NULL,NULL,'F2-1: 1'),(4863,103,'Port2',1,24,NULL,NULL,'F2-1: 2'),(4864,103,'Port3',1,24,NULL,NULL,'F2-1: 3'),(4865,103,'Port4',1,24,NULL,NULL,'F2-1: 4'),(4866,103,'Port5',1,24,NULL,NULL,'F2-1: 5'),(4867,103,'Port6',1,24,NULL,NULL,'F2-1: 6'),(4868,103,'Port7',1,24,NULL,NULL,'F2-1: 7'),(4869,103,'Port8',1,24,NULL,NULL,'F2-1: 8'),(4870,103,'Port9',1,24,NULL,NULL,'F2-1: 9'),(4871,103,'Port10',1,24,NULL,NULL,'F2-1: 10'),(4872,103,'Port11',1,24,NULL,NULL,'F2-1: 11'),(4873,103,'Port12',1,24,NULL,NULL,'F2-1: 12'),(4874,103,'Port13',1,24,NULL,NULL,'F2-1: 13'),(4875,103,'Port14',1,24,NULL,NULL,'F2-1: 14'),(4876,103,'Port15',1,24,NULL,NULL,'F2-1: 15'),(4877,103,'Port16',1,24,NULL,NULL,'F2-1: 16'),(4878,103,'Port17',1,24,NULL,NULL,'F2-1: 17'),(4879,103,'Port18',1,24,NULL,NULL,'F2-1: 18'),(4880,103,'Port19',1,24,NULL,NULL,'F2-1: 19'),(4881,103,'Port20',1,24,NULL,NULL,'F2-1: 20'),(4882,103,'Port21',1,24,NULL,NULL,'F2-1: 21'),(4883,103,'Port22',1,24,NULL,NULL,'F2-1: 22'),(4884,103,'Port23',1,24,NULL,NULL,'F2-1: 23'),(4885,103,'Port24',1,24,NULL,NULL,'F2-1: 24'),(4886,103,'Port25',1,24,NULL,NULL,'F2-1: 25'),(4887,103,'Port26',1,24,NULL,NULL,'F2-1: 26'),(4888,103,'Port27',1,24,NULL,NULL,'F2-1: 27'),(4889,103,'Port28',1,24,NULL,NULL,'F2-1: 28'),(4890,103,'Port29',1,24,NULL,NULL,'F2-1: 29'),(4891,103,'Port30',1,24,NULL,NULL,'F2-1: 30'),(4892,103,'Port31',1,24,NULL,NULL,'F2-1: 31'),(4893,103,'Port32',1,24,NULL,NULL,'F2-1: 32'),(4894,103,'Port33',1,24,NULL,NULL,'F2-1: 33'),(4895,103,'Port34',1,24,NULL,NULL,'F2-1: 34'),(4896,103,'Port35',1,24,NULL,NULL,'F2-1: 35'),(4897,103,'Port36',1,24,NULL,NULL,'F2-1: 36'),(4898,103,'Port37',1,24,NULL,NULL,'F2-1: 37'),(4899,103,'Port38',1,24,NULL,NULL,'F2-1: 38'),(4900,103,'Port39',1,24,NULL,NULL,'F2-1: 39'),(4901,103,'Port40',1,24,NULL,NULL,'F2-1: 40'),(4902,103,'Port41',1,24,NULL,NULL,'F2-1: 41'),(4903,103,'Port42',1,24,NULL,NULL,'F2-1: 42'),(4904,104,'Port1',3,1078,NULL,NULL,'F12-2: 1'),(4905,104,'Port2',3,1078,NULL,NULL,'F12-2: 2'),(4906,104,'Port3',3,1078,NULL,NULL,'F12-2: 3'),(4907,104,'Port4',3,1078,NULL,NULL,'F12-2: 4'),(4908,104,'Port5',3,1078,NULL,NULL,'F12-2: 5'),(4909,104,'Port6',3,1078,NULL,NULL,'F12-2: 6'),(4910,104,'Port7',3,1078,NULL,NULL,'F12-2: 7'),(4911,104,'Port8',3,1078,NULL,NULL,'F12-2: 8'),(4912,104,'Port9',3,1078,NULL,NULL,'F12-2: 9'),(4913,104,'Port10',3,1078,NULL,NULL,'F12-2: 10'),(4914,104,'Port11',3,1078,NULL,NULL,'F12-2: 11'),(4915,104,'Port12',3,1078,NULL,NULL,'F12-2: 12'),(4917,104,'Port13',3,1078,NULL,NULL,'F13-1: 13'),(4918,104,'Port14',3,1078,NULL,NULL,'F13-1: 14'),(4919,104,'Port15',3,1078,NULL,NULL,'F13-1: 15'),(4920,104,'Port16',3,1078,NULL,NULL,'F13-1: 16'),(4921,104,'Port17',3,1078,NULL,NULL,'F13-1: 17'),(4922,104,'Port18',3,1078,NULL,NULL,'F13-1: 18'),(4923,104,'Port19',3,1078,NULL,NULL,'F13-1: 19'),(4924,104,'Port20',3,1078,NULL,NULL,'F13-1: 20'),(4925,104,'Port21',3,1078,NULL,NULL,'F13-1: 21'),(4926,104,'Port22',3,1078,NULL,NULL,'F13-1: 22'),(4927,104,'Port23',3,1078,NULL,NULL,'F13-1: 23'),(4928,104,'Port24',3,1078,NULL,NULL,'F13-1: 24'),(4929,104,'Port25',3,1078,NULL,NULL,'F13-1: 25'),(4930,104,'Port26',3,1078,NULL,NULL,'F13-1: 26'),(4931,104,'Port27',3,1078,NULL,NULL,'F13-1: 27'),(4932,104,'Port28',3,1078,NULL,NULL,'F13-1: 28'),(4933,104,'Port29',3,1078,NULL,NULL,'F13-1: 29'),(4934,104,'Port30',3,1078,NULL,NULL,'F13-1: 30'),(4935,107,'Port1',3,1078,NULL,NULL,'F11-1: 1'),(4936,107,'Port2',3,1078,NULL,NULL,'F11-1: 2'),(4937,107,'Port3',3,1078,NULL,NULL,'F11-1: 3'),(4938,107,'Port4',3,1078,NULL,NULL,'F11-1: 4'),(4939,107,'Port5',3,1078,NULL,NULL,'F11-1: 5'),(4940,107,'Port6',3,1078,NULL,NULL,'F11-1: 6'),(4941,107,'Port7',3,1078,NULL,NULL,'F11-1: 7'),(4942,107,'Port8',3,1078,NULL,NULL,'F11-1: 8'),(4943,107,'Port9',3,1078,NULL,NULL,'F11-1: 9'),(4944,107,'Port10',3,1078,NULL,NULL,'F11-1: 10'),(4945,107,'Port11',3,1078,NULL,NULL,'F11-1: 11'),(4946,107,'Port12',3,1078,NULL,NULL,'F11-1: 12'),(4947,107,'Port13',3,1078,NULL,NULL,'F11-1: 13'),(4948,107,'Port14',3,1078,NULL,NULL,'F11-1: 14'),(4949,107,'Port15',3,1078,NULL,NULL,'F11-1: 15'),(4950,107,'Port16',3,1078,NULL,NULL,'F11-1: 16'),(4951,107,'Port17',3,1078,NULL,NULL,'F11-1: 17'),(4952,107,'Port18',3,1078,NULL,NULL,'F11-1: 18'),(4953,107,'Port19',3,1078,NULL,NULL,'F13-2: 19'),(4954,107,'Port20',3,1078,NULL,NULL,'F13-2: 20'),(4955,107,'Port21',3,1078,NULL,NULL,'F13-2: 21'),(4956,107,'Port22',3,1078,NULL,NULL,'F13-2: 22'),(4957,107,'Port23',3,1078,NULL,NULL,'F13-2: 23'),(4958,107,'Port24',3,1078,NULL,NULL,'F13-2: 24'),(4959,109,'Port1',3,1078,NULL,NULL,'F12-3: 1'),(4960,109,'Port2',3,1078,NULL,NULL,'F12-3: 2'),(4961,109,'Port3',3,1078,NULL,NULL,'F12-3: 3'),(4962,109,'Port4',3,1078,NULL,NULL,'F12-3: 4'),(4963,109,'Port5',3,1078,NULL,NULL,'F12-3: 5'),(4964,109,'Port6',3,1078,NULL,NULL,'F12-3: 6'),(4965,109,'Port7',3,1078,NULL,NULL,'F12-3: 7'),(4966,109,'Port8',3,1078,NULL,NULL,'F12-3: 8'),(4967,109,'Port9',3,1078,NULL,NULL,'F12-3: 9'),(4968,109,'Port10',3,1078,NULL,NULL,'F12-3: 10'),(4969,109,'Port11',3,1078,NULL,NULL,'F12-3: 11'),(4970,109,'Port12',3,1078,NULL,NULL,'F12-3: 12'),(4971,110,'Port1',3,1078,NULL,NULL,'F12-4 :  1'),(4972,110,'Port2',3,1078,NULL,NULL,'F12-4 :  2'),(4973,110,'Port3',3,1078,NULL,NULL,'F12-4 :  3'),(4974,110,'Port4',3,1078,NULL,NULL,'F12-4 :  4'),(4975,110,'Port5',3,1078,NULL,NULL,'F12-4 :  5'),(4976,110,'Port6',3,1078,NULL,NULL,'F12-4 :  6'),(4977,110,'Port7',3,1078,NULL,NULL,'F12-4 :  7'),(4978,110,'Port8',3,1078,NULL,NULL,'F12-4 :  8'),(4979,110,'Port9',3,1078,NULL,NULL,'F12-4 :  9'),(4980,110,'Port10',3,1078,NULL,NULL,'F12-4 :  10'),(4981,110,'Port11',3,1078,NULL,NULL,'F12-4 :  11'),(4982,110,'Port12',3,1078,NULL,NULL,'F12-4 :  12'),(4983,111,'Port1',3,1078,NULL,NULL,'F1-2 :1'),(4984,111,'Port2',3,1078,NULL,NULL,'F1-2 :2'),(4985,111,'Port3',3,1078,NULL,NULL,'F1-2 :3'),(4986,111,'Port4',3,1078,NULL,NULL,'F1-2 :4'),(4987,111,'Port5',3,1078,NULL,NULL,'F1-2 :5'),(4988,111,'Port6',3,1078,NULL,NULL,'F1-2 :6'),(4989,111,'Port7',3,1078,NULL,NULL,'F1-2 :7'),(4990,111,'Port8',3,1078,NULL,NULL,'F1-2 :8'),(4991,111,'Port9',3,1078,NULL,NULL,'F1-2 :9'),(4992,111,'Port10',3,1078,NULL,NULL,'F1-2 :10'),(4993,111,'Port11',3,1078,NULL,NULL,'F1-2 :11'),(4994,111,'Port12',3,1078,NULL,NULL,'F1-2 :12'),(4995,111,'Port13',3,1078,NULL,NULL,'F1-2 :13'),(4996,111,'Port14',3,1078,NULL,NULL,'F1-2 :14'),(4997,111,'Port15',3,1078,NULL,NULL,'F1-2 :15'),(4998,111,'Port16',3,1078,NULL,NULL,'F1-2 :16'),(4999,111,'Port17',3,1078,NULL,NULL,'F1-2 :17'),(5000,111,'Port18',3,1078,NULL,NULL,'F1-2 :18'),(5001,111,'Port19',3,1078,NULL,NULL,'F1-2 :19'),(5002,111,'Port20',3,1078,NULL,NULL,'F1-2 :20'),(5003,111,'Port21',3,1078,NULL,NULL,'F1-2 :21'),(5004,111,'Port22',3,1078,NULL,NULL,'F1-2 :22'),(5005,111,'Port23',3,1078,NULL,NULL,'F1-2 :23'),(5006,111,'Port24',3,1078,NULL,NULL,'F1-2 :24'),(5007,111,'Port25',3,1078,NULL,NULL,'F1-2 :25'),(5008,111,'Port26',3,1078,NULL,NULL,'F1-2 :26'),(5009,111,'Port27',3,1078,NULL,NULL,'F1-2 :27'),(5010,111,'Port28',3,1078,NULL,NULL,'F1-2 :28'),(5011,111,'Port29',3,1078,NULL,NULL,'F1-2 :29'),(5012,111,'Port30',3,1078,NULL,NULL,'F1-2 :30'),(5013,111,'Port31',3,1078,NULL,NULL,'F1-2 :31'),(5014,111,'Port32',3,1078,NULL,NULL,'F1-2 :32'),(5015,111,'Port33',3,1078,NULL,NULL,'F1-2 :33'),(5016,111,'Port34',3,1078,NULL,NULL,'F1-2 :34'),(5017,111,'Port35',3,1078,NULL,NULL,'F1-2 :35'),(5018,111,'Port36',3,1078,NULL,NULL,'F1-2 :36'),(5019,111,'Port37',3,1078,NULL,NULL,'F1-2 :37'),(5020,111,'Port38',3,1078,NULL,NULL,'F1-2 :38'),(5021,111,'Port39',3,1078,NULL,NULL,'F1-2 :39'),(5022,111,'Port40',3,1078,NULL,NULL,'F1-2 :40'),(5023,111,'Port41',3,1078,NULL,NULL,'F1-2 :41'),(5024,111,'Port42',3,1078,NULL,NULL,'F1-2 :42'),(5025,112,'Port1',3,1078,NULL,NULL,'F2-2: 1'),(5026,112,'Port2',3,1078,NULL,NULL,'F2-2: 2'),(5027,112,'Port3',3,1078,NULL,NULL,'F2-2: 3'),(5028,112,'Port4',3,1078,NULL,NULL,'F2-2: 4'),(5029,112,'Port5',3,1078,NULL,NULL,'F2-2: 5'),(5030,112,'Port6',3,1078,NULL,NULL,'F2-2: 6'),(5031,112,'Port7',3,1078,NULL,NULL,'F2-2: 7'),(5032,112,'Port8',3,1078,NULL,NULL,'F2-2: 8'),(5033,112,'Port9',3,1078,NULL,NULL,'F2-2: 9'),(5034,112,'Port10',3,1078,NULL,NULL,'F2-2: 10'),(5035,112,'Port11',3,1078,NULL,NULL,'F2-2: 11'),(5036,112,'Port12',3,1078,NULL,NULL,'F2-2: 12'),(5037,112,'Port13',3,1078,NULL,NULL,'F2-2: 13'),(5038,112,'Port14',3,1078,NULL,NULL,'F2-2: 14'),(5039,112,'Port15',3,1078,NULL,NULL,'F2-2: 15'),(5040,112,'Port16',3,1078,NULL,NULL,'F2-2: 16'),(5041,112,'Port17',3,1078,NULL,NULL,'F2-2: 17'),(5042,112,'Port18',3,1078,NULL,NULL,'F2-2: 18'),(5043,112,'Port19',3,1078,NULL,NULL,'F2-2: 19'),(5044,112,'Port20',3,1078,NULL,NULL,'F2-2: 20'),(5045,112,'Port21',3,1078,NULL,NULL,'F2-2: 21'),(5046,112,'Port22',3,1078,NULL,NULL,'F2-2: 22'),(5047,112,'Port23',3,1078,NULL,NULL,'F2-2: 23'),(5048,112,'Port24',3,1078,NULL,NULL,'F2-2: 24'),(5049,112,'Port25',3,1078,NULL,NULL,'F2-2: 25'),(5050,112,'Port26',3,1078,NULL,NULL,'F2-2: 26'),(5051,112,'Port27',3,1078,NULL,NULL,'F2-2: 27'),(5052,112,'Port28',3,1078,NULL,NULL,'F2-2: 28'),(5053,112,'Port29',3,1078,NULL,NULL,'F2-2: 29'),(5054,112,'Port30',3,1078,NULL,NULL,'F2-2: 30'),(5055,112,'Port31',3,1078,NULL,NULL,'F2-2: 31'),(5056,112,'Port32',3,1078,NULL,NULL,'F2-2: 32'),(5057,112,'Port33',3,1078,NULL,NULL,'F2-2: 33'),(5058,112,'Port34',3,1078,NULL,NULL,'F2-2: 34'),(5059,112,'Port35',3,1078,NULL,NULL,'F2-2: 35'),(5060,112,'Port36',3,1078,NULL,NULL,'F2-2: 36'),(5061,112,'Port37',3,1078,NULL,NULL,'F2-2: 37'),(5062,112,'Port38',3,1078,NULL,NULL,'F2-2: 38'),(5063,112,'Port39',3,1078,NULL,NULL,'F2-2: 39'),(5064,112,'Port40',3,1078,NULL,NULL,'F2-2: 40'),(5065,112,'Port41',3,1078,NULL,NULL,'F2-2: 41'),(5066,112,'Port42',3,1078,NULL,NULL,'F2-2: 42'),(5067,113,'Port1',3,1078,NULL,NULL,'F3-1 :  1'),(5068,113,'Port2',3,1078,NULL,NULL,'F3-1 :  2'),(5069,113,'Port3',3,1078,NULL,NULL,'F3-1 :  3'),(5070,113,'Port4',3,1078,NULL,NULL,'F3-1 :  4'),(5071,113,'Port5',3,1078,NULL,NULL,'F3-1 :  5'),(5072,113,'Port6',3,1078,NULL,NULL,'F3-1 :  6'),(5073,113,'Port7',3,1078,NULL,NULL,'F3-1 :  7'),(5074,113,'Port8',3,1078,NULL,NULL,'F3-1 :  8'),(5075,113,'Port9',3,1078,NULL,NULL,'F3-1 :  9'),(5076,113,'Port10',3,1078,NULL,NULL,'F3-1 :  10'),(5077,113,'Port11',3,1078,NULL,NULL,'F3-1 :  11'),(5078,113,'Port12',3,1078,NULL,NULL,'F3-1 :  12'),(5079,113,'Port13',3,1078,NULL,NULL,'F3-1 :  13'),(5080,113,'Port14',3,1078,NULL,NULL,'F3-1 :  14'),(5081,113,'Port15',3,1078,NULL,NULL,'F3-1 :  15'),(5082,113,'Port16',3,1078,NULL,NULL,'F3-1 :  16'),(5083,113,'Port17',3,1078,NULL,NULL,'F3-1 :  17'),(5084,113,'Port18',3,1078,NULL,NULL,'F3-1 :  18'),(5085,113,'Port19',3,1078,NULL,NULL,'F3-1 :  19'),(5086,113,'Port20',3,1078,NULL,NULL,'F3-1 :  20'),(5087,113,'Port21',3,1078,NULL,NULL,'F3-1 :  21'),(5088,113,'Port22',3,1078,NULL,NULL,'F3-1 :  22'),(5089,113,'Port23',3,1078,NULL,NULL,'F3-1 :  23'),(5090,113,'Port24',3,1078,NULL,NULL,'F3-1 :  24'),(5091,113,'Port25',3,1078,NULL,NULL,'F3-1 :  25'),(5092,113,'Port26',3,1078,NULL,NULL,'F3-1 :  26'),(5093,113,'Port27',3,1078,NULL,NULL,'F3-1 :  27'),(5094,113,'Port28',3,1078,NULL,NULL,'F3-1 :  28'),(5095,113,'Port29',3,1078,NULL,NULL,'F3-1 :  29'),(5096,113,'Port30',3,1078,NULL,NULL,'F3-1 :  30'),(5103,113,'Port31',3,1078,NULL,NULL,'F3-1 :  31'),(5104,113,'Port32',3,1078,NULL,NULL,'F3-1 :  32'),(5105,113,'Port33',3,1078,NULL,NULL,'F3-1 :  33'),(5106,113,'Port34',3,1078,NULL,NULL,'F3-1 :  34'),(5107,113,'Port35',3,1078,NULL,NULL,'F3-1 :  35'),(5108,113,'Port36',3,1078,NULL,NULL,'F3-1 :  36'),(5109,114,'Port1',3,1078,NULL,NULL,'F4-1: 1'),(5110,114,'Port2',3,1078,NULL,NULL,'F4-1: 2'),(5111,114,'Port3',3,1078,NULL,NULL,'F4-1: 3'),(5112,114,'Port4',3,1078,NULL,NULL,'F4-1: 4'),(5113,114,'Port5',3,1078,NULL,NULL,'F4-1: 5'),(5114,114,'Port6',3,1078,NULL,NULL,'F4-1: 6'),(5115,115,'Port1',3,1078,NULL,NULL,'F5-1 :  1'),(5116,115,'Port2',3,1078,NULL,NULL,'F5-1 :  2'),(5117,115,'Port3',3,1078,NULL,NULL,'F5-1 :  3'),(5118,115,'Port4',3,1078,NULL,NULL,'F5-1 :  4'),(5119,115,'Port5',3,1078,NULL,NULL,'F5-1 :  5'),(5120,115,'Port6',3,1078,NULL,NULL,'F5-1 :  6'),(5121,116,'Port1',3,1078,NULL,NULL,'F6-1 : 1'),(5122,116,'Port2',3,1078,NULL,NULL,'F6-1 : 2'),(5123,116,'Port3',3,1078,NULL,NULL,'F6-1 : 3'),(5124,116,'Port4',3,1078,NULL,NULL,'F6-1 : 4'),(5125,116,'Port5',3,1078,NULL,NULL,'F6-1 : 5'),(5126,116,'Port6',3,1078,NULL,NULL,'F6-1 : 6'),(5127,116,'Port7',3,1078,NULL,NULL,'F6-1 : 7'),(5128,116,'Port8',3,1078,NULL,NULL,'F6-1 : 8'),(5129,116,'Port9',3,1078,NULL,NULL,'F6-1 : 9'),(5130,116,'Port10',3,1078,NULL,NULL,'F6-1 : 10'),(5131,116,'Port11',3,1078,NULL,NULL,'F6-1 : 11'),(5132,116,'Port12',3,1078,NULL,NULL,'F6-1 : 12'),(5133,117,'Port1',3,1078,NULL,NULL,'F7-1 : 1'),(5134,117,'Port2',3,1078,NULL,NULL,'F7-1 : 2'),(5135,117,'Port3',3,1078,NULL,NULL,'F7-1 : 3'),(5136,117,'Port4',3,1078,NULL,NULL,'F7-1 : 4'),(5137,117,'Port5',3,1078,NULL,NULL,'F7-1 : 5'),(5138,117,'Port6',3,1078,NULL,NULL,'F7-1 : 6'),(5139,117,'Port7',3,1078,NULL,NULL,'F7-1 : 7'),(5140,117,'Port8',3,1078,NULL,NULL,'F7-1 : 8'),(5141,117,'Port9',3,1078,NULL,NULL,'F7-1 : 9'),(5142,117,'Port10',3,1078,NULL,NULL,'F7-1 : 10'),(5143,117,'Port11',3,1078,NULL,NULL,'F7-1 : 11'),(5144,117,'Port12',3,1078,NULL,NULL,'F7-1 : 12'),(5145,118,'Port1',3,1078,NULL,NULL,'F8-1: 1'),(5146,118,'Port2',3,1078,NULL,NULL,'F8-1: 2'),(5147,118,'Port3',3,1078,NULL,NULL,'F8-1: 3'),(5148,118,'Port4',3,1078,NULL,NULL,'F8-1: 4'),(5149,118,'Port5',3,1078,NULL,NULL,'F8-1: 5'),(5150,118,'Port6',3,1078,NULL,NULL,'F8-1: 6'),(5151,118,'Port7',3,1078,NULL,NULL,'F8-1: 7'),(5152,118,'Port8',3,1078,NULL,NULL,'F8-1: 8'),(5153,118,'Port9',3,1078,NULL,NULL,'F8-1: 9'),(5154,118,'Port10',3,1078,NULL,NULL,'F8-1: 10'),(5155,118,'Port11',3,1078,NULL,NULL,'F8-1: 11'),(5156,118,'Port12',3,1078,NULL,NULL,'F8-1: 12'),(5157,121,'Port1',3,1078,NULL,NULL,'F11-2 : 1'),(5158,121,'Port2',3,1078,NULL,NULL,'F11-2 : 2'),(5159,121,'Port3',3,1078,NULL,NULL,'F11-2 : 3'),(5160,121,'Port4',3,1078,NULL,NULL,'F11-2 : 4'),(5161,121,'Port5',3,1078,NULL,NULL,'F11-2 : 5'),(5162,121,'Port6',3,1078,NULL,NULL,'F11-2 : 6'),(5163,121,'Port7',3,1078,NULL,NULL,'F11-2 : 7'),(5164,121,'Port8',3,1078,NULL,NULL,'F11-2 : 8'),(5165,121,'Port9',3,1078,NULL,NULL,'F11-2 : 9'),(5166,121,'Port10',3,1078,NULL,NULL,'F11-2 : 10'),(5167,121,'Port11',3,1078,NULL,NULL,'F11-2 : 11'),(5168,121,'Port12',3,1078,NULL,NULL,'F11-2 : 12'),(5169,121,'Port13',3,1078,NULL,NULL,'F11-2 : 13'),(5170,121,'Port14',3,1078,NULL,NULL,'F11-2 : 14'),(5171,121,'Port15',3,1078,NULL,NULL,'F11-2 : 15'),(5172,121,'Port16',3,1078,NULL,NULL,'F11-2 : 16'),(5173,121,'Port17',3,1078,NULL,NULL,'F11-2 : 17'),(5174,121,'Port18',3,1078,NULL,NULL,'F11-2 : 18'),(5175,122,'Port1',1,24,NULL,NULL,'C1-2 : 1'),(5176,122,'Port2',1,24,NULL,NULL,'C1-2 : 2'),(5177,122,'Port3',1,24,NULL,NULL,'C1-2 : 3'),(5178,122,'Port4',1,24,NULL,NULL,'C1-2 : 4'),(5179,122,'Port5',1,24,NULL,NULL,'C1-2 : 5'),(5180,122,'Port6',1,24,NULL,NULL,'C1-2 : 6'),(5181,122,'Port7',1,24,NULL,NULL,'C1-2 : 7'),(5182,122,'Port8',1,24,NULL,NULL,'C1-2 : 8'),(5183,122,'Port9',1,24,NULL,NULL,'C1-2 : 9'),(5184,122,'Port10',1,24,NULL,NULL,'C1-2 : 10'),(5185,122,'Port11',1,24,NULL,NULL,'C1-2 : 11'),(5186,122,'Port12',1,24,NULL,NULL,'C1-2 : 12'),(5187,122,'Port13',1,24,NULL,NULL,'C1-2 : 13'),(5188,122,'Port14',1,24,NULL,NULL,'C1-2 : 14'),(5189,122,'Port15',1,24,NULL,NULL,'C1-2 : 15'),(5190,122,'Port16',1,24,NULL,NULL,'C1-2 : 16'),(5191,122,'Port17',1,24,NULL,NULL,'C1-2 : 17'),(5192,122,'Port18',1,24,NULL,NULL,'C1-2 : 18'),(5193,123,'Port1',1,24,NULL,NULL,'C2-2 : 1'),(5194,123,'Port2',1,24,NULL,NULL,'C2-2 : 2'),(5195,123,'Port3',1,24,NULL,NULL,'C2-2 : 3'),(5196,123,'Port4',1,24,NULL,NULL,'C2-2 : 4'),(5197,123,'Port5',1,24,NULL,NULL,'C2-2 : 5'),(5198,123,'Port6',1,24,NULL,NULL,'C2-2 : 6'),(5199,123,'Port7',1,24,NULL,NULL,'C2-2 : 7'),(5200,123,'Port8',1,24,NULL,NULL,'C2-2 : 8'),(5201,123,'Port9',1,24,NULL,NULL,'C2-2 : 9'),(5202,123,'Port10',1,24,NULL,NULL,'C2-2 : 10'),(5203,123,'Port11',1,24,NULL,NULL,'C2-2 : 11'),(5204,123,'Port12',1,24,NULL,NULL,'C2-2 : 12'),(5205,123,'Port13',1,24,NULL,NULL,'C2-2 : 13'),(5206,123,'Port14',1,24,NULL,NULL,'C2-2 : 14'),(5207,123,'Port15',1,24,NULL,NULL,'C2-2 : 15'),(5208,123,'Port16',1,24,NULL,NULL,'C2-2 : 16'),(5209,123,'Port17',1,24,NULL,NULL,'C2-2 : 17'),(5210,123,'Port18',1,24,NULL,NULL,'C2-2 : 18'),(5211,124,'Port1',1,24,NULL,NULL,'C3-2 : 1'),(5212,124,'Port2',1,24,NULL,NULL,'C3-2 : 2'),(5213,124,'Port3',1,24,NULL,NULL,'C3-2 : 3'),(5214,124,'Port4',1,24,NULL,NULL,'C3-2 : 4'),(5215,124,'Port5',1,24,NULL,NULL,'C3-2 : 5'),(5216,124,'Port6',1,24,NULL,NULL,'C3-2 : 6'),(5217,124,'Port7',1,24,NULL,NULL,'C3-2 : 7'),(5218,124,'Port8',1,24,NULL,NULL,'C3-2 : 8'),(5219,124,'Port9',1,24,NULL,NULL,'C3-2 : 9'),(5220,124,'Port10',1,24,NULL,NULL,'C3-2 : 10'),(5221,124,'Port11',1,24,NULL,NULL,'C3-2 : 11'),(5222,124,'Port12',1,24,NULL,NULL,'C3-2 : 12'),(5223,124,'Port13',1,24,NULL,NULL,'C3-2 : 13'),(5224,124,'Port14',1,24,NULL,NULL,'C3-2 : 14'),(5225,124,'Port15',1,24,NULL,NULL,'C3-2 : 15'),(5226,124,'Port16',1,24,NULL,NULL,'C3-2 : 16'),(5227,124,'Port17',1,24,NULL,NULL,'C3-2 : 17'),(5228,124,'Port18',1,24,NULL,NULL,'C3-2 : 18'),(5229,125,'Port1',1,24,NULL,NULL,'C4-2 : 1'),(5230,125,'Port2',1,24,NULL,NULL,'C4-2 : 2'),(5231,125,'Port3',1,24,NULL,NULL,'C4-2 : 3'),(5232,125,'Port4',1,24,NULL,NULL,'C4-2 : 4'),(5233,125,'Port5',1,24,NULL,NULL,'C4-2 : 5'),(5234,125,'Port6',1,24,NULL,NULL,'C4-2 : 6'),(5235,125,'Port7',1,24,NULL,NULL,'C4-2 : 7'),(5236,125,'Port8',1,24,NULL,NULL,'C4-2 : 8'),(5237,125,'Port9',1,24,NULL,NULL,'C4-2 : 9'),(5238,125,'Port10',1,24,NULL,NULL,'C4-2 : 10'),(5239,125,'Port11',1,24,NULL,NULL,'C4-2 : 11'),(5240,125,'Port12',1,24,NULL,NULL,'C4-2 : 12'),(5241,125,'Port13',1,24,NULL,NULL,'C4-2 : 13'),(5242,125,'Port14',1,24,NULL,NULL,'C4-2 : 14'),(5243,125,'Port15',1,24,NULL,NULL,'C4-2 : 15'),(5244,125,'Port16',1,24,NULL,NULL,'C4-2 : 16'),(5245,125,'Port17',1,24,NULL,NULL,'C4-2 : 17'),(5246,125,'Port18',1,24,NULL,NULL,'C4-2 : 18'),(5247,126,'Port1',1,24,NULL,NULL,'C5-1 : 1'),(5248,126,'Port2',1,24,NULL,NULL,'C5-1 : 2'),(5249,126,'Port3',1,24,NULL,NULL,'C5-1 : 3'),(5250,126,'Port4',1,24,NULL,NULL,'C5-1 : 4'),(5251,126,'Port5',1,24,NULL,NULL,'C5-1 : 5'),(5252,126,'Port6',1,24,NULL,NULL,'C5-1 : 6'),(5253,126,'Port7',1,24,NULL,NULL,'C5-1 : 7'),(5254,126,'Port8',1,24,NULL,NULL,'C5-1 : 8'),(5255,126,'Port9',1,24,NULL,NULL,'C5-1 : 9'),(5256,126,'Port10',1,24,NULL,NULL,'C5-1 : 10'),(5257,126,'Port11',1,24,NULL,NULL,'C5-1 : 11'),(5258,126,'Port12',1,24,NULL,NULL,'C5-1 : 12'),(5259,126,'Port13',1,24,NULL,NULL,'C5-1 : 13'),(5260,126,'Port14',1,24,NULL,NULL,'C5-1 : 14'),(5261,126,'Port15',1,24,NULL,NULL,'C5-1 : 15'),(5262,126,'Port16',1,24,NULL,NULL,'C5-1 : 16'),(5263,126,'Port17',1,24,NULL,NULL,'C5-1 : 17'),(5264,126,'Port18',1,24,NULL,NULL,'C5-1 : 18'),(5265,126,'Port19',1,24,NULL,NULL,'C5-1 : 19'),(5266,126,'Port20',1,24,NULL,NULL,'C5-1 : 20'),(5267,126,'Port21',1,24,NULL,NULL,'C5-1 : 21'),(5268,126,'Port22',1,24,NULL,NULL,'C5-1 : 22'),(5269,126,'Port23',1,24,NULL,NULL,'C5-1 : 23'),(5270,126,'Port24',1,24,NULL,NULL,'C5-1 : 24'),(5271,127,'Port1',1,24,NULL,NULL,'C6-1 : 1'),(5272,127,'Port2',1,24,NULL,NULL,'C6-1 : 2'),(5273,127,'Port3',1,24,NULL,NULL,'C6-1 : 3'),(5274,127,'Port4',1,24,NULL,NULL,'C6-1 : 4'),(5275,127,'Port5',1,24,NULL,NULL,'C6-1 : 5'),(5276,127,'Port6',1,24,NULL,NULL,'C6-1 : 6'),(5277,127,'Port7',1,24,NULL,NULL,'C6-1 : 7'),(5278,127,'Port8',1,24,NULL,NULL,'C6-1 : 8'),(5279,127,'Port9',1,24,NULL,NULL,'C6-1 : 9'),(5280,127,'Port10',1,24,NULL,NULL,'C6-1 : 10'),(5281,127,'Port11',1,24,NULL,NULL,'C6-1 : 11'),(5282,127,'Port12',1,24,NULL,NULL,'C6-1 : 12'),(5283,127,'Port13',1,24,NULL,NULL,'C6-1 : 13'),(5284,127,'Port14',1,24,NULL,NULL,'C6-1 : 14'),(5285,127,'Port15',1,24,NULL,NULL,'C6-1 : 15'),(5286,127,'Port16',1,24,NULL,NULL,'C6-1 : 16'),(5287,127,'Port17',1,24,NULL,NULL,'C6-1 : 17'),(5288,127,'Port18',1,24,NULL,NULL,'C6-1 : 18'),(5289,128,'Port1',1,24,NULL,NULL,'C7-1 : 1'),(5290,128,'Port2',1,24,NULL,NULL,'C7-1 : 2'),(5291,128,'Port3',1,24,NULL,NULL,'C7-1 : 3'),(5292,128,'Port4',1,24,NULL,NULL,'C7-1 : 4'),(5293,128,'Port5',1,24,NULL,NULL,'C7-1 : 5'),(5294,128,'Port6',1,24,NULL,NULL,'C7-1 : 6'),(5295,128,'Port7',1,24,NULL,NULL,'C7-1 : 7'),(5296,128,'Port8',1,24,NULL,NULL,'C7-1 : 8'),(5297,128,'Port9',1,24,NULL,NULL,'C7-1 : 9'),(5298,128,'Port10',1,24,NULL,NULL,'C7-1 : 10'),(5299,128,'Port11',1,24,NULL,NULL,'C7-1 : 11'),(5300,128,'Port12',1,24,NULL,NULL,'C7-1 : 12'),(5301,128,'Port13',1,24,NULL,NULL,'C7-1 : 13'),(5302,128,'Port14',1,24,NULL,NULL,'C7-1 : 14'),(5303,128,'Port15',1,24,NULL,NULL,'C7-1 : 15'),(5304,128,'Port16',1,24,NULL,NULL,'C7-1 : 16'),(5305,128,'Port17',1,24,NULL,NULL,'C7-1 : 17'),(5306,128,'Port18',1,24,NULL,NULL,'C7-1 : 18'),(5307,128,'Port19',1,24,NULL,NULL,'C7-1 : 19'),(5308,128,'Port20',1,24,NULL,NULL,'C7-1 : 20'),(5309,128,'Port21',1,24,NULL,NULL,'C7-1 : 21'),(5310,128,'Port22',1,24,NULL,NULL,'C7-1 : 22'),(5311,128,'Port23',1,24,NULL,NULL,'C7-1 : 23'),(5312,128,'Port24',1,24,NULL,NULL,'C7-1 : 24'),(5313,129,'Port1',1,24,NULL,NULL,'CP1-1 : 1'),(5314,129,'Port2',1,24,NULL,NULL,'CP1-1 : 2'),(5315,129,'Port3',1,24,NULL,NULL,'CP1-1 : 3'),(5316,129,'Port4',1,24,NULL,NULL,'CP1-1 : 4'),(5317,129,'Port5',1,24,NULL,NULL,'CP1-1 : 5'),(5318,129,'Port6',1,24,NULL,NULL,'CP1-1 : 6'),(5319,129,'Port7',1,24,NULL,NULL,'CP1-1 : 7'),(5320,129,'Port8',1,24,NULL,NULL,'CP1-1 : 8'),(5321,129,'Port9',1,24,NULL,NULL,'CP1-1 : 9'),(5322,129,'Port10',1,24,NULL,NULL,'CP1-1 : 10'),(5323,129,'Port11',1,24,NULL,NULL,'CP1-1 : 11'),(5324,129,'Port12',1,24,NULL,NULL,'CP1-1 : 12'),(5325,129,'Port13',1,24,NULL,NULL,'CP1-1 : 13'),(5326,129,'Port14',1,24,NULL,NULL,'CP1-1 : 14'),(5327,129,'Port15',1,24,NULL,NULL,'CP1-1 : 15'),(5328,129,'Port16',1,24,NULL,NULL,'CP1-1 : 16'),(5329,129,'Port17',1,24,NULL,NULL,'CP1-1 : 17'),(5330,129,'Port18',1,24,NULL,NULL,'CP1-1 : 18'),(5331,129,'Port19',1,24,NULL,NULL,'CP1-1 : 19'),(5332,129,'Port20',1,24,NULL,NULL,'CP1-1 : 20'),(5333,129,'Port21',1,24,NULL,NULL,'CP1-1 : 21'),(5334,129,'Port22',1,24,NULL,NULL,'CP1-1 : 22'),(5335,129,'Port23',1,24,NULL,NULL,'CP1-1 : 23'),(5336,129,'Port24',1,24,NULL,NULL,'CP1-1 : 24'),(5337,130,'Port1',1,24,NULL,NULL,'CP2-1 : 1'),(5338,130,'Port2',1,24,NULL,NULL,'CP2-1 : 2'),(5339,130,'Port3',1,24,NULL,NULL,'CP2-1 : 3'),(5340,130,'Port4',1,24,NULL,NULL,'CP2-1 : 4'),(5341,130,'Port5',1,24,NULL,NULL,'CP2-1 : 5'),(5342,130,'Port6',1,24,NULL,NULL,'CP2-1 : 6'),(5343,130,'Port7',1,24,NULL,NULL,'CP2-1 : 7'),(5344,130,'Port8',1,24,NULL,NULL,'CP2-1 : 8'),(5345,130,'Port9',1,24,NULL,NULL,'CP2-1 : 9'),(5346,130,'Port10',1,24,NULL,NULL,'CP2-1 : 10'),(5347,130,'Port11',1,24,NULL,NULL,'CP2-1 : 11'),(5348,130,'Port12',1,24,NULL,NULL,'CP2-1 : 12'),(5349,130,'Port13',1,24,NULL,NULL,'CP2-1 : 13'),(5350,130,'Port14',1,24,NULL,NULL,'CP2-1 : 14'),(5351,130,'Port15',1,24,NULL,NULL,'CP2-1 : 15'),(5352,130,'Port16',1,24,NULL,NULL,'CP2-1 : 16'),(5353,130,'Port17',1,24,NULL,NULL,'CP2-1 : 17'),(5354,130,'Port18',1,24,NULL,NULL,'CP2-1 : 18'),(5355,132,'Port1',1,24,NULL,NULL,'CP1-2 : 1'),(5356,132,'Port2',1,24,NULL,NULL,'CP1-2 : 2'),(5357,132,'Port3',1,24,NULL,NULL,'CP1-2 : 3'),(5358,132,'Port4',1,24,NULL,NULL,'CP1-2 : 4'),(5359,132,'Port5',1,24,NULL,NULL,'CP1-2 : 5'),(5360,132,'Port6',1,24,NULL,NULL,'CP1-2 : 6'),(5361,132,'Port7',1,24,NULL,NULL,'CP1-2 : 7'),(5362,132,'Port8',1,24,NULL,NULL,'CP1-2 : 8'),(5363,132,'Port9',1,24,NULL,NULL,'CP1-2 : 9'),(5364,132,'Port10',1,24,NULL,NULL,'CP1-2 : 10'),(5365,132,'Port11',1,24,NULL,NULL,'CP1-2 : 11'),(5366,132,'Port12',1,24,NULL,NULL,'CP1-2 : 12'),(5367,133,'Port1',3,1078,NULL,NULL,'F13-3 : 1'),(5368,133,'Port2',3,1078,NULL,NULL,'F13-3 : 2'),(5369,133,'Port3',3,1078,NULL,NULL,'F13-3 : 3'),(5370,133,'Port4',3,1078,NULL,NULL,'F13-3 : 4'),(5371,133,'Port5',3,1078,NULL,NULL,'F13-3 : 5'),(5372,133,'Port6',3,1078,NULL,NULL,'F13-3 : 6'),(5373,133,'Port7',3,1078,NULL,NULL,'F13-3 : 7'),(5374,133,'Port8',3,1078,NULL,NULL,'F13-3 : 8'),(5375,133,'Port9',3,1078,NULL,NULL,'F13-3 : 9'),(5376,133,'Port10',3,1078,NULL,NULL,'F13-3 : 10'),(5377,133,'Port11',3,1078,NULL,NULL,'F13-3 : 11'),(5378,133,'Port12',3,1078,NULL,NULL,'F13-3 : 12'),(5379,134,'Port1',3,1078,NULL,NULL,'F13-4 : 1'),(5380,134,'Port2',3,1078,NULL,NULL,'F13-4 : 2'),(5381,134,'Port3',3,1078,NULL,NULL,'F13-4 : 3'),(5382,134,'Port4',3,1078,NULL,NULL,'F13-4 : 4'),(5383,134,'Port5',3,1078,NULL,NULL,'F13-4 : 5'),(5384,134,'Port6',3,1078,NULL,NULL,'F13-4 : 6'),(5385,134,'Port7',3,1078,NULL,NULL,'F13-4 : 7'),(5386,134,'Port8',3,1078,NULL,NULL,'F13-4 : 8'),(5387,134,'Port9',3,1078,NULL,NULL,'F13-4 : 9'),(5388,134,'Port10',3,1078,NULL,NULL,'F13-4 : 10'),(5389,134,'Port11',3,1078,NULL,NULL,'F13-4 : 11'),(5390,134,'Port12',3,1078,NULL,NULL,'F13-4 : 12'),(5391,135,'Port1',1,24,NULL,NULL,'C14-1 : 1'),(5392,135,'Port2',1,24,NULL,NULL,'C14-1 : 2'),(5393,135,'Port3',1,24,NULL,NULL,'C14-1 : 3'),(5394,135,'Port4',1,24,NULL,NULL,'C14-1 : 4'),(5395,136,'Port1',3,1078,NULL,NULL,'F3-2 : 1'),(5396,136,'Port2',3,1078,NULL,NULL,'F3-2 : 2'),(5397,136,'Port3',3,1078,NULL,NULL,'F3-2 : 3'),(5398,136,'Port4',3,1078,NULL,NULL,'F3-2 : 4'),(5399,136,'Port5',3,1078,NULL,NULL,'F3-2 : 5'),(5400,136,'Port6',3,1078,NULL,NULL,'F3-2 : 6'),(5401,136,'Port7',3,1078,NULL,NULL,'F3-2 : 7'),(5402,136,'Port8',3,1078,NULL,NULL,'F3-2 : 8'),(5403,136,'Port9',3,1078,NULL,NULL,'F3-2 : 9'),(5404,136,'Port10',3,1078,NULL,NULL,'F3-2 : 10'),(5405,136,'Port11',3,1078,NULL,NULL,'F3-2 : 11'),(5406,136,'Port12',3,1078,NULL,NULL,'F3-2 : 12'),(5407,136,'Port13',3,1078,NULL,NULL,'F3-2 : 13'),(5408,136,'Port14',3,1078,NULL,NULL,'F3-2 : 14'),(5409,136,'Port15',3,1078,NULL,NULL,'F3-2 : 15'),(5410,136,'Port16',3,1078,NULL,NULL,'F3-2 : 16'),(5411,136,'Port17',3,1078,NULL,NULL,'F3-2 : 17'),(5412,136,'Port18',3,1078,NULL,NULL,'F3-2 : 18'),(5413,136,'Port19',3,1078,NULL,NULL,'F3-2 : 19'),(5414,136,'Port20',3,1078,NULL,NULL,'F3-2 : 20'),(5415,136,'Port21',3,1078,NULL,NULL,'F3-2 : 21'),(5416,136,'Port22',3,1078,NULL,NULL,'F3-2 : 22'),(5417,136,'Port23',3,1078,NULL,NULL,'F3-2 : 23'),(5418,136,'Port24',3,1078,NULL,NULL,'F3-2 : 24'),(5419,136,'Port25',3,1078,NULL,NULL,'F3-2 : 25'),(5420,136,'Port26',3,1078,NULL,NULL,'F3-2 : 26'),(5421,136,'Port27',3,1078,NULL,NULL,'F3-2 : 27'),(5422,136,'Port28',3,1078,NULL,NULL,'F3-2 : 28'),(5423,136,'Port29',3,1078,NULL,NULL,'F3-2 : 29'),(5424,136,'Port30',3,1078,NULL,NULL,'F3-2 : 30'),(5425,136,'Port31',3,1078,NULL,NULL,'F3-2 : 31'),(5426,136,'Port32',3,1078,NULL,NULL,'F3-2 : 32'),(5427,136,'Port33',3,1078,NULL,NULL,'F3-2 : 33'),(5428,136,'Port34',3,1078,NULL,NULL,'F3-2 : 34'),(5429,136,'Port35',3,1078,NULL,NULL,'F3-2 : 35'),(5430,136,'Port36',3,1078,NULL,NULL,'F3-2 : 36'),(5431,137,'Port1',1,24,NULL,NULL,'C5-2 : 1'),(5432,137,'Port2',1,24,NULL,NULL,'C5-2 : 2'),(5433,137,'Port3',1,24,NULL,NULL,'C5-2 : 3'),(5434,137,'Port4',1,24,NULL,NULL,'C5-2 : 4'),(5435,137,'Port5',1,24,NULL,NULL,'C5-2 : 5'),(5436,137,'Port6',1,24,NULL,NULL,'C5-2 : 6'),(5437,137,'Port7',1,24,NULL,NULL,'C5-2 : 7'),(5438,137,'Port8',1,24,NULL,NULL,'C5-2 : 8'),(5439,137,'Port9',1,24,NULL,NULL,'C5-2 : 9'),(5440,137,'Port10',1,24,NULL,NULL,'C5-2 : 10'),(5441,137,'Port11',1,24,NULL,NULL,'C5-2 : 11'),(5442,137,'Port12',1,24,NULL,NULL,'C5-2 : 12'),(5443,137,'Port13',1,24,NULL,NULL,'C5-2 : 13'),(5444,137,'Port14',1,24,NULL,NULL,'C5-2 : 14'),(5445,137,'Port15',1,24,NULL,NULL,'C5-2 : 15'),(5446,137,'Port16',1,24,NULL,NULL,'C5-2 : 16'),(5447,137,'Port17',1,24,NULL,NULL,'C5-2 : 17'),(5448,137,'Port18',1,24,NULL,NULL,'C5-2 : 18'),(5449,137,'Port19',1,24,NULL,NULL,'C5-2 : 19'),(5450,137,'Port20',1,24,NULL,NULL,'C5-2 : 20'),(5451,137,'Port21',1,24,NULL,NULL,'C5-2 : 21'),(5452,137,'Port22',1,24,NULL,NULL,'C5-2 : 22'),(5453,137,'Port23',1,24,NULL,NULL,'C5-2 : 23'),(5454,137,'Port24',1,24,NULL,NULL,'C5-2 : 24'),(5467,138,'Port1',3,1078,NULL,NULL,'F4-2 : 1'),(5468,138,'Port2',3,1078,NULL,NULL,'F4-2 : 2'),(5469,138,'Port3',3,1078,NULL,NULL,'F4-2 : 3'),(5470,138,'Port4',3,1078,NULL,NULL,'F4-2 : 4'),(5471,138,'Port5',3,1078,NULL,NULL,'F4-2 : 5'),(5472,138,'Port6',3,1078,NULL,NULL,'F4-2 : 6'),(5473,140,'Port1',1,24,NULL,NULL,'C6-2 : 1'),(5474,140,'Port2',1,24,NULL,NULL,'C6-2 : 2'),(5475,140,'Port3',1,24,NULL,NULL,'C6-2 : 3'),(5476,140,'Port4',1,24,NULL,NULL,'C6-2 : 4'),(5477,140,'Port5',1,24,NULL,NULL,'C6-2 : 5'),(5478,140,'Port6',1,24,NULL,NULL,'C6-2 : 6'),(5479,140,'Port7',1,24,NULL,NULL,'C6-2 : 7'),(5480,140,'Port8',1,24,NULL,NULL,'C6-2 : 8'),(5481,140,'Port9',1,24,NULL,NULL,'C6-2 : 9'),(5482,140,'Port10',1,24,NULL,NULL,'C6-2 : 10'),(5483,140,'Port11',1,24,NULL,NULL,'C6-2 : 11'),(5484,140,'Port12',1,24,NULL,NULL,'C6-2 : 12'),(5485,140,'Port13',1,24,NULL,NULL,'C6-2 : 13'),(5486,140,'Port14',1,24,NULL,NULL,'C6-2 : 14'),(5487,140,'Port15',1,24,NULL,NULL,'C6-2 : 15'),(5488,140,'Port16',1,24,NULL,NULL,'C6-2 : 16'),(5489,140,'Port17',1,24,NULL,NULL,'C6-2 : 17'),(5490,140,'Port18',1,24,NULL,NULL,'C6-2 : 18'),(5491,140,'Port19',1,24,NULL,NULL,'C6-2 : 19'),(5492,140,'Port20',1,24,NULL,NULL,'C6-2 : 20'),(5493,140,'Port21',1,24,NULL,NULL,'C6-2 : 21'),(5494,140,'Port22',1,24,NULL,NULL,'C6-2 : 22'),(5495,140,'Port23',1,24,NULL,NULL,'C6-2 : 23'),(5496,140,'Port24',1,24,NULL,NULL,'C6-2 : 24'),(5497,139,'Port1',1,24,NULL,NULL,'C7-2 : 1'),(5498,139,'Port2',1,24,NULL,NULL,'C7-2 : 2'),(5499,139,'Port3',1,24,NULL,NULL,'C7-2 : 3'),(5500,139,'Port4',1,24,NULL,NULL,'C7-2 : 4'),(5501,139,'Port5',1,24,NULL,NULL,'C7-2 : 5'),(5502,139,'Port6',1,24,NULL,NULL,'C7-2 : 6'),(5503,139,'Port7',1,24,NULL,NULL,'C7-2 : 7'),(5504,139,'Port8',1,24,NULL,NULL,'C7-2 : 8'),(5505,139,'Port9',1,24,NULL,NULL,'C7-2 : 9'),(5506,139,'Port10',1,24,NULL,NULL,'C7-2 : 10'),(5507,139,'Port11',1,24,NULL,NULL,'C7-2 : 11'),(5508,139,'Port12',1,24,NULL,NULL,'C7-2 : 12'),(5509,139,'Port13',1,24,NULL,NULL,'C7-2 : 13'),(5510,139,'Port14',1,24,NULL,NULL,'C7-2 : 14'),(5511,139,'Port15',1,24,NULL,NULL,'C7-2 : 15'),(5512,139,'Port16',1,24,NULL,NULL,'C7-2 : 16'),(5513,139,'Port17',1,24,NULL,NULL,'C7-2 : 17'),(5514,139,'Port18',1,24,NULL,NULL,'C7-2 : 18'),(5515,139,'Port19',1,24,NULL,NULL,'C7-2 : 19'),(5516,139,'Port20',1,24,NULL,NULL,'C7-2 : 20'),(5517,139,'Port21',1,24,NULL,NULL,'C7-2 : 21'),(5518,139,'Port22',1,24,NULL,NULL,'C7-2 : 22'),(5519,139,'Port23',1,24,NULL,NULL,'C7-2 : 23'),(5520,139,'Port24',1,24,NULL,NULL,'C7-2 : 24'),(5521,141,'Port1',3,1078,NULL,NULL,'F5-2 : 1'),(5522,141,'Port2',3,1078,NULL,NULL,'F5-2 : 2'),(5523,141,'Port3',3,1078,NULL,NULL,'F5-2 : 3'),(5524,141,'Port4',3,1078,NULL,NULL,'F5-2 : 4'),(5525,141,'Port5',3,1078,NULL,NULL,'F5-2 : 5'),(5526,141,'Port6',3,1078,NULL,NULL,'F5-2 : 6'),(5527,141,'Port7',3,1078,NULL,NULL,'F5-2 : 7'),(5528,141,'Port8',3,1078,NULL,NULL,'F5-2 : 8'),(5529,141,'Port9',3,1078,NULL,NULL,'F5-2 : 9'),(5530,141,'Port10',3,1078,NULL,NULL,'F5-2 : 10'),(5531,141,'Port11',3,1078,NULL,NULL,'F5-2 : 11'),(5532,141,'Port12',3,1078,NULL,NULL,'F5-2 : 12'),(5533,141,'Port13',3,1078,NULL,NULL,'F5-2 : 13'),(5534,141,'Port14',3,1078,NULL,NULL,'F5-2 : 14'),(5535,141,'Port15',3,1078,NULL,NULL,'F5-2 : 15'),(5536,141,'Port16',3,1078,NULL,NULL,'F5-2 : 16'),(5537,141,'Port17',3,1078,NULL,NULL,'F5-2 : 17'),(5538,141,'Port18',3,1078,NULL,NULL,'F5-2 : 18'),(5539,141,'Port19',3,1078,NULL,NULL,'F14-2 : 19'),(5540,141,'Port20',3,1078,NULL,NULL,'F14-2 : 20'),(5541,141,'Port21',3,1078,NULL,NULL,'F14-2 : 21'),(5542,141,'Port22',3,1078,NULL,NULL,'F14-2 : 22'),(5543,141,'Port23',3,1078,NULL,NULL,'F14-2 : 23'),(5544,141,'Port24',3,1078,NULL,NULL,'F14-2 : 24'),(5545,141,'Port25',3,1078,NULL,NULL,'F14-2 : 25'),(5546,141,'Port26',3,1078,NULL,NULL,'F14-2 : 26'),(5547,141,'Port27',3,1078,NULL,NULL,'F14-2 : 27'),(5548,141,'Port28',3,1078,NULL,NULL,'F14-2 : 28'),(5549,141,'Port29',3,1078,NULL,NULL,'F14-2 : 29'),(5550,141,'Port30',3,1078,NULL,NULL,'F14-2 : 30'),(5551,143,'Port1',1,24,NULL,NULL,'CP2-2 : 1'),(5552,143,'Port2',1,24,NULL,NULL,'CP2-2 : 2'),(5553,143,'Port3',1,24,NULL,NULL,'CP2-2 : 3'),(5554,143,'Port4',1,24,NULL,NULL,'CP2-2 : 4'),(5555,143,'Port5',1,24,NULL,NULL,'CP2-2 : 5'),(5556,143,'Port6',1,24,NULL,NULL,'CP2-2 : 6'),(5557,144,'Port1',3,1078,NULL,NULL,'F6-2 : 1'),(5558,144,'Port2',3,1078,NULL,NULL,'F6-2 : 2'),(5559,144,'Port3',3,1078,NULL,NULL,'F6-2 : 3'),(5560,144,'Port4',3,1078,NULL,NULL,'F6-2 : 4'),(5561,144,'Port5',3,1078,NULL,NULL,'F6-2 : 5'),(5562,144,'Port6',3,1078,NULL,NULL,'F6-2 : 6'),(5563,144,'Port7',3,1078,NULL,NULL,'F6-2 : 7'),(5564,144,'Port8',3,1078,NULL,NULL,'F6-2 : 8'),(5565,144,'Port9',3,1078,NULL,NULL,'F6-2 : 9'),(5566,144,'Port10',3,1078,NULL,NULL,'F6-2 : 10'),(5567,144,'Port11',3,1078,NULL,NULL,'F6-2 : 11'),(5568,144,'Port12',3,1078,NULL,NULL,'F6-2 : 12'),(5569,145,'Port1',1,24,NULL,NULL,'CP2-3 : 1'),(5570,145,'Port2',1,24,NULL,NULL,'CP2-3 : 2'),(5571,145,'Port3',1,24,NULL,NULL,'CP2-3 : 3'),(5572,145,'Port4',1,24,NULL,NULL,'CP2-3 : 4'),(5573,145,'Port5',1,24,NULL,NULL,'CP2-3 : 5'),(5574,145,'Port6',1,24,NULL,NULL,'CP2-3 : 6'),(5575,145,'Port7',1,24,NULL,NULL,'CP2-3 : 7'),(5576,145,'Port8',1,24,NULL,NULL,'CP2-3 : 8'),(5577,145,'Port9',1,24,NULL,NULL,'CP2-3 : 9'),(5578,145,'Port10',1,24,NULL,NULL,'CP2-3 : 10'),(5579,145,'Port11',1,24,NULL,NULL,'CP2-3 : 11'),(5580,145,'Port12',1,24,NULL,NULL,'CP2-3 : 12'),(5581,145,'Port13',3,1078,NULL,NULL,'F7-2 : 13'),(5582,145,'Port14',3,1078,NULL,NULL,'F7-2 : 14'),(5583,145,'Port15',3,1078,NULL,NULL,'F7-2 : 15'),(5584,145,'Port16',3,1078,NULL,NULL,'F7-2 : 16'),(5585,145,'Port17',3,1078,NULL,NULL,'F7-2 : 17'),(5586,145,'Port18',3,1078,NULL,NULL,'F7-2 : 18'),(5587,145,'Port19',3,1078,NULL,NULL,'F7-2 : 19'),(5588,145,'Port20',3,1078,NULL,NULL,'F7-2 : 20'),(5589,145,'Port21',3,1078,NULL,NULL,'F7-2 : 21'),(5590,145,'Port22',3,1078,NULL,NULL,'F7-2 : 22'),(5591,145,'Port23',3,1078,NULL,NULL,'F7-2 : 23'),(5592,145,'Port24',3,1078,NULL,NULL,'F7-2 : 24'),(5593,147,'Port1',1,24,NULL,NULL,'CP1-3 : 1'),(5594,147,'Port2',1,24,NULL,NULL,'CP1-3 : 2'),(5595,147,'Port3',1,24,NULL,NULL,'CP1-3 : 3'),(5596,147,'Port4',1,24,NULL,NULL,'CP1-3 : 4'),(5597,147,'Port5',1,24,NULL,NULL,'CP1-3 : 5'),(5598,147,'Port6',1,24,NULL,NULL,'CP1-3 : 6'),(5599,147,'Port7',1,24,NULL,NULL,'CP1-3 : 7'),(5600,147,'Port8',1,24,NULL,NULL,'CP1-3 : 8'),(5601,147,'Port9',1,24,NULL,NULL,'CP1-3 : 9'),(5602,147,'Port10',1,24,NULL,NULL,'CP1-3 : 10'),(5603,147,'Port11',1,24,NULL,NULL,'CP1-3 : 11'),(5604,147,'Port12',1,24,NULL,NULL,'CP1-3 : 12'),(5605,148,'Port1',3,1078,NULL,NULL,'F8-2 :  1'),(5606,148,'Port2',3,1078,NULL,NULL,'F8-2 :  2'),(5607,148,'Port3',3,1078,NULL,NULL,'F8-2 :  3'),(5608,148,'Port4',3,1078,NULL,NULL,'F8-2 :  4'),(5609,148,'Port5',3,1078,NULL,NULL,'F8-2 :  5'),(5610,148,'Port6',3,1078,NULL,NULL,'F8-2 :  6'),(5611,148,'Port7',3,1078,NULL,NULL,'F8-2 :  7'),(5612,148,'Port8',3,1078,NULL,NULL,'F8-2 :  8'),(5613,148,'Port9',3,1078,NULL,NULL,'F8-2 :  9'),(5614,148,'Port10',3,1078,NULL,NULL,'F8-2 :  10'),(5615,148,'Port11',3,1078,NULL,NULL,'F8-2 :  11'),(5616,148,'Port12',3,1078,NULL,NULL,'F8-2 :  12'),(5617,568,'Port1',3,1078,NULL,NULL,'F9-3 : 1'),(5618,568,'Port2',3,1078,NULL,NULL,'F9-3 : 2'),(5619,568,'Port3',3,1078,NULL,NULL,'F9-3 : 3'),(5620,568,'Port4',3,1078,NULL,NULL,'F9-3 : 4'),(5621,568,'Port5',3,1078,NULL,NULL,'F9-3 : 5'),(5622,568,'Port6',3,1078,NULL,NULL,'F9-3 : 6'),(5624,568,'Port7',3,1078,NULL,NULL,'F15-1 : 7'),(5625,568,'Port8',3,1078,NULL,NULL,'F16-18'),(5626,568,'Port9',3,1078,NULL,NULL,'F16-19'),(5627,568,'Port10',3,1078,NULL,NULL,'F16-110'),(5628,568,'Port11',3,1078,NULL,NULL,'F16-111'),(5629,568,'Port12',3,1078,NULL,NULL,'F16-112'),(5630,568,'Port13',3,1078,NULL,NULL,'F16-113'),(5631,568,'Port14',3,1078,NULL,NULL,'F16-114'),(5632,568,'Port15',3,1078,NULL,NULL,'F16-115'),(5633,568,'Port16',3,1078,NULL,NULL,'F16-116'),(5634,568,'Port17',3,1078,NULL,NULL,'F16-117'),(5635,568,'Port18',3,1078,NULL,NULL,'F16-118'),(5636,568,'Port19',3,1078,NULL,NULL,'F16-119'),(5637,568,'Port20',3,1078,NULL,NULL,'F16-120'),(5638,568,'Port21',3,1078,NULL,NULL,'F16-121'),(5639,568,'Port22',3,1078,NULL,NULL,'F16-122'),(5640,568,'Port23',3,1078,NULL,NULL,'F16-123'),(5641,568,'Port24',3,1078,NULL,NULL,'F16-124'),(5642,568,'Port25',3,1078,NULL,NULL,'F16-125'),(5643,568,'Port26',3,1078,NULL,NULL,'F16-126'),(5644,568,'Port27',3,1078,NULL,NULL,'F16-127'),(5645,568,'Port28',3,1078,NULL,NULL,'F16-128'),(5646,568,'Port29',3,1078,NULL,NULL,'F16-129'),(5647,568,'Port30',3,1078,NULL,NULL,'F16-130'),(5648,568,'Port31',3,1078,NULL,NULL,'F16-131'),(5649,569,'Port1',3,1078,NULL,NULL,'F17-1 : 1'),(5650,569,'Port2',3,1078,NULL,NULL,'F17-1 : 2'),(5651,569,'Port3',3,1078,NULL,NULL,'F17-1 : 3'),(5652,569,'Port4',3,1078,NULL,NULL,'F17-1 : 4'),(5653,569,'Port5',3,1078,NULL,NULL,'F17-1 : 5'),(5654,569,'Port6',3,1078,NULL,NULL,'F17-1 : 6'),(5655,569,'Port7',3,1078,NULL,NULL,'F17-1 : 7'),(5656,569,'Port8',3,1078,NULL,NULL,'F17-1 : 8'),(5657,569,'Port9',3,1078,NULL,NULL,'F17-1 : 9'),(5658,569,'Port10',3,1078,NULL,NULL,'F17-1 : 10'),(5659,569,'Port11',3,1078,NULL,NULL,'F17-1 : 11'),(5660,569,'Port12',3,1078,NULL,NULL,'F17-1 : 12'),(5661,569,'Port13',3,1078,NULL,NULL,'F17-1 : 13'),(5662,569,'Port14',3,1078,NULL,NULL,'F17-1 : 14'),(5663,569,'Port15',3,1078,NULL,NULL,'F17-1 : 15'),(5664,569,'Port16',3,1078,NULL,NULL,'F17-1 : 16'),(5665,569,'Port17',3,1078,NULL,NULL,'F17-1 : 17'),(5666,569,'Port18',3,1078,NULL,NULL,'F17-1 : 18'),(5667,569,'Port19',3,1078,NULL,NULL,'F17-1 : 19'),(5668,569,'Port20',3,1078,NULL,NULL,'F17-1 : 20'),(5669,569,'Port21',3,1078,NULL,NULL,'F17-1 : 21'),(5670,569,'Port22',3,1078,NULL,NULL,'F17-1 : 22'),(5671,569,'Port23',3,1078,NULL,NULL,'F17-1 : 23'),(5672,569,'Port24',3,1078,NULL,NULL,'F17-1 : 24'),(5673,570,'Port1',1,24,NULL,NULL,'C10-1 : 1'),(5674,570,'Port2',1,24,NULL,NULL,'C10-1 : 2'),(5675,570,'Port3',1,24,NULL,NULL,'C10-1 : 3'),(5676,570,'Port4',1,24,NULL,NULL,'C10-1 : 4'),(5677,570,'Port5',1,24,NULL,NULL,'C10-1 : 5'),(5678,570,'Port6',1,24,NULL,NULL,'C10-1 : 6'),(5679,570,'Port7',1,24,NULL,NULL,'C10-1 : 7'),(5680,570,'Port8',1,24,NULL,NULL,'C10-1 : 8'),(5681,570,'Port9',1,24,NULL,NULL,'C10-1 : 9'),(5682,570,'Port10',1,24,NULL,NULL,'C10-1 : 10'),(5683,570,'Port11',1,24,NULL,NULL,'C10-1 : 11'),(5684,570,'Port12',1,24,NULL,NULL,'C10-1 : 12'),(5685,570,'Port13',1,24,NULL,NULL,'C10-1 : 13'),(5686,570,'Port14',1,24,NULL,NULL,'C10-1 : 14'),(5687,570,'Port15',1,24,NULL,NULL,'C10-1 : 15'),(5688,570,'Port16',1,24,NULL,NULL,'C10-1 : 16'),(5689,570,'Port17',1,24,NULL,NULL,'C10-1 : 17'),(5690,570,'Port18',1,24,NULL,NULL,'C10-1 : 18'),(5691,570,'Port19',1,24,NULL,NULL,'C10-1 : 19'),(5692,570,'Port20',1,24,NULL,NULL,'C10-1 : 20'),(5693,570,'Port21',1,24,NULL,NULL,'C10-1 : 21'),(5694,570,'Port22',1,24,NULL,NULL,'C10-1 : 22'),(5695,570,'Port23',1,24,NULL,NULL,'C10-1 : 23'),(5696,570,'Port24',1,24,NULL,NULL,'C10-1 : 24'),(5697,571,'Port 1',1,24,NULL,NULL,'C11-1 : 1'),(5698,571,'Port 2',1,24,NULL,NULL,'C11-1 : 2'),(5699,571,'Port 3',1,24,NULL,NULL,'C11-1 : 3'),(5700,571,'Port 4',1,24,NULL,NULL,'C11-1 : 4'),(5701,571,'Port 5',1,24,NULL,NULL,'C11-1 : 5'),(5702,571,'Port 6',1,24,NULL,NULL,'C11-1 : 6'),(5703,571,'Port 7',1,24,NULL,NULL,'C11-1 : 7'),(5704,571,'Port 8',1,24,NULL,NULL,'C11-1 : 8'),(5705,571,'Port 9',1,24,NULL,NULL,'C11-1 : 9'),(5706,571,'Port 10',1,24,NULL,NULL,'C11-1 : 10'),(5707,571,'Port 11',1,24,NULL,NULL,'C11-1 : 11'),(5708,571,'Port 12',1,24,NULL,NULL,'C11-1 : 12'),(5709,571,'Port 13',1,24,NULL,NULL,'C11-1 : 13'),(5710,571,'Port 14',1,24,NULL,NULL,'C11-1 : 14'),(5711,571,'Port 15',1,24,NULL,NULL,'C11-1 : 15'),(5712,571,'Port 16',1,24,NULL,NULL,'C11-1 : 16'),(5713,571,'Port 17',1,24,NULL,NULL,'C11-1 : 17'),(5714,571,'Port 18',1,24,NULL,NULL,'C11-1 : 18'),(5715,571,'Port 19',1,24,NULL,NULL,'C11-1 : 19'),(5716,571,'Port 20',1,24,NULL,NULL,'C11-1 : 20'),(5717,571,'Port 21',1,24,NULL,NULL,'C11-1 : 21'),(5718,571,'Port 22',1,24,NULL,NULL,'C11-1 : 22'),(5719,571,'Port 23',1,24,NULL,NULL,'C11-1 : 23'),(5720,571,'Port 24',1,24,NULL,NULL,'C11-1 : 24'),(5721,572,'Port1',1,24,NULL,NULL,'C12-1 : 1'),(5722,572,'Port2',1,24,NULL,NULL,'C12-1 : 2'),(5723,572,'Port3',1,24,NULL,NULL,'C12-1 : 3'),(5724,572,'Port4',1,24,NULL,NULL,'C12-1 : 4'),(5725,572,'Port5',1,24,NULL,NULL,'C12-1 : 5'),(5726,572,'Port6',1,24,NULL,NULL,'C12-1 : 6'),(5727,572,'Port7',1,24,NULL,NULL,'C12-1 : 7'),(5728,572,'Port8',1,24,NULL,NULL,'C12-1 : 8'),(5729,572,'Port9',1,24,NULL,NULL,'C12-1 : 9'),(5730,572,'Port10',1,24,NULL,NULL,'C12-1 : 10'),(5731,572,'Port11',1,24,NULL,NULL,'C12-1 : 11'),(5732,572,'Port12',1,24,NULL,NULL,'C12-1 : 12'),(5733,572,'Port13',1,24,NULL,NULL,'C12-1 : 13'),(5734,572,'Port14',1,24,NULL,NULL,'C12-1 : 14'),(5735,572,'Port15',1,24,NULL,NULL,'C12-1 : 15'),(5736,572,'Port16',1,24,NULL,NULL,'C12-1 : 16'),(5737,572,'Port17',1,24,NULL,NULL,'C12-1 : 17'),(5738,572,'Port18',1,24,NULL,NULL,'C12-1 : 18'),(5739,572,'Port19',1,24,NULL,NULL,'C12-1 : 19'),(5740,572,'Port20',1,24,NULL,NULL,'C12-1 : 20'),(5741,572,'Port21',1,24,NULL,NULL,'C12-1 : 21'),(5742,572,'Port22',1,24,NULL,NULL,'C12-1 : 22'),(5743,572,'Port23',1,24,NULL,NULL,'C12-1 : 23'),(5744,572,'Port24',1,24,NULL,NULL,'C12-1 : 24'),(5745,573,'Port1',1,24,NULL,NULL,'C13-1 : 1'),(5746,573,'Port2',1,24,NULL,NULL,'C13-1 : 2'),(5747,573,'Port3',1,24,NULL,NULL,'C13-1 : 3'),(5748,573,'Port4',1,24,NULL,NULL,'C13-1 : 4'),(5749,573,'Port5',1,24,NULL,NULL,'C13-1 : 5'),(5750,573,'Port6',1,24,NULL,NULL,'C13-1 : 6'),(5751,573,'Port7',1,24,NULL,NULL,'C13-1 : 7'),(5752,573,'Port8',1,24,NULL,NULL,'C13-1 : 8'),(5753,573,'Port9',1,24,NULL,NULL,'C13-1 : 9'),(5754,573,'Port10',1,24,NULL,NULL,'C13-1 : 10'),(5755,573,'Port11',1,24,NULL,NULL,'C13-1 : 11'),(5756,573,'Port12',1,24,NULL,NULL,'C13-1 : 12'),(5757,573,'Port13',1,24,NULL,NULL,'C13-1 : 13'),(5758,573,'Port14',1,24,NULL,NULL,'C13-1 : 14'),(5759,573,'Port15',1,24,NULL,NULL,'C13-1 : 15'),(5760,573,'Port16',1,24,NULL,NULL,'C13-1 : 16'),(5761,573,'Port17',1,24,NULL,NULL,'C13-1 : 17'),(5762,573,'Port18',1,24,NULL,NULL,'C13-1 : 18'),(5763,573,'Port19',1,24,NULL,NULL,'C13-1 : 19'),(5764,573,'Port20',1,24,NULL,NULL,'C13-1 : 20'),(5765,573,'Port21',1,24,NULL,NULL,'C13-1 : 21'),(5766,573,'Port22',1,24,NULL,NULL,'C13-1 : 22'),(5767,573,'Port23',1,24,NULL,NULL,'C13-1 : 23'),(5768,573,'Port24',1,24,NULL,NULL,'C13-1 : 24'),(5769,574,'Port1',1,24,NULL,NULL,'C14-2 : 1'),(5770,574,'Port2',1,24,NULL,NULL,'C14-2 : 2'),(5771,574,'Port3',1,24,NULL,NULL,'C14-2 : 3'),(5772,574,'Port4',1,24,NULL,NULL,'C14-2 : 4'),(5773,574,'Port5',1,24,NULL,NULL,'C14-2 : 5'),(5774,574,'Port6',1,24,NULL,NULL,'C14-2 : 6'),(5775,574,'Port7',1,24,NULL,NULL,'C14-2 : 7'),(5776,574,'Port8',1,24,NULL,NULL,'C14-2 : 8'),(5777,574,'Port9',1,24,NULL,NULL,'C14-2 : 9'),(5778,574,'Port10',1,24,NULL,NULL,'C14-2 : 10'),(5779,574,'Port11',1,24,NULL,NULL,'C14-2 : 11'),(5780,574,'Port12',1,24,NULL,NULL,'C14-2 : 12'),(5781,574,'Port13',1,24,NULL,NULL,'C14-2 : 13'),(5782,574,'Port14',1,24,NULL,NULL,'C14-2 : 14'),(5783,574,'Port15',1,24,NULL,NULL,'C14-2 : 15'),(5784,574,'Port16',1,24,NULL,NULL,'C14-2 : 16'),(5785,574,'Port17',1,24,NULL,NULL,'C14-2 : 17'),(5786,574,'Port18',1,24,NULL,NULL,'C14-2 : 18'),(5787,574,'Port19',1,24,NULL,NULL,'C14-2 : 19'),(5788,574,'Port20',1,24,NULL,NULL,'C14-2 : 20'),(5789,574,'Port21',1,24,NULL,NULL,'C14-2 : 21'),(5790,574,'Port22',1,24,NULL,NULL,'C14-2 : 22'),(5791,574,'Port23',1,24,NULL,NULL,'C14-2 : 23'),(5792,574,'Port24',1,24,NULL,NULL,'C14-2 : 24'),(5793,575,'Port1',1,24,NULL,NULL,'C15-1 : 1'),(5794,575,'Port2',1,24,NULL,NULL,'C15-1 : 2'),(5795,575,'Port3',1,24,NULL,NULL,'C15-1 : 3'),(5796,575,'Port4',1,24,NULL,NULL,'C15-1 : 4'),(5797,575,'Port5',1,24,NULL,NULL,'C15-1 : 5'),(5798,575,'Port6',1,24,NULL,NULL,'C15-1 : 6'),(5799,575,'Port7',1,24,NULL,NULL,'C15-1 : 7'),(5800,575,'Port8',1,24,NULL,NULL,'C15-1 : 8'),(5801,575,'Port9',1,24,NULL,NULL,'C15-1 : 9'),(5802,575,'Port10',1,24,NULL,NULL,'C15-1 : 10'),(5803,575,'Port11',1,24,NULL,NULL,'C15-1 : 11'),(5804,575,'Port12',1,24,NULL,NULL,'C15-1 : 12'),(5805,575,'Port13',1,24,NULL,NULL,'C15-1 : 13'),(5806,575,'Port14',1,24,NULL,NULL,'C15-1 : 14'),(5807,575,'Port15',1,24,NULL,NULL,'C15-1 : 15'),(5808,575,'Port16',1,24,NULL,NULL,'C15-1 : 16'),(5809,575,'Port17',1,24,NULL,NULL,'C15-1 : 17'),(5810,575,'Port18',1,24,NULL,NULL,'C15-1 : 18'),(5811,575,'Port19',1,24,NULL,NULL,'C15-1 : 19'),(5812,575,'Port20',1,24,NULL,NULL,'C15-1 : 20'),(5813,575,'Port21',1,24,NULL,NULL,'C15-1 : 21'),(5814,575,'Port22',1,24,NULL,NULL,'C15-1 : 22'),(5815,575,'Port23',1,24,NULL,NULL,'C15-1 : 23'),(5816,575,'Port24',1,24,NULL,NULL,'C15-1 : 24'),(5817,551,'Port1',3,1078,NULL,NULL,'F9-3 : 1'),(5818,551,'Port2',3,1078,NULL,NULL,'F9-3 : 2'),(5819,551,'Port3',3,1078,NULL,NULL,'F9-3 : 3'),(5820,551,'Port4',3,1078,NULL,NULL,'F9-3 : 4'),(5821,551,'Port5',3,1078,NULL,NULL,'F9-3 : 5'),(5822,551,'Port6',3,1078,NULL,NULL,'F9-3 : 6'),(5823,551,'Port7',3,1078,NULL,NULL,'F15-1 : 7'),(5824,551,'Port8',3,1078,NULL,NULL,'F16-18'),(5825,551,'Port9',3,1078,NULL,NULL,'F16-19'),(5826,551,'Port10',3,1078,NULL,NULL,'F16-110'),(5827,551,'Port11',3,1078,NULL,NULL,'F16-111'),(5828,551,'Port12',3,1078,NULL,NULL,'F16-112'),(5829,551,'Port13',3,1078,NULL,NULL,'F16-113'),(5830,551,'Port14',3,1078,NULL,NULL,'F16-114'),(5831,551,'Port15',3,1078,NULL,NULL,'F16-115'),(5832,551,'Port16',3,1078,NULL,NULL,'F16-116'),(5833,551,'Port17',3,1078,NULL,NULL,'F16-117'),(5834,551,'Port18',3,1078,NULL,NULL,'F16-118'),(5835,551,'Port19',3,1078,NULL,NULL,'F16-119'),(5836,551,'Port20',3,1078,NULL,NULL,'F16-120'),(5837,551,'Port21',3,1078,NULL,NULL,'F16-121'),(5838,551,'Port22',3,1078,NULL,NULL,'F16-122'),(5839,551,'Port23',3,1078,NULL,NULL,'F16-123'),(5840,551,'Port24',3,1078,NULL,NULL,'F16-124'),(5841,551,'Port25',3,1078,NULL,NULL,'F16-125'),(5842,551,'Port26',3,1078,NULL,NULL,'F16-126'),(5843,551,'Port27',3,1078,NULL,NULL,'F16-127'),(5844,551,'Port28',3,1078,NULL,NULL,'F16-128'),(5845,551,'Port29',3,1078,NULL,NULL,'F16-129'),(5846,551,'Port30',3,1078,NULL,NULL,'F16-130'),(5847,551,'Port31',3,1078,NULL,NULL,'F16-131'),(5848,552,'Port1',3,1078,NULL,NULL,'F17-1 : 1'),(5849,552,'Port2',3,1078,NULL,NULL,'F17-1 : 2'),(5850,552,'Port3',3,1078,NULL,NULL,'F17-1 : 3'),(5851,552,'Port4',3,1078,NULL,NULL,'F17-1 : 4'),(5852,552,'Port5',3,1078,NULL,NULL,'F17-1 : 5'),(5853,552,'Port6',3,1078,NULL,NULL,'F17-1 : 6'),(5854,552,'Port7',3,1078,NULL,NULL,'F17-1 : 7'),(5855,552,'Port8',3,1078,NULL,NULL,'F17-1 : 8'),(5856,552,'Port9',3,1078,NULL,NULL,'F17-1 : 9'),(5857,552,'Port10',3,1078,NULL,NULL,'F17-1 : 10'),(5858,552,'Port11',3,1078,NULL,NULL,'F17-1 : 11'),(5859,552,'Port12',3,1078,NULL,NULL,'F17-1 : 12'),(5860,552,'Port13',3,1078,NULL,NULL,'F17-1 : 13'),(5861,552,'Port14',3,1078,NULL,NULL,'F17-1 : 14'),(5862,552,'Port15',3,1078,NULL,NULL,'F17-1 : 15'),(5863,552,'Port16',3,1078,NULL,NULL,'F17-1 : 16'),(5864,552,'Port17',3,1078,NULL,NULL,'F17-1 : 17'),(5865,552,'Port18',3,1078,NULL,NULL,'F17-1 : 18'),(5866,552,'Port19',3,1078,NULL,NULL,'F17-1 : 19'),(5867,552,'Port20',3,1078,NULL,NULL,'F17-1 : 20'),(5868,552,'Port21',3,1078,NULL,NULL,'F17-1 : 21'),(5869,552,'Port22',3,1078,NULL,NULL,'F17-1 : 22'),(5870,552,'Port23',3,1078,NULL,NULL,'F17-1 : 23'),(5871,552,'Port24',3,1078,NULL,NULL,'F17-1 : 24'),(5872,553,'Port1',1,24,NULL,NULL,'C10-1 : 1'),(5873,553,'Port2',1,24,NULL,NULL,'C10-1 : 2'),(5874,553,'Port3',1,24,NULL,NULL,'C10-1 : 3'),(5875,553,'Port4',1,24,NULL,NULL,'C10-1 : 4'),(5876,553,'Port5',1,24,NULL,NULL,'C10-1 : 5'),(5877,553,'Port6',1,24,NULL,NULL,'C10-1 : 6'),(5878,553,'Port7',1,24,NULL,NULL,'C10-1 : 7'),(5879,553,'Port8',1,24,NULL,NULL,'C10-1 : 8'),(5880,553,'Port9',1,24,NULL,NULL,'C10-1 : 9'),(5881,553,'Port10',1,24,NULL,NULL,'C10-1 : 10'),(5882,553,'Port11',1,24,NULL,NULL,'C10-1 : 11'),(5883,553,'Port12',1,24,NULL,NULL,'C10-1 : 12'),(5884,553,'Port13',1,24,NULL,NULL,'C10-1 : 13'),(5885,553,'Port14',1,24,NULL,NULL,'C10-1 : 14'),(5886,553,'Port15',1,24,NULL,NULL,'C10-1 : 15'),(5887,553,'Port16',1,24,NULL,NULL,'C10-1 : 16'),(5888,553,'Port17',1,24,NULL,NULL,'C10-1 : 17'),(5889,553,'Port18',1,24,NULL,NULL,'C10-1 : 18'),(5890,553,'Port19',1,24,NULL,NULL,'C10-1 : 19'),(5891,553,'Port20',1,24,NULL,NULL,'C10-1 : 20'),(5892,553,'Port21',1,24,NULL,NULL,'C10-1 : 21'),(5893,553,'Port22',1,24,NULL,NULL,'C10-1 : 22'),(5894,553,'Port23',1,24,NULL,NULL,'C10-1 : 23'),(5895,553,'Port24',1,24,NULL,NULL,'C10-1 : 24'),(5896,554,'Port1',1,24,NULL,NULL,'C11-1 : 1'),(5897,554,'Port2',1,24,NULL,NULL,'C11-1 : 2'),(5898,554,'Port3',1,24,NULL,NULL,'C11-1 : 3'),(5899,554,'Port4',1,24,NULL,NULL,'C11-1 : 4'),(5900,554,'Port5',1,24,NULL,NULL,'C11-1 : 5'),(5901,554,'Port6',1,24,NULL,NULL,'C11-1 : 6'),(5902,554,'Port7',1,24,NULL,NULL,'C11-1 : 7'),(5903,554,'Port8',1,24,NULL,NULL,'C11-1 : 8'),(5904,554,'Port9',1,24,NULL,NULL,'C11-1 : 9'),(5905,554,'Port10',1,24,NULL,NULL,'C11-1 : 10'),(5906,554,'Port11',1,24,NULL,NULL,'C11-1 : 11'),(5907,554,'Port12',1,24,NULL,NULL,'C11-1 : 12'),(5908,554,'Port13',1,24,NULL,NULL,'C11-1 : 13'),(5909,554,'Port14',1,24,NULL,NULL,'C11-1 : 14'),(5910,554,'Port15',1,24,NULL,NULL,'C11-1 : 15'),(5911,554,'Port16',1,24,NULL,NULL,'C11-1 : 16'),(5912,554,'Port17',1,24,NULL,NULL,'C11-1 : 17'),(5913,554,'Port18',1,24,NULL,NULL,'C11-1 : 18'),(5914,554,'Port19',1,24,NULL,NULL,'C11-1 : 19'),(5915,554,'Port20',1,24,NULL,NULL,'C11-1 : 20'),(5916,554,'Port21',1,24,NULL,NULL,'C11-1 : 21'),(5917,554,'Port22',1,24,NULL,NULL,'C11-1 : 22'),(5918,554,'Port23',1,24,NULL,NULL,'C11-1 : 23'),(5919,554,'Port24',1,24,NULL,NULL,'C11-1 : 24'),(5920,555,'Port1',1,24,NULL,NULL,'C12-1 : 1'),(5921,555,'Port2',1,24,NULL,NULL,'C12-1 : 2'),(5922,555,'Port3',1,24,NULL,NULL,'C12-1 : 3'),(5923,555,'Port4',1,24,NULL,NULL,'C12-1 : 4'),(5924,555,'Port5',1,24,NULL,NULL,'C12-1 : 5'),(5925,555,'Port6',1,24,NULL,NULL,'C12-1 : 6'),(5926,555,'Port7',1,24,NULL,NULL,'C12-1 : 7'),(5927,555,'Port8',1,24,NULL,NULL,'C12-1 : 8'),(5928,555,'Port9',1,24,NULL,NULL,'C12-1 : 9'),(5929,555,'Port10',1,24,NULL,NULL,'C12-1 : 10'),(5930,555,'Port11',1,24,NULL,NULL,'C12-1 : 11'),(5931,555,'Port12',1,24,NULL,NULL,'C12-1 : 12'),(5932,555,'Port13',1,24,NULL,NULL,'C12-1 : 13'),(5933,555,'Port14',1,24,NULL,NULL,'C12-1 : 14'),(5934,555,'Port15',1,24,NULL,NULL,'C12-1 : 15'),(5935,555,'Port16',1,24,NULL,NULL,'C12-1 : 16'),(5936,555,'Port17',1,24,NULL,NULL,'C12-1 : 17'),(5937,555,'Port18',1,24,NULL,NULL,'C12-1 : 18'),(5938,555,'Port19',1,24,NULL,NULL,'C12-1 : 19'),(5939,555,'Port20',1,24,NULL,NULL,'C12-1 : 20'),(5940,555,'Port21',1,24,NULL,NULL,'C12-1 : 21'),(5941,555,'Port22',1,24,NULL,NULL,'C12-1 : 22'),(5942,555,'Port23',1,24,NULL,NULL,'C12-1 : 23'),(5943,555,'Port24',1,24,NULL,NULL,'C12-1 : 24'),(5944,556,'Port1',1,24,NULL,NULL,'C13-1 : 1'),(5945,556,'Port2',1,24,NULL,NULL,'C13-1 : 2'),(5946,556,'Port3',1,24,NULL,NULL,'C13-1 : 3'),(5947,556,'Port4',1,24,NULL,NULL,'C13-1 : 4'),(5948,556,'Port5',1,24,NULL,NULL,'C13-1 : 5'),(5949,556,'Port6',1,24,NULL,NULL,'C13-1 : 6'),(5950,556,'Port7',1,24,NULL,NULL,'C13-1 : 7'),(5951,556,'Port8',1,24,NULL,NULL,'C13-1 : 8'),(5952,556,'Port9',1,24,NULL,NULL,'C13-1 : 9'),(5953,556,'Port10',1,24,NULL,NULL,'C13-1 : 10'),(5954,556,'Port11',1,24,NULL,NULL,'C13-1 : 11'),(5955,556,'Port12',1,24,NULL,NULL,'C13-1 : 12'),(5956,556,'Port13',1,24,NULL,NULL,'C13-1 : 13'),(5957,556,'Port14',1,24,NULL,NULL,'C13-1 : 14'),(5958,556,'Port15',1,24,NULL,NULL,'C13-1 : 15'),(5959,556,'Port16',1,24,NULL,NULL,'C13-1 : 16'),(5960,556,'Port17',1,24,NULL,NULL,'C13-1 : 17'),(5961,556,'Port18',1,24,NULL,NULL,'C13-1 : 18'),(5962,556,'Port19',1,24,NULL,NULL,'C13-1 : 19'),(5963,556,'Port20',1,24,NULL,NULL,'C13-1 : 20'),(5964,556,'Port21',1,24,NULL,NULL,'C13-1 : 21'),(5965,556,'Port22',1,24,NULL,NULL,'C13-1 : 22'),(5966,556,'Port23',1,24,NULL,NULL,'C13-1 : 23'),(5967,556,'Port24',1,24,NULL,NULL,'C13-1 : 24'),(5968,557,'Port1',1,24,NULL,NULL,'C14-2 : 1'),(5969,557,'Port2',1,24,NULL,NULL,'C14-2 : 2'),(5970,557,'Port3',1,24,NULL,NULL,'C14-2 : 3'),(5971,557,'Port4',1,24,NULL,NULL,'C14-2 : 4'),(5972,557,'Port5',1,24,NULL,NULL,'C14-2 : 5'),(5973,557,'Port6',1,24,NULL,NULL,'C14-2 : 6'),(5974,557,'Port7',1,24,NULL,NULL,'C14-2 : 7'),(5975,557,'Port8',1,24,NULL,NULL,'C14-2 : 8'),(5976,557,'Port9',1,24,NULL,NULL,'C14-2 : 9'),(5977,557,'Port10',1,24,NULL,NULL,'C14-2 : 10'),(5978,557,'Port11',1,24,NULL,NULL,'C14-2 : 11'),(5979,557,'Port12',1,24,NULL,NULL,'C14-2 : 12'),(5980,557,'Port13',1,24,NULL,NULL,'C14-2 : 13'),(5981,557,'Port14',1,24,NULL,NULL,'C14-2 : 14'),(5982,557,'Port15',1,24,NULL,NULL,'C14-2 : 15'),(5983,557,'Port16',1,24,NULL,NULL,'C14-2 : 16'),(5984,557,'Port17',1,24,NULL,NULL,'C14-2 : 17'),(5985,557,'Port18',1,24,NULL,NULL,'C14-2 : 18'),(5986,557,'Port19',1,24,NULL,NULL,'C14-2 : 19'),(5987,557,'Port20',1,24,NULL,NULL,'C14-2 : 20'),(5988,557,'Port21',1,24,NULL,NULL,'C14-2 : 21'),(5989,557,'Port22',1,24,NULL,NULL,'C14-2 : 22'),(5990,557,'Port23',1,24,NULL,NULL,'C14-2 : 23'),(5991,557,'Port24',1,24,NULL,NULL,'C14-2 : 24'),(5992,558,'Port1',1,24,NULL,NULL,'C15-1 : 1'),(5993,558,'Port2',1,24,NULL,NULL,'C15-1 : 2'),(5994,558,'Port3',1,24,NULL,NULL,'C15-1 : 3'),(5995,558,'Port4',1,24,NULL,NULL,'C15-1 : 4'),(5996,558,'Port5',1,24,NULL,NULL,'C15-1 : 5'),(5997,558,'Port6',1,24,NULL,NULL,'C15-1 : 6'),(5998,558,'Port7',1,24,NULL,NULL,'C15-1 : 7'),(5999,558,'Port8',1,24,NULL,NULL,'C15-1 : 8'),(6000,558,'Port9',1,24,NULL,NULL,'C15-1 : 9'),(6001,558,'Port10',1,24,NULL,NULL,'C15-1 : 10'),(6002,558,'Port11',1,24,NULL,NULL,'C15-1 : 11'),(6003,558,'Port12',1,24,NULL,NULL,'C15-1 : 12'),(6004,558,'Port13',1,24,NULL,NULL,'C15-1 : 13'),(6005,558,'Port14',1,24,NULL,NULL,'C15-1 : 14'),(6006,558,'Port15',1,24,NULL,NULL,'C15-1 : 15'),(6007,558,'Port16',1,24,NULL,NULL,'C15-1 : 16'),(6008,558,'Port17',1,24,NULL,NULL,'C15-1 : 17'),(6009,558,'Port18',1,24,NULL,NULL,'C15-1 : 18'),(6010,558,'Port19',1,24,NULL,NULL,'C15-1 : 19'),(6011,558,'Port20',1,24,NULL,NULL,'C15-1 : 20'),(6012,558,'Port21',1,24,NULL,NULL,'C15-1 : 21'),(6013,558,'Port22',1,24,NULL,NULL,'C15-1 : 22'),(6014,558,'Port23',1,24,NULL,NULL,'C15-1 : 23'),(6015,558,'Port24',1,24,NULL,NULL,'C15-1 : 24'),(6018,155,'Te1-P1',9,30,NULL,NULL,'1'),(6019,155,'Te1-P2',9,30,NULL,NULL,'2'),(6020,155,'Te2-P1',9,30,NULL,NULL,'1'),(6021,155,'Te2-P2',9,30,NULL,NULL,'2'),(6022,155,'Gi1',1,24,NULL,NULL,'1'),(6023,155,'Gi2',1,24,NULL,NULL,'2'),(6024,154,'Te1-P1',9,1084,NULL,NULL,'1'),(6025,154,'Te1-P2',9,1084,NULL,NULL,'2'),(6026,154,'Te2-P1',9,1084,NULL,NULL,'1'),(6027,154,'Te2-P2',9,1084,NULL,NULL,'2'),(6028,154,'Gi1',1,24,NULL,NULL,'1'),(6029,154,'Gi2',1,24,NULL,NULL,'2'),(6030,154,'IDRAC',1,24,NULL,NULL,''),(6031,155,'IDRAC',1,24,NULL,NULL,''),(6032,156,'IDRAC',1,24,NULL,NULL,''),(6033,156,'Te1-P1',9,1084,NULL,NULL,'1'),(6034,156,'Te1-P2',9,1084,NULL,NULL,'2'),(6035,156,'Te2-P1',9,1084,NULL,NULL,'1'),(6036,156,'Te2-P2',9,1084,NULL,NULL,'2'),(6037,156,'Gi1',1,24,NULL,NULL,'1'),(6038,156,'Gi2',1,24,NULL,NULL,'2'),(6039,157,'IDRAC',1,24,NULL,NULL,''),(6040,157,'Te1-P1',9,1084,NULL,NULL,'1'),(6041,157,'Te1-P2',9,1084,NULL,NULL,'2'),(6042,157,'Te2-P1',9,1084,NULL,NULL,'1'),(6043,157,'Te2-P2',9,1084,NULL,NULL,'2'),(6044,157,'Gi1',1,24,NULL,NULL,'1'),(6045,157,'Gi2',1,24,NULL,NULL,'2'),(6046,158,'IDRAC',1,24,NULL,NULL,''),(6047,158,'Te1-P1',9,1084,NULL,NULL,' 1'),(6048,158,'Te1-P2',9,1084,NULL,NULL,' 2'),(6049,158,'Gi1',1,24,NULL,NULL,'1'),(6050,158,'Gi2',1,24,NULL,NULL,'2'),(6051,158,'Te2-P1',9,1084,NULL,NULL,'1'),(6052,158,'Te2-P2',9,1084,NULL,NULL,'2'),(6053,200,'HMC_PA3_Port-1',1,24,'98BE94226F82',NULL,'1'),(6054,200,'HMC_PA3_Port-2',1,24,'98BE94226F83',NULL,'2'),(6055,204,'C3-port1',9,30,NULL,NULL,''),(6056,204,'C3-port3',1,24,NULL,NULL,''),(6057,204,'C5-port1',9,30,NULL,NULL,''),(6058,204,'C6-port1',9,30,NULL,NULL,''),(6059,204,'C7-port1',9,30,NULL,NULL,''),(6060,204,'C7-port3',1,24,NULL,NULL,''),(6061,204,'hmc1',1,24,NULL,NULL,'1'),(6062,204,'hmc2',1,24,NULL,NULL,'2'),(6063,205,'C3-port1',9,1084,NULL,NULL,''),(6064,205,'C3-port3',1,24,NULL,NULL,''),(6065,205,'C5-port1',9,1084,NULL,NULL,''),(6066,205,'C6-port1',9,1084,NULL,NULL,''),(6067,205,'C7-port1',9,1084,NULL,NULL,''),(6068,205,'C7-port3',1,24,NULL,NULL,''),(6069,205,'hmc1',1,24,NULL,NULL,'1'),(6070,205,'hmc2',1,24,NULL,NULL,'2'),(6071,206,'C3-port1',9,1084,NULL,NULL,''),(6072,206,'C3-port3',1,24,NULL,NULL,''),(6073,206,'C5-port1',9,1084,NULL,NULL,''),(6074,206,'C6-port1',9,1084,NULL,NULL,''),(6075,206,'C7-port1',9,1084,NULL,NULL,''),(6076,206,'C7-port3',1,24,NULL,NULL,''),(6077,206,'hmc1',1,24,NULL,NULL,'1'),(6078,206,'hmc2',1,24,NULL,NULL,'2'),(6079,205,'C8-port1',9,1084,NULL,NULL,''),(6080,205,'C10-port1',9,1084,NULL,NULL,''),(6081,207,'hmc1',1,24,NULL,NULL,'1'),(6082,207,'hmc2',1,24,NULL,NULL,'2'),(6083,207,'C3-port1',9,1084,NULL,NULL,''),(6084,207,'C3-port3',1,24,NULL,NULL,''),(6085,207,'C5-port1',9,1084,NULL,NULL,''),(6086,207,'C6-port1',9,1084,NULL,NULL,''),(6087,207,'C7-port1',9,1084,NULL,NULL,''),(6088,207,'C7-port3',1,24,NULL,NULL,''),(6089,208,'C3-port1',9,1084,NULL,NULL,''),(6090,208,'C3-port3',1,24,NULL,NULL,''),(6091,208,'C5-port1',9,1084,NULL,NULL,''),(6092,208,'C6-port1',9,1084,NULL,NULL,''),(6093,208,'C7-port1',9,1084,NULL,NULL,''),(6094,208,'C7-port3',1,24,NULL,NULL,''),(6095,208,'hmc1',1,24,NULL,NULL,'1'),(6096,208,'hmc2',1,24,NULL,NULL,'2'),(6097,159,'Te1-P1',9,1084,NULL,NULL,'1'),(6098,159,'Te1-P2',9,1084,NULL,NULL,'2'),(6099,159,'Te2-P1',9,1084,NULL,NULL,'1'),(6100,159,'Te2-P2',9,1084,NULL,NULL,'2'),(6101,159,'IDRAC',1,24,NULL,NULL,''),(6102,160,'Te1-P1',9,1084,NULL,NULL,'1'),(6103,160,'Te1-P2',9,1084,NULL,NULL,'2'),(6104,160,'Te2-P1',9,1084,NULL,NULL,'1'),(6105,160,'Te2-P2',9,1084,NULL,NULL,'2'),(6106,160,'Gi1',1,24,NULL,NULL,'1'),(6107,160,'Gi2',1,24,NULL,NULL,'2'),(6108,160,'IDRAC',1,24,NULL,NULL,''),(6109,161,'IDRAC',1,24,NULL,NULL,''),(6110,161,'Gi1',1,24,NULL,NULL,'1'),(6111,161,'Gi2',1,24,NULL,NULL,'2'),(6112,161,'Te1-P1',9,1084,NULL,NULL,'1'),(6113,161,'Te1-P2',9,1084,NULL,NULL,'2'),(6114,161,'Te2-P1',9,1084,NULL,NULL,'1'),(6115,161,'Te2-P2',9,1084,NULL,NULL,'2'),(6116,162,'Te1-P1',9,1084,NULL,NULL,'1'),(6117,162,'Te1-P2',9,1084,NULL,NULL,'2'),(6118,162,'Te2-P1',9,1084,NULL,NULL,'1'),(6119,162,'Te2-P2',9,1084,NULL,NULL,'2'),(6120,162,'Gi1',9,1084,NULL,NULL,'1'),(6121,162,'Gi2',9,1084,NULL,NULL,'2'),(6122,162,'IDRAC',1,24,NULL,NULL,''),(6123,163,'Te1-P1',9,1084,NULL,NULL,' 1'),(6124,163,'Te1-P2',9,1084,NULL,NULL,' 2'),(6125,163,'Te2-P1',9,1084,NULL,NULL,' 1'),(6126,163,'Te2-P2',9,1084,NULL,NULL,' 2'),(6127,163,'Gi1',1,24,NULL,NULL,'1'),(6128,163,'Gi2',1,24,NULL,NULL,'2'),(6129,163,'IDRAC',1,24,NULL,NULL,''),(6130,164,'IDRAC',1,24,NULL,NULL,''),(6131,164,'Te1-P1',9,1084,NULL,NULL,'1'),(6132,164,'Te1-P2',9,1084,NULL,NULL,'2'),(6133,164,'Te2-P1',9,1084,NULL,NULL,'1'),(6134,164,'Te2-P2',9,1084,NULL,NULL,'2'),(6135,164,'Gi1',1,24,NULL,NULL,'1'),(6136,164,'Gi2',1,24,NULL,NULL,'2'),(6137,165,'Te1-P1',9,1084,NULL,NULL,'1'),(6138,165,'Te1-P2',9,1084,NULL,NULL,'2'),(6139,165,'Te2-P1',9,1084,NULL,NULL,'1'),(6140,165,'Te2-P2',9,1084,NULL,NULL,'2'),(6141,165,'Gi1',1,24,NULL,NULL,'1'),(6142,165,'Gi2',1,24,NULL,NULL,'2'),(6143,165,'IDRAC',1,24,NULL,NULL,''),(6144,166,'IDRAC',1,24,NULL,NULL,''),(6145,166,'Te1-P1',9,1084,NULL,NULL,'1'),(6146,166,'Te1-P2',9,1084,NULL,NULL,'2'),(6147,166,'Te2-P1',9,1084,NULL,NULL,'1'),(6148,166,'Te2-P2',9,1084,NULL,NULL,'2'),(6149,210,'C3-port1',9,1084,NULL,NULL,''),(6150,210,'C3-port3',1,24,NULL,NULL,''),(6151,210,'C5-port1',9,1084,NULL,NULL,''),(6152,210,'C6-port1',9,1084,NULL,NULL,''),(6153,210,'C7-port3',1,24,NULL,NULL,''),(6154,210,'C7-port1',9,1084,NULL,NULL,''),(6155,210,'hmc1',1,24,NULL,NULL,'1'),(6156,210,'hmc2',1,24,NULL,NULL,'2'),(6157,262,'IDRAC',1,24,NULL,NULL,''),(6158,262,'A1-port 1',9,1084,NULL,NULL,'1'),(6159,262,'A1-port 2',9,1084,NULL,NULL,'2'),(6160,262,'A2-port 1',9,1084,NULL,NULL,'1'),(6161,262,'A2-port 2',9,1084,NULL,NULL,'2'),(6162,211,'C7-port1',9,1084,NULL,NULL,''),(6163,211,'C3-port1',9,1084,NULL,NULL,''),(6164,211,'C3-port3',1,24,NULL,NULL,''),(6165,211,'C5-port1',9,1084,NULL,NULL,''),(6166,211,'C6-port1',9,1084,NULL,NULL,''),(6167,211,'C7-port3',1,24,NULL,NULL,''),(6169,211,'hmc1',1,24,NULL,NULL,'1'),(6170,211,'hmc2',1,24,NULL,NULL,'2'),(6171,212,'C3-port1',9,1084,NULL,NULL,''),(6172,212,'C3-port3',1,24,NULL,NULL,''),(6173,212,'C5-port1',9,1084,NULL,NULL,''),(6174,212,'C7-port1',9,1084,NULL,NULL,''),(6175,212,'C7-port3',1,24,NULL,NULL,''),(6176,212,'C6-port1',9,1084,NULL,NULL,''),(6177,212,'hmc1',1,24,NULL,NULL,'1'),(6178,212,'hmc2',1,24,NULL,NULL,'2'),(6179,236,'CU1',1,24,'141877492E3E',NULL,'1'),(6180,236,'CU2',1,24,'141877492E3E',NULL,'2'),(6181,235,'CU1',1,24,NULL,NULL,'1'),(6182,235,'CU2',1,24,NULL,NULL,'2'),(6183,233,'Ci1',1,24,NULL,NULL,'1'),(6184,233,'Ci2',1,24,NULL,NULL,'2'),(6185,233,'Ca1',1,24,NULL,NULL,'1'),(6186,233,'Ca2',1,24,NULL,NULL,'2'),(6187,233,'IDRAC',1,24,NULL,NULL,''),(6188,232,'Ci1',1,24,NULL,NULL,'1'),(6189,232,'Ci2',1,24,NULL,NULL,'2'),(6190,232,'Ca1',1,24,NULL,NULL,'1'),(6191,232,'Ca2',1,24,NULL,NULL,'2'),(6192,232,'IDRAC',1,24,NULL,NULL,''),(6194,231,'CU1',1,24,'2C44FD821D50',NULL,'1'),(6195,231,'CU2',1,24,'2C44FD821D50',NULL,'2'),(6196,231,'ILO',1,24,NULL,NULL,''),(6197,230,'CU1',1,24,NULL,NULL,'1'),(6198,230,'CU2',1,24,NULL,NULL,'2'),(6199,230,'ILO',1,24,NULL,NULL,''),(6207,270,'ETH0',1,24,NULL,NULL,'0'),(6208,270,'ETH1',1,24,NULL,NULL,'1'),(6209,270,'IDRAC',1,24,NULL,NULL,''),(6210,319,'CU1',1,24,NULL,NULL,'1'),(6211,319,'CU2',1,24,NULL,NULL,'2'),(6212,319,'ILO',1,24,NULL,NULL,''),(6213,237,'2:0',9,30,NULL,NULL,'0'),(6214,237,'2:1',9,30,NULL,NULL,'1'),(6215,237,'3:0',9,30,NULL,NULL,'0'),(6216,237,'3:1',9,30,NULL,NULL,'1'),(6217,237,'4:0',9,30,NULL,NULL,'0'),(6218,237,'4:1',9,30,NULL,NULL,'1'),(6219,237,'M:a',1,24,NULL,NULL,''),(6220,239,'M:0',1,24,NULL,NULL,'0'),(6221,239,'M:1',1,24,NULL,NULL,'1'),(6222,239,'M:2',1,24,NULL,NULL,'2'),(6223,239,'M:3',1,24,NULL,NULL,'3'),(6224,240,'0:0',9,1084,NULL,NULL,'0'),(6225,240,'0:1',9,1084,NULL,NULL,'1'),(6226,240,'M:0',1,24,NULL,NULL,'0'),(6227,240,'M:4',1,24,NULL,NULL,'4'),(6228,240,'M:5',1,24,NULL,NULL,'5'),(6229,267,'IDRAC',1,24,NULL,NULL,''),(6230,267,'CU1A',1,24,NULL,NULL,''),(6231,267,'CU1B',1,24,NULL,NULL,''),(6232,267,'FO1A',9,1084,NULL,NULL,''),(6233,267,'FO2A',9,1084,NULL,NULL,''),(6234,265,'CU1A',1,24,NULL,NULL,''),(6235,265,'CU1B',1,24,NULL,NULL,''),(6236,265,'IDRAC',1,24,NULL,NULL,''),(6237,265,'FO1A',9,1084,NULL,NULL,''),(6238,265,'FO2A',9,1084,NULL,NULL,''),(6239,264,'IDRAC',1,24,NULL,NULL,''),(6240,264,'CU1A',1,24,NULL,NULL,''),(6241,264,'CU1B',1,24,NULL,NULL,''),(6242,264,'FO1A',9,1084,NULL,NULL,''),(6243,264,'FO2A',9,1084,NULL,NULL,''),(6244,269,'CU1A',1,24,NULL,NULL,''),(6245,269,'CU1B',1,24,NULL,NULL,''),(6246,269,'IDRAC',1,24,NULL,NULL,''),(6271,167,'Te1-P1',9,1084,NULL,NULL,'1'),(6272,167,'Te1-P2',9,1084,NULL,NULL,'2'),(6273,167,'Te1',9,1084,NULL,NULL,'1'),(6274,167,'Te2',9,1084,NULL,NULL,'2'),(6275,167,'Gi1',1,24,NULL,NULL,'1'),(6276,167,'Gi2',1,24,NULL,NULL,'2'),(6277,167,'IDRAC',1,24,NULL,NULL,''),(6278,168,'Gi1',1,24,NULL,NULL,'1'),(6279,168,'Gi2',1,24,NULL,NULL,'2'),(6280,168,'Te1-P1',9,1084,NULL,NULL,'1'),(6281,168,'Te1-P2',9,1084,NULL,NULL,'2'),(6282,168,'Te2-P1',9,1084,NULL,NULL,'1'),(6283,168,'Te2-P2',9,1084,NULL,NULL,'2'),(6284,168,'IDRAC',1,24,NULL,NULL,''),(6285,169,'Te1-P1',9,1084,NULL,NULL,'1'),(6286,169,'Te1-P2',9,1084,NULL,NULL,'2'),(6287,169,'Te2-P1',9,1084,NULL,NULL,'1'),(6288,169,'Te2-P2',9,1084,NULL,NULL,'2'),(6289,169,'Gi1',1,24,NULL,NULL,'1'),(6290,169,'Gi2',1,24,NULL,NULL,'2'),(6291,169,'IDRAC',1,24,NULL,NULL,''),(6292,170,'Te1-P1',9,1084,NULL,NULL,'1'),(6293,170,'Te1-P2',9,1084,NULL,NULL,'2'),(6294,170,'Te2-P1',9,1084,NULL,NULL,'1'),(6295,170,'Te2-P2',9,1084,NULL,NULL,'2'),(6296,170,'Gi1',1,24,NULL,NULL,'1'),(6297,170,'Gi2',1,24,NULL,NULL,'2'),(6298,170,'IDRAC',1,24,NULL,NULL,''),(6299,171,'Te1-P1',9,1084,NULL,NULL,'1'),(6300,171,'Te1-P2',9,1084,NULL,NULL,'2'),(6301,171,'Te2-P1',9,1084,NULL,NULL,'1'),(6302,171,'Te2-P2',9,1084,NULL,NULL,'2'),(6303,171,'IDRAC',1,24,NULL,NULL,''),(6304,201,'HMC_PA4_Port-1',1,24,NULL,NULL,'1'),(6305,201,'HMC_PA4_Port-2',1,24,NULL,NULL,'2'),(6306,213,'hmc1',1,24,NULL,NULL,'1'),(6307,213,'hmc2',1,24,NULL,NULL,'2'),(6308,213,'C3-port1',9,1084,NULL,NULL,''),(6309,213,'C3-port3',1,24,NULL,NULL,''),(6310,213,'C5-port1',9,1084,NULL,NULL,''),(6311,213,'C6-port1',9,1084,NULL,NULL,''),(6312,213,'C7-port1',9,1084,NULL,NULL,''),(6313,213,'C7-port3',1,24,NULL,NULL,''),(6314,214,'hmc1',1,24,NULL,NULL,'1'),(6315,214,'hmc2',1,24,NULL,NULL,'2'),(6316,214,'C3-port1',9,1084,NULL,NULL,''),(6317,214,'C3-port3',1,24,NULL,NULL,''),(6318,214,'C5-port1',9,1084,NULL,NULL,''),(6319,214,'C6-port1',9,1084,NULL,NULL,''),(6320,214,'C7-port1',9,1084,NULL,NULL,''),(6321,214,'C7-port3',1,24,NULL,NULL,''),(6322,215,'C3-port1',9,1084,NULL,NULL,''),(6323,215,'C3-port3',1,24,NULL,NULL,''),(6324,215,'C5-port1',9,1084,NULL,NULL,''),(6325,215,'C6-port1',9,1084,NULL,NULL,''),(6326,215,'C7-port1',9,1084,NULL,NULL,''),(6327,215,'C7-port3',1,24,NULL,NULL,''),(6328,215,'C8-port1',9,1084,NULL,NULL,''),(6329,215,'C10-port1',9,1084,NULL,NULL,''),(6330,215,'hmc1',1,24,NULL,NULL,'1'),(6331,215,'hmc2',1,24,NULL,NULL,'2'),(6332,216,'hmc1',1,24,NULL,NULL,'1'),(6333,216,'hmc2',1,24,NULL,NULL,'2'),(6334,216,'C3-port1',9,1084,NULL,NULL,''),(6335,216,'C3-port3',1,24,NULL,NULL,''),(6336,216,'C5-port1',9,1084,NULL,NULL,''),(6337,216,'C6-port1',9,1084,NULL,NULL,''),(6338,216,'C7-port1',9,1084,NULL,NULL,''),(6339,216,'C7-port3',1,24,NULL,NULL,''),(6340,217,'C3-port1',9,1084,NULL,NULL,''),(6341,217,'C3-port3',1,24,NULL,NULL,''),(6342,217,'C5-port1',9,1084,NULL,NULL,''),(6343,217,'C6-port1',9,1084,NULL,NULL,''),(6344,217,'C7-port1',9,1084,NULL,NULL,''),(6345,217,'C7-port3',1,24,NULL,NULL,''),(6346,217,'hmc1',1,24,NULL,NULL,'1'),(6347,217,'hmc2',1,24,NULL,NULL,'2'),(6348,172,'Te1-P1',9,1084,NULL,NULL,'1'),(6349,172,'Te1-P2',9,1084,NULL,NULL,'2'),(6350,172,'Te2-P1',9,1084,NULL,NULL,'1'),(6351,172,'Te2-P2',9,1084,NULL,NULL,'2'),(6352,172,'IDRAC',1,24,NULL,NULL,''),(6353,173,'Te1-P1',9,1084,NULL,NULL,'1'),(6354,173,'Te1-P2',9,1084,NULL,NULL,'2'),(6355,173,'Te2-P1',9,1084,NULL,NULL,' 1'),(6356,173,'Te2-P2',9,1084,NULL,NULL,' 2'),(6357,173,'Gi1',1,24,NULL,NULL,'1'),(6358,173,'Gi2',1,24,NULL,NULL,'2'),(6359,173,'IDRAC',1,24,NULL,NULL,''),(6360,174,'Te1-P1',9,1084,NULL,NULL,'1'),(6361,174,'Te1-P2',9,1084,NULL,NULL,'2'),(6362,174,'Te2-P1',9,1084,NULL,NULL,'1'),(6363,174,'Te2-P2',9,1084,NULL,NULL,'2'),(6364,174,'Gi1',1,24,NULL,NULL,'1'),(6365,174,'Gi2',1,24,NULL,NULL,'2'),(6366,174,'IDRAC',1,24,NULL,NULL,''),(6367,175,'Te1-P1',9,1084,NULL,NULL,'1'),(6368,175,'Te1-P2',9,1084,NULL,NULL,'2'),(6369,175,'Te2-P1',9,1084,NULL,NULL,'1'),(6370,175,'Te2-P2',9,1084,NULL,NULL,'2'),(6371,175,'Gi1',6,1080,NULL,NULL,'1'),(6372,175,'Gi2',6,1080,NULL,NULL,'2'),(6373,175,'IDRAC',1,24,NULL,NULL,''),(6374,176,'Te1-P1',9,1084,NULL,NULL,'1'),(6375,176,'Te1-P2',9,1084,NULL,NULL,'2'),(6376,176,'Te2-P1',9,1084,NULL,NULL,'1'),(6377,176,'Te2-P2',9,1084,NULL,NULL,'2'),(6378,176,'Gi1',1,24,NULL,NULL,'1'),(6379,176,'Gi2',1,24,NULL,NULL,'2'),(6380,176,'IDRAC',1,24,NULL,NULL,''),(6381,177,'Te1-P1',9,1084,NULL,NULL,'1'),(6382,177,'Te1-P2',9,1084,NULL,NULL,'2'),(6383,177,'Te2-P1',9,1084,NULL,NULL,'1'),(6384,177,'Te2-P2',9,1084,NULL,NULL,'2'),(6385,177,'Gi1',1,24,NULL,NULL,'1'),(6386,177,'Gi2',1,24,NULL,NULL,'2'),(6387,177,'IDRAC',1,24,NULL,NULL,''),(6388,178,'Te1-P1',9,1084,NULL,NULL,'1'),(6389,178,'Te1-P2',9,1084,NULL,NULL,'2'),(6390,178,'Te2-P1',9,1084,NULL,NULL,'1'),(6391,178,'Te2-P2',9,1084,NULL,NULL,'2'),(6392,178,'Gi1',1,24,NULL,NULL,'1'),(6393,178,'Gi2',1,24,NULL,NULL,'2'),(6394,178,'IDRAC',1,24,NULL,NULL,''),(6395,179,'Te1-P1',9,1084,NULL,NULL,'1'),(6396,179,'Te1-P2',9,1084,NULL,NULL,'2'),(6397,179,'Te2-P1',9,1084,NULL,NULL,'1'),(6398,179,'Te2-P2',9,1084,NULL,NULL,'2'),(6399,179,'IDRAC',1,24,NULL,NULL,''),(6400,219,'C3-port1',9,1084,NULL,NULL,''),(6402,219,'C3-port3',1,24,NULL,NULL,''),(6403,219,'C5-port1',9,1084,NULL,NULL,''),(6404,219,'C7-port1',9,1084,NULL,NULL,''),(6405,219,'C7-port3',1,24,NULL,NULL,''),(6406,219,'C6-port1',9,1084,NULL,NULL,''),(6407,219,'C8-port1',9,1084,NULL,NULL,''),(6408,219,'C10-port1',9,1084,NULL,NULL,''),(6409,219,'hmc1',1,24,NULL,NULL,'1'),(6410,219,'hmc2',1,24,NULL,NULL,'2'),(6411,280,'CU1',1,24,NULL,NULL,'1'),(6412,280,'CU2',1,24,NULL,NULL,'2'),(6413,280,'IDRAC',1,24,NULL,NULL,''),(6414,281,'CU1',1,24,NULL,NULL,'1'),(6415,281,'CU2',1,24,NULL,NULL,'2'),(6416,281,'IDRAC',1,24,NULL,NULL,''),(6417,220,'C3-port1',9,1084,NULL,NULL,''),(6418,220,'C3-port3',1,24,NULL,NULL,''),(6419,220,'C5-port1',9,1084,NULL,NULL,''),(6420,220,'C6-port1',9,1084,NULL,NULL,''),(6421,220,'C7-port1',9,1084,NULL,NULL,''),(6422,220,'C7-port3',1,24,NULL,NULL,''),(6423,220,'hmc1',1,24,NULL,NULL,'1'),(6424,220,'hmc2',1,24,NULL,NULL,'2'),(6425,220,'C8-port1',9,1084,NULL,NULL,''),(6426,220,'C10-port1',9,1084,NULL,NULL,''),(6427,221,'C3-port1',9,1084,NULL,NULL,''),(6428,221,'C3-port3',1,24,NULL,NULL,''),(6429,221,'C5-port1',9,1084,NULL,NULL,''),(6430,221,'C6-port1',9,1084,NULL,NULL,''),(6431,221,'C7-port1',9,1084,NULL,NULL,''),(6432,221,'C7-port3',1,24,NULL,NULL,''),(6433,221,'hmc1',1,24,NULL,NULL,'1'),(6434,221,'hmc2',1,24,NULL,NULL,'2'),(6435,294,'CU1',1,24,NULL,NULL,'1'),(6436,294,'CU2',1,24,NULL,NULL,'2'),(6437,294,'IDRAC',1,24,NULL,NULL,''),(6438,293,'CU1',1,24,NULL,NULL,'1'),(6439,293,'CU2',1,24,NULL,NULL,'2'),(6440,293,'IDRAC',1,24,NULL,NULL,''),(6441,292,'Ci1',1,24,NULL,NULL,'1'),(6442,292,'Ci2',1,24,NULL,NULL,'2'),(6443,292,'Ca1',1,24,NULL,NULL,'1'),(6444,292,'Ca2',1,24,NULL,NULL,'2'),(6445,292,'IDRAC',1,24,NULL,NULL,''),(6446,291,'Ci1',1,24,NULL,NULL,'1'),(6447,291,'Ci2',1,24,NULL,NULL,'2'),(6448,291,'Ca1',1,24,NULL,NULL,'1'),(6449,291,'Ca2',1,24,NULL,NULL,'2'),(6450,291,'IDRAC',1,24,NULL,NULL,''),(6451,290,'CU1',1,24,NULL,NULL,'1'),(6452,290,'CU2',1,24,NULL,NULL,'2'),(6453,290,'ILO',1,24,NULL,NULL,''),(6456,238,'2:0',9,1084,NULL,NULL,'0'),(6457,238,'2:1',9,1084,NULL,NULL,'1'),(6458,238,'3:0',9,1084,NULL,NULL,'0'),(6459,238,'3:1',9,1084,NULL,NULL,'1'),(6460,238,'4:0',9,1084,NULL,NULL,'0'),(6461,238,'4:1',9,1084,NULL,NULL,'1'),(6462,238,'M:a',1,24,NULL,NULL,''),(6463,301,'ETH0',1,24,NULL,NULL,'0'),(6464,301,'ETH1',1,24,NULL,NULL,'1'),(6465,301,'IDRAC',1,24,NULL,NULL,''),(6466,241,'0:0',9,1084,NULL,NULL,''),(6467,241,'des',9,1084,NULL,NULL,''),(6468,241,'M:4',1,24,NULL,NULL,'4'),(6469,241,'M:5',1,24,NULL,NULL,'5'),(6471,241,'M:0',1,24,NULL,NULL,''),(6472,299,'CU1A',1,24,NULL,NULL,''),(6473,299,'CU1B',1,24,NULL,NULL,''),(6474,299,'FO1A',9,1084,NULL,NULL,''),(6475,299,'FO2A',9,1084,NULL,NULL,''),(6476,299,'IDRAC',1,24,NULL,NULL,''),(6477,297,'IDRAC',1,24,NULL,NULL,''),(6478,297,'CU1A',1,24,NULL,NULL,''),(6479,297,'CU1B',1,24,NULL,NULL,''),(6480,297,'FO1A',9,1084,NULL,NULL,''),(6481,297,'FO2A',9,1084,NULL,NULL,''),(6482,296,'CU1A',1,24,NULL,NULL,''),(6483,296,'CU1B',1,24,NULL,NULL,''),(6484,296,'FO1A',9,1084,NULL,NULL,''),(6485,296,'FO2A',9,1084,NULL,NULL,''),(6486,296,'IDRAC',1,24,NULL,NULL,''),(6487,65,'Port1',1,24,NULL,NULL,'C1-2 : 1'),(6488,65,'Port2',1,24,NULL,NULL,'C1-2 : 2'),(6489,65,'Port3',1,24,NULL,NULL,'C1-2 : 3'),(6490,65,'Port4',1,24,NULL,NULL,'C1-2 : 4'),(6491,65,'Port5',1,24,NULL,NULL,'C1-2 : 5'),(6492,65,'Port6',1,24,NULL,NULL,'C1-2 : 6'),(6493,65,'Port7',1,24,NULL,NULL,'C1-2 : 7'),(6494,65,'Port8',1,24,NULL,NULL,'C1-2 : 8'),(6495,65,'Port9',1,24,NULL,NULL,'C1-2 : 9'),(6496,65,'Port10',1,24,NULL,NULL,'C1-2 : 10'),(6497,65,'Port11',1,24,NULL,NULL,'C1-2 : 11'),(6498,65,'Port12',1,24,NULL,NULL,'C1-2 : 12'),(6499,65,'Port13',1,24,NULL,NULL,'C1-2 : 13'),(6500,65,'Port14',1,24,NULL,NULL,'C1-2 : 14'),(6501,65,'Port15',1,24,NULL,NULL,'C1-2 : 15'),(6502,65,'Port16',1,24,NULL,NULL,'C1-2 : 16'),(6503,65,'Port17',1,24,NULL,NULL,'C1-2 : 17'),(6504,65,'Port18',1,24,NULL,NULL,'C1-2 : 18');
/*!40000 ALTER TABLE `Port` ENABLE KEYS */;
UNLOCK TABLES;

--
-- Table structure for table `PortAllowedVLAN`
--

DROP TABLE IF EXISTS `PortAllowedVLAN`;
/*!40101 SET @saved_cs_client     = @@character_set_client */;
/*!40101 SET character_set_client = utf8 */;
CREATE TABLE `PortAllowedVLAN` (
  `object_id` int(10) unsigned NOT NULL,
  `port_name` char(255) COLLATE utf8_unicode_ci NOT NULL,
  `vlan_id` int(10) unsigned NOT NULL DEFAULT '0',
  PRIMARY KEY (`object_id`,`port_name`,`vlan_id`),
  KEY `vlan_id` (`vlan_id`),
  CONSTRAINT `PortAllowedVLAN-FK-object-port` FOREIGN KEY (`object_id`, `port_name`) REFERENCES `PortVLANMode` (`object_id`, `port_name`) ON DELETE CASCADE,
  CONSTRAINT `PortAllowedVLAN-FK-vlan_id` FOREIGN KEY (`vlan_id`) REFERENCES `VLANValidID` (`vlan_id`)
) ENGINE=InnoDB DEFAULT CHARSET=utf8 COLLATE=utf8_unicode_ci;
/*!40101 SET character_set_client = @saved_cs_client */;

--
-- Dumping data for table `PortAllowedVLAN`
--

LOCK TABLES `PortAllowedVLAN` WRITE;
/*!40000 ALTER TABLE `PortAllowedVLAN` DISABLE KEYS */;
/*!40000 ALTER TABLE `PortAllowedVLAN` ENABLE KEYS */;
UNLOCK TABLES;

--
-- Table structure for table `PortCompat`
--

DROP TABLE IF EXISTS `PortCompat`;
/*!40101 SET @saved_cs_client     = @@character_set_client */;
/*!40101 SET character_set_client = utf8 */;
CREATE TABLE `PortCompat` (
  `type1` int(10) unsigned NOT NULL DEFAULT '0',
  `type2` int(10) unsigned NOT NULL DEFAULT '0',
  UNIQUE KEY `type1_2` (`type1`,`type2`),
  KEY `type2` (`type2`),
  CONSTRAINT `PortCompat-FK-oif_id1` FOREIGN KEY (`type1`) REFERENCES `PortOuterInterface` (`id`),
  CONSTRAINT `PortCompat-FK-oif_id2` FOREIGN KEY (`type2`) REFERENCES `PortOuterInterface` (`id`)
) ENGINE=InnoDB DEFAULT CHARSET=utf8 COLLATE=utf8_unicode_ci;
/*!40101 SET character_set_client = @saved_cs_client */;

--
-- Dumping data for table `PortCompat`
--

LOCK TABLES `PortCompat` WRITE;
/*!40000 ALTER TABLE `PortCompat` DISABLE KEYS */;
INSERT INTO `PortCompat` VALUES (1322,16),(17,17),(18,18),(19,18),(24,18),(18,19),(19,19),(24,19),(18,24),(19,24),(24,24),(29,29),(681,29),(682,29),(30,30),(32,32),(446,33),(34,34),(35,35),(36,36),(37,37),(38,38),(39,39),(40,40),(41,41),(42,42),(439,439),(33,446),(29,681),(681,681),(682,681),(29,682),(681,682),(682,682),(1077,1077),(1084,1084),(1087,1087),(1089,1088),(1088,1089),(1091,1090),(1090,1091),(1195,1195),(1196,1196),(1197,1197),(1199,1198),(1198,1199),(1200,1200),(1201,1201),(1202,1202),(1203,1203),(1204,1204),(1205,1205),(1207,1206),(1206,1207),(1209,1209),(1210,1210),(1211,1211),(1212,1212),(1213,1213),(1214,1214),(1215,1215),(1216,1216),(1217,1217),(1218,1218),(1219,1219),(1220,1220),(1221,1221),(1222,1222),(1223,1223),(1224,1224),(1225,1225),(1226,1226),(1227,1227),(1228,1228),(1229,1229),(1230,1230),(1231,1231),(1232,1232),(1233,1233),(1234,1234),(1235,1235),(1236,1236),(1237,1237),(1238,1238),(1239,1239),(1240,1240),(1241,1241),(1242,1242),(1243,1243),(1244,1244),(1245,1245),(1246,1246),(1247,1247),(1248,1248),(1249,1249),(1250,1250),(1251,1251),(1252,1252),(1253,1253),(1254,1254),(1255,1255),(1256,1256),(1257,1257),(1258,1258),(1259,1259),(1260,1260),(1261,1261),(1262,1262),(1263,1263),(1264,1264),(1265,1265),(1266,1266),(1267,1267),(1268,1268),(1269,1269),(1270,1270),(1271,1271),(1272,1272),(1273,1273),(1274,1274),(1275,1275),(1276,1276),(1277,1277),(1278,1278),(1279,1279),(1280,1280),(1281,1281),(1282,1282),(1283,1283),(1284,1284),(1285,1285),(1286,1286),(1287,1287),(1288,1288),(1289,1289),(1290,1290),(1291,1291),(1292,1292),(1293,1293),(1294,1294),(1295,1295),(1296,1296),(1297,1297),(1298,1298),(1299,1299),(1300,1300),(1316,1316),(16,1322),(1399,1399),(1424,1424),(1425,1425),(1426,1426),(1427,1427),(1428,1428),(1429,1429),(1430,1430),(1431,1431),(1432,1432),(1433,1433),(1434,1434),(1435,1435),(1436,1436),(1437,1437),(1438,1438),(1439,1439),(1440,1440),(1441,1441),(1442,1442),(1443,1443),(1444,1444),(1445,1445),(1446,1446),(1447,1447),(1448,1448),(1449,1449),(1450,1450),(1451,1451),(1452,1452),(1453,1453),(1454,1454),(1455,1455),(1456,1456),(1457,1457),(1458,1458),(1459,1459),(1460,1460),(1461,1461),(1462,1462),(1463,1463),(1464,1464),(1465,1465),(1466,1466),(1469,1469),(1588,1588),(1589,1588),(1590,1588),(1588,1589),(1589,1589),(1590,1589),(1588,1590),(1589,1590),(1590,1590),(1591,1591),(1603,1603),(1642,1642),(1660,1660),(1661,1661),(1662,1662),(1663,1663),(1664,1664),(1668,1668),(1669,1669),(1670,1670),(1671,1671),(1672,1672),(1673,1673),(1674,1674),(1675,1675),(1676,1676),(1677,1677),(1678,1678),(1999,1999);
/*!40000 ALTER TABLE `PortCompat` ENABLE KEYS */;
UNLOCK TABLES;

--
-- Table structure for table `PortInnerInterface`
--

DROP TABLE IF EXISTS `PortInnerInterface`;
/*!40101 SET @saved_cs_client     = @@character_set_client */;
/*!40101 SET character_set_client = utf8 */;
CREATE TABLE `PortInnerInterface` (
  `id` int(10) unsigned NOT NULL,
  `iif_name` char(16) COLLATE utf8_unicode_ci NOT NULL,
  PRIMARY KEY (`id`),
  UNIQUE KEY `iif_name` (`iif_name`)
) ENGINE=InnoDB DEFAULT CHARSET=utf8 COLLATE=utf8_unicode_ci;
/*!40101 SET character_set_client = @saved_cs_client */;

--
-- Dumping data for table `PortInnerInterface`
--

LOCK TABLES `PortInnerInterface` WRITE;
/*!40000 ALTER TABLE `PortInnerInterface` DISABLE KEYS */;
INSERT INTO `PortInnerInterface` VALUES (11,'CFP'),(12,'CFP2'),(13,'CPAK'),(14,'CXP'),(3,'GBIC'),(1,'hardwired'),(10,'QSFP+'),(15,'QSFP28'),(2,'SFP-100'),(4,'SFP-1000'),(9,'SFP+'),(6,'X2'),(5,'XENPAK'),(8,'XFP'),(7,'XPAK');
/*!40000 ALTER TABLE `PortInnerInterface` ENABLE KEYS */;
UNLOCK TABLES;

--
-- Table structure for table `PortInterfaceCompat`
--

DROP TABLE IF EXISTS `PortInterfaceCompat`;
/*!40101 SET @saved_cs_client     = @@character_set_client */;
/*!40101 SET character_set_client = utf8 */;
CREATE TABLE `PortInterfaceCompat` (
  `iif_id` int(10) unsigned NOT NULL,
  `oif_id` int(10) unsigned NOT NULL,
  UNIQUE KEY `pair` (`iif_id`,`oif_id`),
  KEY `PortInterfaceCompat-FK-oif_id` (`oif_id`),
  CONSTRAINT `PortInterfaceCompat-FK-iif_id` FOREIGN KEY (`iif_id`) REFERENCES `PortInnerInterface` (`id`),
  CONSTRAINT `PortInterfaceCompat-FK-oif_id` FOREIGN KEY (`oif_id`) REFERENCES `PortOuterInterface` (`id`)
) ENGINE=InnoDB DEFAULT CHARSET=utf8 COLLATE=utf8_unicode_ci;
/*!40101 SET character_set_client = @saved_cs_client */;

--
-- Dumping data for table `PortInterfaceCompat`
--

LOCK TABLES `PortInterfaceCompat` WRITE;
/*!40000 ALTER TABLE `PortInterfaceCompat` DISABLE KEYS */;
INSERT INTO `PortInterfaceCompat` VALUES (1,16),(1,19),(1,24),(3,24),(4,24),(1,29),(5,30),(6,30),(7,30),(8,30),(9,30),(1,31),(1,33),(3,34),(4,34),(5,35),(6,35),(7,35),(8,35),(9,35),(5,36),(6,36),(7,36),(8,36),(9,36),(5,37),(6,37),(7,37),(8,37),(9,37),(5,38),(6,38),(7,38),(8,38),(9,38),(5,39),(6,39),(7,39),(8,39),(9,39),(5,40),(6,40),(7,40),(8,40),(9,40),(3,42),(4,42),(1,446),(1,681),(1,682),(4,1077),(3,1078),(5,1079),(6,1080),(7,1081),(8,1082),(9,1084),(4,1088),(4,1089),(4,1090),(4,1091),(2,1195),(2,1196),(2,1197),(2,1198),(2,1199),(2,1200),(2,1201),(3,1202),(4,1202),(3,1203),(4,1203),(3,1204),(4,1204),(3,1205),(4,1205),(3,1206),(4,1206),(3,1207),(4,1207),(2,1208),(1,1322),(1,1399),(1,1469),(10,1588),(15,1588),(12,1589),(13,1590),(14,1591),(10,1660),(15,1660),(10,1662),(15,1662),(10,1663),(15,1663),(10,1664),(15,1664),(11,1668),(11,1669),(12,1669),(13,1669),(11,1670),(12,1670),(13,1670),(15,1670),(11,1671),(12,1671),(13,1671),(15,1671),(11,1672),(12,1672),(13,1672),(15,1672),(11,1673),(12,1673),(13,1673),(15,1673),(11,1674),(12,1674),(13,1674),(15,1674),(11,1675),(12,1675),(13,1675),(11,1676),(12,1676),(13,1676),(14,1677),(14,1678);
/*!40000 ALTER TABLE `PortInterfaceCompat` ENABLE KEYS */;
UNLOCK TABLES;

--
-- Table structure for table `PortLog`
--

DROP TABLE IF EXISTS `PortLog`;
/*!40101 SET @saved_cs_client     = @@character_set_client */;
/*!40101 SET character_set_client = utf8 */;
CREATE TABLE `PortLog` (
  `id` int(10) unsigned NOT NULL AUTO_INCREMENT,
  `port_id` int(10) unsigned NOT NULL,
  `date` datetime NOT NULL,
  `user` varchar(64) COLLATE utf8_unicode_ci NOT NULL,
  `message` text COLLATE utf8_unicode_ci NOT NULL,
  PRIMARY KEY (`id`),
  KEY `port_id-date` (`port_id`,`date`),
  CONSTRAINT `PortLog_ibfk_1` FOREIGN KEY (`port_id`) REFERENCES `Port` (`id`) ON DELETE CASCADE
) ENGINE=InnoDB AUTO_INCREMENT=33 DEFAULT CHARSET=utf8 COLLATE=utf8_unicode_ci;
/*!40101 SET character_set_client = @saved_cs_client */;

--
-- Dumping data for table `PortLog`
--

LOCK TABLES `PortLog` WRITE;
/*!40000 ALTER TABLE `PortLog` DISABLE KEYS */;
INSERT INTO `PortLog` VALUES (2,582,'2018-04-25 10:43:45','RTadmin','linked to PA3-103-PDU3 AC1'),(4,583,'2018-04-25 10:43:53','RTadmin','linked to PA3-103-PDU3 AC2'),(6,528,'2018-04-26 14:29:39','RTadmin','linked to DC402NX e1/44'),(7,163,'2018-04-26 14:29:39','RTadmin','linked to DC401NX e1/1'),(8,1432,'2018-04-27 11:57:29','RTadmin','linked to DC301NX AC-1'),(9,582,'2018-04-27 11:57:29','RTadmin','linked to PA3-101-PDU1 Prise 1'),(10,582,'2018-04-27 11:58:10','RTadmin','unlinked from PA3-101-PDU1 Prise 1'),(11,1432,'2018-04-27 11:58:10','RTadmin','unlinked from DC301NX AC-1'),(12,800,'2018-04-27 14:46:06','RTadmin','linked to DC301NX e1/1'),(13,584,'2018-04-27 14:46:06','RTadmin','linked to DC301NX-FEX105 e105/1/1'),(14,584,'2018-04-27 14:47:16','RTadmin','unlinked from DC301NX-FEX105 e105/1/1'),(15,800,'2018-04-27 14:47:16','RTadmin','unlinked from DC301NX e1/1'),(16,2063,'2018-04-27 14:51:53','RTadmin','Reservation changed from \'\' to \' \''),(17,2063,'2018-04-27 14:52:00','RTadmin','Reservation changed from \'\' to \'e\''),(18,2067,'2018-04-27 14:52:41','RTadmin','Reservation changed from \'\' to \'Used\''),(19,2066,'2018-04-27 14:52:45','RTadmin','Reservation changed from \'\' to \'Used\''),(20,2064,'2018-04-27 14:52:49','RTadmin','Reservation changed from \'\' to \'Used\''),(21,2063,'2018-04-27 14:52:52','RTadmin','Reservation changed from \'\' to \'Used\''),(22,2065,'2018-04-27 14:52:55','RTadmin','Reservation changed from \'\' to \'Used\''),(23,6060,'2018-05-01 18:37:38','RTadmin','linked to DC301NX e1/8'),(24,591,'2018-05-01 18:37:38','RTadmin','linked to P8-S824 SX03V579 C7-port3'),(25,591,'2018-05-01 18:41:18','RTadmin','unlinked from P8-S824 SX03V579 C7-port3'),(26,6060,'2018-05-01 18:41:18','RTadmin','unlinked from DC301NX e1/8'),(27,6055,'2018-05-01 18:42:08','RTadmin','linked to DC301NX e1/6'),(28,589,'2018-05-01 18:42:08','RTadmin','linked to P8-S824 SX03V579 C3-port1'),(29,589,'2018-05-01 18:42:17','RTadmin','unlinked from P8-S824 SX03V579 C3-port1'),(30,6055,'2018-05-01 18:42:17','RTadmin','unlinked from DC301NX e1/6'),(31,974,'2018-05-02 15:08:28','RTadmin','unlinked from P8-S824 SX03N189 hmc1'),(32,6077,'2018-05-02 15:08:28','RTadmin','unlinked from DC302NX-FEX102 e102/1/6');
/*!40000 ALTER TABLE `PortLog` ENABLE KEYS */;
UNLOCK TABLES;

--
-- Table structure for table `PortNativeVLAN`
--

DROP TABLE IF EXISTS `PortNativeVLAN`;
/*!40101 SET @saved_cs_client     = @@character_set_client */;
/*!40101 SET character_set_client = utf8 */;
CREATE TABLE `PortNativeVLAN` (
  `object_id` int(10) unsigned NOT NULL,
  `port_name` char(255) COLLATE utf8_unicode_ci NOT NULL,
  `vlan_id` int(10) unsigned NOT NULL DEFAULT '0',
  PRIMARY KEY (`object_id`,`port_name`,`vlan_id`),
  UNIQUE KEY `port_id` (`object_id`,`port_name`),
  CONSTRAINT `PortNativeVLAN-FK-compound` FOREIGN KEY (`object_id`, `port_name`, `vlan_id`) REFERENCES `PortAllowedVLAN` (`object_id`, `port_name`, `vlan_id`) ON DELETE CASCADE
) ENGINE=InnoDB DEFAULT CHARSET=utf8 COLLATE=utf8_unicode_ci;
/*!40101 SET character_set_client = @saved_cs_client */;

--
-- Dumping data for table `PortNativeVLAN`
--

LOCK TABLES `PortNativeVLAN` WRITE;
/*!40000 ALTER TABLE `PortNativeVLAN` DISABLE KEYS */;
/*!40000 ALTER TABLE `PortNativeVLAN` ENABLE KEYS */;
UNLOCK TABLES;

--
-- Table structure for table `PortOuterInterface`
--

DROP TABLE IF EXISTS `PortOuterInterface`;
/*!40101 SET @saved_cs_client     = @@character_set_client */;
/*!40101 SET character_set_client = utf8 */;
CREATE TABLE `PortOuterInterface` (
  `id` int(10) unsigned NOT NULL AUTO_INCREMENT,
  `oif_name` char(48) COLLATE utf8_unicode_ci NOT NULL,
  PRIMARY KEY (`id`),
  UNIQUE KEY `oif_name` (`oif_name`)
) ENGINE=InnoDB AUTO_INCREMENT=2001 DEFAULT CHARSET=utf8 COLLATE=utf8_unicode_ci;
/*!40101 SET character_set_client = @saved_cs_client */;

--
-- Dumping data for table `PortOuterInterface`
--

LOCK TABLES `PortOuterInterface` WRITE;
/*!40000 ALTER TABLE `PortOuterInterface` DISABLE KEYS */;
INSERT INTO `PortOuterInterface` VALUES (1206,'1000Base-BX10-D'),(1207,'1000Base-BX10-U'),(1088,'1000Base-BX40-D'),(1089,'1000Base-BX40-U'),(1090,'1000Base-BX80-D'),(1091,'1000Base-BX80-U'),(1209,'1000Base-CWDM80-1470 (gray)'),(1210,'1000Base-CWDM80-1490 (violet)'),(1211,'1000Base-CWDM80-1510 (blue)'),(1212,'1000Base-CWDM80-1530 (green)'),(1213,'1000Base-CWDM80-1550 (yellow)'),(1214,'1000Base-CWDM80-1570 (orange)'),(1215,'1000Base-CWDM80-1590 (red)'),(1216,'1000Base-CWDM80-1610 (brown)'),(1424,'1000Base-CX'),(1258,'1000Base-DWDM80-28.77 (ITU 61)'),(1257,'1000Base-DWDM80-29.55 (ITU 60)'),(1256,'1000Base-DWDM80-30.33 (ITU 59)'),(1255,'1000Base-DWDM80-31.12 (ITU 58)'),(1254,'1000Base-DWDM80-31.90 (ITU 57)'),(1253,'1000Base-DWDM80-32.68 (ITU 56)'),(1252,'1000Base-DWDM80-33.47 (ITU 55)'),(1251,'1000Base-DWDM80-34.25 (ITU 54)'),(1250,'1000Base-DWDM80-35.04 (ITU 53)'),(1249,'1000Base-DWDM80-35.82 (ITU 52)'),(1248,'1000Base-DWDM80-36.61 (ITU 51)'),(1247,'1000Base-DWDM80-37.40 (ITU 50)'),(1246,'1000Base-DWDM80-38.19 (ITU 49)'),(1245,'1000Base-DWDM80-38.98 (ITU 48)'),(1244,'1000Base-DWDM80-39.77 (ITU 47)'),(1243,'1000Base-DWDM80-40.56 (ITU 46)'),(1242,'1000Base-DWDM80-41.35 (ITU 45)'),(1241,'1000Base-DWDM80-42.14 (ITU 44)'),(1240,'1000Base-DWDM80-42.94 (ITU 43)'),(1239,'1000Base-DWDM80-43.73 (ITU 42)'),(1238,'1000Base-DWDM80-44.53 (ITU 41)'),(1237,'1000Base-DWDM80-45.32 (ITU 40)'),(1236,'1000Base-DWDM80-46.12 (ITU 39)'),(1235,'1000Base-DWDM80-46.92 (ITU 38)'),(1234,'1000Base-DWDM80-47.72 (ITU 37)'),(1233,'1000Base-DWDM80-48.51 (ITU 36)'),(1232,'1000Base-DWDM80-49.32 (ITU 35)'),(1231,'1000Base-DWDM80-50.12 (ITU 34)'),(1230,'1000Base-DWDM80-50.92 (ITU 33)'),(1229,'1000Base-DWDM80-51.72 (ITU 32)'),(1228,'1000Base-DWDM80-52.52 (ITU 31)'),(1227,'1000Base-DWDM80-53.33 (ITU 30)'),(1226,'1000Base-DWDM80-54.13 (ITU 29)'),(1225,'1000Base-DWDM80-54.94 (ITU 28)'),(1224,'1000Base-DWDM80-55.75 (ITU 27)'),(1223,'1000Base-DWDM80-56.55 (ITU 26)'),(1222,'1000Base-DWDM80-57.36 (ITU 25)'),(1221,'1000Base-DWDM80-58.17 (ITU 24)'),(1220,'1000Base-DWDM80-58.98 (ITU 23)'),(1219,'1000Base-DWDM80-59.79 (ITU 22)'),(1218,'1000Base-DWDM80-60.61 (ITU 21)'),(1217,'1000Base-DWDM80-61.42 (ITU 20)'),(42,'1000Base-EX'),(1204,'1000Base-LX'),(1205,'1000Base-LX10'),(1202,'1000Base-SX'),(1203,'1000Base-SX+'),(24,'1000Base-T'),(1087,'1000Base-T (Dell 1855)'),(1316,'1000Base-T (Dell M1000e)'),(1603,'1000Base-T (HP c-Class)'),(34,'1000Base-ZX'),(1198,'100Base-BX10-D'),(1199,'100Base-BX10-U'),(1200,'100Base-EX'),(1195,'100Base-FX'),(1197,'100Base-LX10'),(1196,'100Base-SX'),(19,'100Base-TX'),(1604,'100Base-TX (HP c-Class)'),(1201,'100Base-ZX'),(1678,'100GBase-CR10'),(1677,'100GBase-CR4'),(1676,'100GBase-ER10'),(1671,'100GBase-ER4'),(1674,'100GBase-KP4'),(1673,'100GBase-KR4'),(1675,'100GBase-LR10'),(1670,'100GBase-LR4'),(1669,'100GBase-SR10'),(1672,'100GBase-SR4'),(18,'10Base-T'),(17,'10Base2'),(40,'10GBase-CX4'),(35,'10GBase-ER'),(1466,'10GBase-ER-DWDM40-28.77 (ITU 61)'),(1465,'10GBase-ER-DWDM40-29.55 (ITU 60)'),(1464,'10GBase-ER-DWDM40-30.33 (ITU 59)'),(1463,'10GBase-ER-DWDM40-31.12 (ITU 58)'),(1462,'10GBase-ER-DWDM40-31.90 (ITU 57)'),(1461,'10GBase-ER-DWDM40-32.68 (ITU 56)'),(1460,'10GBase-ER-DWDM40-33.47 (ITU 55)'),(1459,'10GBase-ER-DWDM40-34.25 (ITU 54)'),(1458,'10GBase-ER-DWDM40-35.04 (ITU 53)'),(1457,'10GBase-ER-DWDM40-35.82 (ITU 52)'),(1456,'10GBase-ER-DWDM40-36.61 (ITU 51)'),(1455,'10GBase-ER-DWDM40-37.40 (ITU 50)'),(1454,'10GBase-ER-DWDM40-38.19 (ITU 49)'),(1453,'10GBase-ER-DWDM40-38.98 (ITU 48)'),(1452,'10GBase-ER-DWDM40-39.77 (ITU 47)'),(1451,'10GBase-ER-DWDM40-40.56 (ITU 46)'),(1450,'10GBase-ER-DWDM40-41.35 (ITU 45)'),(1449,'10GBase-ER-DWDM40-42.14 (ITU 44)'),(1448,'10GBase-ER-DWDM40-42.94 (ITU 43)'),(1447,'10GBase-ER-DWDM40-43.73 (ITU 42)'),(1446,'10GBase-ER-DWDM40-44.53 (ITU 41)'),(1445,'10GBase-ER-DWDM40-45.32 (ITU 40)'),(1444,'10GBase-ER-DWDM40-46.12 (ITU 39)'),(1443,'10GBase-ER-DWDM40-46.92 (ITU 38)'),(1442,'10GBase-ER-DWDM40-47.72 (ITU 37)'),(1441,'10GBase-ER-DWDM40-48.51 (ITU 36)'),(1440,'10GBase-ER-DWDM40-49.32 (ITU 35)'),(1439,'10GBase-ER-DWDM40-50.12 (ITU 34)'),(1438,'10GBase-ER-DWDM40-50.92 (ITU 33)'),(1437,'10GBase-ER-DWDM40-51.72 (ITU 32)'),(1436,'10GBase-ER-DWDM40-52.52 (ITU 31)'),(1435,'10GBase-ER-DWDM40-53.33 (ITU 30)'),(1434,'10GBase-ER-DWDM40-54.13 (ITU 29)'),(1433,'10GBase-ER-DWDM40-54.94 (ITU 28)'),(1432,'10GBase-ER-DWDM40-55.75 (ITU 27)'),(1431,'10GBase-ER-DWDM40-56.55 (ITU 26)'),(1430,'10GBase-ER-DWDM40-57.36 (ITU 25)'),(1429,'10GBase-ER-DWDM40-58.17 (ITU 24)'),(1428,'10GBase-ER-DWDM40-58.98 (ITU 23)'),(1427,'10GBase-ER-DWDM40-59.79 (ITU 22)'),(1426,'10GBase-ER-DWDM40-60.61 (ITU 21)'),(1425,'10GBase-ER-DWDM40-61.42 (ITU 20)'),(1999,'10GBase-KR'),(41,'10GBase-KX4'),(36,'10GBase-LR'),(37,'10GBase-LRM'),(39,'10GBase-LX4'),(30,'10GBase-SR'),(1642,'10GBase-T'),(38,'10GBase-ZR'),(1300,'10GBase-ZR-DWDM80-28.77 (ITU 61)'),(1299,'10GBase-ZR-DWDM80-29.55 (ITU 60)'),(1298,'10GBase-ZR-DWDM80-30.33 (ITU 59)'),(1297,'10GBase-ZR-DWDM80-31.12 (ITU 58)'),(1296,'10GBase-ZR-DWDM80-31.90 (ITU 57)'),(1295,'10GBase-ZR-DWDM80-32.68 (ITU 56)'),(1294,'10GBase-ZR-DWDM80-33.47 (ITU 55)'),(1293,'10GBase-ZR-DWDM80-34.25 (ITU 54)'),(1292,'10GBase-ZR-DWDM80-35.04 (ITU 53)'),(1291,'10GBase-ZR-DWDM80-35.82 (ITU 52)'),(1290,'10GBase-ZR-DWDM80-36.61 (ITU 51)'),(1289,'10GBase-ZR-DWDM80-37.40 (ITU 50)'),(1288,'10GBase-ZR-DWDM80-38.19 (ITU 49)'),(1287,'10GBase-ZR-DWDM80-38.98 (ITU 48)'),(1286,'10GBase-ZR-DWDM80-39.77 (ITU 47)'),(1285,'10GBase-ZR-DWDM80-40.56 (ITU 46)'),(1284,'10GBase-ZR-DWDM80-41.35 (ITU 45)'),(1283,'10GBase-ZR-DWDM80-42.14 (ITU 44)'),(1282,'10GBase-ZR-DWDM80-42.94 (ITU 43)'),(1281,'10GBase-ZR-DWDM80-43.73 (ITU 42)'),(1280,'10GBase-ZR-DWDM80-44.53 (ITU 41)'),(1279,'10GBase-ZR-DWDM80-45.32 (ITU 40)'),(1278,'10GBase-ZR-DWDM80-46.12 (ITU 39)'),(1277,'10GBase-ZR-DWDM80-46.92 (ITU 38)'),(1276,'10GBase-ZR-DWDM80-47.72 (ITU 37)'),(1275,'10GBase-ZR-DWDM80-48.51 (ITU 36)'),(1274,'10GBase-ZR-DWDM80-49.32 (ITU 35)'),(1273,'10GBase-ZR-DWDM80-50.12 (ITU 34)'),(1272,'10GBase-ZR-DWDM80-50.92 (ITU 33)'),(1271,'10GBase-ZR-DWDM80-51.72 (ITU 32)'),(1270,'10GBase-ZR-DWDM80-52.52 (ITU 31)'),(1269,'10GBase-ZR-DWDM80-53.33 (ITU 30)'),(1268,'10GBase-ZR-DWDM80-54.13 (ITU 29)'),(1267,'10GBase-ZR-DWDM80-54.94 (ITU 28)'),(1266,'10GBase-ZR-DWDM80-55.75 (ITU 27)'),(1265,'10GBase-ZR-DWDM80-56.55 (ITU 26)'),(1264,'10GBase-ZR-DWDM80-57.36 (ITU 25)'),(1263,'10GBase-ZR-DWDM80-58.17 (ITU 24)'),(1262,'10GBase-ZR-DWDM80-58.98 (ITU 23)'),(1261,'10GBase-ZR-DWDM80-59.79 (ITU 22)'),(1260,'10GBase-ZR-DWDM80-60.61 (ITU 21)'),(1259,'10GBase-ZR-DWDM80-61.42 (ITU 20)'),(1662,'40GBase-ER4'),(1660,'40GBase-FR'),(1661,'40GBase-KR4'),(1664,'40GBase-LR4'),(1663,'40GBase-SR4'),(16,'AC-in'),(1322,'AC-out'),(1399,'DC'),(439,'dry contact'),(1668,'empty CFP'),(1589,'empty CFP2'),(1590,'empty CPAK'),(1591,'empty CXP'),(1078,'empty GBIC'),(1588,'empty QSFP'),(1208,'empty SFP-100'),(1077,'empty SFP-1000'),(1084,'empty SFP+'),(1080,'empty X2'),(1079,'empty XENPAK'),(1082,'empty XFP'),(1081,'empty XPAK'),(446,'KVM (console)'),(33,'KVM (host)'),(682,'RS-232 (DB-25)'),(681,'RS-232 (DB-9)'),(29,'RS-232 (RJ-45)'),(32,'sync serial'),(440,'unknown'),(31,'virtual bridge'),(1469,'virtual port');
/*!40000 ALTER TABLE `PortOuterInterface` ENABLE KEYS */;
UNLOCK TABLES;

--
-- Table structure for table `PortVLANMode`
--

DROP TABLE IF EXISTS `PortVLANMode`;
/*!40101 SET @saved_cs_client     = @@character_set_client */;
/*!40101 SET character_set_client = utf8 */;
CREATE TABLE `PortVLANMode` (
  `object_id` int(10) unsigned NOT NULL,
  `port_name` char(255) COLLATE utf8_unicode_ci NOT NULL,
  `vlan_mode` enum('access','trunk') COLLATE utf8_unicode_ci NOT NULL DEFAULT 'access',
  PRIMARY KEY (`object_id`,`port_name`),
  CONSTRAINT `PortVLANMode-FK-object-port` FOREIGN KEY (`object_id`, `port_name`) REFERENCES `CachedPVM` (`object_id`, `port_name`)
) ENGINE=InnoDB DEFAULT CHARSET=utf8 COLLATE=utf8_unicode_ci;
/*!40101 SET character_set_client = @saved_cs_client */;

--
-- Dumping data for table `PortVLANMode`
--

LOCK TABLES `PortVLANMode` WRITE;
/*!40000 ALTER TABLE `PortVLANMode` DISABLE KEYS */;
/*!40000 ALTER TABLE `PortVLANMode` ENABLE KEYS */;
UNLOCK TABLES;

--
-- Temporary table structure for view `Rack`
--

DROP TABLE IF EXISTS `Rack`;
/*!50001 DROP VIEW IF EXISTS `Rack`*/;
SET @saved_cs_client     = @@character_set_client;
SET character_set_client = utf8;
/*!50001 CREATE VIEW `Rack` AS SELECT 
 1 AS `id`,
 1 AS `name`,
 1 AS `asset_no`,
 1 AS `has_problems`,
 1 AS `comment`,
 1 AS `height`,
 1 AS `sort_order`,
 1 AS `thumb_data`,
 1 AS `row_id`,
 1 AS `row_name`,
 1 AS `location_id`,
 1 AS `location_name`*/;
SET character_set_client = @saved_cs_client;

--
-- Temporary table structure for view `RackObject`
--

DROP TABLE IF EXISTS `RackObject`;
/*!50001 DROP VIEW IF EXISTS `RackObject`*/;
SET @saved_cs_client     = @@character_set_client;
SET character_set_client = utf8;
/*!50001 CREATE VIEW `RackObject` AS SELECT 
 1 AS `id`,
 1 AS `name`,
 1 AS `label`,
 1 AS `objtype_id`,
 1 AS `asset_no`,
 1 AS `has_problems`,
 1 AS `comment`*/;
SET character_set_client = @saved_cs_client;

--
-- Table structure for table `RackSpace`
--

DROP TABLE IF EXISTS `RackSpace`;
/*!40101 SET @saved_cs_client     = @@character_set_client */;
/*!40101 SET character_set_client = utf8 */;
CREATE TABLE `RackSpace` (
  `rack_id` int(10) unsigned NOT NULL DEFAULT '0',
  `unit_no` int(10) unsigned NOT NULL DEFAULT '0',
  `atom` enum('front','interior','rear') COLLATE utf8_unicode_ci NOT NULL DEFAULT 'interior',
  `state` enum('A','U','T') COLLATE utf8_unicode_ci NOT NULL DEFAULT 'A',
  `object_id` int(10) unsigned DEFAULT NULL,
  PRIMARY KEY (`rack_id`,`unit_no`,`atom`),
  KEY `RackSpace_object_id` (`object_id`),
  CONSTRAINT `RackSpace-FK-object_id` FOREIGN KEY (`object_id`) REFERENCES `Object` (`id`) ON DELETE CASCADE,
  CONSTRAINT `RackSpace-FK-rack_id` FOREIGN KEY (`rack_id`) REFERENCES `Object` (`id`)
) ENGINE=InnoDB DEFAULT CHARSET=utf8 COLLATE=utf8_unicode_ci;
/*!40101 SET character_set_client = @saved_cs_client */;

--
-- Dumping data for table `RackSpace`
--

LOCK TABLES `RackSpace` WRITE;
/*!40000 ALTER TABLE `RackSpace` DISABLE KEYS */;
INSERT INTO `RackSpace` VALUES (4,1,'front','T',208),(4,1,'interior','T',208),(4,1,'rear','T',208),(4,2,'front','T',208),(4,2,'interior','T',208),(4,2,'rear','T',208),(4,3,'front','T',208),(4,3,'interior','T',208),(4,3,'rear','T',208),(4,4,'front','T',208),(4,4,'interior','T',208),(4,4,'rear','T',208),(4,5,'front','T',207),(4,5,'interior','T',207),(4,5,'rear','T',207),(4,6,'front','T',207),(4,6,'interior','T',207),(4,6,'rear','T',207),(4,7,'front','T',207),(4,7,'interior','T',207),(4,7,'rear','T',397),(4,8,'front','T',207),(4,8,'interior','T',207),(4,8,'rear','T',397),(4,9,'front','T',206),(4,9,'interior','T',206),(4,9,'rear','T',397),(4,10,'front','T',206),(4,10,'interior','T',206),(4,10,'rear','T',397),(4,11,'front','T',206),(4,11,'interior','T',206),(4,11,'rear','T',206),(4,12,'front','T',206),(4,12,'interior','T',206),(4,12,'rear','T',206),(4,13,'front','T',205),(4,13,'interior','T',205),(4,13,'rear','T',394),(4,14,'front','T',205),(4,14,'interior','T',205),(4,14,'rear','T',394),(4,15,'front','T',205),(4,15,'interior','T',205),(4,15,'rear','T',394),(4,16,'front','T',205),(4,16,'interior','T',205),(4,16,'rear','T',394),(4,17,'front','T',204),(4,17,'interior','T',204),(4,17,'rear','T',204),(4,18,'front','T',204),(4,18,'interior','T',204),(4,18,'rear','T',204),(4,19,'front','T',204),(4,19,'interior','T',204),(4,19,'rear','T',393),(4,20,'front','T',204),(4,20,'interior','T',204),(4,20,'rear','T',393),(4,21,'front','T',200),(4,21,'interior','T',200),(4,21,'rear','T',393),(4,22,'front','T',202),(4,22,'interior','T',202),(4,22,'rear','T',393),(4,26,'front','T',186),(4,26,'interior','T',186),(4,26,'rear','T',186),(4,27,'front','T',158),(4,27,'interior','T',158),(4,27,'rear','T',158),(4,28,'front','T',158),(4,28,'interior','T',158),(4,28,'rear','T',158),(4,29,'front','T',157),(4,29,'interior','T',157),(4,29,'rear','T',157),(4,30,'front','T',157),(4,30,'interior','T',157),(4,30,'rear','T',157),(4,31,'front','T',156),(4,31,'interior','T',156),(4,31,'rear','T',392),(4,32,'front','T',156),(4,32,'interior','T',156),(4,32,'rear','T',392),(4,33,'front','T',155),(4,33,'interior','T',155),(4,33,'rear','T',392),(4,34,'front','T',155),(4,34,'interior','T',155),(4,34,'rear','T',392),(4,35,'front','T',154),(4,35,'interior','T',154),(4,35,'rear','T',154),(4,36,'front','T',154),(4,36,'interior','T',154),(4,36,'rear','T',154),(4,37,'rear','T',391),(4,38,'rear','T',391),(4,39,'rear','T',391),(4,40,'rear','T',391),(4,41,'interior','T',43),(4,41,'rear','T',43),(4,42,'rear','T',370),(4,43,'interior','T',42),(4,43,'rear','T',370),(4,44,'interior','T',224),(4,44,'rear','T',370),(4,45,'interior','T',41),(4,45,'rear','T',370),(4,46,'interior','T',40),(5,4,'front','T',222),(5,4,'interior','T',222),(5,4,'rear','T',222),(5,5,'front','T',222),(5,5,'interior','T',222),(5,5,'rear','T',222),(5,6,'front','T',222),(5,6,'interior','T',222),(5,6,'rear','T',222),(5,7,'front','T',222),(5,7,'interior','T',222),(5,7,'rear','T',406),(5,8,'front','T',222),(5,8,'interior','T',222),(5,8,'rear','T',406),(5,9,'front','T',222),(5,9,'interior','T',222),(5,9,'rear','T',406),(5,10,'front','T',337),(5,10,'interior','T',337),(5,10,'rear','T',406),(5,11,'front','T',337),(5,11,'interior','T',337),(5,11,'rear','T',337),(5,13,'front','T',243),(5,13,'interior','T',243),(5,13,'rear','T',405),(5,14,'rear','T',405),(5,15,'front','T',242),(5,15,'interior','T',242),(5,15,'rear','T',405),(5,16,'rear','T',405),(5,17,'front','T',210),(5,17,'interior','T',210),(5,17,'rear','T',210),(5,18,'front','T',210),(5,18,'interior','T',210),(5,18,'rear','T',210),(5,19,'front','T',210),(5,19,'interior','T',210),(5,19,'rear','T',404),(5,20,'front','T',210),(5,20,'interior','T',210),(5,20,'rear','T',404),(5,21,'front','T',209),(5,21,'interior','T',209),(5,21,'rear','T',404),(5,22,'front','T',209),(5,22,'interior','T',209),(5,22,'rear','T',404),(5,23,'front','T',166),(5,23,'interior','T',166),(5,23,'rear','T',166),(5,24,'front','T',166),(5,24,'interior','T',166),(5,24,'rear','T',166),(5,25,'front','T',165),(5,25,'interior','T',165),(5,25,'rear','T',165),(5,26,'front','T',165),(5,26,'interior','T',165),(5,26,'rear','T',165),(5,27,'front','T',187),(5,27,'interior','T',187),(5,27,'rear','T',187),(5,28,'front','T',164),(5,28,'interior','T',164),(5,28,'rear','T',164),(5,29,'front','T',164),(5,29,'interior','T',164),(5,29,'rear','T',164),(5,30,'front','T',163),(5,30,'interior','T',163),(5,30,'rear','T',163),(5,31,'front','T',163),(5,31,'interior','T',163),(5,31,'rear','T',403),(5,32,'front','T',162),(5,32,'interior','T',162),(5,32,'rear','T',403),(5,33,'front','T',162),(5,33,'interior','T',162),(5,33,'rear','T',403),(5,34,'front','T',161),(5,34,'interior','T',161),(5,34,'rear','T',403),(5,35,'front','T',161),(5,35,'interior','T',161),(5,35,'rear','T',161),(5,36,'front','T',160),(5,36,'interior','T',160),(5,36,'rear','T',160),(5,37,'front','T',160),(5,37,'interior','T',160),(5,37,'rear','T',402),(5,38,'front','T',159),(5,38,'interior','T',159),(5,38,'rear','T',402),(5,39,'front','T',159),(5,39,'interior','T',159),(5,39,'rear','T',402),(5,40,'rear','T',402),(5,41,'interior','T',47),(5,41,'rear','T',47),(5,42,'rear','T',401),(5,43,'interior','T',46),(5,43,'rear','T',401),(5,44,'interior','T',224),(5,44,'rear','T',401),(5,45,'interior','T',45),(5,45,'rear','T',401),(5,46,'interior','T',44),(5,46,'rear','T',44),(6,7,'rear','T',414),(6,8,'rear','T',414),(6,9,'rear','T',414),(6,10,'rear','T',414),(6,13,'rear','T',413),(6,14,'rear','T',413),(6,15,'rear','T',413),(6,16,'rear','T',413),(6,17,'front','T',249),(6,17,'interior','T',249),(6,17,'rear','T',249),(6,19,'front','T',248),(6,19,'interior','T',248),(6,19,'rear','T',412),(6,20,'front','T',224),(6,20,'interior','T',224),(6,20,'rear','T',412),(6,21,'front','T',247),(6,21,'interior','T',247),(6,21,'rear','T',412),(6,22,'front','T',224),(6,22,'interior','T',224),(6,22,'rear','T',412),(6,23,'front','T',224),(6,23,'interior','T',224),(6,24,'front','T',246),(6,24,'interior','T',246),(6,24,'rear','T',246),(6,25,'front','T',224),(6,25,'interior','T',224),(6,26,'front','T',245),(6,26,'interior','T',245),(6,26,'rear','T',245),(6,27,'front','T',224),(6,27,'interior','T',224),(6,28,'front','T',244),(6,28,'interior','T',244),(6,28,'rear','T',244),(6,29,'front','T',63),(6,29,'interior','T',63),(6,30,'front','T',62),(6,30,'interior','T',62),(6,31,'front','T',224),(6,31,'interior','T',224),(6,31,'rear','T',411),(6,32,'front','T',61),(6,32,'interior','T',61),(6,32,'rear','T',411),(6,33,'front','T',60),(6,33,'interior','T',60),(6,33,'rear','T',411),(6,34,'front','T',224),(6,34,'interior','T',224),(6,34,'rear','T',411),(6,35,'front','T',59),(6,35,'interior','T',59),(6,36,'front','T',58),(6,36,'interior','T',58),(6,37,'front','T',224),(6,37,'interior','T',224),(6,37,'rear','T',410),(6,38,'front','T',57),(6,38,'interior','T',57),(6,38,'rear','T',410),(6,39,'front','T',56),(6,39,'interior','T',56),(6,39,'rear','T',410),(6,40,'front','T',224),(6,40,'interior','T',224),(6,40,'rear','T',410),(6,41,'front','T',55),(6,41,'interior','T',55),(6,42,'front','T',54),(6,42,'interior','T',54),(6,42,'rear','T',409),(6,43,'front','T',224),(6,43,'interior','T',224),(6,43,'rear','T',409),(6,44,'front','T',53),(6,44,'interior','T',53),(6,44,'rear','T',409),(6,45,'front','T',52),(6,45,'interior','T',52),(6,45,'rear','T',409),(6,46,'front','T',50),(6,46,'interior','T',50),(7,1,'front','T',340),(7,1,'interior','T',340),(7,1,'rear','T',340),(7,2,'front','T',340),(7,2,'interior','T',340),(7,2,'rear','T',340),(7,3,'front','T',340),(7,3,'interior','T',340),(7,3,'rear','T',340),(7,4,'front','T',340),(7,4,'interior','T',340),(7,4,'rear','T',340),(7,5,'front','T',340),(7,5,'interior','T',340),(7,5,'rear','T',340),(7,6,'front','T',340),(7,6,'interior','T',340),(7,6,'rear','T',340),(7,7,'front','T',340),(7,7,'interior','T',340),(7,7,'rear','T',420),(7,8,'front','T',340),(7,8,'interior','T',340),(7,8,'rear','T',420),(7,9,'front','T',340),(7,9,'interior','T',340),(7,9,'rear','T',420),(7,10,'front','T',340),(7,10,'interior','T',340),(7,10,'rear','T',420),(7,11,'front','T',224),(7,11,'interior','T',224),(7,12,'front','T',255),(7,12,'interior','T',255),(7,12,'rear','T',255),(7,13,'front','T',224),(7,13,'interior','T',224),(7,13,'rear','T',419),(7,14,'front','T',254),(7,14,'interior','T',254),(7,14,'rear','T',419),(7,15,'front','T',224),(7,15,'interior','T',224),(7,15,'rear','T',419),(7,16,'front','T',253),(7,16,'interior','T',253),(7,16,'rear','T',419),(7,17,'front','T',224),(7,17,'interior','T',224),(7,18,'front','T',252),(7,18,'interior','T',252),(7,18,'rear','T',252),(7,19,'front','T',224),(7,19,'interior','T',224),(7,19,'rear','T',418),(7,20,'front','T',251),(7,20,'interior','T',251),(7,20,'rear','T',418),(7,21,'front','T',224),(7,21,'interior','T',224),(7,21,'rear','T',418),(7,22,'front','T',250),(7,22,'interior','T',250),(7,22,'rear','T',418),(7,23,'front','T',224),(7,23,'interior','T',224),(7,25,'front','T',339),(7,25,'interior','T',339),(7,25,'rear','T',339),(7,26,'front','T',339),(7,26,'interior','T',339),(7,26,'rear','T',339),(7,28,'front','T',224),(7,28,'interior','T',224),(7,30,'front','T',224),(7,30,'interior','T',224),(7,31,'front','T',74),(7,31,'interior','T',74),(7,31,'rear','T',417),(7,32,'front','T',73),(7,32,'interior','T',73),(7,32,'rear','T',417),(7,33,'front','T',224),(7,33,'interior','T',224),(7,33,'rear','T',417),(7,34,'front','T',72),(7,34,'interior','T',72),(7,34,'rear','T',417),(7,35,'front','T',71),(7,35,'interior','T',71),(7,36,'front','T',224),(7,36,'interior','T',224),(7,37,'front','T',70),(7,37,'interior','T',70),(7,37,'rear','T',416),(7,38,'front','T',69),(7,38,'interior','T',69),(7,38,'rear','T',416),(7,39,'front','T',224),(7,39,'interior','T',224),(7,39,'rear','T',416),(7,40,'front','T',68),(7,40,'interior','T',68),(7,40,'rear','T',416),(7,41,'front','T',67),(7,41,'interior','T',67),(7,42,'front','T',224),(7,42,'interior','T',224),(7,42,'rear','T',415),(7,43,'front','T',66),(7,43,'interior','T',66),(7,43,'rear','T',415),(7,44,'front','T',65),(7,44,'interior','T',65),(7,44,'rear','T',415),(7,45,'front','T',224),(7,45,'interior','T',224),(7,45,'rear','T',415),(7,46,'front','T',64),(7,46,'interior','T',64),(8,7,'front','T',426),(8,8,'front','T',426),(8,9,'front','T',426),(8,10,'front','T',426),(8,13,'front','T',425),(8,13,'interior','T',315),(8,13,'rear','T',315),(8,14,'front','T',425),(8,14,'interior','T',351),(8,14,'rear','T',351),(8,15,'front','T',425),(8,16,'front','T',425),(8,16,'interior','T',224),(8,17,'front','T',314),(8,17,'interior','T',314),(8,17,'rear','T',314),(8,18,'front','T',224),(8,18,'interior','T',224),(8,19,'front','T',424),(8,19,'interior','T',313),(8,19,'rear','T',313),(8,20,'front','T',424),(8,20,'interior','T',313),(8,20,'rear','T',313),(8,21,'front','T',424),(8,21,'interior','T',224),(8,22,'front','T',424),(8,22,'interior','T',312),(8,22,'rear','T',312),(8,24,'front','T',311),(8,24,'interior','T',311),(8,24,'rear','T',311),(8,25,'front','T',224),(8,25,'interior','T',224),(8,26,'front','T',310),(8,26,'interior','T',310),(8,26,'rear','T',310),(8,28,'front','T',309),(8,28,'interior','T',309),(8,28,'rear','T',309),(8,29,'front','T',224),(8,29,'interior','T',224),(8,30,'front','T',352),(8,30,'interior','T',352),(8,30,'rear','T',352),(8,31,'front','T',423),(8,31,'interior','T',352),(8,31,'rear','T',352),(8,32,'front','T',423),(8,32,'interior','T',224),(8,33,'front','T',423),(8,33,'interior','T',308),(8,33,'rear','T',308),(8,34,'front','T',423),(8,34,'interior','T',224),(8,35,'front','T',307),(8,35,'interior','T',307),(8,35,'rear','T',307),(8,36,'front','T',307),(8,36,'interior','T',307),(8,36,'rear','T',307),(8,37,'front','T',422),(8,37,'interior','T',307),(8,37,'rear','T',307),(8,38,'front','T',422),(8,38,'interior','T',224),(8,39,'front','T',422),(8,39,'interior','T',306),(8,39,'rear','T',306),(8,40,'front','T',422),(8,40,'interior','T',224),(8,41,'front','T',79),(8,41,'interior','T',79),(8,42,'front','T',421),(8,42,'interior','T',78),(8,43,'front','T',421),(8,43,'interior','T',77),(8,44,'front','T',421),(8,44,'interior','T',76),(8,45,'front','T',421),(8,45,'interior','T',224),(8,46,'front','T',75),(8,46,'interior','T',75),(9,1,'front','T',318),(9,1,'interior','T',318),(9,1,'rear','T',318),(9,2,'front','T',318),(9,2,'interior','T',318),(9,2,'rear','T',318),(9,3,'front','T',318),(9,3,'interior','T',318),(9,3,'rear','T',318),(9,4,'front','T',318),(9,4,'interior','T',318),(9,4,'rear','T',318),(9,5,'front','T',318),(9,5,'interior','T',318),(9,5,'rear','T',318),(9,6,'front','T',262),(9,6,'interior','T',262),(9,6,'rear','T',262),(9,7,'front','T',262),(9,7,'interior','T',262),(9,7,'rear','T',432),(9,8,'front','T',345),(9,8,'interior','T',345),(9,8,'rear','T',432),(9,9,'front','T',345),(9,9,'interior','T',345),(9,9,'rear','T',432),(9,10,'rear','T',432),(9,11,'front','T',261),(9,11,'interior','T',261),(9,11,'rear','T',261),(9,12,'front','T',261),(9,12,'interior','T',261),(9,12,'rear','T',261),(9,13,'front','T',260),(9,13,'interior','T',260),(9,13,'rear','T',431),(9,14,'front','T',260),(9,14,'interior','T',260),(9,14,'rear','T',431),(9,15,'front','T',343),(9,15,'interior','T',343),(9,15,'rear','T',431),(9,16,'front','T',343),(9,16,'interior','T',343),(9,16,'rear','T',431),(9,17,'front','T',259),(9,17,'interior','T',259),(9,17,'rear','T',259),(9,18,'front','T',259),(9,18,'interior','T',259),(9,18,'rear','T',259),(9,19,'front','T',343),(9,19,'interior','T',343),(9,19,'rear','T',430),(9,20,'front','T',343),(9,20,'interior','T',343),(9,20,'rear','T',430),(9,21,'front','T',258),(9,21,'interior','T',258),(9,21,'rear','T',430),(9,22,'front','T',258),(9,22,'interior','T',258),(9,22,'rear','T',430),(9,25,'front','T',195),(9,25,'interior','T',195),(9,25,'rear','T',195),(9,26,'front','T',188),(9,26,'interior','T',188),(9,26,'rear','T',188),(9,27,'front','T',317),(9,27,'interior','T',317),(9,27,'rear','T',317),(9,28,'front','T',344),(9,28,'interior','T',344),(9,28,'rear','T',344),(9,29,'front','T',344),(9,29,'interior','T',344),(9,29,'rear','T',344),(9,30,'front','T',344),(9,30,'interior','T',344),(9,30,'rear','T',344),(9,31,'front','T',344),(9,31,'interior','T',344),(9,31,'rear','T',429),(9,32,'front','T',344),(9,32,'interior','T',344),(9,32,'rear','T',429),(9,33,'front','T',349),(9,33,'interior','T',349),(9,33,'rear','T',429),(9,34,'front','T',256),(9,34,'interior','T',256),(9,34,'rear','T',429),(9,35,'front','T',256),(9,35,'interior','T',256),(9,35,'rear','T',256),(9,37,'rear','T',428),(9,38,'rear','T',428),(9,39,'front','T',257),(9,39,'interior','T',257),(9,39,'rear','T',428),(9,40,'front','T',257),(9,40,'interior','T',257),(9,40,'rear','T',428),(9,41,'front','T',341),(9,41,'interior','T',341),(9,41,'rear','T',341),(9,42,'front','T',341),(9,42,'interior','T',341),(9,42,'rear','T',427),(9,43,'front','T',341),(9,43,'interior','T',341),(9,43,'rear','T',427),(9,44,'interior','T',81),(9,44,'rear','T',427),(9,45,'interior','T',224),(9,45,'rear','T',427),(9,46,'interior','T',80),(9,46,'rear','T',80),(10,1,'front','T',236),(10,1,'interior','T',236),(10,1,'rear','T',236),(10,2,'front','T',236),(10,2,'interior','T',236),(10,2,'rear','T',236),(10,3,'front','T',236),(10,3,'interior','T',236),(10,3,'rear','T',236),(10,4,'front','T',236),(10,4,'interior','T',236),(10,4,'rear','T',236),(10,5,'front','T',235),(10,5,'interior','T',235),(10,5,'rear','T',235),(10,6,'front','T',235),(10,6,'interior','T',235),(10,6,'rear','T',235),(10,7,'front','T',234),(10,7,'interior','T',234),(10,7,'rear','T',451),(10,8,'front','T',234),(10,8,'interior','T',234),(10,8,'rear','T',451),(10,9,'front','T',212),(10,9,'interior','T',212),(10,9,'rear','T',451),(10,10,'front','T',212),(10,10,'interior','T',212),(10,10,'rear','T',451),(10,11,'front','T',212),(10,11,'interior','T',212),(10,11,'rear','T',212),(10,12,'front','T',212),(10,12,'interior','T',212),(10,12,'rear','T',212),(10,13,'front','T',211),(10,13,'interior','T',211),(10,13,'rear','T',438),(10,14,'front','T',211),(10,14,'interior','T',211),(10,14,'rear','T',438),(10,15,'front','T',211),(10,15,'interior','T',211),(10,15,'rear','T',438),(10,16,'front','T',211),(10,16,'interior','T',211),(10,16,'rear','T',438),(10,17,'front','T',338),(10,17,'interior','T',338),(10,17,'rear','T',338),(10,18,'front','T',338),(10,18,'interior','T',338),(10,18,'rear','T',338),(10,19,'front','T',338),(10,19,'interior','T',338),(10,19,'rear','T',437),(10,20,'front','T',338),(10,20,'interior','T',338),(10,20,'rear','T',437),(10,21,'front','T',233),(10,21,'interior','T',233),(10,21,'rear','T',437),(10,22,'front','T',233),(10,22,'interior','T',233),(10,22,'rear','T',437),(10,23,'front','T',232),(10,23,'interior','T',232),(10,23,'rear','T',232),(10,24,'front','T',232),(10,24,'interior','T',232),(10,24,'rear','T',232),(10,25,'front','T',196),(10,25,'interior','T',196),(10,25,'rear','T',196),(10,26,'front','T',189),(10,26,'interior','T',189),(10,26,'rear','T',189),(10,29,'front','T',231),(10,29,'interior','T',231),(10,29,'rear','T',231),(10,30,'front','T',231),(10,30,'interior','T',231),(10,30,'rear','T',231),(10,31,'front','T',230),(10,31,'interior','T',230),(10,31,'rear','T',436),(10,32,'rear','T',436),(10,33,'front','T',229),(10,33,'interior','T',229),(10,33,'rear','T',436),(10,34,'front','T',229),(10,34,'interior','T',229),(10,34,'rear','T',436),(10,35,'front','T',228),(10,35,'interior','T',228),(10,35,'rear','T',228),(10,36,'front','T',228),(10,36,'interior','T',228),(10,36,'rear','T',228),(10,37,'front','T',227),(10,37,'interior','T',227),(10,37,'rear','T',435),(10,38,'front','T',227),(10,38,'interior','T',227),(10,38,'rear','T',435),(10,39,'front','T',226),(10,39,'interior','T',226),(10,39,'rear','T',435),(10,40,'front','T',226),(10,40,'interior','T',226),(10,40,'rear','T',435),(10,41,'front','T',225),(10,41,'interior','T',225),(10,41,'rear','T',225),(10,42,'front','T',225),(10,42,'interior','T',225),(10,42,'rear','T',434),(10,43,'interior','T',84),(10,43,'rear','T',434),(10,44,'interior','T',224),(10,44,'rear','T',434),(10,45,'interior','T',83),(10,45,'rear','T',434),(10,46,'interior','T',82),(10,46,'rear','T',82),(11,1,'front','T',237),(11,1,'interior','T',237),(11,1,'rear','T',237),(11,2,'front','T',237),(11,2,'interior','T',237),(11,2,'rear','T',237),(11,3,'front','T',237),(11,3,'interior','T',237),(11,3,'rear','T',237),(11,4,'front','T',237),(11,4,'interior','T',237),(11,4,'rear','T',237),(11,5,'front','T',237),(11,5,'interior','T',237),(11,5,'rear','T',237),(11,6,'front','T',237),(11,6,'interior','T',237),(11,6,'rear','T',237),(11,7,'front','T',237),(11,7,'interior','T',237),(11,7,'rear','T',444),(11,8,'front','T',237),(11,8,'interior','T',237),(11,8,'rear','T',444),(11,9,'front','T',237),(11,9,'interior','T',237),(11,9,'rear','T',444),(11,10,'front','T',237),(11,10,'interior','T',237),(11,10,'rear','T',444),(11,11,'front','T',237),(11,11,'interior','T',237),(11,11,'rear','T',237),(11,12,'front','T',237),(11,12,'interior','T',237),(11,12,'rear','T',237),(11,13,'front','T',237),(11,13,'interior','T',237),(11,13,'rear','T',443),(11,14,'front','T',237),(11,14,'interior','T',237),(11,14,'rear','T',443),(11,15,'front','T',237),(11,15,'interior','T',237),(11,15,'rear','T',443),(11,16,'front','T',237),(11,16,'interior','T',237),(11,16,'rear','T',443),(11,17,'front','T',237),(11,17,'interior','T',237),(11,17,'rear','T',237),(11,18,'front','T',237),(11,18,'interior','T',237),(11,18,'rear','T',237),(11,19,'front','T',237),(11,19,'interior','T',237),(11,19,'rear','T',442),(11,20,'front','T',237),(11,20,'interior','T',237),(11,20,'rear','T',442),(11,21,'front','T',237),(11,21,'interior','T',237),(11,21,'rear','T',442),(11,22,'front','T',237),(11,22,'interior','T',237),(11,22,'rear','T',442),(11,23,'front','T',237),(11,23,'interior','T',237),(11,23,'rear','T',237),(11,24,'front','T',237),(11,24,'interior','T',237),(11,24,'rear','T',237),(11,25,'front','T',237),(11,25,'interior','T',237),(11,25,'rear','T',237),(11,26,'front','T',190),(11,26,'interior','T',190),(11,26,'rear','T',190),(11,27,'front','T',263),(11,27,'interior','T',263),(11,27,'rear','T',263),(11,28,'front','T',263),(11,28,'interior','T',263),(11,28,'rear','T',263),(11,31,'rear','T',441),(11,32,'rear','T',441),(11,33,'rear','T',441),(11,34,'rear','T',441),(11,37,'rear','T',440),(11,38,'rear','T',440),(11,39,'rear','T',440),(11,40,'rear','T',440),(11,41,'front','T',341),(11,41,'interior','T',341),(11,41,'rear','T',341),(11,42,'front','T',341),(11,42,'interior','T',341),(11,42,'rear','T',439),(11,43,'front','T',341),(11,43,'interior','T',341),(11,43,'rear','T',439),(11,44,'interior','T',224),(11,44,'rear','T',439),(11,45,'interior','T',87),(11,45,'rear','T',439),(11,46,'interior','T',86),(11,46,'rear','T',86),(12,1,'front','T',198),(12,1,'interior','T',198),(12,1,'rear','T',198),(12,2,'front','T',198),(12,2,'interior','T',198),(12,2,'rear','T',198),(12,3,'front','T',198),(12,3,'interior','T',198),(12,3,'rear','T',198),(12,4,'front','T',198),(12,4,'interior','T',198),(12,4,'rear','T',198),(12,5,'front','T',198),(12,5,'interior','T',198),(12,5,'rear','T',198),(12,6,'front','T',198),(12,6,'interior','T',198),(12,6,'rear','T',198),(12,7,'front','T',198),(12,7,'interior','T',198),(12,7,'rear','T',450),(12,8,'front','T',198),(12,8,'interior','T',198),(12,8,'rear','T',450),(12,9,'front','T',198),(12,9,'interior','T',198),(12,9,'rear','T',450),(12,10,'front','T',198),(12,10,'interior','T',198),(12,10,'rear','T',450),(12,11,'front','T',198),(12,11,'interior','T',198),(12,11,'rear','T',198),(12,12,'front','T',198),(12,12,'interior','T',198),(12,12,'rear','T',198),(12,13,'front','T',198),(12,13,'interior','T',198),(12,13,'rear','T',449),(12,14,'front','T',198),(12,14,'interior','T',198),(12,14,'rear','T',449),(12,15,'front','T',198),(12,15,'interior','T',198),(12,15,'rear','T',449),(12,16,'front','T',198),(12,16,'interior','T',198),(12,16,'rear','T',449),(12,17,'front','T',198),(12,17,'interior','T',198),(12,17,'rear','T',198),(12,18,'front','T',198),(12,18,'interior','T',198),(12,18,'rear','T',198),(12,19,'front','T',198),(12,19,'interior','T',198),(12,19,'rear','T',448),(12,20,'front','T',198),(12,20,'interior','T',198),(12,20,'rear','T',448),(12,21,'front','T',198),(12,21,'interior','T',198),(12,21,'rear','T',448),(12,22,'front','T',198),(12,22,'interior','T',198),(12,22,'rear','T',448),(12,23,'front','T',198),(12,23,'interior','T',198),(12,23,'rear','T',198),(12,24,'front','T',198),(12,24,'interior','T',198),(12,24,'rear','T',198),(12,25,'front','T',198),(12,25,'interior','T',198),(12,25,'rear','T',198),(12,26,'front','T',198),(12,26,'interior','T',198),(12,26,'rear','T',198),(12,27,'front','T',198),(12,27,'interior','T',198),(12,27,'rear','T',198),(12,28,'front','T',198),(12,28,'interior','T',198),(12,28,'rear','T',198),(12,29,'front','T',198),(12,29,'interior','T',198),(12,29,'rear','T',198),(12,30,'front','T',198),(12,30,'interior','T',198),(12,30,'rear','T',198),(12,31,'front','T',198),(12,31,'interior','T',198),(12,31,'rear','T',447),(12,32,'front','T',198),(12,32,'interior','T',198),(12,32,'rear','T',447),(12,33,'front','T',198),(12,33,'interior','T',198),(12,33,'rear','T',447),(12,34,'front','T',198),(12,34,'interior','T',198),(12,34,'rear','T',447),(12,35,'front','T',198),(12,35,'interior','T',198),(12,35,'rear','T',198),(12,36,'front','T',198),(12,36,'interior','T',198),(12,36,'rear','T',198),(12,37,'front','T',198),(12,37,'interior','T',198),(12,37,'rear','T',446),(12,38,'front','T',198),(12,38,'interior','T',198),(12,38,'rear','T',446),(12,39,'front','T',198),(12,39,'interior','T',198),(12,39,'rear','T',446),(12,40,'front','T',198),(12,40,'interior','T',198),(12,40,'rear','T',446),(12,41,'front','T',198),(12,41,'interior','T',198),(12,41,'rear','T',198),(12,42,'front','T',198),(12,42,'interior','T',198),(12,42,'rear','T',445),(12,43,'front','T',198),(12,43,'interior','T',198),(12,43,'rear','T',445),(12,44,'front','T',198),(12,44,'interior','T',198),(12,44,'rear','T',445),(12,45,'interior','T',88),(12,45,'rear','T',445),(13,1,'front','T',240),(13,1,'interior','T',240),(13,1,'rear','T',240),(13,2,'front','T',240),(13,2,'interior','T',240),(13,2,'rear','T',240),(13,3,'front','T',240),(13,3,'interior','T',240),(13,3,'rear','T',240),(13,4,'front','T',240),(13,4,'interior','T',240),(13,4,'rear','T',240),(13,5,'front','T',240),(13,5,'interior','T',240),(13,5,'rear','T',240),(13,6,'front','T',240),(13,6,'interior','T',240),(13,6,'rear','T',240),(13,7,'front','T',240),(13,7,'interior','T',240),(13,7,'rear','T',457),(13,8,'front','T',240),(13,8,'interior','T',240),(13,8,'rear','T',457),(13,9,'front','T',239),(13,9,'interior','T',239),(13,9,'rear','T',457),(13,10,'front','T',239),(13,10,'interior','T',239),(13,10,'rear','T',457),(13,11,'front','T',239),(13,11,'interior','T',239),(13,11,'rear','T',239),(13,12,'front','T',239),(13,12,'interior','T',239),(13,12,'rear','T',239),(13,13,'front','T',239),(13,13,'interior','T',239),(13,13,'rear','T',456),(13,14,'front','T',239),(13,14,'interior','T',239),(13,14,'rear','T',456),(13,15,'front','T',239),(13,15,'interior','T',239),(13,15,'rear','T',456),(13,16,'front','T',239),(13,16,'interior','T',239),(13,16,'rear','T',456),(13,19,'front','T',270),(13,19,'interior','T',270),(13,19,'rear','T',455),(13,20,'front','T',270),(13,20,'interior','T',270),(13,20,'rear','T',455),(13,21,'front','T',269),(13,21,'interior','T',269),(13,21,'rear','T',455),(13,22,'front','T',269),(13,22,'interior','T',269),(13,22,'rear','T',455),(13,23,'front','T',319),(13,23,'interior','T',319),(13,23,'rear','T',319),(13,25,'front','T',197),(13,25,'interior','T',197),(13,25,'rear','T',197),(13,26,'front','T',191),(13,26,'interior','T',191),(13,26,'rear','T',191),(13,27,'front','T',268),(13,27,'interior','T',268),(13,27,'rear','T',268),(13,28,'front','T',268),(13,28,'interior','T',268),(13,28,'rear','T',268),(13,29,'front','T',267),(13,29,'interior','T',267),(13,29,'rear','T',267),(13,30,'front','T',267),(13,30,'interior','T',267),(13,30,'rear','T',267),(13,31,'front','T',266),(13,31,'interior','T',266),(13,31,'rear','T',454),(13,32,'front','T',266),(13,32,'interior','T',266),(13,32,'rear','T',454),(13,33,'front','T',265),(13,33,'interior','T',265),(13,33,'rear','T',454),(13,34,'front','T',265),(13,34,'interior','T',265),(13,34,'rear','T',454),(13,35,'front','T',346),(13,35,'interior','T',346),(13,35,'rear','T',346),(13,36,'front','T',346),(13,36,'interior','T',346),(13,36,'rear','T',346),(13,37,'front','T',264),(13,37,'interior','T',264),(13,37,'rear','T',453),(13,38,'front','T',264),(13,38,'interior','T',264),(13,38,'rear','T',453),(13,39,'rear','T',453),(13,40,'rear','T',453),(13,41,'front','T',341),(13,41,'interior','T',341),(13,41,'rear','T',341),(13,42,'front','T',341),(13,42,'interior','T',341),(13,42,'rear','T',452),(13,43,'front','T',341),(13,43,'interior','T',341),(13,43,'rear','T',452),(13,44,'interior','T',91),(13,44,'rear','T',452),(13,45,'interior','T',224),(13,45,'rear','T',452),(13,46,'interior','T',90),(13,46,'rear','T',90),(14,1,'front','T',338),(14,1,'interior','T',338),(14,1,'rear','T',338),(14,2,'front','T',338),(14,2,'interior','T',338),(14,2,'rear','T',338),(14,3,'front','T',338),(14,3,'interior','T',338),(14,3,'rear','T',338),(14,4,'front','T',338),(14,4,'interior','T',338),(14,4,'rear','T',338),(14,5,'front','T',338),(14,5,'interior','T',338),(14,5,'rear','T',338),(14,6,'front','T',338),(14,6,'interior','T',338),(14,6,'rear','T',338),(14,7,'front','T',338),(14,7,'interior','T',338),(14,7,'rear','T',463),(14,8,'front','T',338),(14,8,'interior','T',338),(14,8,'rear','T',463),(14,9,'rear','T',463),(14,10,'rear','T',463),(14,13,'rear','T',462),(14,14,'rear','T',462),(14,15,'rear','T',462),(14,16,'rear','T',462),(14,19,'rear','T',461),(14,20,'rear','T',461),(14,21,'rear','T',461),(14,22,'rear','T',461),(14,25,'front','T',342),(14,25,'interior','T',342),(14,25,'rear','T',342),(14,26,'front','T',342),(14,26,'interior','T',342),(14,26,'rear','T',342),(14,31,'rear','T',460),(14,32,'rear','T',460),(14,33,'rear','T',460),(14,34,'rear','T',460),(14,37,'rear','T',459),(14,38,'rear','T',459),(14,39,'rear','T',459),(14,40,'rear','T',459),(14,41,'front','T',341),(14,41,'interior','T',341),(14,41,'rear','T',341),(14,42,'front','T',341),(14,42,'interior','T',341),(14,42,'rear','T',458),(14,43,'front','T',341),(14,43,'interior','T',341),(14,43,'rear','T',458),(14,44,'interior','T',93),(14,44,'rear','T',458),(14,45,'rear','T',458),(14,46,'interior','T',92),(14,46,'rear','T',92),(15,3,'front','T',302),(15,3,'interior','T',302),(15,3,'rear','T',302),(15,4,'front','T',302),(15,4,'interior','T',302),(15,4,'rear','T',302),(15,5,'front','T',302),(15,5,'interior','T',302),(15,5,'rear','T',302),(15,6,'front','T',302),(15,6,'interior','T',302),(15,6,'rear','T',302),(15,7,'rear','T',469),(15,8,'rear','T',469),(15,9,'rear','T',469),(15,10,'rear','T',469),(15,13,'rear','T',468),(15,14,'rear','T',468),(15,15,'rear','T',468),(15,16,'rear','T',468),(15,19,'rear','T',467),(15,20,'rear','T',467),(15,21,'rear','T',467),(15,22,'rear','T',467),(15,25,'front','T',342),(15,25,'interior','T',342),(15,25,'rear','T',342),(15,26,'front','T',342),(15,26,'interior','T',342),(15,26,'rear','T',342),(15,31,'rear','T',466),(15,32,'rear','T',466),(15,33,'rear','T',466),(15,34,'rear','T',466),(15,37,'rear','T',465),(15,38,'rear','T',465),(15,39,'rear','T',465),(15,40,'rear','T',465),(15,41,'front','T',341),(15,41,'interior','T',341),(15,41,'rear','T',341),(15,42,'front','T',341),(15,42,'interior','T',341),(15,42,'rear','T',464),(15,43,'front','T',341),(15,43,'interior','T',341),(15,43,'rear','T',464),(15,44,'interior','T',95),(15,44,'rear','T',464),(15,45,'rear','T',464),(15,46,'interior','T',94),(15,46,'rear','T',94),(18,1,'front','T',217),(18,1,'interior','T',217),(18,1,'rear','T',217),(18,2,'front','T',217),(18,2,'interior','T',217),(18,2,'rear','T',217),(18,3,'front','T',217),(18,3,'interior','T',217),(18,3,'rear','T',217),(18,4,'front','T',217),(18,4,'interior','T',217),(18,4,'rear','T',217),(18,5,'front','T',216),(18,5,'interior','T',216),(18,5,'rear','T',216),(18,6,'front','T',216),(18,6,'interior','T',216),(18,6,'rear','T',216),(18,7,'front','T',216),(18,7,'interior','T',216),(18,7,'rear','T',476),(18,8,'front','T',216),(18,8,'interior','T',216),(18,8,'rear','T',476),(18,9,'front','T',215),(18,9,'interior','T',215),(18,9,'rear','T',476),(18,10,'front','T',215),(18,10,'interior','T',215),(18,10,'rear','T',476),(18,11,'front','T',215),(18,11,'interior','T',215),(18,11,'rear','T',215),(18,12,'front','T',215),(18,12,'interior','T',215),(18,12,'rear','T',215),(18,13,'front','T',214),(18,13,'interior','T',214),(18,13,'rear','T',475),(18,14,'front','T',214),(18,14,'interior','T',214),(18,14,'rear','T',475),(18,15,'front','T',214),(18,15,'interior','T',214),(18,15,'rear','T',475),(18,16,'front','T',214),(18,16,'interior','T',214),(18,16,'rear','T',475),(18,17,'front','T',213),(18,17,'interior','T',213),(18,17,'rear','T',213),(18,18,'front','T',213),(18,18,'interior','T',213),(18,18,'rear','T',213),(18,19,'front','T',213),(18,19,'interior','T',213),(18,19,'rear','T',474),(18,20,'front','T',213),(18,20,'interior','T',213),(18,20,'rear','T',474),(18,21,'front','T',201),(18,21,'interior','T',201),(18,21,'rear','T',474),(18,22,'front','T',203),(18,22,'interior','T',203),(18,22,'rear','T',474),(18,26,'front','T',180),(18,26,'interior','T',180),(18,26,'rear','T',180),(18,27,'front','T',171),(18,27,'interior','T',171),(18,27,'rear','T',171),(18,28,'front','T',171),(18,28,'interior','T',171),(18,28,'rear','T',171),(18,29,'front','T',170),(18,29,'interior','T',170),(18,29,'rear','T',170),(18,30,'front','T',170),(18,30,'interior','T',170),(18,30,'rear','T',170),(18,31,'front','T',169),(18,31,'interior','T',169),(18,31,'rear','T',473),(18,32,'front','T',169),(18,32,'interior','T',169),(18,32,'rear','T',473),(18,33,'front','T',168),(18,33,'interior','T',168),(18,33,'rear','T',473),(18,34,'front','T',168),(18,34,'interior','T',168),(18,34,'rear','T',473),(18,35,'front','T',167),(18,35,'interior','T',167),(18,35,'rear','T',167),(18,36,'front','T',167),(18,36,'interior','T',167),(18,36,'rear','T',167),(18,37,'rear','T',472),(18,38,'rear','T',472),(18,39,'rear','T',472),(18,40,'rear','T',472),(18,41,'interior','T',100),(18,41,'rear','T',100),(18,42,'rear','T',363),(18,43,'interior','T',99),(18,43,'rear','T',363),(18,44,'interior','T',224),(18,44,'rear','T',363),(18,45,'interior','T',98),(18,45,'rear','T',363),(18,46,'interior','T',97),(18,46,'rear','T',97),(19,4,'front','T',223),(19,4,'interior','T',223),(19,4,'rear','T',223),(19,5,'front','T',223),(19,5,'interior','T',223),(19,5,'rear','T',223),(19,6,'front','T',223),(19,6,'interior','T',223),(19,6,'rear','T',223),(19,7,'front','T',223),(19,7,'interior','T',223),(19,7,'rear','T',482),(19,8,'front','T',223),(19,8,'interior','T',223),(19,8,'rear','T',482),(19,9,'front','T',223),(19,9,'interior','T',223),(19,9,'rear','T',482),(19,10,'front','T',337),(19,10,'interior','T',337),(19,10,'rear','T',482),(19,11,'front','T',337),(19,11,'interior','T',337),(19,11,'rear','T',337),(19,13,'front','T',272),(19,13,'interior','T',272),(19,13,'rear','T',481),(19,14,'rear','T',481),(19,15,'front','T',271),(19,15,'interior','T',271),(19,15,'rear','T',481),(19,16,'rear','T',481),(19,17,'front','T',219),(19,17,'interior','T',219),(19,17,'rear','T',219),(19,18,'front','T',219),(19,18,'interior','T',219),(19,18,'rear','T',219),(19,19,'front','T',219),(19,19,'interior','T',219),(19,19,'rear','T',480),(19,20,'front','T',219),(19,20,'interior','T',219),(19,20,'rear','T',480),(19,21,'front','T',218),(19,21,'interior','T',218),(19,21,'rear','T',480),(19,22,'front','T',218),(19,22,'interior','T',218),(19,22,'rear','T',480),(19,23,'front','T',179),(19,23,'interior','T',179),(19,23,'rear','T',179),(19,24,'front','T',179),(19,24,'interior','T',179),(19,24,'rear','T',179),(19,25,'front','T',181),(19,25,'interior','T',181),(19,25,'rear','T',181),(19,26,'front','T',178),(19,26,'interior','T',178),(19,26,'rear','T',178),(19,27,'front','T',178),(19,27,'interior','T',178),(19,27,'rear','T',178),(19,28,'front','T',177),(19,28,'interior','T',177),(19,28,'rear','T',177),(19,29,'front','T',177),(19,29,'interior','T',177),(19,29,'rear','T',177),(19,30,'front','T',176),(19,30,'interior','T',176),(19,30,'rear','T',176),(19,31,'front','T',176),(19,31,'interior','T',176),(19,31,'rear','T',479),(19,32,'front','T',175),(19,32,'interior','T',175),(19,32,'rear','T',479),(19,33,'front','T',175),(19,33,'interior','T',175),(19,33,'rear','T',479),(19,34,'front','T',174),(19,34,'interior','T',174),(19,34,'rear','T',479),(19,35,'front','T',174),(19,35,'interior','T',174),(19,35,'rear','T',174),(19,36,'front','T',173),(19,36,'interior','T',173),(19,36,'rear','T',173),(19,37,'front','T',173),(19,37,'interior','T',173),(19,37,'rear','T',478),(19,38,'front','T',172),(19,38,'interior','T',172),(19,38,'rear','T',478),(19,39,'front','T',172),(19,39,'interior','T',172),(19,39,'rear','T',478),(19,40,'interior','T',96),(19,40,'rear','T',478),(19,41,'interior','T',104),(19,41,'rear','T',104),(19,42,'rear','T',477),(19,43,'interior','T',103),(19,43,'rear','T',477),(19,44,'interior','T',224),(19,44,'rear','T',477),(19,45,'interior','T',102),(19,45,'rear','T',477),(19,46,'interior','T',101),(19,46,'rear','T',101),(20,7,'rear','T',489),(20,8,'rear','T',489),(20,9,'rear','T',489),(20,10,'rear','T',489),(20,13,'rear','T',488),(20,14,'rear','T',488),(20,15,'rear','T',488),(20,16,'rear','T',488),(20,17,'front','T',278),(20,17,'interior','T',278),(20,17,'rear','T',278),(20,19,'front','T',277),(20,19,'interior','T',277),(20,19,'rear','T',487),(20,20,'front','T',224),(20,20,'interior','T',224),(20,20,'rear','T',487),(20,21,'front','T',276),(20,21,'interior','T',276),(20,21,'rear','T',487),(20,22,'front','T',224),(20,22,'interior','T',224),(20,22,'rear','T',487),(20,23,'front','T',224),(20,23,'interior','T',224),(20,24,'front','T',275),(20,24,'interior','T',275),(20,24,'rear','T',275),(20,25,'front','T',224),(20,25,'interior','T',224),(20,26,'front','T',274),(20,26,'interior','T',274),(20,26,'rear','T',274),(20,27,'front','T',224),(20,27,'interior','T',224),(20,28,'front','T',273),(20,28,'interior','T',273),(20,28,'rear','T',273),(20,29,'front','T',120),(20,29,'interior','T',120),(20,30,'front','T',119),(20,30,'interior','T',119),(20,31,'front','T',224),(20,31,'interior','T',224),(20,31,'rear','T',486),(20,32,'front','T',118),(20,32,'interior','T',118),(20,32,'rear','T',486),(20,33,'front','T',117),(20,33,'interior','T',117),(20,33,'rear','T',486),(20,34,'front','T',224),(20,34,'interior','T',224),(20,34,'rear','T',486),(20,35,'front','T',116),(20,35,'interior','T',116),(20,36,'front','T',115),(20,36,'interior','T',115),(20,37,'front','T',224),(20,37,'interior','T',224),(20,37,'rear','T',485),(20,38,'front','T',114),(20,38,'interior','T',114),(20,38,'rear','T',485),(20,39,'front','T',113),(20,39,'interior','T',113),(20,39,'rear','T',485),(20,40,'front','T',224),(20,40,'interior','T',224),(20,40,'rear','T',485),(20,41,'front','T',112),(20,41,'interior','T',112),(20,42,'front','T',111),(20,42,'interior','T',111),(20,42,'rear','T',484),(20,43,'front','T',224),(20,43,'interior','T',224),(20,43,'rear','T',484),(20,44,'front','T',110),(20,44,'interior','T',110),(20,44,'rear','T',484),(20,45,'front','T',109),(20,45,'interior','T',109),(20,45,'rear','T',484),(20,46,'front','T',107),(20,46,'interior','T',107),(21,1,'front','T',340),(21,1,'interior','T',340),(21,1,'rear','T',340),(21,2,'front','T',340),(21,2,'interior','T',340),(21,2,'rear','T',340),(21,3,'front','T',340),(21,3,'interior','T',340),(21,3,'rear','T',340),(21,4,'front','T',340),(21,4,'interior','T',340),(21,4,'rear','T',340),(21,5,'front','T',340),(21,5,'interior','T',340),(21,5,'rear','T',340),(21,6,'front','T',340),(21,6,'interior','T',340),(21,6,'rear','T',340),(21,7,'front','T',340),(21,7,'interior','T',340),(21,7,'rear','T',495),(21,8,'front','T',340),(21,8,'interior','T',340),(21,8,'rear','T',495),(21,9,'front','T',340),(21,9,'interior','T',340),(21,9,'rear','T',495),(21,10,'front','T',340),(21,10,'interior','T',340),(21,10,'rear','T',495),(21,11,'front','T',224),(21,11,'interior','T',224),(21,12,'front','T',325),(21,12,'interior','T',325),(21,12,'rear','T',325),(21,13,'front','T',224),(21,13,'interior','T',224),(21,13,'rear','T',494),(21,14,'front','T',324),(21,14,'interior','T',324),(21,14,'rear','T',494),(21,15,'front','T',224),(21,15,'interior','T',224),(21,15,'rear','T',494),(21,16,'front','T',323),(21,16,'interior','T',323),(21,16,'rear','T',494),(21,17,'front','T',224),(21,17,'interior','T',224),(21,18,'front','T',322),(21,18,'interior','T',322),(21,18,'rear','T',322),(21,19,'front','T',224),(21,19,'interior','T',224),(21,19,'rear','T',493),(21,20,'front','T',321),(21,20,'interior','T',321),(21,20,'rear','T',493),(21,21,'front','T',224),(21,21,'interior','T',224),(21,21,'rear','T',493),(21,22,'front','T',320),(21,22,'interior','T',320),(21,22,'rear','T',493),(21,23,'front','T',224),(21,23,'interior','T',224),(21,25,'front','T',224),(21,25,'interior','T',224),(21,26,'front','T',339),(21,26,'interior','T',339),(21,26,'rear','T',339),(21,27,'front','T',339),(21,27,'interior','T',339),(21,27,'rear','T',339),(21,30,'front','T',224),(21,30,'interior','T',224),(21,31,'front','T',131),(21,31,'interior','T',131),(21,31,'rear','T',492),(21,32,'front','T',130),(21,32,'interior','T',130),(21,32,'rear','T',492),(21,33,'front','T',224),(21,33,'interior','T',224),(21,33,'rear','T',492),(21,34,'front','T',129),(21,34,'interior','T',129),(21,34,'rear','T',492),(21,35,'front','T',128),(21,35,'interior','T',128),(21,36,'front','T',224),(21,36,'interior','T',224),(21,37,'front','T',127),(21,37,'interior','T',127),(21,37,'rear','T',491),(21,38,'front','T',126),(21,38,'interior','T',126),(21,38,'rear','T',491),(21,39,'front','T',224),(21,39,'interior','T',224),(21,39,'rear','T',491),(21,40,'front','T',125),(21,40,'interior','T',125),(21,40,'rear','T',491),(21,41,'front','T',124),(21,41,'interior','T',124),(21,42,'front','T',224),(21,42,'interior','T',224),(21,42,'rear','T',490),(21,43,'front','T',123),(21,43,'interior','T',123),(21,43,'rear','T',490),(21,44,'front','T',122),(21,44,'interior','T',122),(21,44,'rear','T',490),(21,45,'front','T',224),(21,45,'interior','T',224),(21,45,'rear','T',490),(21,46,'front','T',121),(21,46,'interior','T',121),(22,1,'front','T',548),(22,7,'front','T',547),(22,8,'front','T',547),(22,9,'front','T',547),(22,10,'front','T',547),(22,13,'front','T',546),(22,13,'interior','T',332),(22,13,'rear','T',332),(22,14,'front','T',546),(22,14,'interior','T',351),(22,14,'rear','T',351),(22,15,'front','T',546),(22,16,'front','T',546),(22,16,'interior','T',224),(22,17,'front','T',331),(22,17,'interior','T',331),(22,17,'rear','T',331),(22,18,'front','T',224),(22,18,'interior','T',224),(22,19,'front','T',501),(22,19,'interior','T',330),(22,19,'rear','T',330),(22,20,'front','T',501),(22,20,'interior','T',330),(22,20,'rear','T',330),(22,21,'front','T',501),(22,21,'interior','T',224),(22,22,'front','T',501),(22,22,'interior','T',329),(22,22,'rear','T',329),(22,24,'front','T',500),(22,24,'interior','T',328),(22,24,'rear','T',328),(22,25,'front','T',499),(22,25,'interior','T',224),(22,26,'front','T',327),(22,26,'interior','T',327),(22,26,'rear','T',327),(22,28,'front','T',326),(22,28,'interior','T',326),(22,28,'rear','T',326),(22,29,'front','T',224),(22,29,'interior','T',224),(22,30,'interior','T',353),(22,30,'rear','T',353),(22,31,'front','T',498),(22,31,'interior','T',353),(22,31,'rear','T',353),(22,32,'front','T',498),(22,32,'interior','T',224),(22,33,'front','T',498),(22,33,'interior','T',305),(22,33,'rear','T',305),(22,34,'front','T',498),(22,34,'interior','T',224),(22,35,'front','T',304),(22,35,'interior','T',304),(22,35,'rear','T',304),(22,36,'front','T',304),(22,36,'interior','T',304),(22,36,'rear','T',304),(22,37,'front','T',497),(22,37,'interior','T',304),(22,37,'rear','T',304),(22,38,'front','T',497),(22,38,'interior','T',224),(22,39,'front','T',497),(22,39,'interior','T',303),(22,39,'rear','T',303),(22,40,'front','T',497),(22,40,'interior','T',224),(22,41,'front','T',136),(22,41,'interior','T',136),(22,42,'front','T',496),(22,42,'interior','T',135),(22,43,'front','T',496),(22,43,'interior','T',134),(22,44,'front','T',496),(22,44,'interior','T',133),(22,45,'front','T',496),(22,45,'interior','T',224),(22,46,'front','T',132),(22,46,'interior','T',132),(23,1,'front','T',334),(23,1,'interior','T',334),(23,1,'rear','T',334),(23,2,'front','T',334),(23,2,'interior','T',334),(23,2,'rear','T',334),(23,3,'front','T',334),(23,3,'interior','T',334),(23,3,'rear','T',334),(23,4,'front','T',334),(23,4,'interior','T',334),(23,4,'rear','T',334),(23,5,'front','T',334),(23,5,'interior','T',334),(23,5,'rear','T',334),(23,6,'front','T',284),(23,6,'interior','T',284),(23,6,'rear','T',284),(23,7,'front','T',284),(23,7,'interior','T',284),(23,7,'rear','T',508),(23,8,'front','T',345),(23,8,'interior','T',345),(23,8,'rear','T',508),(23,9,'front','T',345),(23,9,'interior','T',345),(23,9,'rear','T',508),(23,10,'rear','T',508),(23,11,'front','T',283),(23,11,'interior','T',283),(23,11,'rear','T',283),(23,12,'front','T',283),(23,12,'interior','T',283),(23,12,'rear','T',283),(23,13,'front','T',282),(23,13,'interior','T',282),(23,13,'rear','T',507),(23,14,'front','T',282),(23,14,'interior','T',282),(23,14,'rear','T',507),(23,15,'front','T',343),(23,15,'interior','T',343),(23,15,'rear','T',507),(23,16,'front','T',343),(23,16,'interior','T',343),(23,16,'rear','T',507),(23,17,'front','T',281),(23,17,'interior','T',281),(23,17,'rear','T',281),(23,18,'front','T',281),(23,18,'interior','T',281),(23,18,'rear','T',281),(23,19,'front','T',343),(23,19,'interior','T',343),(23,19,'rear','T',506),(23,20,'front','T',343),(23,20,'interior','T',343),(23,20,'rear','T',506),(23,21,'front','T',280),(23,21,'interior','T',280),(23,21,'rear','T',506),(23,22,'front','T',280),(23,22,'interior','T',280),(23,22,'rear','T',506),(23,25,'front','T',192),(23,25,'interior','T',192),(23,25,'rear','T',192),(23,26,'front','T',182),(23,26,'interior','T',182),(23,26,'rear','T',182),(23,27,'front','T',333),(23,27,'interior','T',333),(23,27,'rear','T',333),(23,31,'rear','T',505),(23,32,'rear','T',505),(23,33,'rear','T',505),(23,34,'rear','T',505),(23,37,'rear','T',504),(23,38,'rear','T',504),(23,39,'front','T',279),(23,39,'interior','T',279),(23,39,'rear','T',504),(23,40,'front','T',279),(23,40,'interior','T',279),(23,40,'rear','T',504),(23,41,'front','T',341),(23,41,'interior','T',341),(23,41,'rear','T',341),(23,42,'front','T',341),(23,42,'interior','T',341),(23,42,'rear','T',503),(23,43,'front','T',341),(23,43,'interior','T',341),(23,43,'rear','T',503),(23,44,'interior','T',138),(23,44,'rear','T',503),(23,45,'interior','T',224),(23,45,'rear','T',503),(23,46,'interior','T',137),(23,46,'rear','T',137),(24,1,'front','T',294),(24,1,'interior','T',294),(24,1,'rear','T',294),(24,2,'front','T',294),(24,2,'interior','T',294),(24,2,'rear','T',294),(24,3,'front','T',294),(24,3,'interior','T',294),(24,3,'rear','T',294),(24,4,'front','T',294),(24,4,'interior','T',294),(24,4,'rear','T',294),(24,5,'front','T',293),(24,5,'interior','T',293),(24,5,'rear','T',293),(24,6,'front','T',293),(24,6,'interior','T',293),(24,6,'rear','T',293),(24,7,'rear','T',515),(24,8,'rear','T',515),(24,9,'front','T',221),(24,9,'interior','T',221),(24,9,'rear','T',515),(24,10,'front','T',221),(24,10,'interior','T',221),(24,10,'rear','T',515),(24,11,'front','T',221),(24,11,'interior','T',221),(24,11,'rear','T',221),(24,12,'front','T',221),(24,12,'interior','T',221),(24,12,'rear','T',221),(24,13,'front','T',220),(24,13,'interior','T',220),(24,13,'rear','T',514),(24,14,'front','T',220),(24,14,'interior','T',220),(24,14,'rear','T',514),(24,15,'front','T',220),(24,15,'interior','T',220),(24,15,'rear','T',514),(24,16,'front','T',220),(24,16,'interior','T',220),(24,16,'rear','T',514),(24,17,'front','T',338),(24,17,'interior','T',338),(24,17,'rear','T',338),(24,18,'front','T',338),(24,18,'interior','T',338),(24,18,'rear','T',338),(24,19,'front','T',338),(24,19,'interior','T',338),(24,19,'rear','T',513),(24,20,'front','T',338),(24,20,'interior','T',338),(24,20,'rear','T',513),(24,21,'front','T',292),(24,21,'interior','T',292),(24,21,'rear','T',513),(24,22,'front','T',292),(24,22,'interior','T',292),(24,22,'rear','T',513),(24,23,'front','T',291),(24,23,'interior','T',291),(24,23,'rear','T',291),(24,24,'front','T',291),(24,24,'interior','T',291),(24,24,'rear','T',291),(24,25,'front','T',193),(24,25,'interior','T',193),(24,25,'rear','T',193),(24,26,'front','T',183),(24,26,'interior','T',183),(24,26,'rear','T',183),(24,29,'front','T',290),(24,29,'interior','T',290),(24,29,'rear','T',290),(24,30,'front','T',290),(24,30,'interior','T',290),(24,30,'rear','T',290),(24,31,'front','T',289),(24,31,'interior','T',289),(24,31,'rear','T',512),(24,32,'front','T',288),(24,32,'interior','T',288),(24,32,'rear','T',512),(24,33,'front','T',288),(24,33,'interior','T',288),(24,33,'rear','T',512),(24,34,'rear','T',512),(24,37,'front','T',287),(24,37,'interior','T',287),(24,37,'rear','T',511),(24,38,'front','T',287),(24,38,'interior','T',287),(24,38,'rear','T',511),(24,39,'front','T',286),(24,39,'interior','T',286),(24,39,'rear','T',511),(24,40,'front','T',286),(24,40,'interior','T',286),(24,40,'rear','T',511),(24,41,'front','T',285),(24,41,'interior','T',285),(24,41,'rear','T',285),(24,42,'front','T',285),(24,42,'interior','T',285),(24,42,'rear','T',510),(24,43,'interior','T',141),(24,43,'rear','T',510),(24,44,'interior','T',224),(24,44,'rear','T',510),(24,45,'interior','T',139),(24,45,'rear','T',510),(24,46,'interior','T',140),(24,46,'rear','T',140),(25,1,'front','T',238),(25,1,'interior','T',238),(25,1,'rear','T',238),(25,2,'front','T',238),(25,2,'interior','T',238),(25,2,'rear','T',238),(25,3,'front','T',238),(25,3,'interior','T',238),(25,3,'rear','T',238),(25,4,'front','T',238),(25,4,'interior','T',238),(25,4,'rear','T',238),(25,5,'front','T',238),(25,5,'interior','T',238),(25,5,'rear','T',238),(25,6,'front','T',238),(25,6,'interior','T',238),(25,6,'rear','T',238),(25,7,'front','T',238),(25,7,'interior','T',238),(25,7,'rear','T',238),(25,8,'front','T',238),(25,8,'interior','T',238),(25,8,'rear','T',238),(25,9,'front','T',238),(25,9,'interior','T',238),(25,9,'rear','T',238),(25,10,'front','T',238),(25,10,'interior','T',238),(25,10,'rear','T',238),(25,11,'front','T',238),(25,11,'interior','T',238),(25,11,'rear','T',238),(25,12,'front','T',238),(25,12,'interior','T',238),(25,12,'rear','T',238),(25,13,'front','T',238),(25,13,'interior','T',238),(25,13,'rear','T',520),(25,14,'front','T',238),(25,14,'interior','T',238),(25,14,'rear','T',520),(25,15,'front','T',238),(25,15,'interior','T',238),(25,15,'rear','T',520),(25,16,'front','T',238),(25,16,'interior','T',238),(25,16,'rear','T',520),(25,17,'front','T',238),(25,17,'interior','T',238),(25,17,'rear','T',238),(25,18,'front','T',238),(25,18,'interior','T',238),(25,18,'rear','T',238),(25,19,'front','T',238),(25,19,'interior','T',238),(25,19,'rear','T',519),(25,20,'front','T',238),(25,20,'interior','T',238),(25,20,'rear','T',519),(25,21,'front','T',238),(25,21,'interior','T',238),(25,21,'rear','T',519),(25,22,'front','T',238),(25,22,'interior','T',238),(25,22,'rear','T',519),(25,23,'front','T',238),(25,23,'interior','T',238),(25,23,'rear','T',238),(25,24,'front','T',238),(25,24,'interior','T',238),(25,24,'rear','T',238),(25,25,'front','T',238),(25,25,'interior','T',238),(25,25,'rear','T',238),(25,26,'front','T',184),(25,26,'interior','T',184),(25,26,'rear','T',184),(25,27,'front','T',350),(25,27,'interior','T',350),(25,27,'rear','T',350),(25,28,'front','T',295),(25,28,'interior','T',295),(25,28,'rear','T',295),(25,29,'front','T',295),(25,29,'interior','T',295),(25,29,'rear','T',295),(25,31,'rear','T',518),(25,32,'rear','T',518),(25,33,'rear','T',518),(25,34,'rear','T',518),(25,37,'rear','T',517),(25,38,'rear','T',517),(25,39,'rear','T',517),(25,40,'rear','T',517),(25,41,'front','T',341),(25,41,'interior','T',341),(25,41,'rear','T',341),(25,42,'front','T',341),(25,42,'interior','T',341),(25,42,'rear','T',516),(25,43,'front','T',341),(25,43,'interior','T',341),(25,43,'rear','T',516),(25,44,'interior','T',224),(25,44,'rear','T',516),(25,45,'interior','T',144),(25,45,'rear','T',516),(25,46,'interior','T',143),(25,46,'rear','T',143),(26,1,'front','T',199),(26,1,'interior','T',199),(26,1,'rear','T',199),(26,2,'front','T',199),(26,2,'interior','T',199),(26,2,'rear','T',199),(26,3,'front','T',199),(26,3,'interior','T',199),(26,3,'rear','T',199),(26,4,'front','T',199),(26,4,'interior','T',199),(26,4,'rear','T',199),(26,5,'front','T',199),(26,5,'interior','T',199),(26,5,'rear','T',199),(26,6,'front','T',199),(26,6,'interior','T',199),(26,6,'rear','T',199),(26,7,'front','T',199),(26,7,'interior','T',199),(26,7,'rear','T',527),(26,8,'front','T',199),(26,8,'interior','T',199),(26,8,'rear','T',527),(26,9,'front','T',199),(26,9,'interior','T',199),(26,9,'rear','T',527),(26,10,'front','T',199),(26,10,'interior','T',199),(26,10,'rear','T',527),(26,11,'front','T',199),(26,11,'interior','T',199),(26,11,'rear','T',199),(26,12,'front','T',199),(26,12,'interior','T',199),(26,12,'rear','T',199),(26,13,'front','T',199),(26,13,'interior','T',199),(26,13,'rear','T',526),(26,14,'front','T',199),(26,14,'interior','T',199),(26,14,'rear','T',526),(26,15,'front','T',199),(26,15,'interior','T',199),(26,15,'rear','T',526),(26,16,'front','T',199),(26,16,'interior','T',199),(26,16,'rear','T',526),(26,17,'front','T',199),(26,17,'interior','T',199),(26,17,'rear','T',199),(26,18,'front','T',199),(26,18,'interior','T',199),(26,18,'rear','T',199),(26,19,'front','T',199),(26,19,'interior','T',199),(26,19,'rear','T',525),(26,20,'front','T',199),(26,20,'interior','T',199),(26,20,'rear','T',525),(26,21,'front','T',199),(26,21,'interior','T',199),(26,21,'rear','T',525),(26,22,'front','T',199),(26,22,'interior','T',199),(26,22,'rear','T',525),(26,23,'front','T',199),(26,23,'interior','T',199),(26,23,'rear','T',199),(26,24,'front','T',199),(26,24,'interior','T',199),(26,24,'rear','T',199),(26,25,'front','T',199),(26,25,'interior','T',199),(26,25,'rear','T',199),(26,26,'front','T',199),(26,26,'interior','T',199),(26,26,'rear','T',199),(26,27,'front','T',199),(26,27,'interior','T',199),(26,27,'rear','T',199),(26,28,'front','T',199),(26,28,'interior','T',199),(26,28,'rear','T',199),(26,29,'front','T',199),(26,29,'interior','T',199),(26,29,'rear','T',199),(26,30,'front','T',199),(26,30,'interior','T',199),(26,30,'rear','T',199),(26,31,'front','T',199),(26,31,'interior','T',199),(26,31,'rear','T',524),(26,32,'front','T',199),(26,32,'interior','T',199),(26,32,'rear','T',524),(26,33,'front','T',199),(26,33,'interior','T',199),(26,33,'rear','T',524),(26,34,'front','T',199),(26,34,'interior','T',199),(26,34,'rear','T',524),(26,35,'front','T',199),(26,35,'interior','T',199),(26,35,'rear','T',199),(26,36,'front','T',199),(26,36,'interior','T',199),(26,36,'rear','T',199),(26,37,'front','T',199),(26,37,'interior','T',199),(26,37,'rear','T',523),(26,38,'front','T',199),(26,38,'interior','T',199),(26,38,'rear','T',523),(26,39,'front','T',199),(26,39,'interior','T',199),(26,39,'rear','T',523),(26,40,'front','T',199),(26,40,'interior','T',199),(26,40,'rear','T',523),(26,41,'front','T',199),(26,41,'interior','T',199),(26,41,'rear','T',199),(26,42,'front','T',199),(26,42,'interior','T',199),(26,42,'rear','T',522),(26,43,'front','T',199),(26,43,'interior','T',199),(26,43,'rear','T',522),(26,44,'front','T',199),(26,44,'interior','T',199),(26,44,'rear','T',522),(26,45,'interior','T',145),(26,45,'rear','T',522),(27,1,'front','T',241),(27,1,'interior','T',241),(27,1,'rear','T',241),(27,2,'front','T',241),(27,2,'interior','T',241),(27,2,'rear','T',241),(27,3,'front','T',241),(27,3,'interior','T',241),(27,3,'rear','T',241),(27,4,'front','T',241),(27,4,'interior','T',241),(27,4,'rear','T',241),(27,5,'front','T',241),(27,5,'interior','T',241),(27,5,'rear','T',241),(27,6,'front','T',241),(27,6,'interior','T',241),(27,6,'rear','T',241),(27,7,'front','T',241),(27,7,'interior','T',241),(27,7,'rear','T',533),(27,8,'front','T',241),(27,8,'interior','T',241),(27,8,'rear','T',533),(27,9,'rear','T',533),(27,10,'rear','T',533),(27,13,'rear','T',532),(27,14,'rear','T',532),(27,15,'rear','T',532),(27,16,'rear','T',532),(27,19,'front','T',301),(27,19,'interior','T',301),(27,19,'rear','T',531),(27,20,'front','T',301),(27,20,'interior','T',301),(27,20,'rear','T',531),(27,21,'rear','T',531),(27,22,'rear','T',531),(27,23,'front','T',335),(27,23,'interior','T',335),(27,23,'rear','T',335),(27,24,'front','T',335),(27,24,'interior','T',335),(27,24,'rear','T',335),(27,25,'front','T',194),(27,25,'interior','T',194),(27,25,'rear','T',194),(27,26,'front','T',185),(27,26,'interior','T',185),(27,26,'rear','T',185),(27,27,'front','T',300),(27,27,'interior','T',300),(27,27,'rear','T',300),(27,28,'front','T',300),(27,28,'interior','T',300),(27,28,'rear','T',300),(27,29,'front','T',299),(27,29,'interior','T',299),(27,29,'rear','T',299),(27,30,'front','T',299),(27,30,'interior','T',299),(27,30,'rear','T',299),(27,31,'front','T',298),(27,31,'interior','T',298),(27,31,'rear','T',530),(27,32,'front','T',298),(27,32,'interior','T',298),(27,32,'rear','T',530),(27,33,'front','T',297),(27,33,'interior','T',297),(27,33,'rear','T',530),(27,34,'front','T',297),(27,34,'interior','T',297),(27,34,'rear','T',530),(27,35,'front','T',346),(27,35,'interior','T',346),(27,35,'rear','T',346),(27,36,'front','T',346),(27,36,'interior','T',346),(27,36,'rear','T',346),(27,37,'front','T',296),(27,37,'interior','T',296),(27,37,'rear','T',529),(27,38,'front','T',296),(27,38,'interior','T',296),(27,38,'rear','T',529),(27,39,'rear','T',529),(27,40,'rear','T',529),(27,41,'front','T',341),(27,41,'interior','T',341),(27,41,'rear','T',341),(27,42,'front','T',341),(27,42,'interior','T',341),(27,42,'rear','T',528),(27,43,'front','T',341),(27,43,'interior','T',341),(27,43,'rear','T',528),(27,44,'interior','T',148),(27,44,'rear','T',528),(27,45,'interior','T',224),(27,45,'rear','T',528),(27,46,'interior','T',147),(27,46,'rear','T',147),(28,1,'front','T',338),(28,1,'interior','T',338),(28,1,'rear','T',338),(28,2,'front','T',338),(28,2,'interior','T',338),(28,2,'rear','T',338),(28,3,'front','T',338),(28,3,'interior','T',338),(28,3,'rear','T',338),(28,4,'front','T',338),(28,4,'interior','T',338),(28,4,'rear','T',338),(28,5,'front','T',338),(28,5,'interior','T',338),(28,5,'rear','T',338),(28,6,'front','T',338),(28,6,'interior','T',338),(28,6,'rear','T',338),(28,7,'front','T',338),(28,7,'interior','T',338),(28,7,'rear','T',539),(28,8,'front','T',338),(28,8,'interior','T',338),(28,8,'rear','T',539),(28,9,'rear','T',539),(28,10,'rear','T',539),(28,13,'rear','T',538),(28,14,'rear','T',538),(28,15,'rear','T',538),(28,16,'rear','T',538),(28,19,'rear','T',537),(28,20,'rear','T',537),(28,21,'rear','T',537),(28,22,'rear','T',537),(28,25,'front','T',342),(28,25,'interior','T',342),(28,25,'rear','T',342),(28,26,'front','T',342),(28,26,'interior','T',342),(28,26,'rear','T',342),(28,31,'rear','T',536),(28,32,'rear','T',536),(28,33,'rear','T',536),(28,34,'rear','T',536),(28,37,'rear','T',535),(28,38,'rear','T',535),(28,39,'rear','T',535),(28,40,'rear','T',535),(28,41,'front','T',341),(28,41,'interior','T',341),(28,41,'rear','T',341),(28,42,'front','T',341),(28,42,'interior','T',341),(28,42,'rear','T',534),(28,43,'front','T',341),(28,43,'interior','T',341),(28,43,'rear','T',534),(28,44,'interior','T',150),(28,44,'rear','T',534),(28,45,'rear','T',534),(28,46,'interior','T',149),(28,46,'rear','T',149),(29,1,'front','T',336),(29,1,'interior','T',336),(29,1,'rear','T',336),(29,2,'front','T',336),(29,2,'interior','T',336),(29,2,'rear','T',336),(29,3,'front','T',302),(29,3,'interior','T',302),(29,3,'rear','T',302),(29,4,'front','T',302),(29,4,'interior','T',302),(29,4,'rear','T',302),(29,5,'front','T',302),(29,5,'interior','T',302),(29,5,'rear','T',302),(29,6,'front','T',302),(29,6,'interior','T',302),(29,6,'rear','T',302),(29,7,'rear','T',545),(29,8,'rear','T',545),(29,9,'rear','T',545),(29,10,'rear','T',545),(29,13,'rear','T',544),(29,14,'rear','T',544),(29,15,'rear','T',544),(29,16,'rear','T',544),(29,19,'rear','T',543),(29,20,'rear','T',543),(29,21,'rear','T',543),(29,22,'rear','T',543),(29,25,'front','T',342),(29,25,'interior','T',342),(29,25,'rear','T',342),(29,26,'front','T',342),(29,26,'interior','T',342),(29,26,'rear','T',342),(29,31,'rear','T',542),(29,32,'rear','T',542),(29,33,'rear','T',542),(29,34,'rear','T',542),(29,37,'rear','T',541),(29,38,'rear','T',541),(29,39,'rear','T',541),(29,40,'rear','T',541),(29,41,'front','T',341),(29,41,'interior','T',341),(29,41,'rear','T',341),(29,42,'front','T',341),(29,42,'interior','T',341),(29,42,'rear','T',540),(29,43,'front','T',341),(29,43,'interior','T',341),(29,43,'rear','T',540),(29,44,'interior','T',152),(29,44,'rear','T',540),(29,45,'rear','T',540),(29,46,'interior','T',151),(29,46,'rear','T',151),(550,15,'interior','T',224),(550,15,'rear','T',224),(550,16,'front','T',566),(550,16,'interior','T',566),(550,16,'rear','T',566),(550,17,'interior','T',224),(550,17,'rear','T',224),(550,18,'front','T',565),(550,18,'interior','T',565),(550,18,'rear','T',565),(550,19,'interior','T',224),(550,19,'rear','T',224),(550,20,'front','T',564),(550,20,'interior','T',564),(550,20,'rear','T',564),(550,21,'interior','T',224),(550,21,'rear','T',224),(550,22,'front','T',563),(550,22,'interior','T',563),(550,22,'rear','T',563),(550,23,'interior','T',224),(550,23,'rear','T',224),(550,24,'front','T',562),(550,24,'interior','T',562),(550,24,'rear','T',562),(550,25,'interior','T',224),(550,25,'rear','T',224),(550,26,'front','T',561),(550,26,'interior','T',561),(550,26,'rear','T',561),(550,27,'interior','T',224),(550,27,'rear','T',224),(550,28,'front','T',560),(550,28,'interior','T',560),(550,28,'rear','T',560),(550,29,'interior','T',224),(550,29,'rear','T',224),(550,30,'front','T',559),(550,30,'interior','T',559),(550,30,'rear','T',559),(550,31,'interior','T',224),(550,31,'rear','T',224),(550,32,'interior','T',558),(550,32,'rear','T',558),(550,33,'interior','T',224),(550,33,'rear','T',224),(550,34,'interior','T',557),(550,34,'rear','T',557),(550,35,'interior','T',224),(550,35,'rear','T',224),(550,36,'interior','T',556),(550,36,'rear','T',556),(550,37,'interior','T',224),(550,37,'rear','T',224),(550,38,'interior','T',555),(550,38,'rear','T',555),(550,39,'interior','T',224),(550,39,'rear','T',224),(550,40,'interior','T',554),(550,40,'rear','T',554),(550,41,'interior','T',224),(550,41,'rear','T',224),(550,42,'interior','T',553),(550,42,'rear','T',553),(550,43,'interior','T',224),(550,43,'rear','T',224),(550,44,'interior','T',552),(550,44,'rear','T',552),(550,45,'interior','T',224),(550,45,'rear','T',224),(550,46,'interior','T',551),(550,46,'rear','T',551),(567,15,'interior','T',224),(567,15,'rear','T',224),(567,16,'front','T',583),(567,16,'interior','T',583),(567,16,'rear','T',583),(567,17,'interior','T',224),(567,17,'rear','T',224),(567,18,'front','T',582),(567,18,'interior','T',582),(567,18,'rear','T',582),(567,19,'interior','T',224),(567,19,'rear','T',224),(567,20,'front','T',581),(567,20,'interior','T',581),(567,20,'rear','T',581),(567,21,'interior','T',224),(567,21,'rear','T',224),(567,22,'front','T',580),(567,22,'interior','T',580),(567,22,'rear','T',580),(567,23,'interior','T',224),(567,23,'rear','T',224),(567,24,'front','T',579),(567,24,'interior','T',579),(567,24,'rear','T',579),(567,25,'interior','T',224),(567,25,'rear','T',224),(567,26,'front','T',578),(567,26,'interior','T',578),(567,26,'rear','T',578),(567,27,'interior','T',224),(567,27,'rear','T',224),(567,28,'front','T',577),(567,28,'interior','T',577),(567,28,'rear','T',577),(567,29,'interior','T',224),(567,29,'rear','T',224),(567,30,'front','T',576),(567,30,'interior','T',576),(567,30,'rear','T',576),(567,31,'interior','T',224),(567,31,'rear','T',224),(567,32,'interior','T',575),(567,32,'rear','T',575),(567,33,'interior','T',224),(567,33,'rear','T',224),(567,34,'interior','T',574),(567,34,'rear','T',574),(567,35,'interior','T',224),(567,35,'rear','T',224),(567,36,'interior','T',573),(567,36,'rear','T',573),(567,37,'interior','T',224),(567,37,'rear','T',224),(567,38,'interior','T',572),(567,38,'rear','T',572),(567,39,'interior','T',224),(567,39,'rear','T',224),(567,40,'interior','T',571),(567,40,'rear','T',571),(567,41,'interior','T',224),(567,41,'rear','T',224),(567,42,'interior','T',570),(567,42,'rear','T',570),(567,43,'interior','T',224),(567,43,'rear','T',224),(567,44,'interior','T',569),(567,44,'rear','T',569),(567,45,'interior','T',224),(567,45,'rear','T',224),(567,46,'interior','T',568),(567,46,'rear','T',568);
/*!40000 ALTER TABLE `RackSpace` ENABLE KEYS */;
UNLOCK TABLES;

--
-- Table structure for table `RackThumbnail`
--

DROP TABLE IF EXISTS `RackThumbnail`;
/*!40101 SET @saved_cs_client     = @@character_set_client */;
/*!40101 SET character_set_client = utf8 */;
CREATE TABLE `RackThumbnail` (
  `rack_id` int(10) unsigned NOT NULL,
  `thumb_data` blob,
  UNIQUE KEY `rack_id` (`rack_id`),
  CONSTRAINT `RackThumbnail-FK-rack_id` FOREIGN KEY (`rack_id`) REFERENCES `Object` (`id`) ON DELETE CASCADE
) ENGINE=InnoDB DEFAULT CHARSET=utf8 COLLATE=utf8_unicode_ci;
/*!40101 SET character_set_client = @saved_cs_client */;

--
-- Dumping data for table `RackThumbnail`
--

LOCK TABLES `RackThumbnail` WRITE;
/*!40000 ALTER TABLE `RackThumbnail` DISABLE KEYS */;
INSERT INTO `RackThumbnail` VALUES (4,'iVBORw0KGgoAAAANSUhEUgAAAC0AAABiCAIAAABLds10AAAA40lEQVRoge3bwQ2CMBhA4WrYC5jAWdyADZzFCSibcSBI3gFsrLElvu+EkaQvf6QBEkOowyWEEGMsG9F1XSjesazevD4/xnHv1Oc05ax0a9u9r+59vxxccxb4oub9KdlSxlnLPOwgOyjpejnYAFKc6XpJmkfmfpriVPP4o9+HHWQH2UHb/vGDTfNALfOwg+wgO8gOsoPsIDvIDrKD7KDtfj3zof4zcT2oZR52kB3k8y3ZQXaQHWQH2UF2kB1kB9lBdpAdZAfZQXaQHWQH2UF2kB1kB9lB2/v1OAzlMtaO4n89qcUMq1Yiq7QB/isAAAAASUVORK5CYII='),(5,'iVBORw0KGgoAAAANSUhEUgAAAC0AAABiCAIAAABLds10AAAA3klEQVRoge3bUQqCQBRA0Ve4L3UFraUduIPW0grUnfUhKVfIEtEZ6Z4vBWEuw0uCwYg8XCKi67q0EVVVRfKOYfVivH+07adHn32/V0TTDBfXnRZYyw6yg+yg4vsjEbey3LLGL6+fU+3Hfu/T0an24y/n44AhWJDLfthBdpAdZAfZQXaQHWQH2UF2kB1kB9lBdpAdZAfZQXaQHWQH2UF20HTesPGQZYHnL+vltx/OR4TzMXfEfCzo3hf57YfzEWHHnB1kB9lBdpAdZAf5f4zsIDto+r3c6zp9R/JPT3LxAhjeK6b7D2gIAAAAAElFTkSuQmCC'),(6,'iVBORw0KGgoAAAANSUhEUgAAAC0AAABiCAIAAABLds10AAAA4klEQVRoge3bwQ2CMBhA4WrYizIBs7gBK7lB2cwDAfIOgsTU/onvO2Ek4aWpf/VgSjHcUkqllLYROefUvGN5ere9ztNU6Ulj37976zEMy8W90rOv6s5v+dpznk/vibIedpAdZAf9Yn4czNOyXvzTejhPr7OD7KAoHc5TsoM8X8gOsoPsIM8XsoM8X8jPC7k/yP1B7g9yf5D7g+wgO8gO2ufHwdSrp6wX8dbjk6lXT7z1qLc/PF+us4PsoCgdfl8nO8jfL2QH2UF2kOcL2UF2kB1kB9lB+/my/dWgZUfzv55E8QLiujNd+i2S/wAAAABJRU5ErkJggg=='),(7,'iVBORw0KGgoAAAANSUhEUgAAAC0AAABiCAIAAABLds10AAAA6klEQVRoge3bwQ2CQBQA0a+hL5YKrMUOaMkOls48KJIxERYNsInzThhJmPzgrhyIqMMpInLOx0aklOLwjsfVm9fn1PcbXenStp++unbd4+C80bXXapZP+dltGBbPqWUedpAdZAftsX7MrKd5PPinebiermcH2UG1dLiekh3k/kJ2kB1kB7m/0DSPmeod1DePkl3gOyWTrm8e3h8R+9wfJWqZhx108O8ljwf1zcP1NMLnl3d2kB1kB9lBPs+R+wvZQXaQHWQHub+Q+wvZQXaQHWQH2UF2kB1kB9lB0//TvNn7DSWeHYe/elKLO8koL7P1mA5wAAAAAElFTkSuQmCC'),(8,'iVBORw0KGgoAAAANSUhEUgAAAC0AAABiCAIAAABLds10AAAA9klEQVRoge3b0QmDMBRG4bS4lzpBZ+kGrtQN4mZ9EJVTqKaUmIjne0pRyM81uaYPhlCHWwghxlg2RNd1oXiOafZm+d0NQ6aZHm377dKz76fBPdPcvzIHmYPMQeYgc5A5qNm/5W+vcdy950r12Dh/xHlwpXqcaX2Yg8xB9g+yf5Drg1wfZA5yv5D7hdZ6bDzFfOI8qK8eKU8xn/rqkY/9g+wfyeI8qK8e9o8Q7B+f7B9kDnK/kPuFXB+UVI8DjianqscBR5Na6mEO8rxO5qCk/y8X6qfmIHOQOajw+2VRSz3MQeYgc5A5yBy0vl+WTw1K5ij+6Ukt3pmGPIOZe4oXAAAAAElFTkSuQmCC'),(9,'iVBORw0KGgoAAAANSUhEUgAAAC0AAABiCAIAAABLds10AAAA2UlEQVRoge3b2wmDMBhA4b/FvXSDruQGnaUTGDfrg5dwCrWWkiYP53uKIOQQVAxiRBsuEZFSqhsxDENU71hm7/bj+zS9O/Uxz6UixnEZXAtN8C07yA7K90u5m+KMVtbDDrKD7CA7KD9Pb31faI4zT+pW1sMO6j6f8rODKy9tg/bWw/ePCDte2UF2kB1kB9lBdpAdZAfZQf/Y3x5I26CV9bCD3M+RHWQH2UF2kB1kB9lBdpAdZAfZQX6/JfdzZAfZQXaQHWQH2UF2kB2U38f2Xw2qWDuq/3rSiifBHSQ6NkZVqAAAAABJRU5ErkJggg=='),(10,'iVBORw0KGgoAAAANSUhEUgAAAC0AAABiCAIAAABLds10AAAAzElEQVRoge3bQQrCMBBA0VG8V3MDr9QbeBZP0PRmLqoNX1DqImYW/61aKOSTxRAoicjhFBG11rERpZQY3rGtftnfb8vy6dP7uvaKmOft4dxpgV/ZQXaQHdTmR78hcUSW/bCD7CA7yA6yg+wgO8gOsoPa+fQ6TZ3WOHLyzbcfntcj7HhnB/1jfnxRXw9Z9sMOcp6SHWQH2UF2kB1kB9lBdpAdZAfZQXaQHWQH2UF2kB1kB9lBdpAdZAfZQXaQHdT+z+1XDYZ4dgy/epLFAwm1HXSSST4fAAAAAElFTkSuQmCC'),(11,'iVBORw0KGgoAAAANSUhEUgAAAC0AAABiCAIAAABLds10AAAA00lEQVRoge3bwQmDMBhA4bS4l9mgK7lBZ+kExs160Breoa1S0vyH950UAnkEo4iYUgyXlFIppW9Ezjl171hnH/bz+zy/G/pYllYR07QeXBtNcJYdZAfV/dJuUxwRZT3sIDuo7pfbODaa48hOjLIedpAdZAcN34f87MOdqbwOoqyHHfSP68Pny3l2kB0UpcPnC9lBvu+THWQH2UF2kB1kB9lBdpAdZAfZQXaQHWQH2UF2kB1kB9lBdpAdZAfZQXaQHWQH2UH1++3+q0EXW0f3X0+ieAJeFR8DNSx8OgAAAABJRU5ErkJggg=='),(12,'iVBORw0KGgoAAAANSUhEUgAAAC0AAABgCAIAAAAGvmx/AAAArElEQVRoge3bsQ2AIBQA0a9xMEZjA2dxAmEzC43mChMtCBT3KkhIOKghYgxTRJRS+kaklKJ7x7n7cs/XfX9butXaKiLnczA32uCv5z7aHfqLUe7DDrKD7CA7yA6yg+wgO8gOsoPsIDvIDrKD7CA7yA6yg+wgO8gOsoPsIDvIDrKD7CA7yA6yg+wgO8gOsoPsIDvIDrKD7CA7yA6yg+yg5/36/bS+i6uj+1eLURxmrhR1HW/kOQAAAABJRU5ErkJggg=='),(13,'iVBORw0KGgoAAAANSUhEUgAAAC0AAABiCAIAAABLds10AAAAzklEQVRoge3bwQnCMBhA4V9xr2YDV+oGzuIETTfzUG14glIPMf/hfacWCnkE0tJAInI4RUStdWxEKSWGd2yjX/b727J8evS+rr0i5nm7OHca4Fd2kB3U1ku/RXFElvmwg+ygtl6u09RpjCMrMct82EG+T8kOsoPsIDvIDrKD7CA7yA6yg+wgO8gO+sf+xxf1dZFvPvzfj7DjnR1kB9lBfl/IDvJ7S3aQHWQH2UF2kB1kB9lBdpAdZAfZQXaQHWQHtf2P/ajBEM+O4UdPsngAjo4hOB7pPGEAAAAASUVORK5CYII='),(14,'iVBORw0KGgoAAAANSUhEUgAAAC0AAABiCAIAAABLds10AAAA7ElEQVRoge3bwQmDMBhA4b/FvXSDruQGnaUTGDfroVV5h6aKaCK872RByGtQo4IRdbhFREqpbETXdVG84zN6M/9+DsOvXV/jeFRE33827gcNsFXzf5eIR9vuGWPNdF5qPo47Pmb1zccJfzqjlvmwg+yg5XzZedHMuNL11A6yg+ygVfcfO2WuTGnaqGU+7KAzjg/Xl+3sIDuolg7XF7KD7CA7yPdBZAed8f4jI00btcyHHeTzC9lBdpAd5PML2UGuL2QH2UF2kOsL2UGuL2QH+X6M7CA7yA6yg+wgO8gOWu4/5k8Nivh2FP/0pBZvj6Axu1neD0QAAAAASUVORK5CYII='),(15,'iVBORw0KGgoAAAANSUhEUgAAAC0AAABiCAIAAABLds10AAAA7klEQVRoge3bwQ2CMBhA4V/DXuAEzuIGbOAsTkDZzAMB8g4ihEBL8r4TJiQ8m0qlCRFluEVESilvRNM0kb1juHo1fX533a9TP31/VETbDgf3gy6wVfX/lIhnXe+5xprhvNR4HDc/JuWNxwlfekEp42EH2UHz72XnTXPBle6ndpAdZAet+v+x08KdKY0HpYyHHXTG/HB92c4OsoNK6XB9ITvIDrKD3A8iO+iM/Y8FaTwoZTzsIJ9fyA6yg+wgn1/IDnJ9ITvIDrKDXF/IDnJ9ITvIDrKD3D8lO8gOsoPcXyc7aJ4fr8cjf0f2V09K8QUE0DJ9E6Kt7QAAAABJRU5ErkJggg=='),(18,'iVBORw0KGgoAAAANSUhEUgAAAC0AAABiCAIAAABLds10AAAA1UlEQVRoge3b2wmDMBhA4b/FvcwGXckNOksnMG7WB1vlPPQqaSI931MEIYcgQYVEtOEQETnnuhEppajeMc/eLdfncXx062WaSkUMwzw4FprgU3aQHWQHda9viTj1/ZY53tl+drUe5fbTxa7W44+eDzvIDrKD1v3jB5vmE62shx1kB9lBdpAdZAfZQXaQHWQHre/rGz/qv5Pvg1bWww6yg/y+JTvIDrKD7CA7yA6yg+wgO8gOsoPsIDvIDrKD7CA7yA6yg+wgO2j9v74cNaji1lH96EkrrmMKIHawUYG3AAAAAElFTkSuQmCC'),(19,'iVBORw0KGgoAAAANSUhEUgAAAC0AAABiCAIAAABLds10AAAA3klEQVRoge3b0QmDMBRA0dfiXuoEnaUbuEFn6QTGzfohVa5Q2yKaCPd8KQi5hFcpBCPKcImIlFLeiKZpInvHuHo13T/6/tOjz2HYK6LrxovrTgv8yw6yg+yg6vsjEbe63rLGL6+fU+3Hfu/TSSn7YQfN83HAEKwoZT/sIDvIDrKD7CA7yA6yg+wgO8gOsoPsIDvIDrKD7CA7yA6yg+wgO2g+b9h4CLfinOdznr9EOB9LzgcdMR8r0vuivP1wPiLsWLKD7CA7yA6yg+wg/4+RHWQHzb+Xe9vm78j+6UkpXm1/KKS3QbXDAAAAAElFTkSuQmCC'),(20,'iVBORw0KGgoAAAANSUhEUgAAAC0AAABiCAIAAABLds10AAAA4klEQVRoge3bwQ2CMBhA4WrYizIBs7gBK7lB2cwDAfIOgsTU/onvO2Ek4aWpf/VgSjHcUkqllLYROefUvGN5ere9ztNU6Ulj37976zEMy8W90rOv6s5v+dpznk/vibIedpAdZAf9Yn4czNOyXvzTejhPr7OD7KAoHc5TsoM8X8gOsoPsIM8XsoM8X8jPC7k/yP1B7g9yf5D7g+wgO8gO2ufHwdSrp6wX8dbjk6lXT7z1qLc/PF+us4PsoCgdfl8nO8jfL2QH2UF2kOcL2UF2kB1kB9lB+/my/dWgZUfzv55E8QLiujNd+i2S/wAAAABJRU5ErkJggg=='),(21,'iVBORw0KGgoAAAANSUhEUgAAAC0AAABiCAIAAABLds10AAAA5klEQVRoge3bTQ6CMBQA4Wq4F+UEnsUbcCVvUG7mApXMQn5iWl7ifCuMJJ28mBYXpBTDJaVUSjk3IuecTu+YV+8+n/M4Vlrp1vffvroPw3xxrbT2Ud32LT97TNPmPVHmYQfZQXZQi/1jZT8t74t/mof76XF2kB0UpcP9lOwgzxeyg+wgO8jzhZZ5rFQ3EGUedtDy+9hzKtYTZR52kPspuZ9Si/1jz6TjzaMe/78cZwfZQXZQlA6fP8jzhewgO8gOsoM8X8jzhewgO8gOsoPsIDvIDrKD7KDl+bRUe79hj1fH6a+eRPEECoQssftIimIAAAAASUVORK5CYII='),(22,'iVBORw0KGgoAAAANSUhEUgAAAC0AAABiCAIAAABLds10AAAA+klEQVRoge3b0Q2CMBSF4athL8oEzuIGrOQGZTMfSDFHI9SQ0ov9v6caSXq4ttdqgpkPFzOLMdYNEUKw6jnm2bvldRjHQjPd+v7bW/dhmAfXQnP/ihyKHIocihyKHIocqtu+ZLfHNG1e01I9Vs4fMQ1aqseZ1gc5FDkU/UPRPxTrQ7E+1KseK59izg3t5K8e5W6a/aL+br+UE9PAXz0OaBIr/NWjHPqHon9ki2ngrx70DzP6xzv6hyKHYr8o9otifaisehxwNDlVPRr6/4McivO6IofK+v3SUD8lhyKHIoeq/P2y8FIPcihyKHIocijOY58cPWdR/dETL55gnkhDz+/SSQAAAABJRU5ErkJggg=='),(23,'iVBORw0KGgoAAAANSUhEUgAAAC0AAABiCAIAAABLds10AAAA3klEQVRoge3bwQ2CMBhA4WrYCzZwJTZwFiegbOYBoXkHEWJK/8P7TjUh6UsDRTSkFMMtpZRzbhsxDENq3rHM3m2fn9P07dDXPNeKGMdlcK80wVl2kB1Urpd6F8URUdbDDrKD7CA7qOynj76vNMeRnTrKethB3e9D/rZz5uV1EGU97KArzg/3j/PsIDsoSof3F7KD7CB//yA7yA664vl2R14HUdbDDnI/JTvIDrKD7CA7yA6yg+wgO8gOsoP8/5Z8niM7yA6yg+wgO8gOsoPsoPJ9bHvVoIlPR/NXT6J4A+A6J/6SMAwdAAAAAElFTkSuQmCC'),(24,'iVBORw0KGgoAAAANSUhEUgAAAC0AAABiCAIAAABLds10AAAA1ElEQVRoge3bwQmDMBhA4b/FvcwGXckNOksnMG7Wg63hFUotJSaF950UhDxySIJiRB9OEZFzbhuRUormHevow3Z/ned3j96WpVbENK0X50oDfMsOsoPsoLJ+1Fsk9uhlPuwgO8gOsoPsoLK/XMbx+OHz86KX+bCDhs+P/GzPyaa/+fA8FmHHKzvIDrKDPH+QHeR+S3aQHWQH2UF2kB1kB9lBdpAdZAfZQXaQHWQH2UF20BHvT//p+5wd5PtTsoPsIDvIDrKDyv6y/WrQxKOj+a8nvbgDnTUjbV7zegsAAAAASUVORK5CYII='),(25,'iVBORw0KGgoAAAANSUhEUgAAAC0AAABiCAIAAABLds10AAAA00lEQVRoge3bwQmDMBhA4bS4l9mgK7lBZ+kExs160Breoa1S0vyH950UAnkEo4iYUgyXlFIppW9Ezjl171hnH/bz+zy/G/pYllYR07QeXBtNcJYdZAfV/dJuUxwRZT3sIDuo7pfbODaa48hOjLIedpAdZAcN34f87MOdqbwOoqyHHfSP68Pny3l2kB0UpcPnC/l+S3aQHWQH2UF2kB1kB9lBdpAdZAfZQXaQHWQH2UF2kB1kB9lBdpAdZAfZQXaQHWQH2UH1e/b+q0EXW0f3X0+ieAK2gx8DpAtwtgAAAABJRU5ErkJggg=='),(26,'iVBORw0KGgoAAAANSUhEUgAAAC0AAABgCAIAAAAGvmx/AAAArElEQVRoge3bsQ2AIBQA0a9xMEZjA2dxAmEzC43mChMtCBT3KkhIOKghYgxTRJRS+kaklKJ7x7n7cs/XfX9butXaKiLnczA32uCv5z7aHfqLUe7DDrKD7CA7yA6yg+wgO8gOsoPsIDvIDrKD7CA7yA6yg+wgO8gOsoPsIDvIDrKD7CA7yA6yg+wgO8gOsoPsIDvIDrKD7CA7yA6yg+yg5/36/bS+i6uj+1eLURxmrhR1HW/kOQAAAABJRU5ErkJggg=='),(27,'iVBORw0KGgoAAAANSUhEUgAAAC0AAABiCAIAAABLds10AAAA3UlEQVRoge3bwQmDMBhA4bS4l27Qldygs3QC42Y9WA3vUKuUmP/wvpMFIY9AEiuYUgy3lFLOuW3EMAypeccyerf9fk7Tt1tf81wrYhyXi3ulAc6yg+ygsl7qLYojosyHHWQHlfXy6PtKYxxZiVHmww5yPyU7yA6yg+wgO8gOsoPsIDvIDrKD7CA7yA6yg3w/RnaQ78fIDrpi/9iR14so82EHdb9v+Zvny3l2kB0UpeOK/WPn5MrrRZT5sIM8X8gO8v8L2UF2kB1kB9lBdpAdVJ4/tk8Nmvh0NP/0JIo3GREopAOQy1AAAAAASUVORK5CYII='),(28,'iVBORw0KGgoAAAANSUhEUgAAAC0AAABiCAIAAABLds10AAAA7ElEQVRoge3bwQmDMBhA4b/FvXSDruQGnaUTGDfroVV5h6aKaCK872RByGtQo4IRdbhFREqpbETXdVG84zN6M/9+DsOvXV/jeFRE33827gcNsFXzf5eIR9vuGWPNdF5qPo47Pmb1zccJfzqjlvmwg+yg5XzZedHMuNL11A6yg+ygVfcfO2WuTGnaqGU+7KAzjg/Xl+3sIDuolg7XF7KD7CA7yPdBZAed8f4jI00btcyHHeTzC9lBdpAd5PML2UGuL2QH2UF2kOsL2UGuL2QH+X6M7CA7yA6yg+wgO8gOWu4/5k8Nivh2FP/0pBZvj6Axu1neD0QAAAAASUVORK5CYII='),(29,'iVBORw0KGgoAAAANSUhEUgAAAC0AAABiCAIAAABLds10AAAA7ElEQVRoge3bwQ2CMBhA4V/DXrCBK7GBszgBZTMPCuQdrBACLcn7TjUh4dlgKyRE1OEWESmlshFd10Xxjs/Zm/nzcxh+Hfoax6Mi+v4zuB90gq2a/4dEPNp2zznWTOel5uO462NW33yc8KUzapkPO8gOWn4vOxfNjCutp3aQHWQHrfr/sVNmZUrToJb5sIPOuD7cX7azg+ygWjrcX8gOsoPsIJ8HkR10xvOPjDQNapkPO8j7F7KD7CA7yPsXsoPcX8gOsoPsIPcXsoPcX8gOsoPsIJ+fkh1kB9lBdpAdtOwv86sGRXw7ir96Uos33rUxu4RsnGEAAAAASUVORK5CYII='),(550,'iVBORw0KGgoAAAANSUhEUgAAAC0AAABiCAIAAABLds10AAAA0klEQVRoge3bzQmDQBgG4S/BvlwrSC12YAepJRW4dpaDJDKC+SFsdg/znAwIDst7UUhEG04RkXOuG5FSiuod69O75+/rPB/deluWUhHTtF6cCz3gW3aQHWQH2UF2kB1kB9lBdpAdZAfZQXaQHWQHbd8/yn3k+ER753Hp+6Ob/nBU7Z2H+4hwH3vug9wHuQ9yH+Q+yH2Q+yD3Qe6D3Ae5D3If1L2/5eVR/Sg/Llo5DzvIDrKD7CA7yA6yg+wgO8gOsoPsIDtoe78dh6F+R/W/nrTiDuLbPL5tLMIIAAAAAElFTkSuQmCC'),(567,'iVBORw0KGgoAAAANSUhEUgAAAC0AAABiCAIAAABLds10AAAA0klEQVRoge3bzQmDQBgG4S/BvlwrSC12YAepJRW4dpaDJDKC+SFsdg/znAwIDst7UUhEG04RkXOuG5FSiuod69O75+/rPB/deluWUhHTtF6cCz3gW3aQHWQH2UF2kB1kB9lBdpAdZAfZQXaQHWQHbd8/yn3k+ER753Hp+6Ob/nBU7Z2H+4hwH3vug9wHuQ9yH+Q+yH2Q+yD3Qe6D3Ae5D3If1L2/5eVR/Sg/Llo5DzvIDrKD7CA7yA6yg+wgO8gOsoPsIDtoe78dh6F+R/W/nrTiDuLbPL5tLMIIAAAAAElFTkSuQmCC');
/*!40000 ALTER TABLE `RackThumbnail` ENABLE KEYS */;
UNLOCK TABLES;

--
-- Temporary table structure for view `Row`
--

DROP TABLE IF EXISTS `Row`;
/*!50001 DROP VIEW IF EXISTS `Row`*/;
SET @saved_cs_client     = @@character_set_client;
SET character_set_client = utf8;
/*!50001 CREATE VIEW `Row` AS SELECT 
 1 AS `id`,
 1 AS `name`,
 1 AS `location_id`,
 1 AS `location_name`*/;
SET character_set_client = @saved_cs_client;

--
-- Table structure for table `Script`
--

DROP TABLE IF EXISTS `Script`;
/*!40101 SET @saved_cs_client     = @@character_set_client */;
/*!40101 SET character_set_client = utf8 */;
CREATE TABLE `Script` (
  `script_name` char(64) COLLATE utf8_unicode_ci NOT NULL,
  `script_text` longtext COLLATE utf8_unicode_ci,
  PRIMARY KEY (`script_name`)
) ENGINE=InnoDB DEFAULT CHARSET=utf8 COLLATE=utf8_unicode_ci;
/*!40101 SET character_set_client = @saved_cs_client */;

--
-- Dumping data for table `Script`
--

LOCK TABLES `Script` WRITE;
/*!40000 ALTER TABLE `Script` DISABLE KEYS */;
INSERT INTO `Script` VALUES ('RackCode','#\n# the super admins:\n#\nallow {$userid_1}\n#\n# general rules for all others\n#\n# allow to see the read only pages per default\n#\nallow {$page_reports} or {$tab_default}\n# those are always read/write pages: deny\ndeny {$tab_rackcode} or {$tab_system} or {$page_config} or {$tab_tags}\n#\n# permissions per page\n#\n# IPv4 space\ndeny {$page_ipv4space} and ( {$tab_newrange} or {$tab_manage} )\nallow {$page_ipv4space}\n# IPv6 space\ndeny {$page_ipv6space} and ( {$tab_newrange} or {$tab_manage} )\nallow {$page_ipv6space}\n# single Racks\ndeny {$page_rack} and ( {$tab_tags} or {$tab_design} or {$tab_edit} or {$tab_problems} )\nallow {$page_rack}\n# whole Rackspace\ndeny {$page_rackspace} and ( {$tab_editlocations} or {$tab_editrows} )\nallow {$page_rackspace}\n# VLANs (8021q)\ndeny {$page_8021q} and ( {$tab_vdlist} or {$tab_vstlist} )\nallow {$page_8021q}\n# Files\ndeny {$page_files} and {$tab_manage}\nallow {$page_files}\n# IP SLB\ndeny {$page_ipv4slb} and ( {$tab_defconfig} or {$tab_new_vs} or {$tab_new_vsg} or {$tab_new_rs} )\nallow {$page_ipv4slb}\n# Cables\ndeny {$page_cables} and {$tab_heaps}\nallow {$page_cables}\n# Objects\ndeny {$page_depot} and {$tab_addmore}\nallow {$page_depot}\n# special page (a separate extension to include our monitoring as separate tab)\nallow {$page_object} and {snmplive}'),('RackCodeCache','YTozOntzOjY6InJlc3VsdCI7czozOiJBQ0siO3M6NzoiQUJJX3ZlciI7aToyO3M6NDoibG9hZCI7YToyMjp7aTowO2E6NDp7czo0OiJ0eXBlIjtzOjEwOiJTWU5UX0dSQU5UIjtzOjk6ImNvbmRpdGlvbiI7YTozOntzOjQ6InR5cGUiO3M6NzoiTEVYX1RBRyI7czo0OiJsb2FkIjtzOjk6IiR1c2VyaWRfMSI7czo2OiJsaW5lbm8iO2k6NDt9czo4OiJkZWNpc2lvbiI7YjoxO3M6NjoibGluZW5vIjtpOjQ7fWk6MTthOjQ6e3M6NDoidHlwZSI7czoxMDoiU1lOVF9HUkFOVCI7czo5OiJjb25kaXRpb24iO2E6NTp7czo0OiJ0eXBlIjtzOjk6IlNZTlRfRVhQUiI7czo4OiJ0YWdfYXJncyI7YToyOntpOjA7czoxMzoiJHBhZ2VfcmVwb3J0cyI7aToxO3M6MTI6IiR0YWJfZGVmYXVsdCI7fXM6OToiZXhwcl9hcmdzIjthOjA6e31zOjY6ImxpbmVubyI7aToxMDtzOjk6InRhZ19saW5lcyI7YToyOntpOjA7aToxMDtpOjE7aToxMDt9fXM6ODoiZGVjaXNpb24iO2I6MTtzOjY6ImxpbmVubyI7aToxMDt9aToyO2E6NDp7czo0OiJ0eXBlIjtzOjEwOiJTWU5UX0dSQU5UIjtzOjk6ImNvbmRpdGlvbiI7YTo1OntzOjQ6InR5cGUiO3M6OToiU1lOVF9FWFBSIjtzOjg6InRhZ19hcmdzIjthOjQ6e2k6MDtzOjEzOiIkdGFiX3JhY2tjb2RlIjtpOjE7czoxMToiJHRhYl9zeXN0ZW0iO2k6MjtzOjEyOiIkcGFnZV9jb25maWciO2k6MztzOjk6IiR0YWJfdGFncyI7fXM6OToiZXhwcl9hcmdzIjthOjA6e31zOjY6ImxpbmVubyI7aToxMjtzOjk6InRhZ19saW5lcyI7YTo0OntpOjA7aToxMjtpOjE7aToxMjtpOjI7aToxMjtpOjM7aToxMjt9fXM6ODoiZGVjaXNpb24iO2I6MDtzOjY6ImxpbmVubyI7aToxMjt9aTozO2E6NDp7czo0OiJ0eXBlIjtzOjEwOiJTWU5UX0dSQU5UIjtzOjk6ImNvbmRpdGlvbiI7YTo1OntzOjQ6InR5cGUiO3M6MTM6IlNZTlRfQU5EX0VYUFIiO3M6ODoidGFnX2FyZ3MiO2E6MTp7aTowO3M6MTU6IiRwYWdlX2lwdjRzcGFjZSI7fXM6OToiZXhwcl9hcmdzIjthOjE6e2k6MDthOjU6e3M6NDoidHlwZSI7czo5OiJTWU5UX0VYUFIiO3M6ODoidGFnX2FyZ3MiO2E6Mjp7aTowO3M6MTM6IiR0YWJfbmV3cmFuZ2UiO2k6MTtzOjExOiIkdGFiX21hbmFnZSI7fXM6OToiZXhwcl9hcmdzIjthOjA6e31zOjY6ImxpbmVubyI7aToxNztzOjk6InRhZ19saW5lcyI7YToyOntpOjA7aToxNztpOjE7aToxNzt9fX1zOjY6ImxpbmVubyI7aToxNztzOjk6InRhZ19saW5lcyI7YToxOntpOjA7aToxNzt9fXM6ODoiZGVjaXNpb24iO2I6MDtzOjY6ImxpbmVubyI7aToxNzt9aTo0O2E6NDp7czo0OiJ0eXBlIjtzOjEwOiJTWU5UX0dSQU5UIjtzOjk6ImNvbmRpdGlvbiI7YTozOntzOjQ6InR5cGUiO3M6NzoiTEVYX1RBRyI7czo0OiJsb2FkIjtzOjE1OiIkcGFnZV9pcHY0c3BhY2UiO3M6NjoibGluZW5vIjtpOjE4O31zOjg6ImRlY2lzaW9uIjtiOjE7czo2OiJsaW5lbm8iO2k6MTg7fWk6NTthOjQ6e3M6NDoidHlwZSI7czoxMDoiU1lOVF9HUkFOVCI7czo5OiJjb25kaXRpb24iO2E6NTp7czo0OiJ0eXBlIjtzOjEzOiJTWU5UX0FORF9FWFBSIjtzOjg6InRhZ19hcmdzIjthOjE6e2k6MDtzOjE1OiIkcGFnZV9pcHY2c3BhY2UiO31zOjk6ImV4cHJfYXJncyI7YToxOntpOjA7YTo1OntzOjQ6InR5cGUiO3M6OToiU1lOVF9FWFBSIjtzOjg6InRhZ19hcmdzIjthOjI6e2k6MDtzOjEzOiIkdGFiX25ld3JhbmdlIjtpOjE7czoxMToiJHRhYl9tYW5hZ2UiO31zOjk6ImV4cHJfYXJncyI7YTowOnt9czo2OiJsaW5lbm8iO2k6MjA7czo5OiJ0YWdfbGluZXMiO2E6Mjp7aTowO2k6MjA7aToxO2k6MjA7fX19czo2OiJsaW5lbm8iO2k6MjA7czo5OiJ0YWdfbGluZXMiO2E6MTp7aTowO2k6MjA7fX1zOjg6ImRlY2lzaW9uIjtiOjA7czo2OiJsaW5lbm8iO2k6MjA7fWk6NjthOjQ6e3M6NDoidHlwZSI7czoxMDoiU1lOVF9HUkFOVCI7czo5OiJjb25kaXRpb24iO2E6Mzp7czo0OiJ0eXBlIjtzOjc6IkxFWF9UQUciO3M6NDoibG9hZCI7czoxNToiJHBhZ2VfaXB2NnNwYWNlIjtzOjY6ImxpbmVubyI7aToyMTt9czo4OiJkZWNpc2lvbiI7YjoxO3M6NjoibGluZW5vIjtpOjIxO31pOjc7YTo0OntzOjQ6InR5cGUiO3M6MTA6IlNZTlRfR1JBTlQiO3M6OToiY29uZGl0aW9uIjthOjU6e3M6NDoidHlwZSI7czoxMzoiU1lOVF9BTkRfRVhQUiI7czo4OiJ0YWdfYXJncyI7YToxOntpOjA7czoxMDoiJHBhZ2VfcmFjayI7fXM6OToiZXhwcl9hcmdzIjthOjE6e2k6MDthOjU6e3M6NDoidHlwZSI7czo5OiJTWU5UX0VYUFIiO3M6ODoidGFnX2FyZ3MiO2E6NDp7aTowO3M6OToiJHRhYl90YWdzIjtpOjE7czoxMToiJHRhYl9kZXNpZ24iO2k6MjtzOjk6IiR0YWJfZWRpdCI7aTozO3M6MTM6IiR0YWJfcHJvYmxlbXMiO31zOjk6ImV4cHJfYXJncyI7YTowOnt9czo2OiJsaW5lbm8iO2k6MjM7czo5OiJ0YWdfbGluZXMiO2E6NDp7aTowO2k6MjM7aToxO2k6MjM7aToyO2k6MjM7aTozO2k6MjM7fX19czo2OiJsaW5lbm8iO2k6MjM7czo5OiJ0YWdfbGluZXMiO2E6MTp7aTowO2k6MjM7fX1zOjg6ImRlY2lzaW9uIjtiOjA7czo2OiJsaW5lbm8iO2k6MjM7fWk6ODthOjQ6e3M6NDoidHlwZSI7czoxMDoiU1lOVF9HUkFOVCI7czo5OiJjb25kaXRpb24iO2E6Mzp7czo0OiJ0eXBlIjtzOjc6IkxFWF9UQUciO3M6NDoibG9hZCI7czoxMDoiJHBhZ2VfcmFjayI7czo2OiJsaW5lbm8iO2k6MjQ7fXM6ODoiZGVjaXNpb24iO2I6MTtzOjY6ImxpbmVubyI7aToyNDt9aTo5O2E6NDp7czo0OiJ0eXBlIjtzOjEwOiJTWU5UX0dSQU5UIjtzOjk6ImNvbmRpdGlvbiI7YTo1OntzOjQ6InR5cGUiO3M6MTM6IlNZTlRfQU5EX0VYUFIiO3M6ODoidGFnX2FyZ3MiO2E6MTp7aTowO3M6MTU6IiRwYWdlX3JhY2tzcGFjZSI7fXM6OToiZXhwcl9hcmdzIjthOjE6e2k6MDthOjU6e3M6NDoidHlwZSI7czo5OiJTWU5UX0VYUFIiO3M6ODoidGFnX2FyZ3MiO2E6Mjp7aTowO3M6MTg6IiR0YWJfZWRpdGxvY2F0aW9ucyI7aToxO3M6MTM6IiR0YWJfZWRpdHJvd3MiO31zOjk6ImV4cHJfYXJncyI7YTowOnt9czo2OiJsaW5lbm8iO2k6MjY7czo5OiJ0YWdfbGluZXMiO2E6Mjp7aTowO2k6MjY7aToxO2k6MjY7fX19czo2OiJsaW5lbm8iO2k6MjY7czo5OiJ0YWdfbGluZXMiO2E6MTp7aTowO2k6MjY7fX1zOjg6ImRlY2lzaW9uIjtiOjA7czo2OiJsaW5lbm8iO2k6MjY7fWk6MTA7YTo0OntzOjQ6InR5cGUiO3M6MTA6IlNZTlRfR1JBTlQiO3M6OToiY29uZGl0aW9uIjthOjM6e3M6NDoidHlwZSI7czo3OiJMRVhfVEFHIjtzOjQ6ImxvYWQiO3M6MTU6IiRwYWdlX3JhY2tzcGFjZSI7czo2OiJsaW5lbm8iO2k6Mjc7fXM6ODoiZGVjaXNpb24iO2I6MTtzOjY6ImxpbmVubyI7aToyNzt9aToxMTthOjQ6e3M6NDoidHlwZSI7czoxMDoiU1lOVF9HUkFOVCI7czo5OiJjb25kaXRpb24iO2E6NTp7czo0OiJ0eXBlIjtzOjEzOiJTWU5UX0FORF9FWFBSIjtzOjg6InRhZ19hcmdzIjthOjE6e2k6MDtzOjExOiIkcGFnZV84MDIxcSI7fXM6OToiZXhwcl9hcmdzIjthOjE6e2k6MDthOjU6e3M6NDoidHlwZSI7czo5OiJTWU5UX0VYUFIiO3M6ODoidGFnX2FyZ3MiO2E6Mjp7aTowO3M6MTE6IiR0YWJfdmRsaXN0IjtpOjE7czoxMjoiJHRhYl92c3RsaXN0Ijt9czo5OiJleHByX2FyZ3MiO2E6MDp7fXM6NjoibGluZW5vIjtpOjI5O3M6OToidGFnX2xpbmVzIjthOjI6e2k6MDtpOjI5O2k6MTtpOjI5O319fXM6NjoibGluZW5vIjtpOjI5O3M6OToidGFnX2xpbmVzIjthOjE6e2k6MDtpOjI5O319czo4OiJkZWNpc2lvbiI7YjowO3M6NjoibGluZW5vIjtpOjI5O31pOjEyO2E6NDp7czo0OiJ0eXBlIjtzOjEwOiJTWU5UX0dSQU5UIjtzOjk6ImNvbmRpdGlvbiI7YTozOntzOjQ6InR5cGUiO3M6NzoiTEVYX1RBRyI7czo0OiJsb2FkIjtzOjExOiIkcGFnZV84MDIxcSI7czo2OiJsaW5lbm8iO2k6MzA7fXM6ODoiZGVjaXNpb24iO2I6MTtzOjY6ImxpbmVubyI7aTozMDt9aToxMzthOjQ6e3M6NDoidHlwZSI7czoxMDoiU1lOVF9HUkFOVCI7czo5OiJjb25kaXRpb24iO2E6NTp7czo0OiJ0eXBlIjtzOjEzOiJTWU5UX0FORF9FWFBSIjtzOjg6InRhZ19hcmdzIjthOjI6e2k6MDtzOjExOiIkcGFnZV9maWxlcyI7aToxO3M6MTE6IiR0YWJfbWFuYWdlIjt9czo5OiJleHByX2FyZ3MiO2E6MDp7fXM6NjoibGluZW5vIjtpOjMyO3M6OToidGFnX2xpbmVzIjthOjI6e2k6MDtpOjMyO2k6MTtpOjMyO319czo4OiJkZWNpc2lvbiI7YjowO3M6NjoibGluZW5vIjtpOjMyO31pOjE0O2E6NDp7czo0OiJ0eXBlIjtzOjEwOiJTWU5UX0dSQU5UIjtzOjk6ImNvbmRpdGlvbiI7YTozOntzOjQ6InR5cGUiO3M6NzoiTEVYX1RBRyI7czo0OiJsb2FkIjtzOjExOiIkcGFnZV9maWxlcyI7czo2OiJsaW5lbm8iO2k6MzM7fXM6ODoiZGVjaXNpb24iO2I6MTtzOjY6ImxpbmVubyI7aTozMzt9aToxNTthOjQ6e3M6NDoidHlwZSI7czoxMDoiU1lOVF9HUkFOVCI7czo5OiJjb25kaXRpb24iO2E6NTp7czo0OiJ0eXBlIjtzOjEzOiJTWU5UX0FORF9FWFBSIjtzOjg6InRhZ19hcmdzIjthOjE6e2k6MDtzOjEzOiIkcGFnZV9pcHY0c2xiIjt9czo5OiJleHByX2FyZ3MiO2E6MTp7aTowO2E6NTp7czo0OiJ0eXBlIjtzOjk6IlNZTlRfRVhQUiI7czo4OiJ0YWdfYXJncyI7YTo0OntpOjA7czoxNDoiJHRhYl9kZWZjb25maWciO2k6MTtzOjExOiIkdGFiX25ld192cyI7aToyO3M6MTI6IiR0YWJfbmV3X3ZzZyI7aTozO3M6MTE6IiR0YWJfbmV3X3JzIjt9czo5OiJleHByX2FyZ3MiO2E6MDp7fXM6NjoibGluZW5vIjtpOjM1O3M6OToidGFnX2xpbmVzIjthOjQ6e2k6MDtpOjM1O2k6MTtpOjM1O2k6MjtpOjM1O2k6MztpOjM1O319fXM6NjoibGluZW5vIjtpOjM1O3M6OToidGFnX2xpbmVzIjthOjE6e2k6MDtpOjM1O319czo4OiJkZWNpc2lvbiI7YjowO3M6NjoibGluZW5vIjtpOjM1O31pOjE2O2E6NDp7czo0OiJ0eXBlIjtzOjEwOiJTWU5UX0dSQU5UIjtzOjk6ImNvbmRpdGlvbiI7YTozOntzOjQ6InR5cGUiO3M6NzoiTEVYX1RBRyI7czo0OiJsb2FkIjtzOjEzOiIkcGFnZV9pcHY0c2xiIjtzOjY6ImxpbmVubyI7aTozNjt9czo4OiJkZWNpc2lvbiI7YjoxO3M6NjoibGluZW5vIjtpOjM2O31pOjE3O2E6NDp7czo0OiJ0eXBlIjtzOjEwOiJTWU5UX0dSQU5UIjtzOjk6ImNvbmRpdGlvbiI7YTo1OntzOjQ6InR5cGUiO3M6MTM6IlNZTlRfQU5EX0VYUFIiO3M6ODoidGFnX2FyZ3MiO2E6Mjp7aTowO3M6MTI6IiRwYWdlX2NhYmxlcyI7aToxO3M6MTA6IiR0YWJfaGVhcHMiO31zOjk6ImV4cHJfYXJncyI7YTowOnt9czo2OiJsaW5lbm8iO2k6Mzg7czo5OiJ0YWdfbGluZXMiO2E6Mjp7aTowO2k6Mzg7aToxO2k6Mzg7fX1zOjg6ImRlY2lzaW9uIjtiOjA7czo2OiJsaW5lbm8iO2k6Mzg7fWk6MTg7YTo0OntzOjQ6InR5cGUiO3M6MTA6IlNZTlRfR1JBTlQiO3M6OToiY29uZGl0aW9uIjthOjM6e3M6NDoidHlwZSI7czo3OiJMRVhfVEFHIjtzOjQ6ImxvYWQiO3M6MTI6IiRwYWdlX2NhYmxlcyI7czo2OiJsaW5lbm8iO2k6Mzk7fXM6ODoiZGVjaXNpb24iO2I6MTtzOjY6ImxpbmVubyI7aTozOTt9aToxOTthOjQ6e3M6NDoidHlwZSI7czoxMDoiU1lOVF9HUkFOVCI7czo5OiJjb25kaXRpb24iO2E6NTp7czo0OiJ0eXBlIjtzOjEzOiJTWU5UX0FORF9FWFBSIjtzOjg6InRhZ19hcmdzIjthOjI6e2k6MDtzOjExOiIkcGFnZV9kZXBvdCI7aToxO3M6MTI6IiR0YWJfYWRkbW9yZSI7fXM6OToiZXhwcl9hcmdzIjthOjA6e31zOjY6ImxpbmVubyI7aTo0MTtzOjk6InRhZ19saW5lcyI7YToyOntpOjA7aTo0MTtpOjE7aTo0MTt9fXM6ODoiZGVjaXNpb24iO2I6MDtzOjY6ImxpbmVubyI7aTo0MTt9aToyMDthOjQ6e3M6NDoidHlwZSI7czoxMDoiU1lOVF9HUkFOVCI7czo5OiJjb25kaXRpb24iO2E6Mzp7czo0OiJ0eXBlIjtzOjc6IkxFWF9UQUciO3M6NDoibG9hZCI7czoxMToiJHBhZ2VfZGVwb3QiO3M6NjoibGluZW5vIjtpOjQyO31zOjg6ImRlY2lzaW9uIjtiOjE7czo2OiJsaW5lbm8iO2k6NDI7fWk6MjE7YTo0OntzOjQ6InR5cGUiO3M6MTA6IlNZTlRfR1JBTlQiO3M6OToiY29uZGl0aW9uIjthOjU6e3M6NDoidHlwZSI7czoxMzoiU1lOVF9BTkRfRVhQUiI7czo4OiJ0YWdfYXJncyI7YToyOntpOjA7czoxMjoiJHBhZ2Vfb2JqZWN0IjtpOjE7czo4OiJzbm1wbGl2ZSI7fXM6OToiZXhwcl9hcmdzIjthOjA6e31zOjY6ImxpbmVubyI7aTo0NDtzOjk6InRhZ19saW5lcyI7YToyOntpOjA7aTo0NDtpOjE7aTo0NDt9fXM6ODoiZGVjaXNpb24iO2I6MTtzOjY6ImxpbmVubyI7aTo0NDt9fX0=');
/*!40000 ALTER TABLE `Script` ENABLE KEYS */;
UNLOCK TABLES;

--
-- Table structure for table `TagStorage`
--

DROP TABLE IF EXISTS `TagStorage`;
/*!40101 SET @saved_cs_client     = @@character_set_client */;
/*!40101 SET character_set_client = utf8 */;
CREATE TABLE `TagStorage` (
  `entity_realm` enum('file','ipv4net','ipv4rspool','ipv4vs','ipvs','ipv6net','location','object','rack','user','vst') COLLATE utf8_unicode_ci NOT NULL DEFAULT 'object',
  `entity_id` int(10) unsigned NOT NULL,
  `tag_id` int(10) unsigned NOT NULL DEFAULT '0',
  `tag_is_assignable` enum('yes','no') COLLATE utf8_unicode_ci NOT NULL DEFAULT 'yes',
  `user` char(64) COLLATE utf8_unicode_ci DEFAULT NULL,
  `date` datetime DEFAULT NULL,
  UNIQUE KEY `entity_tag` (`entity_realm`,`entity_id`,`tag_id`),
  KEY `entity_id` (`entity_id`),
  KEY `TagStorage-FK-tag_id` (`tag_id`),
  KEY `tag_id-tag_is_assignable` (`tag_id`,`tag_is_assignable`),
  CONSTRAINT `TagStorage-FK-TagTree` FOREIGN KEY (`tag_id`, `tag_is_assignable`) REFERENCES `TagTree` (`id`, `is_assignable`)
) ENGINE=InnoDB DEFAULT CHARSET=utf8 COLLATE=utf8_unicode_ci;
/*!40101 SET character_set_client = @saved_cs_client */;

--
-- Dumping data for table `TagStorage`
--

LOCK TABLES `TagStorage` WRITE;
/*!40000 ALTER TABLE `TagStorage` DISABLE KEYS */;
INSERT INTO `TagStorage` VALUES ('object',42,7,'yes','RTadmin','2018-04-30 10:24:16'),('object',154,2,'yes','RTadmin','2018-02-20 15:52:51'),('object',155,2,'yes','RTadmin','2018-02-20 15:53:57'),('object',156,2,'yes','RTadmin','2018-02-20 15:55:02'),('object',157,2,'yes','RTadmin','2018-02-20 15:55:23'),('object',158,2,'yes','RTadmin','2018-02-20 15:55:48'),('object',159,2,'yes','RTadmin','2018-02-20 16:00:27'),('object',160,2,'yes','RTadmin','2018-02-20 16:01:06'),('object',161,2,'yes','RTadmin','2018-02-20 16:02:15'),('object',162,2,'yes','RTadmin','2018-02-20 16:03:00'),('object',163,2,'yes','RTadmin','2018-02-20 16:03:42'),('object',164,2,'yes','RTadmin','2018-02-20 16:04:29'),('object',165,2,'yes','RTadmin','2018-02-20 16:05:38'),('object',166,2,'yes','RTadmin','2018-02-20 16:07:21'),('object',167,2,'yes','RTadmin','2018-02-20 16:47:50'),('object',168,2,'yes','RTadmin','2018-02-20 16:48:49'),('object',169,2,'yes','RTadmin','2018-02-20 16:49:44'),('object',170,2,'yes','RTadmin','2018-02-20 16:50:38'),('object',171,2,'yes','RTadmin','2018-02-20 16:51:38'),('object',172,2,'yes','RTadmin','2018-02-21 09:26:50'),('object',173,2,'yes','RTadmin','2018-02-21 09:27:38'),('object',174,2,'yes','RTadmin','2018-02-21 09:28:07'),('object',175,2,'yes','RTadmin','2018-02-21 09:28:40'),('object',176,2,'yes','RTadmin','2018-02-21 09:29:34'),('object',177,2,'yes','RTadmin','2018-02-21 09:30:09'),('object',178,2,'yes','RTadmin','2018-02-21 09:30:39'),('object',179,2,'yes','RTadmin','2018-02-21 09:31:31'),('object',204,3,'yes','RTadmin','2018-02-20 15:56:41'),('object',205,3,'yes','RTadmin','2018-02-20 15:57:10'),('object',206,3,'yes','RTadmin','2018-02-20 15:58:05'),('object',207,3,'yes','RTadmin','2018-02-20 15:58:28'),('object',208,3,'yes','RTadmin','2018-02-20 15:59:24'),('object',210,3,'yes','RTadmin','2018-02-20 16:09:28'),('object',211,3,'yes','RTadmin','2018-02-20 16:33:30'),('object',212,3,'yes','RTadmin','2018-02-20 16:34:11'),('object',213,3,'yes','RTadmin','2018-02-21 09:34:29'),('object',214,3,'yes','RTadmin','2018-02-21 09:34:54'),('object',215,3,'yes','RTadmin','2018-02-21 09:35:30'),('object',216,3,'yes','RTadmin','2018-02-21 09:36:03'),('object',217,3,'yes','RTadmin','2018-02-21 09:36:38'),('object',219,5,'yes','RTadmin','2018-02-21 09:32:33'),('object',220,3,'yes','RTadmin','2018-02-21 09:55:06'),('object',221,3,'yes','RTadmin','2018-02-21 09:55:53'),('object',225,2,'yes','RTadmin','2018-02-20 16:23:20'),('object',226,2,'yes','RTadmin','2018-02-20 16:23:52'),('object',227,2,'yes','RTadmin','2018-02-20 16:24:33'),('object',228,2,'yes','RTadmin','2018-02-20 16:25:12'),('object',229,2,'yes','RTadmin','2018-02-20 16:26:00'),('object',230,3,'yes','RTadmin','2018-02-20 16:27:39'),('object',231,2,'yes','RTadmin','2018-02-20 16:29:26'),('object',232,2,'yes','RTadmin','2018-02-20 16:31:43'),('object',233,2,'yes','RTadmin','2018-02-20 16:32:50'),('object',234,4,'yes','RTadmin','2018-02-20 16:37:59'),('object',235,3,'yes','RTadmin','2018-02-20 16:38:36'),('object',236,3,'yes','RTadmin','2018-02-20 16:40:00'),('object',256,2,'yes','RTadmin','2018-02-20 16:12:42'),('object',257,2,'yes','RTadmin','2018-02-20 16:11:28'),('object',258,2,'yes','RTadmin','2018-02-20 16:15:06'),('object',259,2,'yes','RTadmin','2018-02-20 16:16:08'),('object',260,2,'yes','RTadmin','2018-02-20 16:17:54'),('object',261,2,'yes','RTadmin','2018-02-20 16:18:32'),('object',262,2,'yes','RTadmin','2018-02-20 16:20:48'),('object',263,2,'yes','RTadmin','2018-02-20 16:40:52'),('object',264,2,'yes','RTadmin','2018-02-20 16:41:36'),('object',265,2,'yes','RTadmin','2018-02-20 16:42:08'),('object',266,2,'yes','RTadmin','2018-02-20 16:42:53'),('object',267,2,'yes','RTadmin','2018-02-20 16:43:24'),('object',268,2,'yes','RTadmin','2018-02-20 16:44:32'),('object',269,2,'yes','RTadmin','2018-02-20 16:45:20'),('object',270,3,'yes','RTadmin','2018-02-20 16:46:00'),('object',279,2,'yes','RTadmin','2018-02-21 09:38:04'),('object',280,2,'yes','RTadmin','2018-02-21 09:39:34'),('object',281,2,'yes','RTadmin','2018-02-21 09:40:50'),('object',282,2,'yes','RTadmin','2018-02-21 09:41:26'),('object',283,2,'yes','RTadmin','2018-02-21 09:43:06'),('object',284,2,'yes','RTadmin','2018-02-21 09:43:43'),('object',285,2,'yes','RTadmin','2018-02-21 09:44:54'),('object',286,2,'yes','RTadmin','2018-02-21 09:45:22'),('object',287,2,'yes','RTadmin','2018-02-21 09:45:49'),('object',288,2,'yes','RTadmin','2018-02-21 09:46:20'),('object',289,3,'yes','RTadmin','2018-02-21 09:47:20'),('object',290,2,'yes','RTadmin','2018-02-21 09:48:29'),('object',291,2,'yes','RTadmin','2018-02-21 09:52:34'),('object',292,2,'yes','RTadmin','2018-02-21 09:54:27'),('object',293,3,'yes','RTadmin','2018-02-21 09:56:30'),('object',294,3,'yes','RTadmin','2018-02-21 09:57:33'),('object',295,2,'yes','RTadmin','2018-02-21 09:58:13'),('object',296,2,'yes','RTadmin','2018-02-21 09:59:07'),('object',297,2,'yes','RTadmin','2018-02-21 09:59:38'),('object',298,2,'yes','RTadmin','2018-02-21 10:00:33'),('object',299,2,'yes','RTadmin','2018-02-21 10:01:20'),('object',300,2,'yes','RTadmin','2018-02-21 10:04:45'),('object',301,3,'yes','RTadmin','2018-02-21 10:05:30'),('object',302,5,'yes','RTadmin','2018-02-21 10:06:31'),('object',319,3,'yes','RTadmin','2018-02-21 11:36:24'),('object',335,3,'yes','RTadmin','2018-02-21 12:05:35'),('object',337,6,'yes','RTadmin','2018-02-21 16:22:55'),('object',338,6,'yes','RTadmin','2018-02-22 10:16:59'),('object',339,6,'yes','RTadmin','2018-02-21 16:48:29'),('object',341,6,'yes','RTadmin','2018-02-21 17:08:02'),('object',342,6,'yes','RTadmin','2018-04-19 11:34:14'),('object',343,6,'yes','RTadmin','2018-02-22 09:57:51'),('object',344,6,'yes','RTadmin','2018-02-22 09:57:43'),('object',345,6,'yes','RTadmin','2018-02-22 09:58:01'),('object',346,6,'yes','RTadmin','2018-04-19 11:33:58');
/*!40000 ALTER TABLE `TagStorage` ENABLE KEYS */;
UNLOCK TABLES;

--
-- Table structure for table `TagTree`
--

DROP TABLE IF EXISTS `TagTree`;
/*!40101 SET @saved_cs_client     = @@character_set_client */;
/*!40101 SET character_set_client = utf8 */;
CREATE TABLE `TagTree` (
  `id` int(10) unsigned NOT NULL AUTO_INCREMENT,
  `parent_id` int(10) unsigned DEFAULT NULL,
  `is_assignable` enum('yes','no') COLLATE utf8_unicode_ci NOT NULL DEFAULT 'yes',
  `tag` char(255) COLLATE utf8_unicode_ci DEFAULT NULL,
  PRIMARY KEY (`id`),
  UNIQUE KEY `tag` (`tag`),
  KEY `TagTree-K-parent_id` (`parent_id`),
  KEY `id-is_assignable` (`id`,`is_assignable`),
  CONSTRAINT `TagTree-K-parent_id` FOREIGN KEY (`parent_id`) REFERENCES `TagTree` (`id`)
) ENGINE=InnoDB AUTO_INCREMENT=8 DEFAULT CHARSET=utf8 COLLATE=utf8_unicode_ci;
/*!40101 SET character_set_client = @saved_cs_client */;

--
-- Dumping data for table `TagTree`
--

LOCK TABLES `TagTree` WRITE;
/*!40000 ALTER TABLE `TagTree` DISABLE KEYS */;
INSERT INTO `TagTree` VALUES (2,NULL,'yes','DCU Global Operations'),(3,NULL,'yes','DCU Oxya'),(4,NULL,'yes','Corporate IT'),(5,NULL,'yes','Oxya SAP'),(6,NULL,'yes','Rserv'),(7,NULL,'yes','OM3 LC:LC');
/*!40000 ALTER TABLE `TagTree` ENABLE KEYS */;
UNLOCK TABLES;

--
-- Table structure for table `UserAccount`
--

DROP TABLE IF EXISTS `UserAccount`;
/*!40101 SET @saved_cs_client     = @@character_set_client */;
/*!40101 SET character_set_client = utf8 */;
CREATE TABLE `UserAccount` (
  `user_id` int(10) unsigned NOT NULL AUTO_INCREMENT,
  `user_name` char(64) COLLATE utf8_unicode_ci NOT NULL DEFAULT '',
  `user_password_hash` char(40) COLLATE utf8_unicode_ci DEFAULT NULL,
  `user_realname` char(64) COLLATE utf8_unicode_ci DEFAULT NULL,
  PRIMARY KEY (`user_id`),
  UNIQUE KEY `user_name` (`user_name`)
) ENGINE=InnoDB AUTO_INCREMENT=3 DEFAULT CHARSET=utf8 COLLATE=utf8_unicode_ci;
/*!40101 SET character_set_client = @saved_cs_client */;

--
-- Dumping data for table `UserAccount`
--

LOCK TABLES `UserAccount` WRITE;
/*!40000 ALTER TABLE `UserAccount` DISABLE KEYS */;
INSERT INTO `UserAccount` VALUES (1,'RTadmin','b452cc90a375713e91d383688240aef21dc53811','RackTables Administrator'),(2,'RTconsult','bdb05325aadcad5219c999437cc773f555071b23','RackTables Consultant');
/*!40000 ALTER TABLE `UserAccount` ENABLE KEYS */;
UNLOCK TABLES;

--
-- Table structure for table `UserConfig`
--

DROP TABLE IF EXISTS `UserConfig`;
/*!40101 SET @saved_cs_client     = @@character_set_client */;
/*!40101 SET character_set_client = utf8 */;
CREATE TABLE `UserConfig` (
  `varname` char(32) COLLATE utf8_unicode_ci NOT NULL,
  `varvalue` text COLLATE utf8_unicode_ci NOT NULL,
  `user` char(64) COLLATE utf8_unicode_ci NOT NULL,
  UNIQUE KEY `user_varname` (`user`,`varname`),
  KEY `varname` (`varname`),
  CONSTRAINT `UserConfig-FK-varname` FOREIGN KEY (`varname`) REFERENCES `Config` (`varname`) ON DELETE CASCADE ON UPDATE CASCADE
) ENGINE=InnoDB DEFAULT CHARSET=utf8 COLLATE=utf8_unicode_ci;
/*!40101 SET character_set_client = @saved_cs_client */;

--
-- Dumping data for table `UserConfig`
--

LOCK TABLES `UserConfig` WRITE;
/*!40000 ALTER TABLE `UserConfig` DISABLE KEYS */;
/*!40000 ALTER TABLE `UserConfig` ENABLE KEYS */;
UNLOCK TABLES;

--
-- Table structure for table `VLANDescription`
--

DROP TABLE IF EXISTS `VLANDescription`;
/*!40101 SET @saved_cs_client     = @@character_set_client */;
/*!40101 SET character_set_client = utf8 */;
CREATE TABLE `VLANDescription` (
  `domain_id` int(10) unsigned NOT NULL,
  `vlan_id` int(10) unsigned NOT NULL DEFAULT '0',
  `vlan_type` enum('ondemand','compulsory','alien') COLLATE utf8_unicode_ci NOT NULL DEFAULT 'ondemand',
  `vlan_descr` char(255) COLLATE utf8_unicode_ci DEFAULT NULL,
  PRIMARY KEY (`domain_id`,`vlan_id`),
  KEY `vlan_id` (`vlan_id`),
  CONSTRAINT `VLANDescription-FK-domain_id` FOREIGN KEY (`domain_id`) REFERENCES `VLANDomain` (`id`) ON DELETE CASCADE,
  CONSTRAINT `VLANDescription-FK-vlan_id` FOREIGN KEY (`vlan_id`) REFERENCES `VLANValidID` (`vlan_id`)
) ENGINE=InnoDB DEFAULT CHARSET=utf8 COLLATE=utf8_unicode_ci;
/*!40101 SET character_set_client = @saved_cs_client */;

--
-- Dumping data for table `VLANDescription`
--

LOCK TABLES `VLANDescription` WRITE;
/*!40000 ALTER TABLE `VLANDescription` DISABLE KEYS */;
INSERT INTO `VLANDescription` VALUES (3,4,'compulsory','VLAN 4'),(4,7,'compulsory','VLAN 7'),(5,8,'compulsory','VLAN 8'),(6,9,'compulsory','VLAN 9'),(7,10,'compulsory','VLAN 10'),(7,11,'compulsory','VLAN 11'),(7,12,'compulsory','VLAN 12'),(7,13,'compulsory','VLAN 13'),(7,14,'compulsory','VLAN 14'),(7,15,'compulsory','VLAN 15'),(7,16,'compulsory','VLAN 16'),(8,17,'compulsory','VLAN 17'),(9,18,'compulsory','VLAN 18'),(10,20,'compulsory','VLAN 20'),(11,22,'compulsory','VLAN 22'),(12,25,'compulsory','VLAN 25'),(13,26,'compulsory','VLAN 26'),(14,28,'compulsory','VLAN 28'),(15,29,'compulsory','VLAN 29'),(16,2996,'compulsory','VLAN 2996'),(17,2997,'compulsory','VLAN 2997'),(18,34,'compulsory','VLAN 34'),(19,35,'compulsory','VLAN 35'),(20,38,'compulsory','VLAN 38'),(21,39,'compulsory','VLAN 39'),(22,401,'compulsory','VLAN 401'),(22,402,'compulsory','VLAN 402'),(23,2160,'compulsory','VLAN 2160'),(24,2161,'compulsory','VLAN 2161'),(25,2162,'compulsory','VLAN 2162'),(26,2163,'compulsory','VLAN 2163'),(27,2164,'compulsory','VLAN 2164'),(28,2165,'compulsory','VLAN 2165'),(29,2166,'compulsory','VLAN 2166'),(30,2167,'compulsory','VLAN 2167'),(31,2168,'compulsory','VLAN 2168'),(32,2169,'compulsory','VLAN 2169'),(33,2170,'compulsory','VLAN 2170'),(34,2998,'compulsory','VLAN 2998'),(35,2999,'compulsory','VLAN 2999'),(36,3000,'compulsory','VLAN 3000'),(36,3001,'compulsory','VLAN 3001'),(37,3166,'compulsory','VLAN 3166'),(38,3167,'compulsory','VLAN 3167');
/*!40000 ALTER TABLE `VLANDescription` ENABLE KEYS */;
UNLOCK TABLES;

--
-- Table structure for table `VLANDomain`
--

DROP TABLE IF EXISTS `VLANDomain`;
/*!40101 SET @saved_cs_client     = @@character_set_client */;
/*!40101 SET character_set_client = utf8 */;
CREATE TABLE `VLANDomain` (
  `id` int(10) unsigned NOT NULL AUTO_INCREMENT,
  `group_id` int(10) unsigned DEFAULT NULL,
  `description` char(255) COLLATE utf8_unicode_ci DEFAULT NULL,
  PRIMARY KEY (`id`),
  UNIQUE KEY `description` (`description`),
  KEY `VLANDomain-FK-group_id` (`group_id`),
  CONSTRAINT `VLANDomain-FK-group_id` FOREIGN KEY (`group_id`) REFERENCES `VLANDomain` (`id`) ON DELETE SET NULL
) ENGINE=InnoDB AUTO_INCREMENT=40 DEFAULT CHARSET=utf8 COLLATE=utf8_unicode_ci;
/*!40101 SET character_set_client = @saved_cs_client */;

--
-- Dumping data for table `VLANDomain`
--

LOCK TABLES `VLANDomain` WRITE;
/*!40000 ALTER TABLE `VLANDomain` DISABLE KEYS */;
INSERT INTO `VLANDomain` VALUES (3,NULL,'Exadata for Oxya'),(4,NULL,'Power 8 VIO, Storage & SAN'),(5,NULL,'DB Prod'),(6,NULL,'DB Other'),(7,NULL,'Prod'),(8,NULL,'Service'),(9,NULL,'Backup'),(10,NULL,'OUTBAND Management'),(11,NULL,'Partner boundaries'),(12,NULL,'prep_digital_db'),(13,NULL,'prep_digital_app'),(14,NULL,'prep digital db e-commerce'),(15,NULL,'prep digital app e-commerce'),(16,NULL,'F5 Internal Sync'),(17,NULL,'F5 Internal Mirroring'),(18,NULL,'prod digital db e-commerce'),(19,NULL,'prod digital app e-commerce'),(20,NULL,'Management INBAND Nutanix'),(21,NULL,'Management INBAND'),(22,NULL,'Management INBAND P8'),(23,NULL,'dmz dev/int digital full public'),(24,NULL,'dmz prep digital public'),(25,NULL,'prep digital dmz e-commerce public'),(26,NULL,'prod digital dmz public'),(27,NULL,'prod digital dmz e-commerce public'),(28,NULL,'dmz_web_services_prod_public'),(29,NULL,'Management in DMZ (admin nutanix)'),(30,NULL,'dmz_oracle_exagate_public'),(31,NULL,'SAP Connector DMZ'),(32,NULL,'C-Storage Interco'),(33,NULL,'dmz_web_services_prep_public'),(34,NULL,'dmz F5 Synchro'),(35,NULL,'dmz F5 Heartbeat'),(36,NULL,'dmz Preprod F5 Synchro'),(37,NULL,'vmotion DMZ nutanix'),(38,NULL,'dmz_dell_compellent_public'),(39,NULL,'');
/*!40000 ALTER TABLE `VLANDomain` ENABLE KEYS */;
UNLOCK TABLES;

--
-- Table structure for table `VLANIPv4`
--

DROP TABLE IF EXISTS `VLANIPv4`;
/*!40101 SET @saved_cs_client     = @@character_set_client */;
/*!40101 SET character_set_client = utf8 */;
CREATE TABLE `VLANIPv4` (
  `domain_id` int(10) unsigned NOT NULL,
  `vlan_id` int(10) unsigned NOT NULL,
  `ipv4net_id` int(10) unsigned NOT NULL,
  UNIQUE KEY `network-domain-vlan` (`ipv4net_id`,`domain_id`,`vlan_id`),
  KEY `VLANIPv4-FK-compound` (`domain_id`,`vlan_id`),
  CONSTRAINT `VLANIPv4-FK-compound` FOREIGN KEY (`domain_id`, `vlan_id`) REFERENCES `VLANDescription` (`domain_id`, `vlan_id`) ON DELETE CASCADE,
  CONSTRAINT `VLANIPv4-FK-ipv4net_id` FOREIGN KEY (`ipv4net_id`) REFERENCES `IPv4Network` (`id`) ON DELETE CASCADE
) ENGINE=InnoDB DEFAULT CHARSET=utf8 COLLATE=utf8_unicode_ci;
/*!40101 SET character_set_client = @saved_cs_client */;

--
-- Dumping data for table `VLANIPv4`
--

LOCK TABLES `VLANIPv4` WRITE;
/*!40000 ALTER TABLE `VLANIPv4` DISABLE KEYS */;
INSERT INTO `VLANIPv4` VALUES (3,4,5),(5,8,13),(6,9,14),(7,10,15),(7,11,16),(7,12,17),(7,13,18),(7,14,19),(7,15,20),(7,16,21),(9,18,22),(11,22,24),(12,25,28),(13,26,29),(14,28,32),(15,29,33),(18,34,40),(19,35,41),(20,38,45),(21,39,46),(22,401,47),(22,402,48),(23,2160,27),(24,2161,31),(25,2162,35),(26,2163,39),(27,2164,43),(28,2165,44),(29,2166,49),(30,2167,51),(31,2168,57),(32,2169,58),(34,2998,53),(35,2999,54),(36,3000,55),(36,3001,56),(37,3166,50),(38,3167,52);
/*!40000 ALTER TABLE `VLANIPv4` ENABLE KEYS */;
UNLOCK TABLES;

--
-- Table structure for table `VLANIPv6`
--

DROP TABLE IF EXISTS `VLANIPv6`;
/*!40101 SET @saved_cs_client     = @@character_set_client */;
/*!40101 SET character_set_client = utf8 */;
CREATE TABLE `VLANIPv6` (
  `domain_id` int(10) unsigned NOT NULL,
  `vlan_id` int(10) unsigned NOT NULL,
  `ipv6net_id` int(10) unsigned NOT NULL,
  UNIQUE KEY `network-domain-vlan` (`ipv6net_id`,`domain_id`,`vlan_id`),
  KEY `VLANIPv6-FK-compound` (`domain_id`,`vlan_id`),
  CONSTRAINT `VLANIPv6-FK-compound` FOREIGN KEY (`domain_id`, `vlan_id`) REFERENCES `VLANDescription` (`domain_id`, `vlan_id`) ON DELETE CASCADE,
  CONSTRAINT `VLANIPv6-FK-ipv6net_id` FOREIGN KEY (`ipv6net_id`) REFERENCES `IPv6Network` (`id`) ON DELETE CASCADE
) ENGINE=InnoDB DEFAULT CHARSET=utf8 COLLATE=utf8_unicode_ci;
/*!40101 SET character_set_client = @saved_cs_client */;

--
-- Dumping data for table `VLANIPv6`
--

LOCK TABLES `VLANIPv6` WRITE;
/*!40000 ALTER TABLE `VLANIPv6` DISABLE KEYS */;
/*!40000 ALTER TABLE `VLANIPv6` ENABLE KEYS */;
UNLOCK TABLES;

--
-- Table structure for table `VLANSTRule`
--

DROP TABLE IF EXISTS `VLANSTRule`;
/*!40101 SET @saved_cs_client     = @@character_set_client */;
/*!40101 SET character_set_client = utf8 */;
CREATE TABLE `VLANSTRule` (
  `vst_id` int(10) unsigned NOT NULL,
  `rule_no` int(10) unsigned NOT NULL,
  `port_pcre` char(255) COLLATE utf8_unicode_ci NOT NULL,
  `port_role` enum('access','trunk','anymode','uplink','downlink','none') COLLATE utf8_unicode_ci NOT NULL DEFAULT 'none',
  `wrt_vlans` text COLLATE utf8_unicode_ci,
  `description` char(255) COLLATE utf8_unicode_ci DEFAULT NULL,
  UNIQUE KEY `vst-rule` (`vst_id`,`rule_no`),
  CONSTRAINT `VLANSTRule-FK-vst_id` FOREIGN KEY (`vst_id`) REFERENCES `VLANSwitchTemplate` (`id`) ON DELETE CASCADE
) ENGINE=InnoDB DEFAULT CHARSET=utf8 COLLATE=utf8_unicode_ci;
/*!40101 SET character_set_client = @saved_cs_client */;

--
-- Dumping data for table `VLANSTRule`
--

LOCK TABLES `VLANSTRule` WRITE;
/*!40000 ALTER TABLE `VLANSTRule` DISABLE KEYS */;
/*!40000 ALTER TABLE `VLANSTRule` ENABLE KEYS */;
UNLOCK TABLES;

--
-- Table structure for table `VLANSwitch`
--

DROP TABLE IF EXISTS `VLANSwitch`;
/*!40101 SET @saved_cs_client     = @@character_set_client */;
/*!40101 SET character_set_client = utf8 */;
CREATE TABLE `VLANSwitch` (
  `object_id` int(10) unsigned NOT NULL,
  `domain_id` int(10) unsigned NOT NULL,
  `template_id` int(10) unsigned NOT NULL,
  `mutex_rev` int(10) unsigned NOT NULL DEFAULT '0',
  `out_of_sync` enum('yes','no') COLLATE utf8_unicode_ci NOT NULL DEFAULT 'yes',
  `last_errno` int(10) unsigned NOT NULL DEFAULT '0',
  `last_change` timestamp NOT NULL DEFAULT '0000-00-00 00:00:00',
  `last_push_started` timestamp NOT NULL DEFAULT '0000-00-00 00:00:00',
  `last_push_finished` timestamp NOT NULL DEFAULT '0000-00-00 00:00:00',
  `last_error_ts` timestamp NOT NULL DEFAULT '0000-00-00 00:00:00',
  UNIQUE KEY `object_id` (`object_id`),
  KEY `domain_id` (`domain_id`),
  KEY `template_id` (`template_id`),
  KEY `out_of_sync` (`out_of_sync`),
  KEY `last_errno` (`last_errno`),
  CONSTRAINT `VLANSwitch-FK-domain_id` FOREIGN KEY (`domain_id`) REFERENCES `VLANDomain` (`id`),
  CONSTRAINT `VLANSwitch-FK-object_id` FOREIGN KEY (`object_id`) REFERENCES `Object` (`id`),
  CONSTRAINT `VLANSwitch-FK-template_id` FOREIGN KEY (`template_id`) REFERENCES `VLANSwitchTemplate` (`id`)
) ENGINE=InnoDB DEFAULT CHARSET=utf8 COLLATE=utf8_unicode_ci;
/*!40101 SET character_set_client = @saved_cs_client */;

--
-- Dumping data for table `VLANSwitch`
--

LOCK TABLES `VLANSwitch` WRITE;
/*!40000 ALTER TABLE `VLANSwitch` DISABLE KEYS */;
/*!40000 ALTER TABLE `VLANSwitch` ENABLE KEYS */;
UNLOCK TABLES;

--
-- Table structure for table `VLANSwitchTemplate`
--

DROP TABLE IF EXISTS `VLANSwitchTemplate`;
/*!40101 SET @saved_cs_client     = @@character_set_client */;
/*!40101 SET character_set_client = utf8 */;
CREATE TABLE `VLANSwitchTemplate` (
  `id` int(10) unsigned NOT NULL AUTO_INCREMENT,
  `mutex_rev` int(10) NOT NULL,
  `description` char(255) COLLATE utf8_unicode_ci DEFAULT NULL,
  `saved_by` char(64) COLLATE utf8_unicode_ci NOT NULL,
  PRIMARY KEY (`id`),
  UNIQUE KEY `description` (`description`)
) ENGINE=InnoDB AUTO_INCREMENT=2 DEFAULT CHARSET=utf8 COLLATE=utf8_unicode_ci;
/*!40101 SET character_set_client = @saved_cs_client */;

--
-- Dumping data for table `VLANSwitchTemplate`
--

LOCK TABLES `VLANSwitchTemplate` WRITE;
/*!40000 ALTER TABLE `VLANSwitchTemplate` DISABLE KEYS */;
/*!40000 ALTER TABLE `VLANSwitchTemplate` ENABLE KEYS */;
UNLOCK TABLES;

--
-- Table structure for table `VLANValidID`
--

DROP TABLE IF EXISTS `VLANValidID`;
/*!40101 SET @saved_cs_client     = @@character_set_client */;
/*!40101 SET character_set_client = utf8 */;
CREATE TABLE `VLANValidID` (
  `vlan_id` int(10) unsigned NOT NULL DEFAULT '1',
  PRIMARY KEY (`vlan_id`)
) ENGINE=InnoDB DEFAULT CHARSET=utf8 COLLATE=utf8_unicode_ci;
/*!40101 SET character_set_client = @saved_cs_client */;

--
-- Dumping data for table `VLANValidID`
--

LOCK TABLES `VLANValidID` WRITE;
/*!40000 ALTER TABLE `VLANValidID` DISABLE KEYS */;
INSERT INTO `VLANValidID` VALUES (1),(2),(3),(4),(5),(6),(7),(8),(9),(10),(11),(12),(13),(14),(15),(16),(17),(18),(19),(20),(21),(22),(23),(24),(25),(26),(27),(28),(29),(30),(31),(32),(33),(34),(35),(36),(37),(38),(39),(40),(41),(42),(43),(44),(45),(46),(47),(48),(49),(50),(51),(52),(53),(54),(55),(56),(57),(58),(59),(60),(61),(62),(63),(64),(65),(66),(67),(68),(69),(70),(71),(72),(73),(74),(75),(76),(77),(78),(79),(80),(81),(82),(83),(84),(85),(86),(87),(88),(89),(90),(91),(92),(93),(94),(95),(96),(97),(98),(99),(100),(101),(102),(103),(104),(105),(106),(107),(108),(109),(110),(111),(112),(113),(114),(115),(116),(117),(118),(119),(120),(121),(122),(123),(124),(125),(126),(127),(128),(129),(130),(131),(132),(133),(134),(135),(136),(137),(138),(139),(140),(141),(142),(143),(144),(145),(146),(147),(148),(149),(150),(151),(152),(153),(154),(155),(156),(157),(158),(159),(160),(161),(162),(163),(164),(165),(166),(167),(168),(169),(170),(171),(172),(173),(174),(175),(176),(177),(178),(179),(180),(181),(182),(183),(184),(185),(186),(187),(188),(189),(190),(191),(192),(193),(194),(195),(196),(197),(198),(199),(200),(201),(202),(203),(204),(205),(206),(207),(208),(209),(210),(211),(212),(213),(214),(215),(216),(217),(218),(219),(220),(221),(222),(223),(224),(225),(226),(227),(228),(229),(230),(231),(232),(233),(234),(235),(236),(237),(238),(239),(240),(241),(242),(243),(244),(245),(246),(247),(248),(249),(250),(251),(252),(253),(254),(255),(256),(257),(258),(259),(260),(261),(262),(263),(264),(265),(266),(267),(268),(269),(270),(271),(272),(273),(274),(275),(276),(277),(278),(279),(280),(281),(282),(283),(284),(285),(286),(287),(288),(289),(290),(291),(292),(293),(294),(295),(296),(297),(298),(299),(300),(301),(302),(303),(304),(305),(306),(307),(308),(309),(310),(311),(312),(313),(314),(315),(316),(317),(318),(319),(320),(321),(322),(323),(324),(325),(326),(327),(328),(329),(330),(331),(332),(333),(334),(335),(336),(337),(338),(339),(340),(341),(342),(343),(344),(345),(346),(347),(348),(349),(350),(351),(352),(353),(354),(355),(356),(357),(358),(359),(360),(361),(362),(363),(364),(365),(366),(367),(368),(369),(370),(371),(372),(373),(374),(375),(376),(377),(378),(379),(380),(381),(382),(383),(384),(385),(386),(387),(388),(389),(390),(391),(392),(393),(394),(395),(396),(397),(398),(399),(400),(401),(402),(403),(404),(405),(406),(407),(408),(409),(410),(411),(412),(413),(414),(415),(416),(417),(418),(419),(420),(421),(422),(423),(424),(425),(426),(427),(428),(429),(430),(431),(432),(433),(434),(435),(436),(437),(438),(439),(440),(441),(442),(443),(444),(445),(446),(447),(448),(449),(450),(451),(452),(453),(454),(455),(456),(457),(458),(459),(460),(461),(462),(463),(464),(465),(466),(467),(468),(469),(470),(471),(472),(473),(474),(475),(476),(477),(478),(479),(480),(481),(482),(483),(484),(485),(486),(487),(488),(489),(490),(491),(492),(493),(494),(495),(496),(497),(498),(499),(500),(501),(502),(503),(504),(505),(506),(507),(508),(509),(510),(511),(512),(513),(514),(515),(516),(517),(518),(519),(520),(521),(522),(523),(524),(525),(526),(527),(528),(529),(530),(531),(532),(533),(534),(535),(536),(537),(538),(539),(540),(541),(542),(543),(544),(545),(546),(547),(548),(549),(550),(551),(552),(553),(554),(555),(556),(557),(558),(559),(560),(561),(562),(563),(564),(565),(566),(567),(568),(569),(570),(571),(572),(573),(574),(575),(576),(577),(578),(579),(580),(581),(582),(583),(584),(585),(586),(587),(588),(589),(590),(591),(592),(593),(594),(595),(596),(597),(598),(599),(600),(601),(602),(603),(604),(605),(606),(607),(608),(609),(610),(611),(612),(613),(614),(615),(616),(617),(618),(619),(620),(621),(622),(623),(624),(625),(626),(627),(628),(629),(630),(631),(632),(633),(634),(635),(636),(637),(638),(639),(640),(641),(642),(643),(644),(645),(646),(647),(648),(649),(650),(651),(652),(653),(654),(655),(656),(657),(658),(659),(660),(661),(662),(663),(664),(665),(666),(667),(668),(669),(670),(671),(672),(673),(674),(675),(676),(677),(678),(679),(680),(681),(682),(683),(684),(685),(686),(687),(688),(689),(690),(691),(692),(693),(694),(695),(696),(697),(698),(699),(700),(701),(702),(703),(704),(705),(706),(707),(708),(709),(710),(711),(712),(713),(714),(715),(716),(717),(718),(719),(720),(721),(722),(723),(724),(725),(726),(727),(728),(729),(730),(731),(732),(733),(734),(735),(736),(737),(738),(739),(740),(741),(742),(743),(744),(745),(746),(747),(748),(749),(750),(751),(752),(753),(754),(755),(756),(757),(758),(759),(760),(761),(762),(763),(764),(765),(766),(767),(768),(769),(770),(771),(772),(773),(774),(775),(776),(777),(778),(779),(780),(781),(782),(783),(784),(785),(786),(787),(788),(789),(790),(791),(792),(793),(794),(795),(796),(797),(798),(799),(800),(801),(802),(803),(804),(805),(806),(807),(808),(809),(810),(811),(812),(813),(814),(815),(816),(817),(818),(819),(820),(821),(822),(823),(824),(825),(826),(827),(828),(829),(830),(831),(832),(833),(834),(835),(836),(837),(838),(839),(840),(841),(842),(843),(844),(845),(846),(847),(848),(849),(850),(851),(852),(853),(854),(855),(856),(857),(858),(859),(860),(861),(862),(863),(864),(865),(866),(867),(868),(869),(870),(871),(872),(873),(874),(875),(876),(877),(878),(879),(880),(881),(882),(883),(884),(885),(886),(887),(888),(889),(890),(891),(892),(893),(894),(895),(896),(897),(898),(899),(900),(901),(902),(903),(904),(905),(906),(907),(908),(909),(910),(911),(912),(913),(914),(915),(916),(917),(918),(919),(920),(921),(922),(923),(924),(925),(926),(927),(928),(929),(930),(931),(932),(933),(934),(935),(936),(937),(938),(939),(940),(941),(942),(943),(944),(945),(946),(947),(948),(949),(950),(951),(952),(953),(954),(955),(956),(957),(958),(959),(960),(961),(962),(963),(964),(965),(966),(967),(968),(969),(970),(971),(972),(973),(974),(975),(976),(977),(978),(979),(980),(981),(982),(983),(984),(985),(986),(987),(988),(989),(990),(991),(992),(993),(994),(995),(996),(997),(998),(999),(1000),(1001),(1002),(1003),(1004),(1005),(1006),(1007),(1008),(1009),(1010),(1011),(1012),(1013),(1014),(1015),(1016),(1017),(1018),(1019),(1020),(1021),(1022),(1023),(1024),(1025),(1026),(1027),(1028),(1029),(1030),(1031),(1032),(1033),(1034),(1035),(1036),(1037),(1038),(1039),(1040),(1041),(1042),(1043),(1044),(1045),(1046),(1047),(1048),(1049),(1050),(1051),(1052),(1053),(1054),(1055),(1056),(1057),(1058),(1059),(1060),(1061),(1062),(1063),(1064),(1065),(1066),(1067),(1068),(1069),(1070),(1071),(1072),(1073),(1074),(1075),(1076),(1077),(1078),(1079),(1080),(1081),(1082),(1083),(1084),(1085),(1086),(1087),(1088),(1089),(1090),(1091),(1092),(1093),(1094),(1095),(1096),(1097),(1098),(1099),(1100),(1101),(1102),(1103),(1104),(1105),(1106),(1107),(1108),(1109),(1110),(1111),(1112),(1113),(1114),(1115),(1116),(1117),(1118),(1119),(1120),(1121),(1122),(1123),(1124),(1125),(1126),(1127),(1128),(1129),(1130),(1131),(1132),(1133),(1134),(1135),(1136),(1137),(1138),(1139),(1140),(1141),(1142),(1143),(1144),(1145),(1146),(1147),(1148),(1149),(1150),(1151),(1152),(1153),(1154),(1155),(1156),(1157),(1158),(1159),(1160),(1161),(1162),(1163),(1164),(1165),(1166),(1167),(1168),(1169),(1170),(1171),(1172),(1173),(1174),(1175),(1176),(1177),(1178),(1179),(1180),(1181),(1182),(1183),(1184),(1185),(1186),(1187),(1188),(1189),(1190),(1191),(1192),(1193),(1194),(1195),(1196),(1197),(1198),(1199),(1200),(1201),(1202),(1203),(1204),(1205),(1206),(1207),(1208),(1209),(1210),(1211),(1212),(1213),(1214),(1215),(1216),(1217),(1218),(1219),(1220),(1221),(1222),(1223),(1224),(1225),(1226),(1227),(1228),(1229),(1230),(1231),(1232),(1233),(1234),(1235),(1236),(1237),(1238),(1239),(1240),(1241),(1242),(1243),(1244),(1245),(1246),(1247),(1248),(1249),(1250),(1251),(1252),(1253),(1254),(1255),(1256),(1257),(1258),(1259),(1260),(1261),(1262),(1263),(1264),(1265),(1266),(1267),(1268),(1269),(1270),(1271),(1272),(1273),(1274),(1275),(1276),(1277),(1278),(1279),(1280),(1281),(1282),(1283),(1284),(1285),(1286),(1287),(1288),(1289),(1290),(1291),(1292),(1293),(1294),(1295),(1296),(1297),(1298),(1299),(1300),(1301),(1302),(1303),(1304),(1305),(1306),(1307),(1308),(1309),(1310),(1311),(1312),(1313),(1314),(1315),(1316),(1317),(1318),(1319),(1320),(1321),(1322),(1323),(1324),(1325),(1326),(1327),(1328),(1329),(1330),(1331),(1332),(1333),(1334),(1335),(1336),(1337),(1338),(1339),(1340),(1341),(1342),(1343),(1344),(1345),(1346),(1347),(1348),(1349),(1350),(1351),(1352),(1353),(1354),(1355),(1356),(1357),(1358),(1359),(1360),(1361),(1362),(1363),(1364),(1365),(1366),(1367),(1368),(1369),(1370),(1371),(1372),(1373),(1374),(1375),(1376),(1377),(1378),(1379),(1380),(1381),(1382),(1383),(1384),(1385),(1386),(1387),(1388),(1389),(1390),(1391),(1392),(1393),(1394),(1395),(1396),(1397),(1398),(1399),(1400),(1401),(1402),(1403),(1404),(1405),(1406),(1407),(1408),(1409),(1410),(1411),(1412),(1413),(1414),(1415),(1416),(1417),(1418),(1419),(1420),(1421),(1422),(1423),(1424),(1425),(1426),(1427),(1428),(1429),(1430),(1431),(1432),(1433),(1434),(1435),(1436),(1437),(1438),(1439),(1440),(1441),(1442),(1443),(1444),(1445),(1446),(1447),(1448),(1449),(1450),(1451),(1452),(1453),(1454),(1455),(1456),(1457),(1458),(1459),(1460),(1461),(1462),(1463),(1464),(1465),(1466),(1467),(1468),(1469),(1470),(1471),(1472),(1473),(1474),(1475),(1476),(1477),(1478),(1479),(1480),(1481),(1482),(1483),(1484),(1485),(1486),(1487),(1488),(1489),(1490),(1491),(1492),(1493),(1494),(1495),(1496),(1497),(1498),(1499),(1500),(1501),(1502),(1503),(1504),(1505),(1506),(1507),(1508),(1509),(1510),(1511),(1512),(1513),(1514),(1515),(1516),(1517),(1518),(1519),(1520),(1521),(1522),(1523),(1524),(1525),(1526),(1527),(1528),(1529),(1530),(1531),(1532),(1533),(1534),(1535),(1536),(1537),(1538),(1539),(1540),(1541),(1542),(1543),(1544),(1545),(1546),(1547),(1548),(1549),(1550),(1551),(1552),(1553),(1554),(1555),(1556),(1557),(1558),(1559),(1560),(1561),(1562),(1563),(1564),(1565),(1566),(1567),(1568),(1569),(1570),(1571),(1572),(1573),(1574),(1575),(1576),(1577),(1578),(1579),(1580),(1581),(1582),(1583),(1584),(1585),(1586),(1587),(1588),(1589),(1590),(1591),(1592),(1593),(1594),(1595),(1596),(1597),(1598),(1599),(1600),(1601),(1602),(1603),(1604),(1605),(1606),(1607),(1608),(1609),(1610),(1611),(1612),(1613),(1614),(1615),(1616),(1617),(1618),(1619),(1620),(1621),(1622),(1623),(1624),(1625),(1626),(1627),(1628),(1629),(1630),(1631),(1632),(1633),(1634),(1635),(1636),(1637),(1638),(1639),(1640),(1641),(1642),(1643),(1644),(1645),(1646),(1647),(1648),(1649),(1650),(1651),(1652),(1653),(1654),(1655),(1656),(1657),(1658),(1659),(1660),(1661),(1662),(1663),(1664),(1665),(1666),(1667),(1668),(1669),(1670),(1671),(1672),(1673),(1674),(1675),(1676),(1677),(1678),(1679),(1680),(1681),(1682),(1683),(1684),(1685),(1686),(1687),(1688),(1689),(1690),(1691),(1692),(1693),(1694),(1695),(1696),(1697),(1698),(1699),(1700),(1701),(1702),(1703),(1704),(1705),(1706),(1707),(1708),(1709),(1710),(1711),(1712),(1713),(1714),(1715),(1716),(1717),(1718),(1719),(1720),(1721),(1722),(1723),(1724),(1725),(1726),(1727),(1728),(1729),(1730),(1731),(1732),(1733),(1734),(1735),(1736),(1737),(1738),(1739),(1740),(1741),(1742),(1743),(1744),(1745),(1746),(1747),(1748),(1749),(1750),(1751),(1752),(1753),(1754),(1755),(1756),(1757),(1758),(1759),(1760),(1761),(1762),(1763),(1764),(1765),(1766),(1767),(1768),(1769),(1770),(1771),(1772),(1773),(1774),(1775),(1776),(1777),(1778),(1779),(1780),(1781),(1782),(1783),(1784),(1785),(1786),(1787),(1788),(1789),(1790),(1791),(1792),(1793),(1794),(1795),(1796),(1797),(1798),(1799),(1800),(1801),(1802),(1803),(1804),(1805),(1806),(1807),(1808),(1809),(1810),(1811),(1812),(1813),(1814),(1815),(1816),(1817),(1818),(1819),(1820),(1821),(1822),(1823),(1824),(1825),(1826),(1827),(1828),(1829),(1830),(1831),(1832),(1833),(1834),(1835),(1836),(1837),(1838),(1839),(1840),(1841),(1842),(1843),(1844),(1845),(1846),(1847),(1848),(1849),(1850),(1851),(1852),(1853),(1854),(1855),(1856),(1857),(1858),(1859),(1860),(1861),(1862),(1863),(1864),(1865),(1866),(1867),(1868),(1869),(1870),(1871),(1872),(1873),(1874),(1875),(1876),(1877),(1878),(1879),(1880),(1881),(1882),(1883),(1884),(1885),(1886),(1887),(1888),(1889),(1890),(1891),(1892),(1893),(1894),(1895),(1896),(1897),(1898),(1899),(1900),(1901),(1902),(1903),(1904),(1905),(1906),(1907),(1908),(1909),(1910),(1911),(1912),(1913),(1914),(1915),(1916),(1917),(1918),(1919),(1920),(1921),(1922),(1923),(1924),(1925),(1926),(1927),(1928),(1929),(1930),(1931),(1932),(1933),(1934),(1935),(1936),(1937),(1938),(1939),(1940),(1941),(1942),(1943),(1944),(1945),(1946),(1947),(1948),(1949),(1950),(1951),(1952),(1953),(1954),(1955),(1956),(1957),(1958),(1959),(1960),(1961),(1962),(1963),(1964),(1965),(1966),(1967),(1968),(1969),(1970),(1971),(1972),(1973),(1974),(1975),(1976),(1977),(1978),(1979),(1980),(1981),(1982),(1983),(1984),(1985),(1986),(1987),(1988),(1989),(1990),(1991),(1992),(1993),(1994),(1995),(1996),(1997),(1998),(1999),(2000),(2001),(2002),(2003),(2004),(2005),(2006),(2007),(2008),(2009),(2010),(2011),(2012),(2013),(2014),(2015),(2016),(2017),(2018),(2019),(2020),(2021),(2022),(2023),(2024),(2025),(2026),(2027),(2028),(2029),(2030),(2031),(2032),(2033),(2034),(2035),(2036),(2037),(2038),(2039),(2040),(2041),(2042),(2043),(2044),(2045),(2046),(2047),(2048),(2049),(2050),(2051),(2052),(2053),(2054),(2055),(2056),(2057),(2058),(2059),(2060),(2061),(2062),(2063),(2064),(2065),(2066),(2067),(2068),(2069),(2070),(2071),(2072),(2073),(2074),(2075),(2076),(2077),(2078),(2079),(2080),(2081),(2082),(2083),(2084),(2085),(2086),(2087),(2088),(2089),(2090),(2091),(2092),(2093),(2094),(2095),(2096),(2097),(2098),(2099),(2100),(2101),(2102),(2103),(2104),(2105),(2106),(2107),(2108),(2109),(2110),(2111),(2112),(2113),(2114),(2115),(2116),(2117),(2118),(2119),(2120),(2121),(2122),(2123),(2124),(2125),(2126),(2127),(2128),(2129),(2130),(2131),(2132),(2133),(2134),(2135),(2136),(2137),(2138),(2139),(2140),(2141),(2142),(2143),(2144),(2145),(2146),(2147),(2148),(2149),(2150),(2151),(2152),(2153),(2154),(2155),(2156),(2157),(2158),(2159),(2160),(2161),(2162),(2163),(2164),(2165),(2166),(2167),(2168),(2169),(2170),(2171),(2172),(2173),(2174),(2175),(2176),(2177),(2178),(2179),(2180),(2181),(2182),(2183),(2184),(2185),(2186),(2187),(2188),(2189),(2190),(2191),(2192),(2193),(2194),(2195),(2196),(2197),(2198),(2199),(2200),(2201),(2202),(2203),(2204),(2205),(2206),(2207),(2208),(2209),(2210),(2211),(2212),(2213),(2214),(2215),(2216),(2217),(2218),(2219),(2220),(2221),(2222),(2223),(2224),(2225),(2226),(2227),(2228),(2229),(2230),(2231),(2232),(2233),(2234),(2235),(2236),(2237),(2238),(2239),(2240),(2241),(2242),(2243),(2244),(2245),(2246),(2247),(2248),(2249),(2250),(2251),(2252),(2253),(2254),(2255),(2256),(2257),(2258),(2259),(2260),(2261),(2262),(2263),(2264),(2265),(2266),(2267),(2268),(2269),(2270),(2271),(2272),(2273),(2274),(2275),(2276),(2277),(2278),(2279),(2280),(2281),(2282),(2283),(2284),(2285),(2286),(2287),(2288),(2289),(2290),(2291),(2292),(2293),(2294),(2295),(2296),(2297),(2298),(2299),(2300),(2301),(2302),(2303),(2304),(2305),(2306),(2307),(2308),(2309),(2310),(2311),(2312),(2313),(2314),(2315),(2316),(2317),(2318),(2319),(2320),(2321),(2322),(2323),(2324),(2325),(2326),(2327),(2328),(2329),(2330),(2331),(2332),(2333),(2334),(2335),(2336),(2337),(2338),(2339),(2340),(2341),(2342),(2343),(2344),(2345),(2346),(2347),(2348),(2349),(2350),(2351),(2352),(2353),(2354),(2355),(2356),(2357),(2358),(2359),(2360),(2361),(2362),(2363),(2364),(2365),(2366),(2367),(2368),(2369),(2370),(2371),(2372),(2373),(2374),(2375),(2376),(2377),(2378),(2379),(2380),(2381),(2382),(2383),(2384),(2385),(2386),(2387),(2388),(2389),(2390),(2391),(2392),(2393),(2394),(2395),(2396),(2397),(2398),(2399),(2400),(2401),(2402),(2403),(2404),(2405),(2406),(2407),(2408),(2409),(2410),(2411),(2412),(2413),(2414),(2415),(2416),(2417),(2418),(2419),(2420),(2421),(2422),(2423),(2424),(2425),(2426),(2427),(2428),(2429),(2430),(2431),(2432),(2433),(2434),(2435),(2436),(2437),(2438),(2439),(2440),(2441),(2442),(2443),(2444),(2445),(2446),(2447),(2448),(2449),(2450),(2451),(2452),(2453),(2454),(2455),(2456),(2457),(2458),(2459),(2460),(2461),(2462),(2463),(2464),(2465),(2466),(2467),(2468),(2469),(2470),(2471),(2472),(2473),(2474),(2475),(2476),(2477),(2478),(2479),(2480),(2481),(2482),(2483),(2484),(2485),(2486),(2487),(2488),(2489),(2490),(2491),(2492),(2493),(2494),(2495),(2496),(2497),(2498),(2499),(2500),(2501),(2502),(2503),(2504),(2505),(2506),(2507),(2508),(2509),(2510),(2511),(2512),(2513),(2514),(2515),(2516),(2517),(2518),(2519),(2520),(2521),(2522),(2523),(2524),(2525),(2526),(2527),(2528),(2529),(2530),(2531),(2532),(2533),(2534),(2535),(2536),(2537),(2538),(2539),(2540),(2541),(2542),(2543),(2544),(2545),(2546),(2547),(2548),(2549),(2550),(2551),(2552),(2553),(2554),(2555),(2556),(2557),(2558),(2559),(2560),(2561),(2562),(2563),(2564),(2565),(2566),(2567),(2568),(2569),(2570),(2571),(2572),(2573),(2574),(2575),(2576),(2577),(2578),(2579),(2580),(2581),(2582),(2583),(2584),(2585),(2586),(2587),(2588),(2589),(2590),(2591),(2592),(2593),(2594),(2595),(2596),(2597),(2598),(2599),(2600),(2601),(2602),(2603),(2604),(2605),(2606),(2607),(2608),(2609),(2610),(2611),(2612),(2613),(2614),(2615),(2616),(2617),(2618),(2619),(2620),(2621),(2622),(2623),(2624),(2625),(2626),(2627),(2628),(2629),(2630),(2631),(2632),(2633),(2634),(2635),(2636),(2637),(2638),(2639),(2640),(2641),(2642),(2643),(2644),(2645),(2646),(2647),(2648),(2649),(2650),(2651),(2652),(2653),(2654),(2655),(2656),(2657),(2658),(2659),(2660),(2661),(2662),(2663),(2664),(2665),(2666),(2667),(2668),(2669),(2670),(2671),(2672),(2673),(2674),(2675),(2676),(2677),(2678),(2679),(2680),(2681),(2682),(2683),(2684),(2685),(2686),(2687),(2688),(2689),(2690),(2691),(2692),(2693),(2694),(2695),(2696),(2697),(2698),(2699),(2700),(2701),(2702),(2703),(2704),(2705),(2706),(2707),(2708),(2709),(2710),(2711),(2712),(2713),(2714),(2715),(2716),(2717),(2718),(2719),(2720),(2721),(2722),(2723),(2724),(2725),(2726),(2727),(2728),(2729),(2730),(2731),(2732),(2733),(2734),(2735),(2736),(2737),(2738),(2739),(2740),(2741),(2742),(2743),(2744),(2745),(2746),(2747),(2748),(2749),(2750),(2751),(2752),(2753),(2754),(2755),(2756),(2757),(2758),(2759),(2760),(2761),(2762),(2763),(2764),(2765),(2766),(2767),(2768),(2769),(2770),(2771),(2772),(2773),(2774),(2775),(2776),(2777),(2778),(2779),(2780),(2781),(2782),(2783),(2784),(2785),(2786),(2787),(2788),(2789),(2790),(2791),(2792),(2793),(2794),(2795),(2796),(2797),(2798),(2799),(2800),(2801),(2802),(2803),(2804),(2805),(2806),(2807),(2808),(2809),(2810),(2811),(2812),(2813),(2814),(2815),(2816),(2817),(2818),(2819),(2820),(2821),(2822),(2823),(2824),(2825),(2826),(2827),(2828),(2829),(2830),(2831),(2832),(2833),(2834),(2835),(2836),(2837),(2838),(2839),(2840),(2841),(2842),(2843),(2844),(2845),(2846),(2847),(2848),(2849),(2850),(2851),(2852),(2853),(2854),(2855),(2856),(2857),(2858),(2859),(2860),(2861),(2862),(2863),(2864),(2865),(2866),(2867),(2868),(2869),(2870),(2871),(2872),(2873),(2874),(2875),(2876),(2877),(2878),(2879),(2880),(2881),(2882),(2883),(2884),(2885),(2886),(2887),(2888),(2889),(2890),(2891),(2892),(2893),(2894),(2895),(2896),(2897),(2898),(2899),(2900),(2901),(2902),(2903),(2904),(2905),(2906),(2907),(2908),(2909),(2910),(2911),(2912),(2913),(2914),(2915),(2916),(2917),(2918),(2919),(2920),(2921),(2922),(2923),(2924),(2925),(2926),(2927),(2928),(2929),(2930),(2931),(2932),(2933),(2934),(2935),(2936),(2937),(2938),(2939),(2940),(2941),(2942),(2943),(2944),(2945),(2946),(2947),(2948),(2949),(2950),(2951),(2952),(2953),(2954),(2955),(2956),(2957),(2958),(2959),(2960),(2961),(2962),(2963),(2964),(2965),(2966),(2967),(2968),(2969),(2970),(2971),(2972),(2973),(2974),(2975),(2976),(2977),(2978),(2979),(2980),(2981),(2982),(2983),(2984),(2985),(2986),(2987),(2988),(2989),(2990),(2991),(2992),(2993),(2994),(2995),(2996),(2997),(2998),(2999),(3000),(3001),(3002),(3003),(3004),(3005),(3006),(3007),(3008),(3009),(3010),(3011),(3012),(3013),(3014),(3015),(3016),(3017),(3018),(3019),(3020),(3021),(3022),(3023),(3024),(3025),(3026),(3027),(3028),(3029),(3030),(3031),(3032),(3033),(3034),(3035),(3036),(3037),(3038),(3039),(3040),(3041),(3042),(3043),(3044),(3045),(3046),(3047),(3048),(3049),(3050),(3051),(3052),(3053),(3054),(3055),(3056),(3057),(3058),(3059),(3060),(3061),(3062),(3063),(3064),(3065),(3066),(3067),(3068),(3069),(3070),(3071),(3072),(3073),(3074),(3075),(3076),(3077),(3078),(3079),(3080),(3081),(3082),(3083),(3084),(3085),(3086),(3087),(3088),(3089),(3090),(3091),(3092),(3093),(3094),(3095),(3096),(3097),(3098),(3099),(3100),(3101),(3102),(3103),(3104),(3105),(3106),(3107),(3108),(3109),(3110),(3111),(3112),(3113),(3114),(3115),(3116),(3117),(3118),(3119),(3120),(3121),(3122),(3123),(3124),(3125),(3126),(3127),(3128),(3129),(3130),(3131),(3132),(3133),(3134),(3135),(3136),(3137),(3138),(3139),(3140),(3141),(3142),(3143),(3144),(3145),(3146),(3147),(3148),(3149),(3150),(3151),(3152),(3153),(3154),(3155),(3156),(3157),(3158),(3159),(3160),(3161),(3162),(3163),(3164),(3165),(3166),(3167),(3168),(3169),(3170),(3171),(3172),(3173),(3174),(3175),(3176),(3177),(3178),(3179),(3180),(3181),(3182),(3183),(3184),(3185),(3186),(3187),(3188),(3189),(3190),(3191),(3192),(3193),(3194),(3195),(3196),(3197),(3198),(3199),(3200),(3201),(3202),(3203),(3204),(3205),(3206),(3207),(3208),(3209),(3210),(3211),(3212),(3213),(3214),(3215),(3216),(3217),(3218),(3219),(3220),(3221),(3222),(3223),(3224),(3225),(3226),(3227),(3228),(3229),(3230),(3231),(3232),(3233),(3234),(3235),(3236),(3237),(3238),(3239),(3240),(3241),(3242),(3243),(3244),(3245),(3246),(3247),(3248),(3249),(3250),(3251),(3252),(3253),(3254),(3255),(3256),(3257),(3258),(3259),(3260),(3261),(3262),(3263),(3264),(3265),(3266),(3267),(3268),(3269),(3270),(3271),(3272),(3273),(3274),(3275),(3276),(3277),(3278),(3279),(3280),(3281),(3282),(3283),(3284),(3285),(3286),(3287),(3288),(3289),(3290),(3291),(3292),(3293),(3294),(3295),(3296),(3297),(3298),(3299),(3300),(3301),(3302),(3303),(3304),(3305),(3306),(3307),(3308),(3309),(3310),(3311),(3312),(3313),(3314),(3315),(3316),(3317),(3318),(3319),(3320),(3321),(3322),(3323),(3324),(3325),(3326),(3327),(3328),(3329),(3330),(3331),(3332),(3333),(3334),(3335),(3336),(3337),(3338),(3339),(3340),(3341),(3342),(3343),(3344),(3345),(3346),(3347),(3348),(3349),(3350),(3351),(3352),(3353),(3354),(3355),(3356),(3357),(3358),(3359),(3360),(3361),(3362),(3363),(3364),(3365),(3366),(3367),(3368),(3369),(3370),(3371),(3372),(3373),(3374),(3375),(3376),(3377),(3378),(3379),(3380),(3381),(3382),(3383),(3384),(3385),(3386),(3387),(3388),(3389),(3390),(3391),(3392),(3393),(3394),(3395),(3396),(3397),(3398),(3399),(3400),(3401),(3402),(3403),(3404),(3405),(3406),(3407),(3408),(3409),(3410),(3411),(3412),(3413),(3414),(3415),(3416),(3417),(3418),(3419),(3420),(3421),(3422),(3423),(3424),(3425),(3426),(3427),(3428),(3429),(3430),(3431),(3432),(3433),(3434),(3435),(3436),(3437),(3438),(3439),(3440),(3441),(3442),(3443),(3444),(3445),(3446),(3447),(3448),(3449),(3450),(3451),(3452),(3453),(3454),(3455),(3456),(3457),(3458),(3459),(3460),(3461),(3462),(3463),(3464),(3465),(3466),(3467),(3468),(3469),(3470),(3471),(3472),(3473),(3474),(3475),(3476),(3477),(3478),(3479),(3480),(3481),(3482),(3483),(3484),(3485),(3486),(3487),(3488),(3489),(3490),(3491),(3492),(3493),(3494),(3495),(3496),(3497),(3498),(3499),(3500),(3501),(3502),(3503),(3504),(3505),(3506),(3507),(3508),(3509),(3510),(3511),(3512),(3513),(3514),(3515),(3516),(3517),(3518),(3519),(3520),(3521),(3522),(3523),(3524),(3525),(3526),(3527),(3528),(3529),(3530),(3531),(3532),(3533),(3534),(3535),(3536),(3537),(3538),(3539),(3540),(3541),(3542),(3543),(3544),(3545),(3546),(3547),(3548),(3549),(3550),(3551),(3552),(3553),(3554),(3555),(3556),(3557),(3558),(3559),(3560),(3561),(3562),(3563),(3564),(3565),(3566),(3567),(3568),(3569),(3570),(3571),(3572),(3573),(3574),(3575),(3576),(3577),(3578),(3579),(3580),(3581),(3582),(3583),(3584),(3585),(3586),(3587),(3588),(3589),(3590),(3591),(3592),(3593),(3594),(3595),(3596),(3597),(3598),(3599),(3600),(3601),(3602),(3603),(3604),(3605),(3606),(3607),(3608),(3609),(3610),(3611),(3612),(3613),(3614),(3615),(3616),(3617),(3618),(3619),(3620),(3621),(3622),(3623),(3624),(3625),(3626),(3627),(3628),(3629),(3630),(3631),(3632),(3633),(3634),(3635),(3636),(3637),(3638),(3639),(3640),(3641),(3642),(3643),(3644),(3645),(3646),(3647),(3648),(3649),(3650),(3651),(3652),(3653),(3654),(3655),(3656),(3657),(3658),(3659),(3660),(3661),(3662),(3663),(3664),(3665),(3666),(3667),(3668),(3669),(3670),(3671),(3672),(3673),(3674),(3675),(3676),(3677),(3678),(3679),(3680),(3681),(3682),(3683),(3684),(3685),(3686),(3687),(3688),(3689),(3690),(3691),(3692),(3693),(3694),(3695),(3696),(3697),(3698),(3699),(3700),(3701),(3702),(3703),(3704),(3705),(3706),(3707),(3708),(3709),(3710),(3711),(3712),(3713),(3714),(3715),(3716),(3717),(3718),(3719),(3720),(3721),(3722),(3723),(3724),(3725),(3726),(3727),(3728),(3729),(3730),(3731),(3732),(3733),(3734),(3735),(3736),(3737),(3738),(3739),(3740),(3741),(3742),(3743),(3744),(3745),(3746),(3747),(3748),(3749),(3750),(3751),(3752),(3753),(3754),(3755),(3756),(3757),(3758),(3759),(3760),(3761),(3762),(3763),(3764),(3765),(3766),(3767),(3768),(3769),(3770),(3771),(3772),(3773),(3774),(3775),(3776),(3777),(3778),(3779),(3780),(3781),(3782),(3783),(3784),(3785),(3786),(3787),(3788),(3789),(3790),(3791),(3792),(3793),(3794),(3795),(3796),(3797),(3798),(3799),(3800),(3801),(3802),(3803),(3804),(3805),(3806),(3807),(3808),(3809),(3810),(3811),(3812),(3813),(3814),(3815),(3816),(3817),(3818),(3819),(3820),(3821),(3822),(3823),(3824),(3825),(3826),(3827),(3828),(3829),(3830),(3831),(3832),(3833),(3834),(3835),(3836),(3837),(3838),(3839),(3840),(3841),(3842),(3843),(3844),(3845),(3846),(3847),(3848),(3849),(3850),(3851),(3852),(3853),(3854),(3855),(3856),(3857),(3858),(3859),(3860),(3861),(3862),(3863),(3864),(3865),(3866),(3867),(3868),(3869),(3870),(3871),(3872),(3873),(3874),(3875),(3876),(3877),(3878),(3879),(3880),(3881),(3882),(3883),(3884),(3885),(3886),(3887),(3888),(3889),(3890),(3891),(3892),(3893),(3894),(3895),(3896),(3897),(3898),(3899),(3900),(3901),(3902),(3903),(3904),(3905),(3906),(3907),(3908),(3909),(3910),(3911),(3912),(3913),(3914),(3915),(3916),(3917),(3918),(3919),(3920),(3921),(3922),(3923),(3924),(3925),(3926),(3927),(3928),(3929),(3930),(3931),(3932),(3933),(3934),(3935),(3936),(3937),(3938),(3939),(3940),(3941),(3942),(3943),(3944),(3945),(3946),(3947),(3948),(3949),(3950),(3951),(3952),(3953),(3954),(3955),(3956),(3957),(3958),(3959),(3960),(3961),(3962),(3963),(3964),(3965),(3966),(3967),(3968),(3969),(3970),(3971),(3972),(3973),(3974),(3975),(3976),(3977),(3978),(3979),(3980),(3981),(3982),(3983),(3984),(3985),(3986),(3987),(3988),(3989),(3990),(3991),(3992),(3993),(3994),(3995),(3996),(3997),(3998),(3999),(4000),(4001),(4002),(4003),(4004),(4005),(4006),(4007),(4008),(4009),(4010),(4011),(4012),(4013),(4014),(4015),(4016),(4017),(4018),(4019),(4020),(4021),(4022),(4023),(4024),(4025),(4026),(4027),(4028),(4029),(4030),(4031),(4032),(4033),(4034),(4035),(4036),(4037),(4038),(4039),(4040),(4041),(4042),(4043),(4044),(4045),(4046),(4047),(4048),(4049),(4050),(4051),(4052),(4053),(4054),(4055),(4056),(4057),(4058),(4059),(4060),(4061),(4062),(4063),(4064),(4065),(4066),(4067),(4068),(4069),(4070),(4071),(4072),(4073),(4074),(4075),(4076),(4077),(4078),(4079),(4080),(4081),(4082),(4083),(4084),(4085),(4086),(4087),(4088),(4089),(4090),(4091),(4092),(4093),(4094);
/*!40000 ALTER TABLE `VLANValidID` ENABLE KEYS */;
UNLOCK TABLES;

--
-- Table structure for table `VS`
--

DROP TABLE IF EXISTS `VS`;
/*!40101 SET @saved_cs_client     = @@character_set_client */;
/*!40101 SET character_set_client = utf8 */;
CREATE TABLE `VS` (
  `id` int(10) unsigned NOT NULL AUTO_INCREMENT,
  `name` char(255) COLLATE utf8_unicode_ci DEFAULT NULL,
  `vsconfig` text COLLATE utf8_unicode_ci,
  `rsconfig` text COLLATE utf8_unicode_ci,
  PRIMARY KEY (`id`)
) ENGINE=InnoDB DEFAULT CHARSET=utf8 COLLATE=utf8_unicode_ci;
/*!40101 SET character_set_client = @saved_cs_client */;

--
-- Dumping data for table `VS`
--

LOCK TABLES `VS` WRITE;
/*!40000 ALTER TABLE `VS` DISABLE KEYS */;
/*!40000 ALTER TABLE `VS` ENABLE KEYS */;
UNLOCK TABLES;

--
-- Table structure for table `VSEnabledIPs`
--

DROP TABLE IF EXISTS `VSEnabledIPs`;
/*!40101 SET @saved_cs_client     = @@character_set_client */;
/*!40101 SET character_set_client = utf8 */;
CREATE TABLE `VSEnabledIPs` (
  `object_id` int(10) unsigned NOT NULL,
  `vs_id` int(10) unsigned NOT NULL,
  `vip` varbinary(16) NOT NULL,
  `rspool_id` int(10) unsigned NOT NULL,
  `prio` varchar(255) COLLATE utf8_unicode_ci DEFAULT NULL,
  `vsconfig` text COLLATE utf8_unicode_ci,
  `rsconfig` text COLLATE utf8_unicode_ci,
  PRIMARY KEY (`object_id`,`vs_id`,`vip`,`rspool_id`),
  KEY `vip` (`vip`),
  KEY `VSEnabledIPs-FK-vs_id-vip` (`vs_id`,`vip`),
  KEY `VSEnabledIPs-FK-rspool_id` (`rspool_id`),
  CONSTRAINT `VSEnabledIPs-FK-object_id` FOREIGN KEY (`object_id`) REFERENCES `Object` (`id`) ON DELETE CASCADE,
  CONSTRAINT `VSEnabledIPs-FK-rspool_id` FOREIGN KEY (`rspool_id`) REFERENCES `IPv4RSPool` (`id`) ON DELETE CASCADE,
  CONSTRAINT `VSEnabledIPs-FK-vs_id-vip` FOREIGN KEY (`vs_id`, `vip`) REFERENCES `VSIPs` (`vs_id`, `vip`) ON DELETE CASCADE
) ENGINE=InnoDB DEFAULT CHARSET=utf8 COLLATE=utf8_unicode_ci;
/*!40101 SET character_set_client = @saved_cs_client */;

--
-- Dumping data for table `VSEnabledIPs`
--

LOCK TABLES `VSEnabledIPs` WRITE;
/*!40000 ALTER TABLE `VSEnabledIPs` DISABLE KEYS */;
/*!40000 ALTER TABLE `VSEnabledIPs` ENABLE KEYS */;
UNLOCK TABLES;

--
-- Table structure for table `VSEnabledPorts`
--

DROP TABLE IF EXISTS `VSEnabledPorts`;
/*!40101 SET @saved_cs_client     = @@character_set_client */;
/*!40101 SET character_set_client = utf8 */;
CREATE TABLE `VSEnabledPorts` (
  `object_id` int(10) unsigned NOT NULL,
  `vs_id` int(10) unsigned NOT NULL,
  `proto` enum('TCP','UDP','MARK') COLLATE utf8_unicode_ci NOT NULL,
  `vport` int(10) unsigned NOT NULL,
  `rspool_id` int(10) unsigned NOT NULL,
  `vsconfig` text COLLATE utf8_unicode_ci,
  `rsconfig` text COLLATE utf8_unicode_ci,
  PRIMARY KEY (`object_id`,`vs_id`,`proto`,`vport`,`rspool_id`),
  KEY `VSEnabledPorts-FK-vs_id-proto-vport` (`vs_id`,`proto`,`vport`),
  KEY `VSEnabledPorts-FK-rspool_id` (`rspool_id`),
  CONSTRAINT `VSEnabledPorts-FK-object_id` FOREIGN KEY (`object_id`) REFERENCES `Object` (`id`) ON DELETE CASCADE,
  CONSTRAINT `VSEnabledPorts-FK-rspool_id` FOREIGN KEY (`rspool_id`) REFERENCES `IPv4RSPool` (`id`) ON DELETE CASCADE,
  CONSTRAINT `VSEnabledPorts-FK-vs_id-proto-vport` FOREIGN KEY (`vs_id`, `proto`, `vport`) REFERENCES `VSPorts` (`vs_id`, `proto`, `vport`) ON DELETE CASCADE
) ENGINE=InnoDB DEFAULT CHARSET=utf8 COLLATE=utf8_unicode_ci;
/*!40101 SET character_set_client = @saved_cs_client */;

--
-- Dumping data for table `VSEnabledPorts`
--

LOCK TABLES `VSEnabledPorts` WRITE;
/*!40000 ALTER TABLE `VSEnabledPorts` DISABLE KEYS */;
/*!40000 ALTER TABLE `VSEnabledPorts` ENABLE KEYS */;
UNLOCK TABLES;

--
-- Table structure for table `VSIPs`
--

DROP TABLE IF EXISTS `VSIPs`;
/*!40101 SET @saved_cs_client     = @@character_set_client */;
/*!40101 SET character_set_client = utf8 */;
CREATE TABLE `VSIPs` (
  `vs_id` int(10) unsigned NOT NULL,
  `vip` varbinary(16) NOT NULL,
  `vsconfig` text COLLATE utf8_unicode_ci,
  `rsconfig` text COLLATE utf8_unicode_ci,
  PRIMARY KEY (`vs_id`,`vip`),
  KEY `vip` (`vip`),
  CONSTRAINT `VSIPs-vs_id` FOREIGN KEY (`vs_id`) REFERENCES `VS` (`id`) ON DELETE CASCADE
) ENGINE=InnoDB DEFAULT CHARSET=utf8 COLLATE=utf8_unicode_ci;
/*!40101 SET character_set_client = @saved_cs_client */;

--
-- Dumping data for table `VSIPs`
--

LOCK TABLES `VSIPs` WRITE;
/*!40000 ALTER TABLE `VSIPs` DISABLE KEYS */;
/*!40000 ALTER TABLE `VSIPs` ENABLE KEYS */;
UNLOCK TABLES;

--
-- Table structure for table `VSPorts`
--

DROP TABLE IF EXISTS `VSPorts`;
/*!40101 SET @saved_cs_client     = @@character_set_client */;
/*!40101 SET character_set_client = utf8 */;
CREATE TABLE `VSPorts` (
  `vs_id` int(10) unsigned NOT NULL,
  `proto` enum('TCP','UDP','MARK') COLLATE utf8_unicode_ci NOT NULL,
  `vport` int(10) unsigned NOT NULL,
  `vsconfig` text COLLATE utf8_unicode_ci,
  `rsconfig` text COLLATE utf8_unicode_ci,
  PRIMARY KEY (`vs_id`,`proto`,`vport`),
  KEY `proto-vport` (`proto`,`vport`),
  CONSTRAINT `VS-vs_id` FOREIGN KEY (`vs_id`) REFERENCES `VS` (`id`) ON DELETE CASCADE
) ENGINE=InnoDB DEFAULT CHARSET=utf8 COLLATE=utf8_unicode_ci;
/*!40101 SET character_set_client = @saved_cs_client */;

--
-- Dumping data for table `VSPorts`
--

LOCK TABLES `VSPorts` WRITE;
/*!40000 ALTER TABLE `VSPorts` DISABLE KEYS */;
/*!40000 ALTER TABLE `VSPorts` ENABLE KEYS */;
UNLOCK TABLES;

--
-- Final view structure for view `Location`
--

/*!50001 DROP VIEW IF EXISTS `Location`*/;
/*!50001 SET @saved_cs_client          = @@character_set_client */;
/*!50001 SET @saved_cs_results         = @@character_set_results */;
/*!50001 SET @saved_col_connection     = @@collation_connection */;
/*!50001 SET character_set_client      = utf8 */;
/*!50001 SET character_set_results     = utf8 */;
/*!50001 SET collation_connection      = utf8_general_ci */;
/*!50001 CREATE ALGORITHM=UNDEFINED */
/*!50013 DEFINER=`rackuser`@`172.16.11.95` SQL SECURITY DEFINER */
/*!50001 VIEW `Location` AS select `O`.`id` AS `id`,`O`.`name` AS `name`,`O`.`has_problems` AS `has_problems`,`O`.`comment` AS `comment`,`P`.`id` AS `parent_id`,`P`.`name` AS `parent_name` from (`Object` `O` left join (`Object` `P` join `EntityLink` `EL` on(((`EL`.`parent_entity_id` = `P`.`id`) and (`P`.`objtype_id` = 1562) and (`EL`.`parent_entity_type` = 'location') and (`EL`.`child_entity_type` = 'location')))) on((`EL`.`child_entity_id` = `O`.`id`))) where (`O`.`objtype_id` = 1562) */;
/*!50001 SET character_set_client      = @saved_cs_client */;
/*!50001 SET character_set_results     = @saved_cs_results */;
/*!50001 SET collation_connection      = @saved_col_connection */;

--
-- Final view structure for view `Rack`
--

/*!50001 DROP VIEW IF EXISTS `Rack`*/;
/*!50001 SET @saved_cs_client          = @@character_set_client */;
/*!50001 SET @saved_cs_results         = @@character_set_results */;
/*!50001 SET @saved_col_connection     = @@collation_connection */;
/*!50001 SET character_set_client      = utf8 */;
/*!50001 SET character_set_results     = utf8 */;
/*!50001 SET collation_connection      = utf8_general_ci */;
/*!50001 CREATE ALGORITHM=UNDEFINED */
/*!50013 DEFINER=`rackuser`@`172.16.11.95` SQL SECURITY DEFINER */
/*!50001 VIEW `Rack` AS select `O`.`id` AS `id`,`O`.`name` AS `name`,`O`.`asset_no` AS `asset_no`,`O`.`has_problems` AS `has_problems`,`O`.`comment` AS `comment`,`AV_H`.`uint_value` AS `height`,`AV_S`.`uint_value` AS `sort_order`,`RT`.`thumb_data` AS `thumb_data`,`R`.`id` AS `row_id`,`R`.`name` AS `row_name`,`L`.`id` AS `location_id`,`L`.`name` AS `location_name` from (((((((`Object` `O` left join `AttributeValue` `AV_H` on(((`O`.`id` = `AV_H`.`object_id`) and (`AV_H`.`attr_id` = 27)))) left join `AttributeValue` `AV_S` on(((`O`.`id` = `AV_S`.`object_id`) and (`AV_S`.`attr_id` = 29)))) left join `RackThumbnail` `RT` on((`O`.`id` = `RT`.`rack_id`))) left join `EntityLink` `RL` on(((`O`.`id` = `RL`.`child_entity_id`) and (`RL`.`parent_entity_type` = 'row') and (`RL`.`child_entity_type` = 'rack')))) join `Object` `R` on((`R`.`id` = `RL`.`parent_entity_id`))) left join `EntityLink` `LL` on(((`R`.`id` = `LL`.`child_entity_id`) and (`LL`.`parent_entity_type` = 'location') and (`LL`.`child_entity_type` = 'row')))) left join `Object` `L` on((`L`.`id` = `LL`.`parent_entity_id`))) where (`O`.`objtype_id` = 1560) */;
/*!50001 SET character_set_client      = @saved_cs_client */;
/*!50001 SET character_set_results     = @saved_cs_results */;
/*!50001 SET collation_connection      = @saved_col_connection */;

--
-- Final view structure for view `RackObject`
--

/*!50001 DROP VIEW IF EXISTS `RackObject`*/;
/*!50001 SET @saved_cs_client          = @@character_set_client */;
/*!50001 SET @saved_cs_results         = @@character_set_results */;
/*!50001 SET @saved_col_connection     = @@collation_connection */;
/*!50001 SET character_set_client      = utf8 */;
/*!50001 SET character_set_results     = utf8 */;
/*!50001 SET collation_connection      = utf8_general_ci */;
/*!50001 CREATE ALGORITHM=UNDEFINED */
/*!50013 DEFINER=`rackuser`@`172.16.11.95` SQL SECURITY DEFINER */
/*!50001 VIEW `RackObject` AS select `Object`.`id` AS `id`,`Object`.`name` AS `name`,`Object`.`label` AS `label`,`Object`.`objtype_id` AS `objtype_id`,`Object`.`asset_no` AS `asset_no`,`Object`.`has_problems` AS `has_problems`,`Object`.`comment` AS `comment` from `Object` where (`Object`.`objtype_id` not in (1560,1561,1562)) */;
/*!50001 SET character_set_client      = @saved_cs_client */;
/*!50001 SET character_set_results     = @saved_cs_results */;
/*!50001 SET collation_connection      = @saved_col_connection */;

--
-- Final view structure for view `Row`
--

/*!50001 DROP VIEW IF EXISTS `Row`*/;
/*!50001 SET @saved_cs_client          = @@character_set_client */;
/*!50001 SET @saved_cs_results         = @@character_set_results */;
/*!50001 SET @saved_col_connection     = @@collation_connection */;
/*!50001 SET character_set_client      = utf8 */;
/*!50001 SET character_set_results     = utf8 */;
/*!50001 SET collation_connection      = utf8_general_ci */;
/*!50001 CREATE ALGORITHM=UNDEFINED */
/*!50013 DEFINER=`rackuser`@`172.16.11.95` SQL SECURITY DEFINER */
/*!50001 VIEW `Row` AS select `O`.`id` AS `id`,`O`.`name` AS `name`,`L`.`id` AS `location_id`,`L`.`name` AS `location_name` from ((`Object` `O` left join `EntityLink` `EL` on(((`O`.`id` = `EL`.`child_entity_id`) and (`EL`.`parent_entity_type` = 'location') and (`EL`.`child_entity_type` = 'row')))) left join `Object` `L` on(((`EL`.`parent_entity_id` = `L`.`id`) and (`L`.`objtype_id` = 1562)))) where (`O`.`objtype_id` = 1561) */;
/*!50001 SET character_set_client      = @saved_cs_client */;
/*!50001 SET character_set_results     = @saved_cs_results */;
/*!50001 SET collation_connection      = @saved_col_connection */;
/*!40103 SET TIME_ZONE=@OLD_TIME_ZONE */;

/*!40101 SET SQL_MODE=@OLD_SQL_MODE */;
/*!40014 SET FOREIGN_KEY_CHECKS=@OLD_FOREIGN_KEY_CHECKS */;
/*!40014 SET UNIQUE_CHECKS=@OLD_UNIQUE_CHECKS */;
/*!40101 SET CHARACTER_SET_CLIENT=@OLD_CHARACTER_SET_CLIENT */;
/*!40101 SET CHARACTER_SET_RESULTS=@OLD_CHARACTER_SET_RESULTS */;
/*!40101 SET COLLATION_CONNECTION=@OLD_COLLATION_CONNECTION */;
/*!40111 SET SQL_NOTES=@OLD_SQL_NOTES */;

-- Dump completed on 2018-06-04 10:53:58
